SPECIES,UA, PID , TYPE , AREA , FRAC , PROX , ENN
B_arachnoides,1,1, cls_3 ,245.4009,1.2366,56.9922,63.9
B_arachnoides,1,9, cls_3 ,0.1021,1,483.2451,63.9
B_arachnoides,1,10, cls_3 ,0.2042,1.0155,153.2989,63.9
B_arachnoides,1,12, cls_3 ,7.0435,1.087,30.0389,194.3443
B_arachnoides,1,17, cls_3 ,10.1059,1.093,605.1741,63.9
B_arachnoides,1,18, cls_3 ,0.1021,1,245.4464,71.4424
B_arachnoides,1,19, cls_3 ,2.1437,1.0988,482.1536,71.4424
B_arachnoides,1,21, cls_3 ,4.7978,1.0605,157.5085,127.8
B_arachnoides,1,22, cls_3 ,0.3062,1.0358,3.1693,328.9454
B_arachnoides,1,25, cls_3 ,11.1267,1.1728,4.2879,316.2889
B_arachnoides,1,26, cls_3 ,3.9811,1.131,30.4877,294.5644
B_arachnoides,1,27, cls_3 ,0.1021,1,46.7538,63.9
B_arachnoides,1,29, cls_3 ,0.8166,1.1477,3.0647,249.5375
B_arachnoides,1,33, cls_3 ,3.879,1.1338,37.4261,63.9
B_arachnoides,1,39, cls_3 ,14.4954,1.1813,45.9793,63.9
B_arachnoides,1,40, cls_3 ,1.6333,1.0657,602.4871,63.9
B_arachnoides,1,41, cls_3 ,0.8166,1.0473,3.5544,249.5375
B_arachnoides,1,44, cls_3 ,0.7146,1.1197,21.1845,135.5524
B_arachnoides,1,45, cls_3 ,13.7808,1.1154,58.1546,63.9
B_arachnoides,1,46, cls_3 ,1.4291,1.0987,7.8283,480.3138
B_arachnoides,1,50, cls_3 ,28.0721,1.1926,27.0213,63.9
B_arachnoides,1,51, cls_3 ,1.4291,1.0386,40.5626,95.85
B_arachnoides,1,52, cls_3 ,1.6333,1.0657,148.8928,90.3682
B_arachnoides,1,53, cls_3 ,6.5331,1.1009,2.7945,95.85
B_arachnoides,1,57, cls_3 ,1.9395,1.1469,4.7351,159.75
B_arachnoides,1,59, cls_3 ,2.0416,1.0592,119.3599,63.9
B_arachnoides,1,62, cls_3 ,0.6125,1.0819,9.2576,95.85
B_arachnoides,1,63, cls_3 ,2.3478,1.0752,3.6412,249.5375
B_arachnoides,1,66, cls_3 ,3.2666,1.0543,18.352,115.1974
B_arachnoides,1,67, cls_3 ,2.3478,1.0752,1.6416,301.4157
B_arachnoides,1,68, cls_3 ,9.3914,1.1369,42.4761,71.4424
B_arachnoides,1,69, cls_3 ,0.1021,1,31.5256,63.9
B_arachnoides,1,70, cls_3 ,10.8205,1.1496,35.2315,63.9
B_arachnoides,1,71, cls_3 ,1.4291,1.0606,7.1035,115.1974
B_arachnoides,1,72, cls_3 ,3.0624,1.0475,75.186,63.9
B_arachnoides,1,73, cls_3 ,1.4291,1.1154,45.5002,63.9
B_arachnoides,1,75, cls_3 ,1.225,1.078,4.1015,159.75
B_arachnoides,1,76, cls_3 ,0.4083,1.0537,5.1996,328.9454
B_arachnoides,1,77, cls_3 ,1.4291,1.014,14.1145,95.85
B_arachnoides,1,78, cls_3 ,1.7354,1.0769,1.3846,301.4157
B_arachnoides,1,79, cls_3 ,1.225,1.078,79.9435,71.4424
B_arachnoides,1,80, cls_3 ,4.1853,1.2044,485.0102,71.4424
B_arachnoides,1,81, cls_3 ,1.1229,1.0402,304.8322,90.3682
B_arachnoides,1,82, cls_3 ,4.2874,1.0992,11.7888,71.4424
B_arachnoides,1,83, cls_3 ,8.3706,1.1212,21.4877,71.4424
B_arachnoides,1,84, cls_3 ,1.8374,1.0869,282.8755,95.85
B_arachnoides,1,85, cls_3 ,0.9187,1.063,3.2352,351.45
B_arachnoides,1,86, cls_3 ,18.0682,1.1919,9.0013,101.0348
B_arachnoides,1,88, cls_3 ,0.8166,1.0131,9.3727,95.85
B_arachnoides,1,89, cls_3 ,0.7146,1.0283,9.2181,127.8
B_arachnoides,1,90, cls_3 ,3.3686,1.0752,12.0983,71.4424
B_arachnoides,1,92, cls_3 ,0.6125,1.0465,8.0382,127.8
B_arachnoides,1,93, cls_3 ,11.3309,1.1185,67.4539,90.3682
B_arachnoides,1,94, cls_3 ,0.9187,1.0889,1.541,524.019
B_arachnoides,1,95, cls_3 ,0.8166,1.0769,5.3751,95.85
B_arachnoides,1,98, cls_3 ,0.7146,1.0631,4.4664,361.473
B_arachnoides,1,99, cls_3 ,0.5104,1.0688,35.8138,90.3682
B_arachnoides,1,100, cls_3 ,4.2874,1.1695,4.3046,131.7332
B_arachnoides,1,102, cls_3 ,1.0208,1.0509,32.1509,63.9
B_arachnoides,1,103, cls_3 ,2.6541,1.0477,5.5881,214.3271
B_arachnoides,1,104, cls_3 ,2.1437,1.1117,7.128,63.9
B_arachnoides,1,105, cls_3 ,1.8374,1.0529,8.3936,63.9
B_arachnoides,1,106, cls_3 ,2.1437,1.0175,4.4507,294.5644
B_arachnoides,1,107, cls_3 ,3.0624,1.1519,4.9594,71.4424
B_arachnoides,1,109, cls_3 ,4.0832,1.1863,33.4397,71.4424
B_arachnoides,1,110, cls_3 ,8.9831,1.1454,6.6802,115.1974
B_arachnoides,1,111, cls_3 ,0.1021,1,8.944,90.3682
B_arachnoides,1,112, cls_3 ,0.7146,1.0631,19.0228,101.0348
B_arachnoides,1,113, cls_3 ,8.3706,1.1526,12.3723,159.75
B_arachnoides,1,114, cls_3 ,4.8999,1.155,7.5024,71.4424
B_arachnoides,1,115, cls_3 ,1.7354,1.1226,11.1704,63.9
B_arachnoides,1,116, cls_3 ,8.5747,1.1417,15.0009,142.8847
B_arachnoides,1,117, cls_3 ,2.9603,1.0509,40.2161,63.9
B_arachnoides,1,118, cls_3 ,0.4083,1.0537,12.1013,71.4424
B_arachnoides,1,119, cls_3 ,0.8166,1.0769,7.2152,71.4424
B_arachnoides,1,120, cls_3 ,2.3478,1.0272,10.6727,63.9
B_arachnoides,1,121, cls_3 ,1.4291,1.0805,6.5624,90.3682
B_arachnoides,1,122, cls_3 ,0.5104,1.0688,2.8313,373.9652
B_arachnoides,1,123, cls_3 ,7.5539,1.1213,17.0122,115.1974
B_arachnoides,1,124, cls_3 ,3.0624,1.126,1.5164,497.0254
B_arachnoides,1,125, cls_3 ,1.8374,1.0529,22.7301,63.9
B_arachnoides,1,126, cls_3 ,1.4291,1.0606,13.2953,63.9
B_arachnoides,1,127, cls_3 ,1.327,1.0467,52.7608,63.9
B_arachnoides,1,129, cls_3 ,0.9187,1.1328,1.419,1000.7034
B_arachnoides,1,131, cls_3 ,49.1006,1.1523,22.0773,63.9
B_arachnoides,1,132, cls_3 ,1.5312,1.0909,6.5789,214.3271
B_arachnoides,1,133, cls_3 ,13.1684,1.1437,23.2216,71.4424
B_arachnoides,1,134, cls_3 ,11.1267,1.068,24.0748,301.4157
B_arachnoides,1,136, cls_3 ,2.2458,1.1187,12.8029,63.9
B_arachnoides,1,138, cls_3 ,3.4707,1.0605,5.7566,194.3443
B_arachnoides,1,139, cls_3 ,1.225,1.078,133.5757,63.9
B_arachnoides,1,140, cls_3 ,1.0208,1.0509,14.6499,115.1974
B_arachnoides,1,141, cls_3 ,13.3725,1.182,33.9897,63.9
B_arachnoides,1,142, cls_3 ,0.4083,1.0975,20.5101,95.85
B_arachnoides,1,144, cls_3 ,0.7146,1.0631,1.2571,319.5
B_arachnoides,1,145, cls_3 ,2.0416,1.0754,40.8397,63.9
B_arachnoides,1,146, cls_3 ,15.4141,1.2078,34.7832,90.3682
B_arachnoides,1,147, cls_3 ,1.225,1.078,18.913,63.9
B_arachnoides,1,148, cls_3 ,2.3478,1.0604,8.6524,90.3682
B_arachnoides,1,149, cls_3 ,0.7146,1.0283,5.966,243.324
B_arachnoides,1,150, cls_3 ,1.0208,1.0764,29.4609,71.4424
B_arachnoides,1,151, cls_3 ,7.2477,1.097,6.9065,71.4424
B_arachnoides,1,152, cls_3 ,11.6371,1.18,17.0431,95.85
B_arachnoides,1,153, cls_3 ,8.3706,1.0831,5.3481,71.4424
B_arachnoides,1,154, cls_3 ,2.0416,1.0754,12.2445,63.9
B_arachnoides,1,155, cls_3 ,5.7165,1.1077,5.3762,194.3443
B_arachnoides,1,156, cls_3 ,8.1664,1.167,53.6219,63.9
B_arachnoides,1,157, cls_3 ,0.5104,1.1362,10.6719,63.9
B_arachnoides,1,158, cls_3 ,3.879,1.0819,23.7657,71.4424
B_arachnoides,1,159, cls_3 ,17.2516,1.1414,86.3311,90.3682
B_arachnoides,1,162, cls_3 ,4.4915,1.0766,40.7309,63.9
B_arachnoides,1,163, cls_3 ,0.1021,1,18.4187,71.4424
B_arachnoides,1,165, cls_3 ,1.225,1.1167,2.8292,63.9
B_arachnoides,1,166, cls_3 ,1.1229,1.1443,3.4019,71.4424
B_arachnoides,1,167, cls_3 ,0.9187,1.063,3.5248,63.9
B_arachnoides,1,168, cls_3 ,0.7146,1.0283,17.954,71.4424
B_arachnoides,1,169, cls_3 ,1.225,1.0306,1.5338,872.6504
B_arachnoides,1,170, cls_3 ,206.9167,1.2599,54.0838,63.9
B_arachnoides,1,171, cls_3 ,1.0208,1.0993,0.3899,798.75
B_arachnoides,1,172, cls_3 ,1.327,1.0467,107.2625,142.8847
B_arachnoides,1,173, cls_3 ,0.9187,1.112,3.9565,71.4424
B_arachnoides,1,175, cls_3 ,1.9395,1.0471,85.9671,159.75
B_arachnoides,1,176, cls_3 ,9.0851,1.1316,33.6747,63.9
B_arachnoides,1,178, cls_3 ,2.1437,1.085,17.1888,115.1974
B_arachnoides,1,179, cls_3 ,0.7146,1.0631,46.0681,71.4424
B_arachnoides,1,180, cls_3 ,4.8999,1.077,510.3046,63.9
B_arachnoides,1,181, cls_3 ,2.7562,1.1075,25.616,63.9
B_arachnoides,1,183, cls_3 ,5.3082,1.1011,35.7278,63.9
B_arachnoides,1,184, cls_3 ,0.5104,1.0688,17.2877,71.4424
B_arachnoides,1,185, cls_3 ,3.1645,1.0817,58.219,194.3443
B_arachnoides,1,186, cls_3 ,1.327,1.1242,35.1195,90.3682
B_arachnoides,1,188, cls_3 ,8.881,1.1546,28.3037,115.1974
B_arachnoides,1,189, cls_3 ,0.9187,1.0889,7.8748,162.9137
B_arachnoides,1,190, cls_3 ,9.7997,1.1368,9.3877,63.9
B_arachnoides,1,192, cls_3 ,1.6333,1.0836,23.8429,63.9
B_arachnoides,1,193, cls_3 ,10.4122,1.1267,5.5738,131.7332
B_arachnoides,1,194, cls_3 ,3.9811,1.0346,158.2733,115.1974
B_arachnoides,1,195, cls_3 ,1.8374,1.0706,3.9369,101.0348
B_arachnoides,1,196, cls_3 ,1.6333,1.1672,1.7534,95.85
B_arachnoides,1,198, cls_3 ,4.2874,1.0274,14.7419,63.9
B_arachnoides,1,199, cls_3 ,2.1437,1.085,11.0908,63.9
B_arachnoides,1,200, cls_3 ,1.8374,1.0335,17.4649,90.3682
B_arachnoides,1,202, cls_3 ,2.4499,1.056,2.4659,90.3682
B_arachnoides,1,203, cls_3 ,0.9187,1.1328,3.2113,95.85
B_arachnoides,1,205, cls_3 ,2.3478,1.1137,17.3459,63.9
B_arachnoides,1,206, cls_3 ,0.6125,1.2055,3.0531,63.9
B_arachnoides,1,207, cls_3 ,0.1021,1,509.6425,63.9
B_arachnoides,1,208, cls_3 ,0.4083,1.1346,4.262,71.4424
B_arachnoides,1,209, cls_3 ,1.0208,1.1199,2.267,63.9
B_arachnoides,1,211, cls_3 ,0.8166,1.0769,206.9832,101.0348
B_arachnoides,1,212, cls_3 ,3.6749,1.0771,0.7922,191.7
B_arachnoides,1,213, cls_3 ,0.4083,1.1667,6.2306,101.0348
B_arachnoides,1,214, cls_3 ,0.9187,1.0338,6.6088,90.3682
B_arachnoides,1,215, cls_3 ,1.327,1.0219,21.8482,63.9
B_arachnoides,1,217, cls_3 ,1.5312,1.0728,6.6507,63.9
B_arachnoides,1,218, cls_3 ,1.0208,1.0764,0.9451,202.0695
B_arachnoides,1,219, cls_3 ,0.9187,1.112,510.0804,63.9
B_arachnoides,1,220, cls_3 ,1.8374,1.0869,6.082,63.9
B_arachnoides,1,223, cls_3 ,3.3686,1.0965,15.5417,71.4424
B_arachnoides,1,224, cls_3 ,8.7789,1.1634,13.0039,63.9
B_arachnoides,1,225, cls_3 ,3.879,1.0819,91.9252,90.3682
B_arachnoides,1,226, cls_3 ,4.0832,1.0321,14.4249,95.85
B_arachnoides,1,227, cls_3 ,4.1853,1.0838,40.5649,63.9
B_arachnoides,1,229, cls_3 ,0.9187,1.063,12.3971,274.8443
B_arachnoides,1,230, cls_3 ,0.8166,1.0473,11.1863,95.85
B_arachnoides,1,233, cls_3 ,1.9395,1.0471,26.7783,63.9
B_arachnoides,1,234, cls_3 ,8.1664,1.1136,116.2496,71.4424
B_arachnoides,1,235, cls_3 ,4.4915,1.0463,22.7794,63.9
B_arachnoides,1,236, cls_3 ,11.3309,1.0872,6.1151,180.7365
B_arachnoides,1,239, cls_3 ,14.9037,1.1081,10.5287,115.1974
B_arachnoides,1,240, cls_3 ,2.8582,1.1035,21.7936,63.9
B_arachnoides,1,241, cls_3 ,1.0208,1.022,18.1236,63.9
B_arachnoides,1,242, cls_3 ,3.3686,1.0635,21.683,71.4424
B_arachnoides,1,243, cls_3 ,21.8452,1.1487,18.3539,71.4424
B_arachnoides,1,244, cls_3 ,5.2061,1.071,6.4527,95.85
B_arachnoides,1,245, cls_3 ,4.2874,1.1155,35.0224,63.9
B_arachnoides,1,246, cls_3 ,3.0624,1.0734,29.0637,63.9
B_arachnoides,1,248, cls_3 ,3.9811,1.1069,75.5725,71.4424
B_arachnoides,1,249, cls_3 ,5.3082,1.0691,29.1247,90.3682
B_arachnoides,1,250, cls_3 ,1.6333,1.1001,14.8248,131.7332
B_arachnoides,1,251, cls_3 ,4.4915,1.1811,3.3643,172.056
B_arachnoides,1,252, cls_3 ,1.225,1.0982,18.428,95.85
B_arachnoides,1,253, cls_3 ,10.7184,1.1396,18.344,63.9
B_arachnoides,1,254, cls_3 ,2.4499,1.0706,408.0746,71.4424
B_arachnoides,1,256, cls_3 ,0.1021,1,13.8218,63.9
B_arachnoides,1,257, cls_3 ,7.3498,1.0619,41.8598,63.9
B_arachnoides,1,258, cls_3 ,0.9187,1.0889,24.3698,159.75
B_arachnoides,1,259, cls_3 ,7.7581,1.1288,13.1149,71.4424
B_arachnoides,1,261, cls_3 ,1.225,1.0306,5.4559,271.1047
B_arachnoides,1,262, cls_3 ,0.9187,1.063,68.7727,95.85
B_arachnoides,1,263, cls_3 ,42.7716,1.1198,85.7881,101.0348
B_arachnoides,1,264, cls_3 ,1.5312,1.2347,0.532,677.7618
B_arachnoides,1,265, cls_3 ,2.3478,1.165,13.5773,95.85
B_arachnoides,1,266, cls_3 ,41.3425,1.1971,80.6062,63.9
B_arachnoides,1,267, cls_3 ,0.1021,1,35.3938,71.4424
B_arachnoides,1,268, cls_3 ,2.3478,1.1358,15.6985,115.1974
B_arachnoides,1,269, cls_3 ,0.7146,1.0283,31.9077,71.4424
B_arachnoides,1,270, cls_3 ,0.7146,1.0631,1.1732,159.75
B_arachnoides,1,272, cls_3 ,10.9226,1.1378,107.0108,63.9
B_arachnoides,1,274, cls_3 ,1.7354,1.059,15.0499,63.9
B_arachnoides,1,275, cls_3 ,0.9187,1.112,1.2226,115.1974
B_arachnoides,1,276, cls_3 ,2.2458,1.0799,5.0982,135.5524
B_arachnoides,1,277, cls_3 ,0.7146,1.0631,14.5927,90.3682
B_arachnoides,1,279, cls_3 ,2.3478,1.0889,9.7409,63.9
B_arachnoides,1,280, cls_3 ,0.2042,1.0155,20.3181,71.4424
B_arachnoides,1,281, cls_3 ,1.8374,1.1642,11.0116,191.7
B_arachnoides,1,282, cls_3 ,3.0624,1.0734,25.7947,71.4424
B_arachnoides,1,283, cls_3 ,0.2042,1.0155,2.0791,63.9
B_arachnoides,1,284, cls_3 ,4.0832,1.1206,17.1102,131.7332
B_arachnoides,1,285, cls_3 ,3.777,1.0846,3.8067,135.5524
B_arachnoides,1,286, cls_3 ,1.225,1.0982,37.9717,71.4424
B_arachnoides,1,287, cls_3 ,0.2042,1.0155,1.9046,63.9
B_arachnoides,1,289, cls_3 ,1.327,1.0689,70.5219,71.4424
B_arachnoides,1,290, cls_3 ,0.1021,1,1.7318,63.9
B_arachnoides,1,291, cls_3 ,0.6125,1.0047,3.7244,135.5524
B_arachnoides,1,292, cls_3 ,0.9187,1.063,33.6638,127.8
B_arachnoides,1,293, cls_3 ,0.1021,1,1.4922,71.4424
B_arachnoides,1,294, cls_3 ,8.7789,1.0903,13.0785,71.4424
B_arachnoides,1,295, cls_3 ,1.7354,1.0933,23.1095,90.3682
B_arachnoides,1,296, cls_3 ,0.8166,1.0769,11.7076,115.1974
B_arachnoides,1,297, cls_3 ,0.5104,1.0261,1.8185,658.6661
B_arachnoides,1,298, cls_3 ,3.879,1.0716,20.9819,71.4424
B_arachnoides,1,300, cls_3 ,2.6541,1.1116,7.5391,71.4424
B_arachnoides,1,301, cls_3 ,2.7562,1.2007,41.2255,71.4424
B_arachnoides,1,302, cls_3 ,52.9796,1.2134,142.7169,63.9
B_arachnoides,1,303, cls_3 ,0.9187,1.0889,0.8349,549.6886
B_arachnoides,1,304, cls_3 ,4.4915,1.1256,9.0629,194.3443
B_arachnoides,1,306, cls_3 ,1.7354,1.059,20.223,71.4424
B_arachnoides,1,307, cls_3 ,3.3686,1.0512,3.81,63.9
B_arachnoides,1,308, cls_3 ,0.1021,1,11.47,71.4424
B_arachnoides,1,309, cls_3 ,0.2042,1.0155,66.0389,90.3682
B_arachnoides,1,310, cls_3 ,2.0416,1.0417,1.3497,487.6956
B_arachnoides,1,312, cls_3 ,3.1645,1.1031,2.0621,709.4051
B_arachnoides,1,313, cls_3 ,5.4103,1.0839,3.9958,135.5524
B_arachnoides,1,315, cls_3 ,6.6352,1.0994,9.5883,142.8847
B_arachnoides,1,316, cls_3 ,3.1645,1.1314,2.7512,511.2
B_arachnoides,1,318, cls_3 ,0.7146,1.0631,0.6198,1489.3636
B_arachnoides,1,320, cls_3 ,0.2042,1.0155,105.1312,63.9
B_arachnoides,1,321, cls_3 ,0.8166,1.0473,10.1094,63.9
B_arachnoides,1,322, cls_3 ,70.6395,1.2472,125.2594,63.9
B_arachnoides,1,323, cls_3 ,0.1021,1,131.3762,63.9
B_arachnoides,1,325, cls_3 ,0.7146,1.1197,4.7283,257.5891
B_arachnoides,1,329, cls_3 ,0.1021,1,238.4647,63.9
B_arachnoides,1,331, cls_3 ,1.327,1.0689,79.4419,90.3682
B_arachnoides,1,332, cls_3 ,1.8374,1.0706,174.3949,63.9
B_arachnoides,1,333, cls_3 ,0.6125,1.0819,1.5773,101.0348
B_arachnoides,1,335, cls_3 ,4.5936,1.1084,8.0313,95.85
B_arachnoides,1,337, cls_3 ,35.9322,1.2443,28.3838,63.9
B_arachnoides,1,338, cls_3 ,0.6125,1.1125,1.4962,101.0348
B_arachnoides,1,340, cls_3 ,2.8582,1.0806,12.172,71.4424
B_arachnoides,1,343, cls_3 ,1.5312,1.1075,6.105,162.9137
B_arachnoides,1,344, cls_3 ,0.7146,1.0631,0.4354,1109.0839
B_arachnoides,1,345, cls_3 ,1.9395,1.0471,10.9768,194.3443
B_arachnoides,1,346, cls_3 ,5.8186,1.1532,99.4097,90.3682
B_arachnoides,1,347, cls_3 ,5.7165,1.0618,3.2599,95.85
B_arachnoides,1,348, cls_3 ,1.0208,1.0509,15.189,71.4424
B_arachnoides,1,349, cls_3 ,1.0208,1.022,9.0758,162.9137
B_arachnoides,1,353, cls_3 ,0.1021,1,46.2271,127.8
B_arachnoides,1,354, cls_3 ,2.8582,1.1035,30.8852,71.4424
B_arachnoides,1,355, cls_3 ,2.1437,1.0366,9.6777,172.056
B_arachnoides,1,356, cls_3 ,1.1229,1.0402,93.3669,63.9
B_arachnoides,1,357, cls_3 ,0.4083,1.0537,27.8204,71.4424
B_arachnoides,1,358, cls_3 ,0.7146,1.0932,180.2828,63.9
B_arachnoides,1,359, cls_3 ,0.8166,1.0769,10.015,71.4424
B_arachnoides,1,360, cls_3 ,1.5312,1.1075,92.4348,63.9
B_arachnoides,1,361, cls_3 ,2.6541,1.0477,52.911,63.9
B_arachnoides,1,362, cls_3 ,19.7015,1.1873,27.0554,63.9
B_arachnoides,1,363, cls_3 ,1.0208,1.0509,12.6675,71.4424
B_arachnoides,1,365, cls_3 ,2.1437,1.0701,175.2569,63.9
B_arachnoides,1,366, cls_3 ,5.9207,1.1757,3.232,71.4424
B_arachnoides,1,367, cls_3 ,1.6333,1.0243,10.112,71.4424
B_arachnoides,1,368, cls_3 ,0.8166,1.1031,5.3703,71.4424
B_arachnoides,1,369, cls_3 ,10.0039,1.1677,13.1065,95.85
B_arachnoides,1,370, cls_3 ,1.7354,1.059,6.2845,63.9
B_arachnoides,1,371, cls_3 ,1.225,1.0982,5.2336,63.9
B_arachnoides,1,372, cls_3 ,1.225,1.0556,4.563,71.4424
B_arachnoides,1,373, cls_3 ,8.7789,1.1634,39.1928,63.9
B_arachnoides,1,374, cls_3 ,2.0416,1.0754,12.8536,71.4424
B_arachnoides,1,377, cls_3 ,1.6333,1.0657,2.7673,63.9
B_arachnoides,1,378, cls_3 ,3.1645,1.0817,113.5295,63.9
B_arachnoides,1,380, cls_3 ,0.6125,1.1125,4.956,63.9
B_arachnoides,1,383, cls_3 ,1.0208,1.1199,61.8331,63.9
B_arachnoides,1,384, cls_3 ,1.225,1.1337,0.4473,1109.0839
B_arachnoides,1,385, cls_3 ,1.1229,1.1085,12.4673,131.7332
B_arachnoides,1,386, cls_3 ,1.0208,1.0509,5.7811,159.75
B_arachnoides,1,387, cls_3 ,1.7354,1.059,1.1758,325.8273
B_arachnoides,1,388, cls_3 ,0.8166,1.0473,25.2769,127.8
B_arachnoides,1,389, cls_3 ,13.6788,1.172,29.2498,63.9
B_arachnoides,1,390, cls_3 ,7.2477,1.1306,32.3221,63.9
B_arachnoides,1,391, cls_3 ,2.0416,1.0903,3.2887,127.8
B_arachnoides,1,392, cls_3 ,1.8374,1.0335,13.3532,186.2989
B_arachnoides,1,393, cls_3 ,1.6333,1.1429,100.8129,63.9
B_arachnoides,1,394, cls_3 ,1.5312,1.0728,1.3406,664.8364
B_arachnoides,1,395, cls_3 ,3.1645,1.07,2.731,479.25
B_arachnoides,1,396, cls_3 ,7.2477,1.1306,1.0609,505.1739
B_arachnoides,1,397, cls_3 ,1.9395,1.1353,3.9689,127.8
B_arachnoides,1,398, cls_3 ,3.5728,1.1094,25.0215,63.9
B_arachnoides,1,399, cls_3 ,0.8166,1.0131,2.4378,135.5524
B_arachnoides,1,400, cls_3 ,3.5728,1.08,1.0401,135.5524
B_arachnoides,1,401, cls_3 ,5.9207,1.1042,47.0007,63.9
B_arachnoides,1,402, cls_3 ,2.0416,1.0903,51.8637,63.9
B_arachnoides,1,403, cls_3 ,9.6976,1.1742,44.1257,63.9
B_arachnoides,1,404, cls_3 ,69.0062,1.1935,20.9563,63.9
B_arachnoides,1,405, cls_3 ,1.6333,1.0657,45.2391,127.8
B_arachnoides,1,408, cls_3 ,1.8374,1.1292,1.2826,314.671
B_arachnoides,1,411, cls_3 ,0.6125,1.0819,9.9497,63.9
B_arachnoides,1,412, cls_3 ,1.6333,1.1296,102.047,63.9
B_arachnoides,1,414, cls_3 ,1.6333,1.1001,1.5224,95.85
B_arachnoides,1,415, cls_3 ,0.9187,1,2.273,95.85
B_arachnoides,1,416, cls_3 ,3.1645,1.1224,5.4229,63.9
B_arachnoides,1,418, cls_3 ,7.1456,1.1514,9.464,225.9206
B_arachnoides,1,419, cls_3 ,3.2666,1.1096,1.6051,314.671
B_arachnoides,1,420, cls_3 ,0.9187,1.112,4.1329,71.4424
B_arachnoides,1,421, cls_3 ,0.2042,1.0155,1.4888,214.3271
B_arachnoides,1,422, cls_3 ,1.6333,1.1154,2.6377,71.4424
B_arachnoides,1,423, cls_3 ,1.4291,1.0987,172.7522,63.9
B_arachnoides,1,424, cls_3 ,1.5312,1.053,76.9619,95.85
B_arachnoides,1,425, cls_3 ,1.8374,1.102,43.4604,127.8
B_arachnoides,1,427, cls_3 ,4.6957,1.1413,1.9357,101.0348
B_arachnoides,1,430, cls_3 ,0.1021,1,15.6044,71.4424
B_arachnoides,1,432, cls_3 ,2.3478,1.1251,4.9258,95.85
B_arachnoides,1,433, cls_3 ,12.4538,1.1095,15.2304,71.4424
B_arachnoides,1,434, cls_3 ,4.1853,1.118,5.827,71.4424
B_arachnoides,1,435, cls_3 ,7.8602,1.159,37.4184,63.9
B_arachnoides,1,436, cls_3 ,1.5312,1.053,0.4696,1118.25
B_arachnoides,1,437, cls_3 ,2.0416,1.1409,4.1409,127.8
B_arachnoides,1,438, cls_3 ,0.2042,1.0155,0.6607,223.65
B_arachnoides,1,439, cls_3 ,0.6125,1.0465,1.0588,223.65
B_arachnoides,1,440, cls_3 ,0.9187,1.0889,2.3532,71.4424
B_arachnoides,1,441, cls_3 ,2.7562,1.1075,7.0755,95.85
B_arachnoides,1,444, cls_3 ,8.7789,1.1596,0.6388,415.35
B_arachnoides,1,445, cls_3 ,1.225,1.1337,0.5036,793.6215
B_arachnoides,1,446, cls_3 ,1.0208,1.0509,8.7108,95.85
B_arachnoides,1,447, cls_3 ,0.5104,1.0688,11.3813,71.4424
B_arachnoides,1,452, cls_3 ,0.7146,1.0631,9.4431,95.85
B_arachnoides,1,453, cls_3 ,1.7354,1.0933,10.6072,71.4424
B_arachnoides,1,454, cls_3 ,0.9187,1.0889,0.9967,415.35
B_arachnoides,1,455, cls_3 ,3.2666,1.0998,2.7739,71.4424
B_arachnoides,1,456, cls_3 ,1.0208,1.0993,2.1236,71.4424
B_arachnoides,1,459, cls_3 ,0.1021,1,39.5547,63.9
B_arachnoides,1,463, cls_3 ,15.21,1.1479,6.4911,63.9
B_arachnoides,1,464, cls_3 ,0.6125,1.0465,5.0795,127.8
B_arachnoides,1,465, cls_3 ,4.8999,1.1303,33.0961,71.4424
B_arachnoides,1,466, cls_3 ,11.3309,1.1519,25.2389,63.9
B_arachnoides,1,469, cls_3 ,6.1248,1.0868,37.7971,63.9
B_arachnoides,1,470, cls_3 ,5.4103,1.0757,11.9725,95.85
B_arachnoides,1,471, cls_3 ,0.8166,1.1031,24.2785,63.9
B_arachnoides,1,475, cls_3 ,6.4311,1.1322,17.7353,63.9
B_arachnoides,1,478, cls_3 ,0.9187,1.0338,4.2817,186.2989
B_arachnoides,1,481, cls_3 ,6.6352,1.0861,22.3135,63.9
B_arachnoides,1,482, cls_3 ,0.1021,1,0.4394,159.75
B_arachnoides,1,485, cls_3 ,0.1021,1,0.4748,524.019
B_arachnoides,1,486, cls_3 ,0.1021,1,0.4365,159.75
B_arachnoides,1,487, cls_3 ,0.8166,1.0473,3.0351,71.4424
B_arachnoides,1,488, cls_3 ,0.5104,1.105,0.3802,1169.9984
B_arachnoides,1,489, cls_3 ,0.3062,1.0358,1.486,63.9
B_arachnoides,1,491, cls_3 ,0.1021,1,4.0014,71.4424
B_arachnoides,1,492, cls_3 ,1.225,1.1167,36.3544,63.9
B_arachnoides,1,493, cls_3 ,0.9187,1.0338,4.0422,249.5375
B_arachnoides,1,494, cls_3 ,0.4083,1.0975,1.2494,63.9
B_arachnoides,1,495, cls_3 ,0.7146,1.0283,0.5437,255.6
B_arachnoides,1,496, cls_3 ,10.5143,1.166,6.3684,63.9
B_arachnoides,1,497, cls_3 ,4.4915,1.057,13.0916,101.0348
B_arachnoides,1,498, cls_3 ,0.1021,1,0.6332,204.5798
B_arachnoides,1,500, cls_3 ,0.7146,1.0631,4.4104,162.9137
B_arachnoides,1,501, cls_3 ,0.2042,1.0155,0.9791,101.0348
B_arachnoides,1,502, cls_3 ,0.1021,1,0.5577,255.6
B_arachnoides,1,503, cls_3 ,2.8582,1.0401,2.5044,90.3682
B_arachnoides,1,504, cls_3 ,0.5104,1.0688,0.7245,101.0348
B_arachnoides,1,505, cls_3 ,0.7146,1.0932,0.5915,931.4946
B_arachnoides,1,506, cls_3 ,0.8166,1.1265,8.0857,142.8847
B_arachnoides,1,507, cls_3 ,0.5104,1.0688,0.5182,225.9206
B_arachnoides,1,509, cls_3 ,0.8166,1.0473,5.2055,90.3682
B_arachnoides,1,510, cls_3 ,11.5351,1.0806,8.9276,90.3682
B_arachnoides,1,511, cls_3 ,1.7354,1.059,3.8495,90.3682
B_arachnoides,1,513, cls_3 ,3.3686,1.0965,2.0783,90.3682
B_arachnoides,1,515, cls_3 ,0.9187,1.063,5.909,162.9137
B_arachnoides,1,516, cls_3 ,1.9395,1.096,15.3491,90.3682
B_arachnoides,1,517, cls_3 ,1.1229,1.0402,0.5539,511.2
B_arachnoides,1,518, cls_3 ,1.1229,1.0402,0.5711,814.5684
B_arachnoides,1,520, cls_3 ,1.6333,1.046,1.2804,372.5978
B_arachnoides,1,521, cls_3 ,0.3062,1.0358,2.2666,159.75
B_arachnoides,1,522, cls_3 ,0.9187,1.0889,4.7149,63.9
B_arachnoides,1,523, cls_3 ,0.5104,1.1362,2.4795,131.7332
B_arachnoides,1,524, cls_3 ,2.2458,1.1187,0.3927,831.3142
B_arachnoides,1,525, cls_3 ,1.1229,1.0402,2.9685,101.0348
B_arachnoides,1,526, cls_3 ,0.9187,1.112,0.5849,939.6777
B_arachnoides,1,527, cls_3 ,1.327,1.0689,0.9016,301.4157
B_arachnoides,1,528, cls_3 ,1.0208,1.0509,3.8457,63.9
B_arachnoides,1,529, cls_3 ,0.4083,1.0537,2.0516,63.9
B_arachnoides,1,530, cls_3 ,0.3062,1.0914,3.6873,71.4424
B_arachnoides,1,531, cls_3 ,0.2042,1.0155,2.2294,63.9
B_arachnoides,1,532, cls_3 ,1.9395,1.096,2.1014,101.0348
B_arachnoides,1,533, cls_3 ,0.1021,1,1.464,71.4424
B_arachnoides,1,536, cls_3 ,4.2874,1.2113,4.6782,63.9
B_arachnoides,1,537, cls_3 ,0.4083,1,1.5079,71.4424
B_arachnoides,1,538, cls_3 ,0.2042,1.0155,1.4347,95.85
B_arachnoides,1,540, cls_3 ,0.5104,1.0688,1.1682,90.3682
B_arachnoides,1,541, cls_3 ,12.5559,1.1751,1.0237,90.3682
B_arachnoides,1,542, cls_3 ,1.5312,1.0909,0.7539,95.85
B_arachnoides,1,543, cls_3 ,0.8166,1.0473,4.0119,115.1974
B_arachnoides,1,546, cls_3 ,0.9187,1.0889,1.478,357.2119
B_arachnoides,1,549, cls_3 ,1.6333,1.0836,3.5818,115.1974
B_arachnoides,1,550, cls_3 ,0.2042,1.0909,1.8055,71.4424
B_arachnoides,1,553, cls_3 ,0.1021,1,2.2241,95.85
B_arachnoides,1,555, cls_3 ,1.1229,1.088,0.4031,843.5042
B_arachnoides,1,557, cls_3 ,0.2042,1.0155,1.8337,63.9
B_arachnoides,1,558, cls_3 ,0.9187,1.112,12.8741,63.9
B_arachnoides,1,559, cls_3 ,0.3062,1.0358,10.1274,63.9
B_arachnoides,1,562, cls_3 ,0.3062,1.0914,1.1543,63.9
B_arachnoides,1,564, cls_3 ,0.9187,1.063,3.3388,63.9
B_arachnoides,1,566, cls_3 ,1.0208,1.1388,2.448,63.9
B_arachnoides,1,569, cls_3 ,0.2042,1.0155,16.0836,90.3682
B_arachnoides,1,571, cls_3 ,0.8166,1.0769,2.9324,63.9
B_arachnoides,1,579, cls_3 ,0.2042,1.0909,4.6274,135.5524
B_arachnoides,1,581, cls_3 ,0.1021,1,0.5136,131.7332
B_arachnoides,1,584, cls_3 ,5.2061,1.0956,1.0782,135.5524
B_arachnoides,1,587, cls_3 ,0.1021,1,0.4907,131.7332
B_arachnoides,1,589, cls_3 ,1.1229,1.0654,0.6589,294.5644
B_arachnoides,1,594, cls_3 ,0.2042,1.0155,0.5012,186.2989
B_arachnoides,1,596, cls_3 ,0.2042,1.0909,1.9073,191.7
B_arachnoides,1,598, cls_3 ,0.9187,1.063,0.9434,333.5678
B_arachnoides,1,601, cls_3 ,1.225,1.0556,0.4995,294.5644
B_arachnoides,1,605, cls_3 ,0.1021,1,1.0907,71.4424
B_arachnoides,1,607, cls_3 ,2.6541,1.1418,1.7922,204.5798
B_arachnoides,1,608, cls_3 ,0.2042,1.0155,2.3538,71.4424
B_arachnoides,1,612, cls_3 ,0.9187,1.063,0.7629,71.4424
B_arachnoides,1,614, cls_3 ,0.7146,1.1434,0.3563,673.986
B_arachnoides,1,620, cls_3 ,5.8186,1.1682,2.6912,115.1974
B_arachnoides,1,622, cls_3 ,0.8166,1.167,0.3455,351.45
B_arachnoides,1,625, cls_3 ,1.1229,1.0654,9.9556,63.9
B_arachnoides,1,626, cls_3 ,1.5312,1.0311,5.3404,63.9
B_arachnoides,1,627, cls_3 ,0.6125,1.0465,6.1746,63.9
B_arachnoides,1,628, cls_3 ,0.8166,1.1031,0.4236,115.1974
B_arachnoides,1,632, cls_3 ,0.9187,1.112,0.5605,316.2889
B_arachnoides,1,633, cls_3 ,0.3062,1.0358,0.7959,115.1974
B_arachnoides,1,2, cls_6 ,0.5104,1.0688,1.7096,303.1043
B_arachnoides,1,4, cls_6 ,15.1079,1.0748,0.19,303.1043
B_arachnoides,1,14, cls_6 ,0.1021,1,0.1769,891.1702
B_arachnoides,1,20, cls_6 ,0.1021,1,3.8787,180.7365
B_arachnoides,1,23, cls_6 ,12.4538,1.1095,0.4678,63.9
B_arachnoides,1,30, cls_6 ,5.5123,1.0739,0.3857,191.7
B_arachnoides,1,31, cls_6 ,0.9187,1.0338,0.6827,544.0889
B_arachnoides,1,36, cls_6 ,0.1021,1,30.6346,63.9
B_arachnoides,1,37, cls_6 ,0.2042,1.0155,2.0984,63.9
B_arachnoides,1,38, cls_6 ,0.1021,1,2.6366,63.9
B_arachnoides,1,60, cls_6 ,15.7204,1.1067,0.1523,544.0889
B_arachnoides,1,65, cls_6 ,0.9187,1.063,0.1097,1401.4364
B_arachnoides,1,101, cls_6 ,0.2042,1.0909,0.0137,4701.3206
B_arachnoides,1,216, cls_6 ,10.3101,1.0694,0.0196,4230.209
B_arachnoides,1,317, cls_6 ,0.1021,1,0.005,2076.75
B_arachnoides,1,336, cls_6 ,0.5104,1.0688,0.0032,2076.75
B_arachnoides,1,426, cls_6 ,13.1684,1.1083,0.8633,115.1974
B_arachnoides,1,474, cls_6 ,1.1229,1.1085,9.9409,115.1974
B_arachnoides,1,512, cls_6 ,1.5312,1.0909,0.0619,1382.7375
B_arachnoides,1,534, cls_6 ,0.4083,1,0.6192,95.85
B_arachnoides,1,535, cls_6 ,0.5104,1.0261,0.5005,95.85
B_arachnoides,1,544, cls_6 ,0.1021,1,0.5419,225.9206
B_arachnoides,1,551, cls_6 ,2.4499,1.1311,0.3027,162.9137
B_arachnoides,1,568, cls_6 ,1.225,1.078,0.5125,287.55
B_arachnoides,1,580, cls_6 ,0.1021,1,1.2054,131.7332
B_arachnoides,1,582, cls_6 ,0.2042,1.0909,0.7055,131.7332
B_arachnoides,1,591, cls_6 ,2.4499,1.1412,0.1548,386.0533
B_arachnoides,1,3, cls_1 ,22344.5501,1.253,26.2775,63.9
B_arachnoides,1,5, cls_1 ,0.6125,1.0819,2757.3608,63.9
B_arachnoides,1,6, cls_1 ,0.9187,1.112,7551.9773,63.9
B_arachnoides,1,7, cls_1 ,0.5104,1.0688,7570.7561,63.9
B_arachnoides,1,8, cls_1 ,7.8602,1.1275,6843.7218,63.9
B_arachnoides,1,13, cls_1 ,0.1021,1,1474.961,71.4424
B_arachnoides,1,15, cls_1 ,2.8582,1.1426,2737.3362,71.4424
B_arachnoides,1,16, cls_1 ,0.1021,1,16838.6151,115.1974
B_arachnoides,1,24, cls_1 ,0.8166,1.0769,24321.3586,95.85
B_arachnoides,1,28, cls_1 ,0.5104,1.0688,4210.5891,225.9206
B_arachnoides,1,32, cls_1 ,1.327,1.089,5339.9381,115.1974
B_arachnoides,1,42, cls_1 ,0.5104,1.0688,13680.7859,127.8
B_arachnoides,1,43, cls_1 ,0.2042,1.0155,43778.4624,71.4424
B_arachnoides,1,47, cls_1 ,0.7146,1.1197,5339.5741,204.5798
B_arachnoides,1,48, cls_1 ,1.0208,1.0509,1872.4511,63.9
B_arachnoides,1,49, cls_1 ,0.1021,1,2191.9135,63.9
B_arachnoides,1,55, cls_1 ,1.7354,1.0769,754.8062,544.0889
B_arachnoides,1,56, cls_1 ,1.0208,1.0764,27361.9205,90.3682
B_arachnoides,1,58, cls_1 ,0.5104,1.1362,12161.0877,115.1974
B_arachnoides,1,61, cls_1 ,0.6125,1.0465,54723.3969,63.9
B_arachnoides,1,64, cls_1 ,0.5104,1.0261,13681.1658,115.1974
B_arachnoides,1,74, cls_1 ,1.0208,1.0993,16838.0427,115.1974
B_arachnoides,1,87, cls_1 ,0.1021,1,43778.6293,71.4424
B_arachnoides,1,130, cls_1 ,0.2042,1.0155,54723.0504,63.9
B_arachnoides,1,174, cls_1 ,3.2666,1.041,43778.4216,71.4424
B_arachnoides,1,260, cls_1 ,0.7146,1.0631,13680.7564,127.8
B_arachnoides,1,311, cls_1 ,0.2042,1.0155,43779.5528,63.9
B_arachnoides,1,314, cls_1 ,0.4083,1,13681.7343,63.9
B_arachnoides,1,319, cls_1 ,0.6125,1.1637,16838.2302,115.1974
B_arachnoides,1,324, cls_1 ,0.1021,1,43778.7427,71.4424
B_arachnoides,1,326, cls_1 ,1.6333,1.0657,43778.4564,71.4424
B_arachnoides,1,327, cls_1 ,0.2042,1.0155,54723.1109,63.9
B_arachnoides,1,375, cls_1 ,1.1229,1.0402,54723.0222,63.9
B_arachnoides,1,382, cls_1 ,0.1021,1,43778.4069,71.4424
B_arachnoides,1,443, cls_1 ,0.2042,1.0155,54723.0053,63.9
B_arachnoides,1,480, cls_1 ,0.1021,1,16837.8502,115.1974
B_arachnoides,1,586, cls_1 ,3.5728,1.0691,591.7438,586.524
B_arachnoides,1,603, cls_1 ,2.7562,1.0844,650.2151,142.8847
B_arachnoides,1,615, cls_1 ,5.104,1.0545,791.6188,142.8847
B_arachnoides,1,11, cls_2 ,0.2042,1.0155,0.0016,5933.589
B_arachnoides,1,96, cls_2 ,2.3478,1.1358,0.0006,5933.589
B_arachnoides,1,161, cls_2 ,2.2458,1.0651,0.0237,1418.8103
B_arachnoides,1,197, cls_2 ,0.8166,1.0131,2.5413,101.0348
B_arachnoides,1,204, cls_2 ,2.552,1.1462,0.9327,101.0348
B_arachnoides,1,222, cls_2 ,1.4291,1.0606,0.2341,357.2119
B_arachnoides,1,271, cls_2 ,0.6125,1.0819,0.0706,683.013
B_arachnoides,1,341, cls_2 ,7.0435,1.1662,0.5767,352.8993
B_arachnoides,1,350, cls_2 ,7.1456,1.1103,0.5689,352.8993
B_arachnoides,1,34, cls_5 ,0.1021,1,0.0666,127.8
B_arachnoides,1,35, cls_5 ,0.1021,1,0.0667,127.8
B_arachnoides,1,54, cls_5 ,0.1021,1,0.0071,1278
B_arachnoides,1,91, cls_5 ,0.1021,1,0.035,345.5921
B_arachnoides,1,97, cls_5 ,0.2042,1.0909,0.0358,345.5921
B_arachnoides,1,108, cls_5 ,0.3062,1.1369,0.029,400.3324
B_arachnoides,1,128, cls_5 ,0.1021,1,0.1142,115.1974
B_arachnoides,1,135, cls_5 ,0.1021,1,0.1544,115.1974
B_arachnoides,1,137, cls_5 ,0.1021,1,0.0788,202.0695
B_arachnoides,1,143, cls_5 ,0.2042,1.0155,0.0809,186.2989
B_arachnoides,1,160, cls_5 ,0.1021,1,0.0223,520.1083
B_arachnoides,1,164, cls_5 ,0.1021,1,0.0265,457.4544
B_arachnoides,1,177, cls_5 ,0.2042,1.0909,0.0439,257.5891
B_arachnoides,1,187, cls_5 ,0.1021,1,0.0744,257.5891
B_arachnoides,1,201, cls_5 ,0.1021,1,0.0268,500.0966
B_arachnoides,1,210, cls_5 ,0.7146,1.1197,0.5603,71.4424
B_arachnoides,1,221, cls_5 ,0.2042,1.0155,2.0624,63.9
B_arachnoides,1,228, cls_5 ,0.2042,1.0155,1.3062,63.9
B_arachnoides,1,232, cls_5 ,0.2042,1.0155,0.0429,500.0966
B_arachnoides,1,238, cls_5 ,0.5104,1.0688,0.6268,71.4424
B_arachnoides,1,247, cls_5 ,0.1021,1,1.3268,71.4424
B_arachnoides,1,255, cls_5 ,0.2042,1.0909,0.3812,90.3682
B_arachnoides,1,273, cls_5 ,0.1021,1,0.5886,214.3271
B_arachnoides,1,278, cls_5 ,2.6541,1.1912,0.0328,214.3271
B_arachnoides,1,305, cls_5 ,0.1021,1,0.028,565.2532
B_arachnoides,1,328, cls_5 ,0.2042,1.0155,0.0743,225.9206
B_arachnoides,1,334, cls_5 ,0.1021,1,0.4102,71.4424
B_arachnoides,1,339, cls_5 ,0.1021,1,0.8446,71.4424
B_arachnoides,1,342, cls_5 ,0.3062,1.0914,0.2898,71.4424
B_arachnoides,1,351, cls_5 ,0.1021,1,0.6324,71.4424
B_arachnoides,1,352, cls_5 ,0.3062,1.0914,0.2363,71.4424
B_arachnoides,1,376, cls_5 ,0.1021,1,0.0579,325.8273
B_arachnoides,1,379, cls_5 ,0.1021,1,0.0852,142.8847
B_arachnoides,1,381, cls_5 ,0.1021,1,0.0809,142.8847
B_arachnoides,1,406, cls_5 ,0.2042,1.0909,0.0339,263.4664
B_arachnoides,1,407, cls_5 ,0.1021,1,0.0468,263.4664
B_arachnoides,1,409, cls_5 ,0.9187,1.0338,0.0052,5331.7266
B_arachnoides,1,410, cls_5 ,0.1021,1,0.2525,115.1974
B_arachnoides,1,413, cls_5 ,0.2042,1.0155,0.4327,115.1974
B_arachnoides,1,417, cls_5 ,0.4083,1.1667,0.2691,115.1974
B_arachnoides,1,429, cls_5 ,0.1021,1,1.1487,71.4424
B_arachnoides,1,431, cls_5 ,0.5104,1.1362,0.4681,71.4424
B_arachnoides,1,442, cls_5 ,0.2042,1.0909,1.1225,71.4424
B_arachnoides,1,448, cls_5 ,0.7146,1.0932,0.3323,127.8
B_arachnoides,1,449, cls_5 ,0.1021,1,0.3632,90.3682
B_arachnoides,1,450, cls_5 ,0.1021,1,0.5987,71.4424
B_arachnoides,1,451, cls_5 ,0.4083,1.0537,0.9029,63.9
B_arachnoides,1,457, cls_5 ,0.1021,1,0.3776,90.3682
B_arachnoides,1,458, cls_5 ,0.2042,1.0155,0.5288,71.4424
B_arachnoides,1,460, cls_5 ,0.1021,1,0.6688,71.4424
B_arachnoides,1,461, cls_5 ,0.1021,1,1.3593,63.9
B_arachnoides,1,462, cls_5 ,0.1021,1,0.5579,71.4424
B_arachnoides,1,467, cls_5 ,0.1021,1,1.0422,90.3682
B_arachnoides,1,468, cls_5 ,0.6125,1.0819,0.2617,131.7332
B_arachnoides,1,472, cls_5 ,0.2042,1.0155,0.3642,101.0348
B_arachnoides,1,473, cls_5 ,0.1021,1,1.9955,90.3682
B_arachnoides,1,476, cls_5 ,1.327,1.1807,0.5457,71.4424
B_arachnoides,1,479, cls_5 ,0.1021,1,0.6683,71.4424
B_arachnoides,1,484, cls_5 ,0.1021,1,0.4585,71.4424
B_arachnoides,1,490, cls_5 ,0.1021,1,2.7269,71.4424
B_arachnoides,1,499, cls_5 ,0.7146,1.0283,1.9424,71.4424
B_arachnoides,1,508, cls_5 ,0.9187,1.112,2.4832,63.9
B_arachnoides,1,514, cls_5 ,0.4083,1.0975,2.4073,63.9
B_arachnoides,1,519, cls_5 ,0.7146,1.1434,0.1221,257.5891
B_arachnoides,1,539, cls_5 ,0.2042,1.0909,0.1901,257.5891
B_arachnoides,1,545, cls_5 ,0.1021,1,0.3082,90.3682
B_arachnoides,1,547, cls_5 ,0.2042,1.0155,0.1964,90.3682
B_arachnoides,1,548, cls_5 ,0.1021,1,0.2582,180.7365
B_arachnoides,1,552, cls_5 ,0.1021,1,0.2205,162.9137
B_arachnoides,1,554, cls_5 ,0.1021,1,0.4141,101.0348
B_arachnoides,1,556, cls_5 ,0.8166,1.167,0.4904,101.0348
B_arachnoides,1,560, cls_5 ,0.5104,1.1638,0.2467,271.1047
B_arachnoides,1,561, cls_5 ,0.1021,1,0.5608,95.85
B_arachnoides,1,563, cls_5 ,0.1021,1,0.4476,159.75
B_arachnoides,1,565, cls_5 ,0.1021,1,0.6598,95.85
B_arachnoides,1,567, cls_5 ,0.2042,1.0155,3.5031,71.4424
B_arachnoides,1,570, cls_5 ,0.1021,1,2.0404,63.9
B_arachnoides,1,572, cls_5 ,2.2458,1.0799,0.2464,351.45
B_arachnoides,1,573, cls_5 ,0.7146,1.1845,0.781,115.1974
B_arachnoides,1,574, cls_5 ,1.7354,1.1915,0.6583,71.4424
B_arachnoides,1,575, cls_5 ,0.3062,1.0914,0.8346,71.4424
B_arachnoides,1,576, cls_5 ,0.1021,1,3.8091,63.9
B_arachnoides,1,577, cls_5 ,1.6333,1.2177,1.2836,71.4424
B_arachnoides,1,578, cls_5 ,0.2042,1.0155,0.9256,71.4424
B_arachnoides,1,583, cls_5 ,0.5104,1.105,0.049,339.6332
B_arachnoides,1,585, cls_5 ,0.1021,1,0.5967,71.4424
B_arachnoides,1,588, cls_5 ,0.1021,1,0.5532,71.4424
B_arachnoides,1,590, cls_5 ,0.1021,1,3.2646,95.85
B_arachnoides,1,593, cls_5 ,2.4499,1.2147,0.7943,95.85
B_arachnoides,1,595, cls_5 ,1.5312,1.0909,0.599,142.8847
B_arachnoides,1,597, cls_5 ,0.2042,1.0155,0.1206,131.7332
B_arachnoides,1,599, cls_5 ,0.4083,1.0975,3.3939,71.4424
B_arachnoides,1,600, cls_5 ,0.1021,1,0.1962,131.7332
B_arachnoides,1,602, cls_5 ,0.1021,1,1.5231,63.9
B_arachnoides,1,604, cls_5 ,0.1021,1,0.7215,101.0348
B_arachnoides,1,606, cls_5 ,0.1021,1,1.1096,63.9
B_arachnoides,1,609, cls_5 ,0.1021,1,0.0473,372.5978
B_arachnoides,1,610, cls_5 ,0.6125,1.1637,1.4302,71.4424
B_arachnoides,1,611, cls_5 ,0.1021,1,0.6978,131.7332
B_arachnoides,1,613, cls_5 ,1.5312,1.1862,0.2121,194.3443
B_arachnoides,1,616, cls_5 ,0.2042,1.0155,0.8167,159.75
B_arachnoides,1,617, cls_5 ,0.1021,1,0.0652,314.671
B_arachnoides,1,618, cls_5 ,0.1021,1,1.6621,71.4424
B_arachnoides,1,619, cls_5 ,0.7146,1.0932,0.304,186.2989
B_arachnoides,1,621, cls_5 ,0.2042,1.0155,1.1429,95.85
B_arachnoides,1,623, cls_5 ,1.9395,1.257,1.3697,90.3682
B_arachnoides,1,624, cls_5 ,0.1021,1,0.7043,115.1974
B_arachnoides,1,629, cls_5 ,0.2042,1.0155,5.0397,90.3682
B_arachnoides,1,630, cls_5 ,0.1021,1,0.0194,1472.8222
B_arachnoides,1,631, cls_5 ,2.1437,1.2444,0.7567,90.3682
B_arachnoides,1,634, cls_5 ,0.1021,1,0.241,319.5
B_arachnoides,1,635, cls_5 ,0.5104,1.1885,0.0734,186.2989
B_arachnoides,1,636, cls_5 ,0.2042,1.0909,0.1601,186.2989
B_arachnoides,1,182, cls_4 ,2.3478,1.1358,0.0156,1137.7072
B_arachnoides,1,191, cls_4 ,0.5104,1.0688,0.0306,949.9418
B_arachnoides,1,231, cls_4 ,0.6125,1.0819,0.0446,949.9418
B_arachnoides,1,237, cls_4 ,1.0208,1.1199,0.0043,2987.9656
B_arachnoides,1,288, cls_4 ,1.225,1.1495,0.2264,186.2989
B_arachnoides,1,299, cls_4 ,0.6125,1.1125,0.3952,186.2989
B_arachnoides,1,330, cls_4 ,3.9811,1.069,0.024,1010.3477
B_arachnoides,1,364, cls_4 ,0.5104,1.0261,0.0072,2987.9656
B_arachnoides,1,428, cls_4 ,1.327,1.0689,0.011,995.0771
B_arachnoides,1,477, cls_4 ,0.5104,1.0261,0.017,995.0771
B_arachnoides,1,483, cls_4 ,0.4083,1.0537,0.0028,3538.5256
B_arachnoides,1,592, cls_4 ,0.7146,1.0283,0.001,5060.0166
B_arachnoides,2,1, cls_1 ,13270.1263,1.1113,4.6389,63.9
B_arachnoides,2,14, cls_1 ,0.2042,1.0155,32499.2517,63.9
B_arachnoides,2,29, cls_1 ,1.7354,1.059,14444.1923,95.85
B_arachnoides,2,39, cls_1 ,0.8166,1.1031,32499.4252,63.9
B_arachnoides,2,45, cls_1 ,0.1021,1,32499.3086,63.9
B_arachnoides,2,2, cls_3 ,1.327,1.0219,0.0634,1623.1732
B_arachnoides,2,3, cls_3 ,1.7354,1.0395,1.3534,180.7365
B_arachnoides,2,5, cls_3 ,0.2042,1.0909,1.6942,172.056
B_arachnoides,2,6, cls_3 ,0.2042,1.0155,1.6193,115.1974
B_arachnoides,2,7, cls_3 ,0.5104,1.0688,0.0725,1989.3847
B_arachnoides,2,8, cls_3 ,1.9395,1.2051,17.4183,101.0348
B_arachnoides,2,9, cls_3 ,0.7146,1.1434,2.6409,101.0348
B_arachnoides,2,10, cls_3 ,9.6976,1.0631,0.4306,274.8443
B_arachnoides,2,11, cls_3 ,15.8224,1.195,9.8283,63.9
B_arachnoides,2,12, cls_3 ,0.6125,1.0465,10.9761,90.3682
B_arachnoides,2,13, cls_3 ,1.225,1.0306,2.2053,101.0348
B_arachnoides,2,16, cls_3 ,5.2061,1.0877,19.1648,63.9
B_arachnoides,2,17, cls_3 ,2.7562,1.1281,19.2298,71.4424
B_arachnoides,2,18, cls_3 ,6.7373,1.1833,12.6041,71.4424
B_arachnoides,2,19, cls_3 ,0.7146,1.0283,1.4286,274.8443
B_arachnoides,2,20, cls_3 ,0.9187,1.0338,1.4119,159.75
B_arachnoides,2,21, cls_3 ,2.3478,1.0752,2.5263,63.9
B_arachnoides,2,22, cls_3 ,0.9187,1.063,16.2024,63.9
B_arachnoides,2,23, cls_3 ,0.5104,1.0688,7.7128,63.9
B_arachnoides,2,25, cls_3 ,0.4083,1.1346,3.8252,71.4424
B_arachnoides,2,26, cls_3 ,9.3914,1.145,7.0866,63.9
B_arachnoides,2,27, cls_3 ,0.8166,1.0131,6.1199,71.4424
B_arachnoides,2,28, cls_3 ,0.1021,1,24.4517,63.9
B_arachnoides,2,30, cls_3 ,0.7146,1.0283,2.0608,71.4424
B_arachnoides,2,31, cls_3 ,1.0208,1.0993,1.3474,101.0348
B_arachnoides,2,32, cls_3 ,1.1229,1.0654,11.0498,90.3682
B_arachnoides,2,34, cls_3 ,1.225,1.1778,1.1387,101.0348
B_arachnoides,2,35, cls_3 ,0.3062,1.0914,39.4173,63.9
B_arachnoides,2,36, cls_3 ,2.6541,1.0758,0.3224,531.754
B_arachnoides,2,37, cls_3 ,1.4291,1.0386,12.0036,131.7332
B_arachnoides,2,38, cls_3 ,6.8394,1.1693,0.5344,194.3443
B_arachnoides,2,40, cls_3 ,4.0832,1.0665,0.4791,274.8443
B_arachnoides,2,41, cls_3 ,10.6163,1.1368,4.044,142.8847
B_arachnoides,2,42, cls_3 ,1.6333,1.0657,1.8982,194.3443
B_arachnoides,2,43, cls_3 ,1.8374,1.0869,0.8898,274.8443
B_arachnoides,2,44, cls_3 ,3.879,1.118,4.6671,71.4424
B_arachnoides,2,46, cls_3 ,0.7146,1.0631,0.6915,294.5644
B_arachnoides,2,47, cls_3 ,0.7146,1.0283,5.6264,71.4424
B_arachnoides,2,48, cls_3 ,0.4083,1.0537,8.605,71.4424
B_arachnoides,2,49, cls_3 ,2.6541,1.0622,2.0749,71.4424
B_arachnoides,2,50, cls_3 ,1.9395,1.096,0.9631,230.3947
B_arachnoides,2,51, cls_3 ,3.3686,1.0752,0.5912,230.3947
B_arachnoides,2,52, cls_3 ,0.7146,1.0631,1.02,263.4664
B_arachnoides,2,53, cls_3 ,8.6768,1.189,2.1955,71.4424
B_arachnoides,2,54, cls_3 ,0.5104,1.105,17.6256,71.4424
B_arachnoides,2,55, cls_3 ,1.6333,1.0657,4.9753,63.9
B_arachnoides,2,56, cls_3 ,1.5312,1.0909,6.7683,63.9
B_arachnoides,2,57, cls_3 ,0.1021,1,2.0767,63.9
B_arachnoides,2,58, cls_3 ,0.7146,1.0283,0.591,63.9
B_arachnoides,2,59, cls_3 ,1.7354,1.1084,4.4436,71.4424
B_arachnoides,2,60, cls_3 ,0.8166,1.1031,4.1827,71.4424
B_arachnoides,2,61, cls_3 ,1.9395,1.0471,1.5173,351.45
B_arachnoides,2,62, cls_3 ,1.8374,1.0529,0.5061,400.3324
B_arachnoides,2,63, cls_3 ,4.6957,1.0627,1.6884,115.1974
B_arachnoides,2,64, cls_3 ,0.6125,1.0465,4.1049,115.1974
B_arachnoides,2,65, cls_3 ,1.1229,1.0402,0.3253,479.25
B_arachnoides,2,66, cls_3 ,1.327,1.0689,0.3127,454.0948
B_arachnoides,2,67, cls_3 ,5.2061,1.1367,1.1866,272.9809
B_arachnoides,2,68, cls_3 ,4.1853,1.064,0.696,364.286
B_arachnoides,2,69, cls_3 ,1.4291,1.0606,0.2033,544.0889
B_arachnoides,2,70, cls_3 ,0.4083,1.0537,3.548,71.4424
B_arachnoides,2,71, cls_3 ,1.7354,1.0933,4.1098,63.9
B_arachnoides,2,72, cls_3 ,1.327,1.089,4.3341,63.9
B_arachnoides,2,73, cls_3 ,2.2458,1.0492,0.1329,1118.25
B_arachnoides,2,74, cls_3 ,1.4291,1.0606,0.3813,357.2119
B_arachnoides,2,75, cls_3 ,0.4083,1.0537,0.4338,272.9809
B_arachnoides,2,76, cls_3 ,0.9187,1.0338,0.5427,272.9809
B_arachnoides,2,77, cls_3 ,2.2458,1.1187,3.0428,71.4424
B_arachnoides,2,78, cls_3 ,0.7146,1.0932,0.1525,1040.2166
B_arachnoides,2,79, cls_3 ,0.7146,1.0631,8.2241,71.4424
B_arachnoides,2,80, cls_3 ,1.225,1.0306,3.1695,287.55
B_arachnoides,2,81, cls_3 ,1.4291,1.0987,19.1784,90.3682
B_arachnoides,2,82, cls_3 ,0.9187,1.0338,9.7429,159.75
B_arachnoides,2,83, cls_3 ,23.2743,1.1636,4.9439,115.1974
B_arachnoides,2,84, cls_3 ,0.6125,1.0819,0.5431,772.7674
B_arachnoides,2,85, cls_3 ,2.4499,1.0401,7.4182,180.7365
B_arachnoides,2,86, cls_3 ,6.0227,1.0811,10.0081,90.3682
B_arachnoides,2,87, cls_3 ,0.8166,1.0473,10.2398,90.3682
B_arachnoides,2,88, cls_3 ,1.4291,1.0386,0.6118,101.0348
B_arachnoides,2,89, cls_3 ,0.2042,1.0155,1.7937,101.0348
B_arachnoides,2,90, cls_3 ,1.4291,1.0987,0.1934,677.0084
B_arachnoides,2,4, cls_5 ,1.9395,1.1578,0.0239,546.8959
B_arachnoides,2,24, cls_5 ,0.7146,1.0631,0.0648,546.8959
B_arachnoides,2,15, cls_2 ,1.327,1.1807,0.0001,7893.978
B_arachnoides,2,33, cls_2 ,0.9187,1.112,0.0002,7893.978
B_arachnoides,3,1, cls_1 ,6641.5452,1.2339,225.5596,63.9
B_arachnoides,3,7, cls_1 ,0.4083,1,3614.6618,135.5524
B_arachnoides,3,12, cls_1 ,1.8374,1.116,8133.2483,90.3682
B_arachnoides,3,14, cls_1 ,0.1021,1,13012.7192,71.4424
B_arachnoides,3,17, cls_1 ,1.1229,1.0402,13013.9533,71.4424
B_arachnoides,3,20, cls_1 ,5.6144,1.0636,3615.4914,135.5524
B_arachnoides,3,21, cls_1 ,0.6125,1.1125,13014.2901,71.4424
B_arachnoides,3,22, cls_1 ,2.4499,1.0401,16271.8482,63.9
B_arachnoides,3,23, cls_1 ,2.3478,1.0752,16272.077,63.9
B_arachnoides,3,25, cls_1 ,1.327,1.0467,615.112,71.4424
B_arachnoides,3,26, cls_1 ,0.7146,1.0283,4067.8585,127.8
B_arachnoides,3,27, cls_1 ,9.5955,1.1429,13013.4149,71.4424
B_arachnoides,3,30, cls_1 ,0.5104,1.0688,2246.6043,71.4424
B_arachnoides,3,31, cls_1 ,0.7146,1.0283,2605.9738,95.85
B_arachnoides,3,32, cls_1 ,0.3062,1.0358,2603.5115,71.4424
B_arachnoides,3,33, cls_1 ,0.2042,1.0909,5005.4978,63.9
B_arachnoides,3,34, cls_1 ,0.1021,1,2034.6412,63.9
B_arachnoides,3,35, cls_1 ,0.1021,1,16284.7969,63.9
B_arachnoides,3,36, cls_1 ,2.0416,1.0592,1447.7076,95.85
B_arachnoides,3,37, cls_1 ,0.5104,1.0261,1002.1078,71.4424
B_arachnoides,3,38, cls_1 ,1.7354,1.0395,3253.9408,142.8847
B_arachnoides,3,39, cls_1 ,0.3062,1.0914,1447.1907,71.4424
B_arachnoides,3,41, cls_1 ,0.3062,1.0358,16270.8616,63.9
B_arachnoides,3,42, cls_1 ,0.1021,1,1446.3195,135.5524
B_arachnoides,3,43, cls_1 ,2.552,1.1046,16266.7035,63.9
B_arachnoides,3,44, cls_1 ,0.9187,1.0338,13014.5597,71.4424
B_arachnoides,3,45, cls_1 ,5.5123,1.0973,126.2992,557.9828
B_arachnoides,3,46, cls_1 ,0.8166,1.0769,16265.6871,63.9
B_arachnoides,3,49, cls_1 ,0.2042,1.0155,6507.3358,63.9
B_arachnoides,3,51, cls_1 ,0.1021,1,13013.8256,63.9
B_arachnoides,3,54, cls_1 ,9.1872,1.1072,8135.3053,90.3682
B_arachnoides,3,56, cls_1 ,2.7562,1.1281,29.6855,272.9809
B_arachnoides,3,59, cls_1 ,2.1437,1.1117,16265.8722,63.9
B_arachnoides,3,60, cls_1 ,31.2366,1.1676,685.7968,90.3682
B_arachnoides,3,62, cls_1 ,9.1872,1.1305,8174.967,90.3682
B_arachnoides,3,63, cls_1 ,0.7146,1.0631,49.4923,202.0695
B_arachnoides,3,64, cls_1 ,12.1475,1.0856,153.8854,90.3682
B_arachnoides,3,65, cls_1 ,1.5312,1.1372,42.8891,180.7365
B_arachnoides,3,66, cls_1 ,1.9395,1.0471,3253.3732,142.8847
B_arachnoides,3,69, cls_1 ,1.7354,1.1599,3850.9744,71.4424
B_arachnoides,3,76, cls_1 ,0.9187,1.0338,628.5179,71.4424
B_arachnoides,3,77, cls_1 ,1.0208,1.0509,46.4309,127.8
B_arachnoides,3,80, cls_1 ,15.1079,1.1457,192.7981,63.9
B_arachnoides,3,81, cls_1 ,2.7562,1.0844,376.5473,131.7332
B_arachnoides,3,82, cls_1 ,45.3236,1.2087,1892.1468,63.9
B_arachnoides,3,84, cls_1 ,2.6541,1.0758,665.3048,101.0348
B_arachnoides,3,85, cls_1 ,4.5936,1.1084,177.1694,90.3682
B_arachnoides,3,88, cls_1 ,2.2458,1.0492,3633.6844,135.5524
B_arachnoides,3,89, cls_1 ,1.1229,1.0115,531.49,101.0348
B_arachnoides,3,93, cls_1 ,1.8374,1.1292,200.2644,101.0348
B_arachnoides,3,94, cls_1 ,31.0324,1.1915,13023.3396,63.9
B_arachnoides,3,102, cls_1 ,0.8166,1.1031,6524.1507,101.0348
B_arachnoides,3,105, cls_1 ,1.5312,1.1228,2614.6591,159.75
B_arachnoides,3,106, cls_1 ,0.6125,1.0465,2110.311,63.9
B_arachnoides,3,109, cls_1 ,7.2477,1.1907,16378.5312,63.9
B_arachnoides,3,110, cls_1 ,0.6125,1.1125,829.9757,95.85
B_arachnoides,3,113, cls_1 ,0.1021,1,16265.9715,63.9
B_arachnoides,3,117, cls_1 ,0.1021,1,13013.0033,71.4424
B_arachnoides,3,119, cls_1 ,1.1229,1.0654,16266.8306,63.9
B_arachnoides,3,128, cls_1 ,2.3478,1.0604,1913.8756,186.2989
B_arachnoides,3,130, cls_1 ,0.1021,1,8133.5643,90.3682
B_arachnoides,3,134, cls_1 ,2.4499,1.1931,2609.1903,101.0348
B_arachnoides,3,135, cls_1 ,3.3686,1.0752,505.3746,101.0348
B_arachnoides,3,139, cls_1 ,2.6541,1.1222,402.4297,71.4424
B_arachnoides,3,142, cls_1 ,1.4291,1.0987,7232.9346,95.85
B_arachnoides,3,146, cls_1 ,0.1021,1,368.1136,71.4424
B_arachnoides,3,149, cls_1 ,4.0832,1.1043,1915.5609,135.5524
B_arachnoides,3,151, cls_1 ,0.1021,1,13013.8669,63.9
B_arachnoides,3,152, cls_1 ,0.3062,1.0358,4067.2589,63.9
B_arachnoides,3,163, cls_1 ,0.2042,1.0155,16270.1364,63.9
B_arachnoides,3,164, cls_1 ,0.6125,1.1125,2604.4976,159.75
B_arachnoides,3,166, cls_1 ,0.2042,1.0155,16275.9316,63.9
B_arachnoides,3,167, cls_1 ,10.208,1.0703,3853.9852,95.85
B_arachnoides,3,168, cls_1 ,1.327,1.0219,2614.9734,63.9
B_arachnoides,3,169, cls_1 ,22.2535,1.1331,8145.5697,71.4424
B_arachnoides,3,170, cls_1 ,0.3062,1.0358,13056.4203,71.4424
B_arachnoides,3,171, cls_1 ,0.1021,1,809.8223,63.9
B_arachnoides,3,174, cls_1 ,0.8166,1.0131,285.7454,95.85
B_arachnoides,3,2, cls_3 ,8.6768,1.0796,127.336,90.3682
B_arachnoides,3,3, cls_3 ,2.4499,1.109,6.0852,204.5798
B_arachnoides,3,4, cls_3 ,317.8779,1.2199,237.5393,63.9
B_arachnoides,3,5, cls_3 ,7.3498,1.0619,3.7253,204.5798
B_arachnoides,3,6, cls_3 ,0.9187,1.063,28.1346,90.3682
B_arachnoides,3,8, cls_3 ,0.1021,1,317.0028,71.4424
B_arachnoides,3,9, cls_3 ,1.0208,1.022,244.0001,71.4424
B_arachnoides,3,10, cls_3 ,0.3062,1.0358,37.4187,204.5798
B_arachnoides,3,11, cls_3 ,1.9395,1.0809,781.4081,63.9
B_arachnoides,3,13, cls_3 ,1.225,1.0556,37.2396,95.85
B_arachnoides,3,15, cls_3 ,7.3498,1.0956,137.255,63.9
B_arachnoides,3,16, cls_3 ,0.2042,1.0155,55.7999,63.9
B_arachnoides,3,18, cls_3 ,46.8548,1.1416,1975.7179,71.4424
B_arachnoides,3,19, cls_3 ,0.4083,1.0537,626.3503,71.4424
B_arachnoides,3,24, cls_3 ,911.8829,1.2916,689.2906,63.9
B_arachnoides,3,28, cls_3 ,1.225,1.1167,1790.1194,71.4424
B_arachnoides,3,29, cls_3 ,92.0764,1.1795,25.4725,63.9
B_arachnoides,3,40, cls_3 ,2.4499,1.109,1082.9782,95.85
B_arachnoides,3,47, cls_3 ,15.0058,1.1312,125.1239,186.2989
B_arachnoides,3,48, cls_3 ,94.7305,1.2058,427.5667,63.9
B_arachnoides,3,50, cls_3 ,0.3062,1.0358,282.7677,63.9
B_arachnoides,3,52, cls_3 ,4.6957,1.0187,228.0157,63.9
B_arachnoides,3,53, cls_3 ,5.3082,1.0407,2242.6748,63.9
B_arachnoides,3,55, cls_3 ,0.9187,1.063,3.6651,566.1554
B_arachnoides,3,57, cls_3 ,5.7165,1.1077,67.471,95.85
B_arachnoides,3,58, cls_3 ,3.3686,1.0752,19.6304,95.85
B_arachnoides,3,61, cls_3 ,1.4291,1.1589,150.5157,101.0348
B_arachnoides,3,67, cls_3 ,2.2458,1.1409,103.2112,101.0348
B_arachnoides,3,68, cls_3 ,0.7146,1.0631,78.499,101.0348
B_arachnoides,3,70, cls_3 ,1.8374,1.0706,193.2769,71.4424
B_arachnoides,3,73, cls_3 ,1.6333,1.0243,10.1408,225.9206
B_arachnoides,3,75, cls_3 ,0.7146,1.0631,110.9844,90.3682
B_arachnoides,3,78, cls_3 ,0.5104,1.1362,64.355,71.4424
B_arachnoides,3,79, cls_3 ,0.5104,1.0261,26.1741,90.3682
B_arachnoides,3,83, cls_3 ,0.7146,1.0283,2234.0252,63.9
B_arachnoides,3,86, cls_3 ,0.5104,1.0261,448.8097,142.8847
B_arachnoides,3,90, cls_3 ,0.2042,1.0155,526.4137,131.7332
B_arachnoides,3,91, cls_3 ,14.4954,1.1143,2.6358,287.55
B_arachnoides,3,98, cls_3 ,2.0416,1.0903,5.0469,720.8249
B_arachnoides,3,100, cls_3 ,0.5104,1.0261,993.6446,95.85
B_arachnoides,3,103, cls_3 ,0.3062,1.0914,0.3602,4357.9847
B_arachnoides,3,108, cls_3 ,0.5104,1.0261,5.0156,63.9
B_arachnoides,3,111, cls_3 ,0.5104,1.0261,4.1363,63.9
B_arachnoides,3,112, cls_3 ,1.225,1.0556,895.6129,101.0348
B_arachnoides,3,114, cls_3 ,1.225,1.1337,2235.6884,63.9
B_arachnoides,3,115, cls_3 ,0.9187,1.0338,896.9389,101.0348
B_arachnoides,3,116, cls_3 ,8.9831,1.1821,920.8028,101.0348
B_arachnoides,3,118, cls_3 ,0.2042,1.0155,2245.4429,63.9
B_arachnoides,3,120, cls_3 ,0.1021,1,2240.7871,63.9
B_arachnoides,3,121, cls_3 ,5.5123,1.1482,570.0593,63.9
B_arachnoides,3,122, cls_3 ,41.0363,1.1644,1825.8781,63.9
B_arachnoides,3,123, cls_3 ,180.4779,1.2169,2371.2457,63.9
B_arachnoides,3,124, cls_3 ,90.2389,1.184,310.7979,63.9
B_arachnoides,3,125, cls_3 ,0.7146,1.0631,92.3065,159.75
B_arachnoides,3,126, cls_3 ,1.1229,1.1085,2.6851,457.4544
B_arachnoides,3,127, cls_3 ,0.2042,1.0155,153.689,63.9
B_arachnoides,3,129, cls_3 ,1.0208,1.0993,298.573,63.9
B_arachnoides,3,131, cls_3 ,2.2458,1.0318,189.1774,71.4424
B_arachnoides,3,132, cls_3 ,5.3082,1.1083,56.4854,63.9
B_arachnoides,3,133, cls_3 ,2.1437,1.1117,378.2028,63.9
B_arachnoides,3,136, cls_3 ,1.5312,1.0311,125.1015,63.9
B_arachnoides,3,137, cls_3 ,0.1021,1,89.9784,71.4424
B_arachnoides,3,138, cls_3 ,50.5297,1.1322,5.7918,63.9
B_arachnoides,3,140, cls_3 ,1.225,1.078,5.2305,345.5921
B_arachnoides,3,141, cls_3 ,4.8999,1.2009,69.8775,63.9
B_arachnoides,3,143, cls_3 ,0.6125,1.1125,2.8222,769.4579
B_arachnoides,3,144, cls_3 ,2.9603,1.0366,193.7518,71.4424
B_arachnoides,3,145, cls_3 ,4.4915,1.1644,671.9451,63.9
B_arachnoides,3,150, cls_3 ,0.8166,1.0473,466.9348,63.9
B_arachnoides,3,153, cls_3 ,1.1229,1.0402,2.539,769.4579
B_arachnoides,3,154, cls_3 ,1.4291,1.0805,2.452,568.8536
B_arachnoides,3,155, cls_3 ,0.4083,1,95.042,142.8847
B_arachnoides,3,156, cls_3 ,1.225,1.078,80.9903,101.0348
B_arachnoides,3,157, cls_3 ,4.6957,1.0813,36.2058,63.9
B_arachnoides,3,158, cls_3 ,62.1669,1.2192,17.3956,63.9
B_arachnoides,3,159, cls_3 ,1.225,1.0556,13.5456,243.324
B_arachnoides,3,160, cls_3 ,12.2496,1.1442,16.6837,63.9
B_arachnoides,3,161, cls_3 ,2.4499,1.1204,4.8127,357.2119
B_arachnoides,3,162, cls_3 ,1.0208,1.022,158.2825,63.9
B_arachnoides,3,165, cls_3 ,18.8848,1.1755,10.5099,71.4424
B_arachnoides,3,172, cls_3 ,2.552,1.0517,45.2239,63.9
B_arachnoides,3,173, cls_3 ,1.327,1.0689,154.0923,63.9
B_arachnoides,3,175, cls_3 ,1.327,1.1073,3.9316,289.3196
B_arachnoides,3,176, cls_3 ,2.1437,1.1354,14.4534,63.9
B_arachnoides,3,177, cls_3 ,0.7146,1.0932,18.1408,115.1974
B_arachnoides,3,178, cls_3 ,0.6125,1.0819,4.4666,127.8
B_arachnoides,3,71, cls_4 ,0.9187,1.0889,0.0018,1497.5657
B_arachnoides,3,92, cls_4 ,0.4083,1.0537,0.0041,1497.5657
B_arachnoides,3,72, cls_6 ,12.8621,1.1256,0.9057,613.7395
B_arachnoides,3,87, cls_6 ,0.7146,1.0932,2.8259,339.6332
B_arachnoides,3,95, cls_6 ,32.6657,1.1363,3.0737,63.9
B_arachnoides,3,96, cls_6 ,0.7146,1.0631,6.5462,225.9206
B_arachnoides,3,104, cls_6 ,1.0208,1.1199,80.1844,63.9
B_arachnoides,3,107, cls_6 ,1.7354,1.0769,0.6925,543.15
B_arachnoides,3,147, cls_6 ,7.2477,1.0306,0.0428,2727.9388
B_arachnoides,3,74, cls_2 ,1.5312,1.0909,0.0131,728.5721
B_arachnoides,3,97, cls_2 ,0.2042,1.0155,0.0204,783.2639
B_arachnoides,3,99, cls_2 ,0.4083,1.0537,0.6316,71.4424
B_arachnoides,3,101, cls_2 ,0.3062,1.0358,0.8236,71.4424
B_arachnoides,3,148, cls_5 ,0.8166,1.0473,0, N/A
B_arachnoides,4,1, cls_1 ,152.61,1.1964,69138.3515,63.9
B_arachnoides,4,5, cls_1 ,0.7146,1.0631,54825.8153,71.4424
B_arachnoides,4,7, cls_1 ,27979.6861,1.3125,1242.6128,63.9
B_arachnoides,4,20, cls_1 ,1.4291,1.1309,883.609,90.3682
B_arachnoides,4,23, cls_1 ,553.8874,1.2725,7887.2342,63.9
B_arachnoides,4,32, cls_1 ,0.4083,1,533.879,101.0348
B_arachnoides,4,33, cls_1 ,1.6333,1.1554,1689.7241,90.3682
B_arachnoides,4,37, cls_1 ,12.8621,1.0849,16193.4622,71.4424
B_arachnoides,4,38, cls_1 ,1.1229,1.0402,640.4866,95.85
B_arachnoides,4,41, cls_1 ,0.9187,1.0889,68870.673,63.9
B_arachnoides,4,44, cls_1 ,1.4291,1.1309,56218.365,63.9
B_arachnoides,4,45, cls_1 ,0.1021,1,68675.8893,63.9
B_arachnoides,4,46, cls_1 ,3.6749,1.1319,27476.5583,90.3682
B_arachnoides,4,49, cls_1 ,2.9603,1.1387,287.626,71.4424
B_arachnoides,4,52, cls_1 ,10.6163,1.1289,1471.1674,63.9
B_arachnoides,4,55, cls_1 ,0.7146,1.0631,1910.4039,71.4424
B_arachnoides,4,57, cls_1 ,8.9831,1.1454,54820.122,71.4424
B_arachnoides,4,58, cls_1 ,0.5104,1.105,34285.3594,90.3682
B_arachnoides,4,60, cls_1 ,0.2042,1.0155,1552.3017,63.9
B_arachnoides,4,64, cls_1 ,4.6957,1.1537,16127.2726,131.7332
B_arachnoides,4,68, cls_1 ,0.6125,1.0047,136.0377,202.0695
B_arachnoides,4,72, cls_1 ,1.225,1.078,15234.1118,135.5524
B_arachnoides,4,75, cls_1 ,6.5331,1.0574,68945.1739,63.9
B_arachnoides,4,79, cls_1 ,0.7146,1.0283,603.311,101.0348
B_arachnoides,4,98, cls_1 ,120.6589,1.2486,2101.694,63.9
B_arachnoides,4,107, cls_1 ,13.6788,1.1772,8637.9535,71.4424
B_arachnoides,4,116, cls_1 ,0.1021,1,1639.4562,63.9
B_arachnoides,4,119, cls_1 ,5.7165,1.0529,68532.4979,63.9
B_arachnoides,4,123, cls_1 ,28.8887,1.2009,4119.5473,63.9
B_arachnoides,4,136, cls_1 ,1.9395,1.0471,909.4094,95.85
B_arachnoides,4,137, cls_1 ,0.1021,1,6134.1451,71.4424
B_arachnoides,4,138, cls_1 ,0.6125,1.0465,34263.9455,90.3682
B_arachnoides,4,152, cls_1 ,0.1021,1,1466.4047,63.9
B_arachnoides,4,158, cls_1 ,0.5104,1.105,5556.2538,63.9
B_arachnoides,4,162, cls_1 ,0.2042,1.0909,3445.709,71.4424
B_arachnoides,4,171, cls_1 ,0.9187,1.1519,2666.2894,63.9
B_arachnoides,4,177, cls_1 ,5.0019,1.0996,21189.3531,115.1974
B_arachnoides,4,180, cls_1 ,0.1021,1,10968.613,90.3682
B_arachnoides,4,182, cls_1 ,6.4311,1.2073,5530.8399,71.4424
B_arachnoides,4,185, cls_1 ,0.9187,1.0889,493.3922,127.8
B_arachnoides,4,188, cls_1 ,3.0624,1.1066,68524.9675,63.9
B_arachnoides,4,194, cls_1 ,1.4291,1.1154,1531.1055,63.9
B_arachnoides,4,214, cls_1 ,9.5955,1.0979,21085.179,115.1974
B_arachnoides,4,218, cls_1 ,0.2042,1.0909,599.7817,90.3682
B_arachnoides,4,225, cls_1 ,0.5104,1.105,4236.5288,71.4424
B_arachnoides,4,226, cls_1 ,0.5104,1.0688,2732.8789,142.8847
B_arachnoides,4,229, cls_1 ,0.5104,1.105,68525.883,63.9
B_arachnoides,4,232, cls_1 ,0.5104,1.0688,21087.5834,115.1974
B_arachnoides,4,238, cls_1 ,0.1021,1,10970.8952,71.4424
B_arachnoides,4,240, cls_1 ,29.297,1.1345,2043.3763,63.9
B_arachnoides,4,241, cls_1 ,0.5104,1.105,802.5559,63.9
B_arachnoides,4,243, cls_1 ,0.1021,1,1039.9877,115.1974
B_arachnoides,4,248, cls_1 ,0.3062,1.0358,68530.1287,63.9
B_arachnoides,4,249, cls_1 ,4.0832,1.1206,2471.2455,90.3682
B_arachnoides,4,250, cls_1 ,0.4083,1.0537,10544.7578,162.9137
B_arachnoides,4,252, cls_1 ,0.9187,1.0338,2220.9909,115.1974
B_arachnoides,4,260, cls_1 ,0.4083,1.0537,1227.5154,95.85
B_arachnoides,4,267, cls_1 ,14.0871,1.2303,68538.1247,63.9
B_arachnoides,4,269, cls_1 ,1.4291,1.0805,16124.6157,131.7332
B_arachnoides,4,275, cls_1 ,0.1021,1,34269.1398,90.3682
B_arachnoides,4,276, cls_1 ,3.6749,1.0547,831.2622,63.9
B_arachnoides,4,277, cls_1 ,0.2042,1.0155,13718.7065,142.8847
B_arachnoides,4,281, cls_1 ,0.1021,1,68524.8515,63.9
B_arachnoides,4,286, cls_1 ,0.2042,1.0155,68528.4228,63.9
B_arachnoides,4,290, cls_1 ,0.2042,1.0155,34262.89,90.3682
B_arachnoides,4,293, cls_1 ,0.7146,1.0932,68565.9324,63.9
B_arachnoides,4,309, cls_1 ,0.2042,1.0155,54819.3489,71.4424
B_arachnoides,4,312, cls_1 ,0.3062,1.0358,612.662,71.4424
B_arachnoides,4,320, cls_1 ,0.2042,1.0155,4750.1519,115.1974
B_arachnoides,4,324, cls_1 ,7.2477,1.1545,54827.3408,71.4424
B_arachnoides,4,326, cls_1 ,2.4499,1.0843,5332.9961,115.1974
B_arachnoides,4,330, cls_1 ,0.1021,1,333.6177,159.75
B_arachnoides,4,331, cls_1 ,0.1021,1,363.0665,71.4424
B_arachnoides,4,333, cls_1 ,0.3062,1.0358,1323.5765,142.8847
B_arachnoides,4,335, cls_1 ,0.1021,1,1291.6428,71.4424
B_arachnoides,4,353, cls_1 ,7.7581,1.1238,30462.0827,63.9
B_arachnoides,4,360, cls_1 ,0.5104,1.0688,27412.7636,101.0348
B_arachnoides,4,370, cls_1 ,0.9187,1.0338,68527.8577,63.9
B_arachnoides,4,373, cls_1 ,0.1021,1,2142.937,63.9
B_arachnoides,4,385, cls_1 ,0.2042,1.0155,1191.8535,319.5
B_arachnoides,4,389, cls_1 ,2.3478,1.0272,851.3049,95.85
B_arachnoides,4,391, cls_1 ,0.1021,1,487.9603,95.85
B_arachnoides,4,404, cls_1 ,0.3062,1.0358,30455.2911,95.85
B_arachnoides,4,428, cls_1 ,0.9187,1.0889,27411.5303,101.0348
B_arachnoides,4,436, cls_1 ,1.9395,1.0647,2444.7621,191.7
B_arachnoides,4,438, cls_1 ,1.4291,1.1454,34262.0868,90.3682
B_arachnoides,4,442, cls_1 ,39.6071,1.1804,17138.2971,71.4424
B_arachnoides,4,447, cls_1 ,2.0416,1.1042,459.3388,328.9454
B_arachnoides,4,470, cls_1 ,1.1229,1.0654,1887.5072,361.473
B_arachnoides,4,500, cls_1 ,0.1021,1,1896.7984,90.3682
B_arachnoides,4,507, cls_1 ,0.1021,1,27410.4133,101.0348
B_arachnoides,4,511, cls_1 ,0.9187,1.0889,2251.7674,90.3682
B_arachnoides,4,525, cls_1 ,0.9187,1.1519,68524.3292,63.9
B_arachnoides,4,532, cls_1 ,0.4083,1.0537,34263.761,71.4424
B_arachnoides,4,550, cls_1 ,0.2042,1.0155,17133.0899,71.4424
B_arachnoides,4,555, cls_1 ,0.1021,1,68524.6068,63.9
B_arachnoides,4,561, cls_1 ,1.0208,1.1199,699.9544,274.8443
B_arachnoides,4,562, cls_1 ,1.225,1.1337,4033.9099,131.7332
B_arachnoides,4,564, cls_1 ,0.6125,1.0465,54819.371,71.4424
B_arachnoides,4,575, cls_1 ,1.327,1.1543,10964.7776,159.75
B_arachnoides,4,584, cls_1 ,0.2042,1.0155,1184.8761,131.7332
B_arachnoides,4,590, cls_1 ,0.5104,1.0261,138.3535,204.5798
B_arachnoides,4,597, cls_1 ,0.1021,1,68525.22,63.9
B_arachnoides,4,605, cls_1 ,3.6749,1.1238,54820.4775,71.4424
B_arachnoides,4,610, cls_1 ,0.3062,1.0358,2904.9034,71.4424
B_arachnoides,4,611, cls_1 ,12.1475,1.1237,773.1196,204.5798
B_arachnoides,4,612, cls_1 ,2.9603,1.1557,68525.726,63.9
B_arachnoides,4,628, cls_1 ,1.7354,1.0933,27410.5676,101.0348
B_arachnoides,4,632, cls_1 ,0.2042,1.0155,68524.251,63.9
B_arachnoides,4,655, cls_1 ,1.4291,1.0805,54822.1643,71.4424
B_arachnoides,4,676, cls_1 ,1.327,1.089,631.4851,364.286
B_arachnoides,4,682, cls_1 ,0.6125,1.1125,68524.9059,63.9
B_arachnoides,4,695, cls_1 ,20.9265,1.1412,347.2512,607.8902
B_arachnoides,4,705, cls_1 ,32.4615,1.1527,54823.1822,71.4424
B_arachnoides,4,715, cls_1 ,1.6333,1.1001,1250.4905,101.0348
B_arachnoides,4,722, cls_1 ,1.5312,1.1506,68525.2274,63.9
B_arachnoides,4,750, cls_1 ,0.6125,1.0819,13705.7545,142.8847
B_arachnoides,4,758, cls_1 ,0.9187,1.063,54882.954,71.4424
B_arachnoides,4,787, cls_1 ,0.6125,1.0465,4497.9346,63.9
B_arachnoides,4,793, cls_1 ,1.1229,1.1271,54823.6406,63.9
B_arachnoides,4,795, cls_1 ,2.2458,1.1701,68525.9452,63.9
B_arachnoides,4,796, cls_1 ,0.5104,1.105,10982.8382,131.7332
B_arachnoides,4,817, cls_1 ,2.4499,1.0843,17131.9994,71.4424
B_arachnoides,4,822, cls_1 ,3.777,1.1124,10964.1598,159.75
B_arachnoides,4,839, cls_1 ,0.1021,1,6858.3157,71.4424
B_arachnoides,4,846, cls_1 ,1.4291,1.0987,2743.9848,63.9
B_arachnoides,4,853, cls_1 ,0.8166,1.1031,54820.7491,71.4424
B_arachnoides,4,868, cls_1 ,0.9187,1.0889,2829.9902,63.9
B_arachnoides,4,872, cls_1 ,0.1021,1,34262.845,90.3682
B_arachnoides,4,890, cls_1 ,0.2042,1.0155,68524.2669,63.9
B_arachnoides,4,902, cls_1 ,1.5312,1.0909,68524.9102,63.9
B_arachnoides,4,903, cls_1 ,0.2042,1.0155,9452.5074,135.5524
B_arachnoides,4,912, cls_1 ,1.1229,1.088,34262.3478,90.3682
B_arachnoides,4,924, cls_1 ,0.3062,1.0358,16124.1362,131.7332
B_arachnoides,4,932, cls_1 ,5.8186,1.1369,54819.5595,71.4424
B_arachnoides,4,934, cls_1 ,0.1021,1,6094.9696,71.4424
B_arachnoides,4,935, cls_1 ,0.5104,1.0688,10964.7397,159.75
B_arachnoides,4,937, cls_1 ,0.2042,1.0909,54821.4501,71.4424
B_arachnoides,4,946, cls_1 ,0.2042,1.0155,54819.4855,71.4424
B_arachnoides,4,952, cls_1 ,0.4083,1.0537,27410.5505,101.0348
B_arachnoides,4,954, cls_1 ,0.4083,1.0537,6685.4579,204.5798
B_arachnoides,4,955, cls_1 ,5.7165,1.1444,68524.3835,63.9
B_arachnoides,4,956, cls_1 ,0.1021,1,34267.9779,90.3682
B_arachnoides,4,980, cls_1 ,3.777,1.0846,34262.4999,90.3682
B_arachnoides,4,999, cls_1 ,0.8166,1.0769,34263.3862,90.3682
B_arachnoides,4,1000, cls_1 ,0.1021,1,68524.0194,63.9
B_arachnoides,4,1003, cls_1 ,0.1021,1,54826.364,71.4424
B_arachnoides,4,1008, cls_1 ,0.1021,1,10965.1606,63.9
B_arachnoides,4,1009, cls_1 ,0.1021,1,27410.8604,63.9
B_arachnoides,4,1010, cls_1 ,0.1021,1,54820.8788,71.4424
B_arachnoides,4,1012, cls_1 ,0.4083,1.0975,68524.8294,63.9
B_arachnoides,4,1015, cls_1 ,0.2042,1.0909,68524.7531,63.9
B_arachnoides,4,1024, cls_1 ,0.1021,1,54820.8436,63.9
B_arachnoides,4,1045, cls_1 ,4.6957,1.0627,1488.3607,172.056
B_arachnoides,4,1049, cls_1 ,1.0208,1.1722,68525.7492,63.9
B_arachnoides,4,1053, cls_1 ,0.6125,1.1125,54819.469,71.4424
B_arachnoides,4,1054, cls_1 ,0.1021,1,54819.3096,71.4424
B_arachnoides,4,1057, cls_1 ,1.327,1.089,54819.6251,71.4424
B_arachnoides,4,1063, cls_1 ,0.1021,1,1510.5027,63.9
B_arachnoides,4,1066, cls_1 ,0.5104,1.0688,13708.1542,63.9
B_arachnoides,4,1068, cls_1 ,10.8205,1.0591,15253.4494,63.9
B_arachnoides,4,1077, cls_1 ,10.7184,1.1673,68535.1641,63.9
B_arachnoides,4,1080, cls_1 ,10.0039,1.0939,54834.3588,71.4424
B_arachnoides,4,1083, cls_1 ,0.2042,1.0155,54820.812,71.4424
B_arachnoides,4,1090, cls_1 ,0.4083,1.0975,21084.4278,115.1974
B_arachnoides,4,1104, cls_1 ,0.4083,1.0537,68526.2821,63.9
B_arachnoides,4,1105, cls_1 ,0.9187,1.0338,34263.1401,63.9
B_arachnoides,4,1109, cls_1 ,0.4083,1.0537,5594.136,223.65
B_arachnoides,4,1112, cls_1 ,0.4083,1.0975,54854.2194,63.9
B_arachnoides,4,1118, cls_1 ,0.1021,1,54819.2849,71.4424
B_arachnoides,4,1120, cls_1 ,0.5104,1.1362,30455.4001,95.85
B_arachnoides,4,1185, cls_1 ,0.3062,1.0358,5272.8704,101.0348
B_arachnoides,4,1191, cls_1 ,1.327,1.1398,68524.6917,63.9
B_arachnoides,4,1214, cls_1 ,16.537,1.1157,34262.1488,90.3682
B_arachnoides,4,1246, cls_1 ,0.2042,1.0155,68524.3889,63.9
B_arachnoides,4,1255, cls_1 ,0.1021,1,34262.1945,90.3682
B_arachnoides,4,1268, cls_1 ,3.4707,1.1299,2425.9788,255.6
B_arachnoides,4,1288, cls_1 ,0.2042,1.0155,845.0449,131.7332
B_arachnoides,4,1289, cls_1 ,1.5312,1.1075,1613.0119,131.7332
B_arachnoides,4,1296, cls_1 ,2.2458,1.0799,13705.1254,142.8847
B_arachnoides,4,1321, cls_1 ,1.4291,1.0805,68524.2092,63.9
B_arachnoides,4,1338, cls_1 ,1.0208,1.0509,68524.0436,63.9
B_arachnoides,4,1339, cls_1 ,0.6125,1.0819,54819.591,71.4424
B_arachnoides,4,1350, cls_1 ,0.5104,1.0261,30455.746,95.85
B_arachnoides,4,1355, cls_1 ,0.1021,1,68524.0184,63.9
B_arachnoides,4,1384, cls_1 ,1.6333,1.1154,68523.9882,63.9
B_arachnoides,4,1390, cls_1 ,6.5331,1.1073,34263.1323,90.3682
B_arachnoides,4,1392, cls_1 ,6.0227,1.1496,3756.0891,95.85
B_arachnoides,4,1395, cls_1 ,0.1021,1,3763.2516,95.85
B_arachnoides,4,1404, cls_1 ,0.6125,1.1125,30456.2005,71.4424
B_arachnoides,4,1406, cls_1 ,0.1021,1,21087.5418,63.9
B_arachnoides,4,1407, cls_1 ,0.6125,1.0819,10543.5398,63.9
B_arachnoides,4,1408, cls_1 ,0.7146,1.0283,68526.2496,63.9
B_arachnoides,4,1410, cls_1 ,1.327,1.0689,54819.2765,71.4424
B_arachnoides,4,1416, cls_1 ,0.7146,1.0932,681.2626,142.8847
B_arachnoides,4,1423, cls_1 ,2.552,1.1265,946.4461,142.8847
B_arachnoides,4,1424, cls_1 ,0.1021,1,449.1414,191.7
B_arachnoides,4,1427, cls_1 ,1.9395,1.0647,27409.7616,101.0348
B_arachnoides,4,1429, cls_1 ,0.7146,1.0932,16123.8619,131.7332
B_arachnoides,4,1439, cls_1 ,1.1229,1.1443,4217.9199,194.3443
B_arachnoides,4,1441, cls_1 ,0.6125,1.0465,13705.4158,142.8847
B_arachnoides,4,1452, cls_1 ,0.9187,1.0889,8567.0929,71.4424
B_arachnoides,4,1454, cls_1 ,0.2042,1.0155,54819.9889,71.4424
B_arachnoides,4,1458, cls_1 ,0.4083,1.0537,17133.578,71.4424
B_arachnoides,4,1462, cls_1 ,0.3062,1.0914,10965.6884,71.4424
B_arachnoides,4,1472, cls_1 ,1.6333,1.046,68524.3183,63.9
B_arachnoides,4,1473, cls_1 ,0.1021,1,21085.5671,71.4424
B_arachnoides,4,1485, cls_1 ,0.5104,1.0688,30455.1963,95.85
B_arachnoides,4,1488, cls_1 ,0.1021,1,68524.7569,63.9
B_arachnoides,4,1496, cls_1 ,0.8166,1.0473,17131.5405,127.8
B_arachnoides,4,1501, cls_1 ,0.6125,1.0819,6092.27,90.3682
B_arachnoides,4,1507, cls_1 ,0.4083,1.0537,6686.9571,90.3682
B_arachnoides,4,1520, cls_1 ,2.0416,1.0903,1853.0611,271.1047
B_arachnoides,4,1528, cls_1 ,0.1021,1,2001.9997,373.9652
B_arachnoides,4,1559, cls_1 ,1.1229,1.0654,501.8895,186.2989
B_arachnoides,4,1567, cls_1 ,2.4499,1.1311,387.8787,180.7365
B_arachnoides,4,1568, cls_1 ,0.7146,1.0283,3444.6474,95.85
B_arachnoides,4,1571, cls_1 ,0.4083,1.0975,358.5627,135.5524
B_arachnoides,4,1576, cls_1 ,55.4296,1.1257,6874.9803,63.9
B_arachnoides,4,1577, cls_1 ,0.6125,1.0465,3521.3666,63.9
B_arachnoides,4,1580, cls_1 ,0.1021,1,234.3823,135.5524
B_arachnoides,4,1583, cls_1 ,7.4519,1.2326,315.0387,95.85
B_arachnoides,4,1589, cls_1 ,0.1021,1,15240.3224,135.5524
B_arachnoides,4,1596, cls_1 ,4.2874,1.1808,68524.2981,63.9
B_arachnoides,4,1602, cls_1 ,0.5104,1.0261,179.6964,71.4424
B_arachnoides,4,1603, cls_1 ,9.4935,1.104,197.2606,71.4424
B_arachnoides,4,1609, cls_1 ,1.8374,1.1415,320.019,90.3682
B_arachnoides,4,1618, cls_1 ,0.4083,1.0975,16124.3457,131.7332
B_arachnoides,4,1622, cls_1 ,0.4083,1.0537,68524.7316,63.9
B_arachnoides,4,1625, cls_1 ,0.1021,1,68524.0529,63.9
B_arachnoides,4,1626, cls_1 ,108.9196,1.1659,487.3767,63.9
B_arachnoides,4,1648, cls_1 ,1.0208,1.0993,256.5888,101.0348
B_arachnoides,4,1650, cls_1 ,0.2042,1.0155,5175.3051,71.4424
B_arachnoides,4,1652, cls_1 ,0.8166,1.0473,13705.405,142.8847
B_arachnoides,4,1655, cls_1 ,1.6333,1.1783,672.5477,63.9
B_arachnoides,4,1657, cls_1 ,11.0247,1.0796,34262.2592,90.3682
B_arachnoides,4,1658, cls_1 ,0.6125,1.0465,7411.914,71.4424
B_arachnoides,4,1659, cls_1 ,0.7146,1.1197,243.546,95.85
B_arachnoides,4,1670, cls_1 ,2.8582,1.1426,2326.8932,90.3682
B_arachnoides,4,1675, cls_1 ,4.4915,1.1523,34296.7837,71.4424
B_arachnoides,4,1676, cls_1 ,2.8582,1.1596,68527.3866,63.9
B_arachnoides,4,1682, cls_1 ,0.1021,1,68529.0256,63.9
B_arachnoides,4,1684, cls_1 ,0.2042,1.0155,30461.1121,90.3682
B_arachnoides,4,1688, cls_1 ,17.5578,1.093,54829.789,71.4424
B_arachnoides,4,1705, cls_1 ,0.4083,1.0537,565.5846,426.2662
B_arachnoides,4,1707, cls_1 ,0.2042,1.0909,21085.8999,63.9
B_arachnoides,4,1711, cls_1 ,0.7146,1.0283,246.1921,159.75
B_arachnoides,4,1712, cls_1 ,0.4083,1.0537,10965.1068,63.9
B_arachnoides,4,1715, cls_1 ,1.0208,1.0509,30474.8821,95.85
B_arachnoides,4,1720, cls_1 ,0.6125,1.0819,184.4376,159.75
B_arachnoides,4,1721, cls_1 ,0.3062,1.0358,6091.9714,142.8847
B_arachnoides,4,1731, cls_1 ,1.1229,1.1443,446.0432,361.473
B_arachnoides,4,1732, cls_1 ,0.6125,1.0819,68525.6157,63.9
B_arachnoides,4,1733, cls_1 ,1.225,1.0556,210.6295,71.4424
B_arachnoides,4,1736, cls_1 ,0.5104,1.0261,68524.2062,63.9
B_arachnoides,4,1738, cls_1 ,1.225,1.078,156.8278,71.4424
B_arachnoides,4,1742, cls_1 ,0.7146,1.0631,10543.8322,115.1974
B_arachnoides,4,1748, cls_1 ,1.327,1.1073,4494.7011,115.1974
B_arachnoides,4,1757, cls_1 ,1.0208,1.1722,450.7715,232.5995
B_arachnoides,4,1762, cls_1 ,0.1021,1,5272.4251,159.75
B_arachnoides,4,1765, cls_1 ,0.1021,1,68529.254,63.9
B_arachnoides,4,1766, cls_1 ,9.2893,1.0849,68524.3921,63.9
B_arachnoides,4,1776, cls_1 ,0.4083,1.0975,271.4204,63.9
B_arachnoides,4,1779, cls_1 ,0.4083,1.0537,270.0142,63.9
B_arachnoides,4,1787, cls_1 ,0.1021,1,278.6038,71.4424
B_arachnoides,4,1789, cls_1 ,0.5104,1.105,13705.9731,115.1974
B_arachnoides,4,1794, cls_1 ,0.5104,1.1362,4494.9577,115.1974
B_arachnoides,4,1798, cls_1 ,21.4369,1.181,369.4466,319.5
B_arachnoides,4,1799, cls_1 ,14.2912,1.1676,34265.0877,90.3682
B_arachnoides,4,1802, cls_1 ,0.9187,1.112,30456.6525,71.4424
B_arachnoides,4,1803, cls_1 ,0.6125,1.0465,54820.0194,71.4424
B_arachnoides,4,1805, cls_1 ,0.5104,1.0261,13707.1926,71.4424
B_arachnoides,4,1806, cls_1 ,3.879,1.1261,7615.7,191.7
B_arachnoides,4,1808, cls_1 ,0.6125,1.0465,17131.3209,127.8
B_arachnoides,4,1812, cls_1 ,0.7146,1.0932,8566.4751,95.85
B_arachnoides,4,1815, cls_1 ,6.6352,1.0716,17135.7891,127.8
B_arachnoides,4,1816, cls_1 ,0.3062,1.0358,3344.4822,63.9
B_arachnoides,4,1817, cls_1 ,0.5104,1.1362,617.7629,162.9137
B_arachnoides,4,1819, cls_1 ,0.2042,1.0909,2248.4404,63.9
B_arachnoides,4,1820, cls_1 ,0.6125,1.0047,15228.9365,115.1974
B_arachnoides,4,1822, cls_1 ,2.8582,1.1513,34265.3277,63.9
B_arachnoides,4,1823, cls_1 ,0.6125,1.0465,30456.5688,95.85
B_arachnoides,4,1824, cls_1 ,0.5104,1.0261,68525.1628,63.9
B_arachnoides,4,1825, cls_1 ,0.1021,1,1524.432,101.0348
B_arachnoides,4,1828, cls_1 ,0.8166,1.0473,3225.9653,101.0348
B_arachnoides,4,1829, cls_1 ,0.7146,1.0932,13709.021,63.9
B_arachnoides,4,1832, cls_1 ,0.7146,1.0932,3713.4545,63.9
B_arachnoides,4,1834, cls_1 ,0.7146,1.1197,493.7622,95.85
B_arachnoides,4,1837, cls_1 ,1.0208,1.1199,7410.4563,159.75
B_arachnoides,4,1838, cls_1 ,0.5104,1.0688,34268.061,90.3682
B_arachnoides,4,1840, cls_1 ,2.552,1.1642,27414.3689,101.0348
B_arachnoides,4,1843, cls_1 ,67.7813,1.1742,30467.9391,71.4424
B_arachnoides,4,1847, cls_1 ,1.9395,1.1099,325.4177,63.9
B_arachnoides,4,1848, cls_1 ,0.1021,1,237.3377,63.9
B_arachnoides,4,1849, cls_1 ,0.9187,1.1328,694.1415,142.8847
B_arachnoides,4,1850, cls_1 ,0.7146,1.0932,2828.8249,90.3682
B_arachnoides,4,1852, cls_1 ,0.6125,1.0465,27418.0964,101.0348
B_arachnoides,4,1854, cls_1 ,0.8166,1.1265,4729.4314,90.3682
B_arachnoides,4,1856, cls_1 ,6.329,1.1338,3839.9775,90.3682
B_arachnoides,4,1857, cls_1 ,0.3062,1.0358,34271.2525,90.3682
B_arachnoides,4,1858, cls_1 ,0.7146,1.0283,1180.0712,142.8847
B_arachnoides,4,1859, cls_1 ,0.7146,1.1649,372.2683,95.85
B_arachnoides,4,1861, cls_1 ,0.1021,1,30463.1951,63.9
B_arachnoides,4,1862, cls_1 ,1.9395,1.1099,3455.2241,71.4424
B_arachnoides,4,1864, cls_1 ,1.0208,1.022,10976.1581,63.9
B_arachnoides,4,1865, cls_1 ,2.2458,1.1409,7415.5827,71.4424
B_arachnoides,4,1868, cls_1 ,13.5767,1.1168,34267.7607,71.4424
B_arachnoides,4,1871, cls_1 ,0.6125,1.0465,1075.0992,159.75
B_arachnoides,4,1872, cls_1 ,0.8166,1.0769,612.2185,71.4424
B_arachnoides,4,1873, cls_1 ,2.1437,1.1565,944.9381,71.4424
B_arachnoides,4,1874, cls_1 ,0.1021,1,403.5561,71.4424
B_arachnoides,4,1875, cls_1 ,0.5104,1.1362,530.3849,115.1974
B_arachnoides,4,1876, cls_1 ,0.4083,1.0975,630.5655,71.4424
B_arachnoides,4,1879, cls_1 ,2.3478,1.0445,1039.1378,191.7
B_arachnoides,4,2, cls_6 ,3.4707,1.1125,1.8124,71.4424
B_arachnoides,4,10, cls_6 ,0.1021,1,1.2629,71.4424
B_arachnoides,4,13, cls_6 ,0.1021,1,2.2977,63.9
B_arachnoides,4,14, cls_6 ,0.1021,1,7.5935,71.4424
B_arachnoides,4,15, cls_6 ,0.5104,1.105,1.4372,63.9
B_arachnoides,4,24, cls_6 ,2.0416,1.1409,4.4198,162.9137
B_arachnoides,4,31, cls_6 ,0.6125,1.0465,0.7043,384.7289
B_arachnoides,4,34, cls_6 ,1.8374,1.0529,15.7595,71.4424
B_arachnoides,4,35, cls_6 ,0.5104,1.0261,4.6287,289.3196
B_arachnoides,4,36, cls_6 ,7.5539,1.1502,7.4269,71.4424
B_arachnoides,4,40, cls_6 ,0.8166,1.0473,1.0981,272.9809
B_arachnoides,4,42, cls_6 ,34.401,1.1736,5.6652,71.4424
B_arachnoides,4,50, cls_6 ,0.4083,1.0537,1.3461,272.9809
B_arachnoides,4,62, cls_6 ,8.4727,1.1296,1.7611,316.2889
B_arachnoides,4,63, cls_6 ,4.5936,1.0744,1.0071,364.286
B_arachnoides,4,66, cls_6 ,1.1229,1.088,68.7886,71.4424
B_arachnoides,4,74, cls_6 ,5.7165,1.1008,5.3125,101.0348
B_arachnoides,4,76, cls_6 ,3.879,1.0608,6.6612,101.0348
B_arachnoides,4,77, cls_6 ,1.225,1.1337,2.326,135.5524
B_arachnoides,4,80, cls_6 ,1.9395,1.0647,27.829,115.1974
B_arachnoides,4,88, cls_6 ,0.9187,1.063,4.1026,135.5524
B_arachnoides,4,90, cls_6 ,1.6333,1.046,2.3117,131.7332
B_arachnoides,4,91, cls_6 ,10.6163,1.0548,3.757,223.65
B_arachnoides,4,95, cls_6 ,0.2042,1.0155,2.4706,214.3271
B_arachnoides,4,96, cls_6 ,7.9623,1.1108,3.7877,115.1974
B_arachnoides,4,100, cls_6 ,1.6333,1.1154,2.2306,131.7332
B_arachnoides,4,109, cls_6 ,0.5104,1.0261,2.0939,255.6
B_arachnoides,4,112, cls_6 ,0.9187,1.1519,5.1325,90.3682
B_arachnoides,4,113, cls_6 ,0.4083,1.0537,2.8448,142.8847
B_arachnoides,4,114, cls_6 ,15.8224,1.1551,11.84,90.3682
B_arachnoides,4,122, cls_6 ,2.8582,1.0545,2.7916,90.3682
B_arachnoides,4,124, cls_6 ,1.5312,1.053,1.3611,372.5978
B_arachnoides,4,125, cls_6 ,6.9415,1.0884,15.1793,115.1974
B_arachnoides,4,129, cls_6 ,0.7146,1.0283,2.0334,257.5891
B_arachnoides,4,130, cls_6 ,2.4499,1.0706,8.9689,115.1974
B_arachnoides,4,142, cls_6 ,7.5539,1.093,25.3706,90.3682
B_arachnoides,4,151, cls_6 ,15.21,1.1025,8.0894,63.9
B_arachnoides,4,153, cls_6 ,0.6125,1.0819,4.5773,71.4424
B_arachnoides,4,161, cls_6 ,1.1229,1.0402,1.8348,243.324
B_arachnoides,4,166, cls_6 ,1.327,1.0689,2.9463,71.4424
B_arachnoides,4,169, cls_6 ,1.0208,1.1199,3.3764,186.2989
B_arachnoides,4,173, cls_6 ,0.2042,1.0909,5.9345,186.2989
B_arachnoides,4,174, cls_6 ,3.777,1.0743,12.6269,90.3682
B_arachnoides,4,176, cls_6 ,0.3062,1.1369,21.9857,71.4424
B_arachnoides,4,179, cls_6 ,10.5143,1.2013,13.5211,71.4424
B_arachnoides,4,186, cls_6 ,0.6125,1.0819,38.2556,63.9
B_arachnoides,4,187, cls_6 ,2.3478,1.1137,12.1603,115.1974
B_arachnoides,4,189, cls_6 ,0.8166,1.0769,3.2046,127.8
B_arachnoides,4,193, cls_6 ,0.2042,1.0909,5.9592,101.0348
B_arachnoides,4,198, cls_6 ,0.8166,1.1031,2.8964,243.324
B_arachnoides,4,199, cls_6 ,1.327,1.0467,7.3714,90.3682
B_arachnoides,4,203, cls_6 ,6.9415,1.206,2.0004,159.75
B_arachnoides,4,211, cls_6 ,12.9642,1.0796,2.8996,71.4424
B_arachnoides,4,217, cls_6 ,0.1021,1,14.4236,90.3682
B_arachnoides,4,220, cls_6 ,14.2912,1.1451,37.138,63.9
B_arachnoides,4,223, cls_6 ,13.2704,1.1331,41.5002,63.9
B_arachnoides,4,227, cls_6 ,0.3062,1.0914,3.2582,180.7365
B_arachnoides,4,230, cls_6 ,1.4291,1.0606,34.2265,63.9
B_arachnoides,4,233, cls_6 ,0.8166,1.0473,26.4169,71.4424
B_arachnoides,4,235, cls_6 ,0.9187,1.0338,13.5655,71.4424
B_arachnoides,4,239, cls_6 ,1.0208,1.022,7.8342,127.8
B_arachnoides,4,242, cls_6 ,0.4083,1.0537,9.8541,90.3682
B_arachnoides,4,247, cls_6 ,0.5104,1.0688,6.3488,90.3682
B_arachnoides,4,253, cls_6 ,5.104,1.1193,24.5065,71.4424
B_arachnoides,4,254, cls_6 ,2.0416,1.0592,4.8658,71.4424
B_arachnoides,4,257, cls_6 ,0.1021,1,3.0924,191.7
B_arachnoides,4,263, cls_6 ,2.0416,1.0903,1.3622,294.5644
B_arachnoides,4,266, cls_6 ,6.0227,1.1276,1.9412,191.7
B_arachnoides,4,268, cls_6 ,0.7146,1.1197,4.1215,159.75
B_arachnoides,4,271, cls_6 ,5.104,1.0729,2.6609,71.4424
B_arachnoides,4,274, cls_6 ,0.1021,1,18.4786,63.9
B_arachnoides,4,279, cls_6 ,2.6541,1.1222,7.4001,63.9
B_arachnoides,4,280, cls_6 ,9.1872,1.1215,5.334,191.7
B_arachnoides,4,284, cls_6 ,16.6391,1.1365,1.9794,263.4664
B_arachnoides,4,287, cls_6 ,0.1021,1,2.6651,243.324
B_arachnoides,4,288, cls_6 ,1.327,1.089,6.6018,63.9
B_arachnoides,4,289, cls_6 ,1.1229,1.0654,4.6118,63.9
B_arachnoides,4,292, cls_6 ,3.3686,1.1246,2.266,135.5524
B_arachnoides,4,298, cls_6 ,0.2042,1.0909,1.3124,314.671
B_arachnoides,4,299, cls_6 ,0.5104,1.0261,8.6658,71.4424
B_arachnoides,4,301, cls_6 ,0.1021,1,12.1272,71.4424
B_arachnoides,4,302, cls_6 ,0.3062,1.0358,9.8044,71.4424
B_arachnoides,4,303, cls_6 ,2.6541,1.1003,3.9383,101.0348
B_arachnoides,4,304, cls_6 ,0.5104,1.0261,7.2075,71.4424
B_arachnoides,4,306, cls_6 ,1.5312,1.0728,4.7363,142.8847
B_arachnoides,4,311, cls_6 ,0.2042,1.0155,7.0326,115.1974
B_arachnoides,4,313, cls_6 ,0.2042,1.0909,1.6505,186.2989
B_arachnoides,4,314, cls_6 ,0.2042,1.0155,1.7128,186.2989
B_arachnoides,4,318, cls_6 ,1.225,1.078,11.2141,90.3682
B_arachnoides,4,321, cls_6 ,0.6125,1.0465,1.7704,159.75
B_arachnoides,4,325, cls_6 ,6.8394,1.1817,4.4613,90.3682
B_arachnoides,4,336, cls_6 ,3.0624,1.0475,4.0927,101.0348
B_arachnoides,4,337, cls_6 ,0.8166,1.0473,4.7116,159.75
B_arachnoides,4,340, cls_6 ,0.1021,1,1.5228,186.2989
B_arachnoides,4,341, cls_6 ,0.1021,1,1.6629,159.75
B_arachnoides,4,348, cls_6 ,0.1021,1,1.289,194.3443
B_arachnoides,4,350, cls_6 ,1.225,1.1337,6.3072,101.0348
B_arachnoides,4,351, cls_6 ,0.9187,1.112,2.8496,71.4424
B_arachnoides,4,366, cls_6 ,0.3062,1.0358,3.2693,71.4424
B_arachnoides,4,367, cls_6 ,1.9395,1.0647,1.3079,345.5921
B_arachnoides,4,368, cls_6 ,0.4083,1.0975,1.467,194.3443
B_arachnoides,4,369, cls_6 ,0.8166,1.0473,0.81,565.2532
B_arachnoides,4,374, cls_6 ,0.8166,1.0473,3.2698,271.1047
B_arachnoides,4,378, cls_6 ,1.7354,1.059,2.6772,172.056
B_arachnoides,4,379, cls_6 ,0.4083,1.0537,3.5016,71.4424
B_arachnoides,4,387, cls_6 ,0.4083,1.0975,4.2296,127.8
B_arachnoides,4,394, cls_6 ,1.1229,1.0402,3.1882,127.8
B_arachnoides,4,398, cls_6 ,0.1021,1,4.635,142.8847
B_arachnoides,4,400, cls_6 ,5.0019,1.1281,3.7741,142.8847
B_arachnoides,4,410, cls_6 ,0.6125,1.0819,0.3964,565.2532
B_arachnoides,4,411, cls_6 ,3.4707,1.0934,0.6107,798.75
B_arachnoides,4,414, cls_6 ,0.5104,1.0688,0.1534,1693.6514
B_arachnoides,4,420, cls_6 ,2.1437,1.054,4.5848,255.6
B_arachnoides,4,425, cls_6 ,2.552,1.0517,2.2799,243.324
B_arachnoides,4,426, cls_6 ,5.6144,1.1162,2.5822,172.056
B_arachnoides,4,429, cls_6 ,3.9811,1.1153,9.1067,95.85
B_arachnoides,4,446, cls_6 ,0.2042,1.0155,4.2018,172.056
B_arachnoides,4,452, cls_6 ,14.4954,1.1526,7.0514,115.1974
B_arachnoides,4,453, cls_6 ,5.104,1.1325,14.2618,95.85
B_arachnoides,4,456, cls_6 ,2.7562,1.1075,5.5398,127.8
B_arachnoides,4,457, cls_6 ,0.3062,1.0914,3.3726,115.1974
B_arachnoides,4,462, cls_6 ,0.8166,1.1477,3.931,115.1974
B_arachnoides,4,469, cls_6 ,1.8374,1.0706,7.2729,71.4424
B_arachnoides,4,473, cls_6 ,1.1229,1.1085,29.8247,71.4424
B_arachnoides,4,479, cls_6 ,1.8374,1.0706,5.97,71.4424
B_arachnoides,4,484, cls_6 ,6.6352,1.1344,3.5936,127.8
B_arachnoides,4,489, cls_6 ,1.4291,1.0606,0.8171,328.9454
B_arachnoides,4,496, cls_6 ,0.1021,1,6.8501,71.4424
B_arachnoides,4,499, cls_6 ,0.9187,1.0889,2.4687,95.85
B_arachnoides,4,501, cls_6 ,12.3517,1.102,7.407,71.4424
B_arachnoides,4,505, cls_6 ,0.4083,1.1346,3.4393,71.4424
B_arachnoides,4,516, cls_6 ,0.1021,1,1.7462,243.324
B_arachnoides,4,522, cls_6 ,0.3062,1.0914,5.9621,127.8
B_arachnoides,4,530, cls_6 ,0.8166,1.0473,1.7247,314.671
B_arachnoides,4,531, cls_6 ,0.7146,1.0283,15.5476,115.1974
B_arachnoides,4,533, cls_6 ,2.8582,1.068,8.8074,127.8
B_arachnoides,4,537, cls_6 ,0.1021,1,3.2047,95.85
B_arachnoides,4,542, cls_6 ,2.2458,1.1066,0.7855,328.9454
B_arachnoides,4,544, cls_6 ,4.6957,1.0899,6.7693,186.2989
B_arachnoides,4,549, cls_6 ,0.7146,1.0631,24.0469,95.85
B_arachnoides,4,556, cls_6 ,0.5104,1.105,2.7216,131.7332
B_arachnoides,4,565, cls_6 ,2.3478,1.1137,3.0644,204.5798
B_arachnoides,4,566, cls_6 ,17.6599,1.1128,27.4336,90.3682
B_arachnoides,4,579, cls_6 ,2.9603,1.1103,6.0146,63.9
B_arachnoides,4,585, cls_6 ,17.4557,1.0704,23.7611,90.3682
B_arachnoides,4,587, cls_6 ,0.6125,1.0465,2.8487,63.9
B_arachnoides,4,592, cls_6 ,2.1437,1.0366,1.9289,204.5798
B_arachnoides,4,601, cls_6 ,1.0208,1.0509,1.9536,63.9
B_arachnoides,4,604, cls_6 ,4.2874,1.0616,2.5072,186.2989
B_arachnoides,4,608, cls_6 ,1.225,1.078,9.4983,63.9
B_arachnoides,4,627, cls_6 ,0.6125,1.0465,0.4345,321.0935
B_arachnoides,4,629, cls_6 ,0.2042,1.0155,1.0183,249.5375
B_arachnoides,4,633, cls_6 ,0.9187,1.0889,3.3303,249.5375
B_arachnoides,4,638, cls_6 ,0.5104,1.0261,0.6259,191.7
B_arachnoides,4,657, cls_6 ,0.1021,1,1.1483,249.5375
B_arachnoides,4,660, cls_6 ,0.3062,1.0358,2.9952,249.5375
B_arachnoides,4,661, cls_6 ,1.8374,1.102,21.2028,101.0348
B_arachnoides,4,662, cls_6 ,6.6352,1.0716,2.5322,159.75
B_arachnoides,4,670, cls_6 ,2.7562,1.1376,1.338,131.7332
B_arachnoides,4,675, cls_6 ,7.5539,1.1672,2.4045,71.4424
B_arachnoides,4,689, cls_6 ,1.327,1.0689,4.0025,101.0348
B_arachnoides,4,690, cls_6 ,0.9187,1.1519,6.2598,101.0348
B_arachnoides,4,701, cls_6 ,0.3062,1.0358,4.0326,159.75
B_arachnoides,4,710, cls_6 ,0.8166,1.0473,2.8488,131.7332
B_arachnoides,4,711, cls_6 ,0.5104,1.0261,1.9488,131.7332
B_arachnoides,4,712, cls_6 ,0.3062,1.0358,16.0185,71.4424
B_arachnoides,4,729, cls_6 ,0.1021,1,5.9449,63.9
B_arachnoides,4,735, cls_6 ,0.2042,1.0155,5.7894,95.85
B_arachnoides,4,737, cls_6 ,1.9395,1.0647,1.6571,63.9
B_arachnoides,4,738, cls_6 ,10.5143,1.1724,3.211,63.9
B_arachnoides,4,742, cls_6 ,3.5728,1.0691,1.6313,95.85
B_arachnoides,4,756, cls_6 ,1.5312,1.0728,1.7025,115.1974
B_arachnoides,4,757, cls_6 ,0.3062,1.0358,26.8312,63.9
B_arachnoides,4,759, cls_6 ,0.7146,1.0283,0.8935,289.3196
B_arachnoides,4,766, cls_6 ,0.3062,1.0358,3.3238,115.1974
B_arachnoides,4,767, cls_6 ,0.5104,1.0688,11.314,101.0348
B_arachnoides,4,780, cls_6 ,0.1021,1,1.9078,71.4424
B_arachnoides,4,784, cls_6 ,0.2042,1.0155,1.9693,127.8
B_arachnoides,4,785, cls_6 ,0.1021,1,2.0419,71.4424
B_arachnoides,4,786, cls_6 ,1.6333,1.1154,1.7561,115.1974
B_arachnoides,4,805, cls_6 ,0.1021,1,2.6005,115.1974
B_arachnoides,4,806, cls_6 ,3.4707,1.0605,1.1369,321.0935
B_arachnoides,4,807, cls_6 ,1.225,1.0982,6.0378,63.9
B_arachnoides,4,816, cls_6 ,5.6144,1.1027,32.2748,63.9
B_arachnoides,4,820, cls_6 ,0.5104,1.0261,1.8379,249.5375
B_arachnoides,4,824, cls_6 ,2.1437,1.1117,0.7751,372.5978
B_arachnoides,4,825, cls_6 ,11.5351,1.178,15.8296,63.9
B_arachnoides,4,830, cls_6 ,0.7146,1.1434,8.7174,63.9
B_arachnoides,4,832, cls_6 ,4.3895,1.1548,9.6964,71.4424
B_arachnoides,4,833, cls_6 ,0.7146,1.0631,9.5264,90.3682
B_arachnoides,4,841, cls_6 ,3.6749,1.0972,1.4809,162.9137
B_arachnoides,4,844, cls_6 ,0.8166,1.0473,1.6081,287.55
B_arachnoides,4,849, cls_6 ,1.7354,1.0769,1.372,115.1974
B_arachnoides,4,850, cls_6 ,0.1021,1,1.4151,115.1974
B_arachnoides,4,855, cls_6 ,0.1021,1,2.5117,71.4424
B_arachnoides,4,858, cls_6 ,1.5312,1.053,0.1619,232.5995
B_arachnoides,4,863, cls_6 ,0.1021,1,1.8783,71.4424
B_arachnoides,4,873, cls_6 ,0.9187,1.063,16.6068,63.9
B_arachnoides,4,876, cls_6 ,4.3895,1.1485,13.4943,63.9
B_arachnoides,4,877, cls_6 ,0.6125,1.0465,0.3376,232.5995
B_arachnoides,4,879, cls_6 ,0.2042,1.0909,23.4739,71.4424
B_arachnoides,4,885, cls_6 ,0.1021,1,2.9197,159.75
B_arachnoides,4,896, cls_6 ,0.6125,1.0465,4.7006,71.4424
B_arachnoides,4,897, cls_6 ,4.0832,1.0863,0.8991,159.75
B_arachnoides,4,908, cls_6 ,1.8374,1.0869,2.5354,71.4424
B_arachnoides,4,909, cls_6 ,0.3062,1.0358,2.2003,159.75
B_arachnoides,4,923, cls_6 ,0.6125,1.0465,2.8948,115.1974
B_arachnoides,4,928, cls_6 ,1.6333,1.1001,11.9704,63.9
B_arachnoides,4,938, cls_6 ,1.5312,1.053,2.0855,115.1974
B_arachnoides,4,940, cls_6 ,0.3062,1.1369,0.6197,225.9206
B_arachnoides,4,943, cls_6 ,0.1021,1,0.7175,225.9206
B_arachnoides,4,953, cls_6 ,0.7146,1.0932,4.8335,162.9137
B_arachnoides,4,961, cls_6 ,1.4291,1.0386,1.8638,95.85
B_arachnoides,4,963, cls_6 ,0.6125,1.0819,0.0726,769.4579
B_arachnoides,4,966, cls_6 ,0.8166,1.0131,2.5794,95.85
B_arachnoides,4,968, cls_6 ,1.225,1.1167,1.1198,101.0348
B_arachnoides,4,975, cls_6 ,0.7146,1.0283,1.2269,263.4664
B_arachnoides,4,983, cls_6 ,0.1021,1,2.0183,101.0348
B_arachnoides,4,986, cls_6 ,0.1021,1,1.1204,223.65
B_arachnoides,4,994, cls_6 ,0.6125,1.0465,0.6194,294.5644
B_arachnoides,4,1001, cls_6 ,0.1021,1,0.8344,257.5891
B_arachnoides,4,1016, cls_6 ,0.5104,1.0688,0.7937,214.3271
B_arachnoides,4,1033, cls_6 ,0.3062,1.0358,0.7795,214.3271
B_arachnoides,4,1047, cls_6 ,0.3062,1.0358,0.604,373.9652
B_arachnoides,4,1069, cls_6 ,0.7146,1.0283,0.57,172.056
B_arachnoides,4,1071, cls_6 ,0.9187,1.063,0.6111,127.8
B_arachnoides,4,1075, cls_6 ,0.7146,1.0932,0.7218,95.85
B_arachnoides,4,1082, cls_6 ,0.1021,1,1.2437,127.8
B_arachnoides,4,1088, cls_6 ,0.1021,1,1.3277,95.85
B_arachnoides,4,1100, cls_6 ,0.4083,1.0537,0.5718,249.5375
B_arachnoides,4,1111, cls_6 ,1.327,1.0467,1.732,131.7332
B_arachnoides,4,1119, cls_6 ,0.4083,1.0975,0.6701,225.9206
B_arachnoides,4,1126, cls_6 ,0.6125,1.0465,0.6356,303.1043
B_arachnoides,4,1137, cls_6 ,0.1021,1,0.4088,505.1739
B_arachnoides,4,1148, cls_6 ,2.4499,1.1311,1.0925,131.7332
B_arachnoides,4,1149, cls_6 ,0.8166,1.0769,0.595,194.3443
B_arachnoides,4,1159, cls_6 ,0.7146,1.0631,0.5377,194.3443
B_arachnoides,4,1272, cls_6 ,2.7562,1.0963,0.1533,2159.8767
B_arachnoides,4,1293, cls_6 ,1.7354,1.1084,0.0477,1287.9457
B_arachnoides,4,1386, cls_6 ,1.4291,1.0987,0.0537,1246.05
B_arachnoides,4,1430, cls_6 ,0.6125,1.0819,0.6657,172.056
B_arachnoides,4,1432, cls_6 ,1.1229,1.0654,4.0686,95.85
B_arachnoides,4,1434, cls_6 ,1.0208,1.0509,0.0529,1246.05
B_arachnoides,4,1435, cls_6 ,1.0208,1.0509,0.611,172.056
B_arachnoides,4,1440, cls_6 ,3.4707,1.0934,2.9685,63.9
B_arachnoides,4,1443, cls_6 ,2.1437,1.0701,0.4658,249.5375
B_arachnoides,4,1449, cls_6 ,0.5104,1.0688,9.2141,63.9
B_arachnoides,4,1455, cls_6 ,0.8166,1.0769,0.7916,249.5375
B_arachnoides,4,1465, cls_6 ,1.6333,1.0657,1.0661,101.0348
B_arachnoides,4,1468, cls_6 ,1.9395,1.0809,1.0492,142.8847
B_arachnoides,4,1469, cls_6 ,0.1021,1,2.6344,101.0348
B_arachnoides,4,1481, cls_6 ,0.9187,1.063,0.5792,301.4157
B_arachnoides,4,1484, cls_6 ,0.3062,1.0358,2.0329,71.4424
B_arachnoides,4,1489, cls_6 ,0.2042,1.0909,0.2237,524.019
B_arachnoides,4,1491, cls_6 ,0.1021,1,2.0046,71.4424
B_arachnoides,4,1495, cls_6 ,1.327,1.089,1.9109,230.3947
B_arachnoides,4,1504, cls_6 ,0.3062,1.0358,1.6459,263.4664
B_arachnoides,4,1508, cls_6 ,0.1021,1,1.4049,101.0348
B_arachnoides,4,1512, cls_6 ,0.1021,1,0.3445,127.8
B_arachnoides,4,1513, cls_6 ,0.5104,1.105,1.3101,101.0348
B_arachnoides,4,1514, cls_6 ,1.6333,1.0836,2.7996,202.0695
B_arachnoides,4,1519, cls_6 ,0.2042,1.0155,0.2884,127.8
B_arachnoides,4,1521, cls_6 ,4.3895,1.079,5.4428,71.4424
B_arachnoides,4,1523, cls_6 ,2.552,1.0663,1.0196,294.5644
B_arachnoides,4,1527, cls_6 ,0.1021,1,11.806,71.4424
B_arachnoides,4,1538, cls_6 ,2.3478,1.0752,23.8414,71.4424
B_arachnoides,4,1539, cls_6 ,0.9187,1.063,8.9149,115.1974
B_arachnoides,4,1547, cls_6 ,2.4499,1.0843,9.9346,71.4424
B_arachnoides,4,1548, cls_6 ,6.8394,1.1513,10.699,71.4424
B_arachnoides,4,1549, cls_6 ,0.5104,1.0688,3.2284,180.7365
B_arachnoides,4,1560, cls_6 ,1.5312,1.0909,2.6948,127.8
B_arachnoides,4,1566, cls_6 ,2.3478,1.0604,0.7039,115.1974
B_arachnoides,4,1569, cls_6 ,2.4499,1.0401,7.4123,101.0348
B_arachnoides,4,1574, cls_6 ,0.1021,1,2.9022,71.4424
B_arachnoides,4,1575, cls_6 ,0.4083,1.0537,3.1224,71.4424
B_arachnoides,4,1579, cls_6 ,0.3062,1.0914,2.3354,115.1974
B_arachnoides,4,1582, cls_6 ,2.552,1.0663,1.7249,159.75
B_arachnoides,4,1590, cls_6 ,1.0208,1.0509,0.6192,257.5891
B_arachnoides,4,1594, cls_6 ,1.5312,1.0728,0.4133,747.9303
B_arachnoides,4,1597, cls_6 ,5.9207,1.0496,0.9253,294.5644
B_arachnoides,4,1599, cls_6 ,1.6333,1.1154,7.8401,115.1974
B_arachnoides,4,1605, cls_6 ,5.5123,1.0371,50.4381,115.1974
B_arachnoides,4,1613, cls_6 ,6.9415,1.2025,8.0769,63.9
B_arachnoides,4,1617, cls_6 ,0.6125,1.0465,4.144,135.5524
B_arachnoides,4,1621, cls_6 ,100.2428,1.1729,32.6422,63.9
B_arachnoides,4,1628, cls_6 ,0.7146,1.1197,6.8628,71.4424
B_arachnoides,4,1630, cls_6 ,2.552,1.1046,2.3401,71.4424
B_arachnoides,4,1635, cls_6 ,1.0208,1.0509,2.197,95.85
B_arachnoides,4,1645, cls_6 ,0.4083,1.0537,2.7819,135.5524
B_arachnoides,4,1653, cls_6 ,3.2666,1.0784,6.1383,71.4424
B_arachnoides,4,1663, cls_6 ,2.8582,1.1336,17.8957,63.9
B_arachnoides,4,1667, cls_6 ,2.552,1.0663,7.6757,71.4424
B_arachnoides,4,1678, cls_6 ,0.8166,1.0473,61.5412,127.8
B_arachnoides,4,1692, cls_6 ,1.225,1.1495,6.5222,63.9
B_arachnoides,4,1699, cls_6 ,0.1021,1,4.3313,95.85
B_arachnoides,4,1708, cls_6 ,2.2458,1.0937,6.1338,63.9
B_arachnoides,4,1710, cls_6 ,1.1229,1.088,1.096,186.2989
B_arachnoides,4,1713, cls_6 ,0.7146,1.0631,3.4125,90.3682
B_arachnoides,4,1714, cls_6 ,0.3062,1.0914,10.0148,63.9
B_arachnoides,4,1717, cls_6 ,2.1437,1.0988,2.372,90.3682
B_arachnoides,4,1722, cls_6 ,0.3062,1.0358,4.0655,142.8847
B_arachnoides,4,1724, cls_6 ,1.0208,1.1199,6.8964,90.3682
B_arachnoides,4,1725, cls_6 ,0.4083,1.0537,2.3609,127.8
B_arachnoides,4,1726, cls_6 ,0.7146,1.0283,1.9381,127.8
B_arachnoides,4,1727, cls_6 ,0.4083,1.0537,1.8318,127.8
B_arachnoides,4,1730, cls_6 ,4.5936,1.1371,15.0312,71.4424
B_arachnoides,4,1741, cls_6 ,4.3895,1.128,4.2688,127.8
B_arachnoides,4,1744, cls_6 ,4.1853,1.118,2.5724,272.9809
B_arachnoides,4,1745, cls_6 ,0.1021,1,41.472,71.4424
B_arachnoides,4,1749, cls_6 ,16.1287,1.1684,11.0094,71.4424
B_arachnoides,4,1758, cls_6 ,6.4311,1.1961,198.6659,71.4424
B_arachnoides,4,1773, cls_6 ,1.6333,1.0657,14.3121,115.1974
B_arachnoides,4,1775, cls_6 ,6.7373,1.0702,248.2866,63.9
B_arachnoides,4,1781, cls_6 ,30.4199,1.216,34.8563,71.4424
B_arachnoides,4,1786, cls_6 ,0.2042,1.0155,19.3884,115.1974
B_arachnoides,4,1793, cls_6 ,1.8374,1.102,9.5264,131.7332
B_arachnoides,4,1796, cls_6 ,2.0416,1.0592,33.2226,90.3682
B_arachnoides,4,1800, cls_6 ,0.9187,1.0338,3.2137,180.7365
B_arachnoides,4,1801, cls_6 ,3.9811,1.0981,63.9164,71.4424
B_arachnoides,4,1810, cls_6 ,12.76,1.13,5.0145,63.9
B_arachnoides,4,1814, cls_6 ,0.4083,1.0537,3.3309,162.9137
B_arachnoides,4,1818, cls_6 ,0.9187,1.0338,2.0877,204.5798
B_arachnoides,4,1826, cls_6 ,7.3498,1.124,1.4483,384.7289
B_arachnoides,4,1830, cls_6 ,2.0416,1.1042,5.0475,159.75
B_arachnoides,4,1833, cls_6 ,0.7146,1.0631,1.1998,95.85
B_arachnoides,4,1836, cls_6 ,1.6333,1.0836,31.9699,63.9
B_arachnoides,4,1841, cls_6 ,0.1021,1,1.9827,95.85
B_arachnoides,4,1844, cls_6 ,0.8166,1.1031,2.6494,180.7365
B_arachnoides,4,1845, cls_6 ,7.656,1.1444,25.7382,115.1974
B_arachnoides,4,1851, cls_6 ,0.8166,1.0473,1.123,186.2989
B_arachnoides,4,1853, cls_6 ,0.6125,1.0465,39.918,90.3682
B_arachnoides,4,1855, cls_6 ,4.3895,1.0592,1.2571,131.7332
B_arachnoides,4,1860, cls_6 ,6.5331,1.125,2.0524,95.85
B_arachnoides,4,1863, cls_6 ,0.2042,1.0909,3.8919,71.4424
B_arachnoides,4,1866, cls_6 ,1.8374,1.102,8.4822,115.1974
B_arachnoides,4,1869, cls_6 ,0.2042,1.0155,2.3135,71.4424
B_arachnoides,4,1870, cls_6 ,8.7789,1.1165,60.2883,71.4424
B_arachnoides,4,1877, cls_6 ,0.2042,1.0909,2.9136,135.5524
B_arachnoides,4,1878, cls_6 ,0.8166,1.0473,7.9263,95.85
B_arachnoides,4,3, cls_3 ,2.4499,1.056,34.1674,63.9
B_arachnoides,4,4, cls_3 ,0.2042,1.0155,32.9949,63.9
B_arachnoides,4,6, cls_3 ,11.0247,1.1331,38.1215,63.9
B_arachnoides,4,8, cls_3 ,24.3972,1.1014,44.6817,172.056
B_arachnoides,4,9, cls_3 ,3.3686,1.1063,36.8036,71.4424
B_arachnoides,4,11, cls_3 ,10.4122,1.1534,134.9056,71.4424
B_arachnoides,4,12, cls_3 ,9.1872,1.1261,59.8819,63.9
B_arachnoides,4,16, cls_3 ,424.858,1.2823,397.9609,63.9
B_arachnoides,4,17, cls_3 ,0.7146,1.0283,10.3595,115.1974
B_arachnoides,4,19, cls_3 ,2.9603,1.2344,37.3883,71.4424
B_arachnoides,4,21, cls_3 ,23.1722,1.2036,868.1785,63.9
B_arachnoides,4,22, cls_3 ,0.1021,1,6.6865,202.0695
B_arachnoides,4,25, cls_3 ,12.5559,1.1883,94.2081,71.4424
B_arachnoides,4,26, cls_3 ,7.4519,1.1603,31.4086,294.5644
B_arachnoides,4,27, cls_3 ,5.104,1.034,63.0897,191.7
B_arachnoides,4,28, cls_3 ,0.6125,1.0465,90.1171,63.9
B_arachnoides,4,29, cls_3 ,144.7498,1.2267,535.8542,63.9
B_arachnoides,4,30, cls_3 ,6.9415,1.0884,9.4561,406.6571
B_arachnoides,4,39, cls_3 ,0.1021,1,369.776,63.9
B_arachnoides,4,47, cls_3 ,2.0416,1.1409,22.0608,63.9
B_arachnoides,4,48, cls_3 ,1.8374,1.0869,63.3728,159.75
B_arachnoides,4,53, cls_3 ,129.3357,1.2136,1255.2422,63.9
B_arachnoides,4,54, cls_3 ,0.3062,1.0914,16.975,63.9
B_arachnoides,4,56, cls_3 ,1.4291,1.1309,1046.5168,63.9
B_arachnoides,4,59, cls_3 ,0.6125,1.0819,22.1125,63.9
B_arachnoides,4,61, cls_3 ,0.1021,1,840.7593,63.9
B_arachnoides,4,65, cls_3 ,1.5312,1.0728,361.6642,63.9
B_arachnoides,4,67, cls_3 ,3.879,1.1008,18.7909,63.9
B_arachnoides,4,69, cls_3 ,0.1021,1,340.4986,63.9
B_arachnoides,4,70, cls_3 ,2.8582,1.068,1043.7727,63.9
B_arachnoides,4,71, cls_3 ,6.4311,1.1322,681.057,63.9
B_arachnoides,4,73, cls_3 ,9.9018,1.1357,96.0022,63.9
B_arachnoides,4,78, cls_3 ,0.5104,1.1362,390.498,63.9
B_arachnoides,4,82, cls_3 ,0.7146,1.0932,387.8355,71.4424
B_arachnoides,4,85, cls_3 ,0.1021,1,838.5796,71.4424
B_arachnoides,4,86, cls_3 ,3.9811,1.1153,17.7409,71.4424
B_arachnoides,4,87, cls_3 ,41.955,1.1347,435.4735,63.9
B_arachnoides,4,92, cls_3 ,30.7262,1.2399,719.1917,63.9
B_arachnoides,4,93, cls_3 ,1.4291,1.1715,496.2355,90.3682
B_arachnoides,4,94, cls_3 ,4.5936,1.1233,147.8315,172.056
B_arachnoides,4,97, cls_3 ,6.2269,1.0991,13.0167,71.4424
B_arachnoides,4,99, cls_3 ,0.6125,1.1125,401.9895,63.9
B_arachnoides,4,101, cls_3 ,0.1021,1,192.6115,101.0348
B_arachnoides,4,102, cls_3 ,0.4083,1.0975,29.6338,63.9
B_arachnoides,4,103, cls_3 ,336.5586,1.3411,229.7491,63.9
B_arachnoides,4,104, cls_3 ,1.0208,1.0764,1362.1674,63.9
B_arachnoides,4,105, cls_3 ,22.5597,1.1269,183.074,63.9
B_arachnoides,4,108, cls_3 ,0.4083,1,126.2434,127.8
B_arachnoides,4,110, cls_3 ,6.5331,1.2091,18.3662,63.9
B_arachnoides,4,111, cls_3 ,0.1021,1,667.2314,71.4424
B_arachnoides,4,115, cls_3 ,0.4083,1.0537,16.7677,95.85
B_arachnoides,4,117, cls_3 ,0.3062,1.0358,5.5615,172.056
B_arachnoides,4,118, cls_3 ,0.1021,1,1043.9748,63.9
B_arachnoides,4,120, cls_3 ,0.5104,1.0688,51.5715,71.4424
B_arachnoides,4,121, cls_3 ,4.2874,1.0509,840.2257,63.9
B_arachnoides,4,126, cls_3 ,0.7146,1.1649,355.8296,63.9
B_arachnoides,4,127, cls_3 ,0.1021,1,53.4441,71.4424
B_arachnoides,4,128, cls_3 ,0.5104,1.0688,100.5438,63.9
B_arachnoides,4,131, cls_3 ,1.0208,1.0764,33.9461,63.9
B_arachnoides,4,132, cls_3 ,0.9187,1.1519,22.4365,63.9
B_arachnoides,4,133, cls_3 ,0.1021,1,827.2414,63.9
B_arachnoides,4,134, cls_3 ,1.0208,1.1199,720.1201,71.4424
B_arachnoides,4,135, cls_3 ,6.2269,1.1876,323.9872,71.4424
B_arachnoides,4,139, cls_3 ,0.2042,1.0155,98.5345,63.9
B_arachnoides,4,140, cls_3 ,1.327,1.1242,140.7119,101.0348
B_arachnoides,4,141, cls_3 ,0.1021,1,55.5606,115.1974
B_arachnoides,4,143, cls_3 ,0.1021,1,154.4388,101.0348
B_arachnoides,4,144, cls_3 ,0.9187,1.063,183.7033,63.9
B_arachnoides,4,145, cls_3 ,116.7798,1.2444,152.4347,63.9
B_arachnoides,4,146, cls_3 ,136.9917,1.2502,180.6469,63.9
B_arachnoides,4,147, cls_3 ,3.3686,1.1332,42.3235,63.9
B_arachnoides,4,148, cls_3 ,0.1021,1,4.0812,63.9
B_arachnoides,4,149, cls_3 ,0.1021,1,256.3037,115.1974
B_arachnoides,4,150, cls_3 ,18.4765,1.1553,444.5314,90.3682
B_arachnoides,4,154, cls_3 ,0.6125,1.0819,95.3054,71.4424
B_arachnoides,4,155, cls_3 ,0.1021,1,4.9464,63.9
B_arachnoides,4,156, cls_3 ,0.6125,1.0819,42.5187,115.1974
B_arachnoides,4,157, cls_3 ,0.5104,1.0688,127.3548,115.1974
B_arachnoides,4,159, cls_3 ,2.7562,1.0583,828.076,63.9
B_arachnoides,4,163, cls_3 ,2.552,1.1265,4.4423,127.8
B_arachnoides,4,164, cls_3 ,0.9187,1.0338,58.905,63.9
B_arachnoides,4,165, cls_3 ,10.6163,1.165,325.3589,63.9
B_arachnoides,4,167, cls_3 ,3.5728,1.1574,300.2394,71.4424
B_arachnoides,4,168, cls_3 ,19.5994,1.176,77.9929,95.85
B_arachnoides,4,170, cls_3 ,93.3013,1.2276,140.5665,95.85
B_arachnoides,4,172, cls_3 ,0.2042,1.0909,298.7857,63.9
B_arachnoides,4,175, cls_3 ,23.9889,1.1809,171.1495,63.9
B_arachnoides,4,181, cls_3 ,24.7034,1.212,22.916,90.3682
B_arachnoides,4,183, cls_3 ,14.9037,1.1006,458.2532,63.9
B_arachnoides,4,184, cls_3 ,1.9395,1.1353,66.3874,159.75
B_arachnoides,4,190, cls_3 ,0.5104,1.1362,344.0534,63.9
B_arachnoides,4,192, cls_3 ,0.8166,1.0131,828.4659,63.9
B_arachnoides,4,195, cls_3 ,0.2042,1.0155,60.2798,127.8
B_arachnoides,4,196, cls_3 ,1.1229,1.088,8.4527,172.056
B_arachnoides,4,197, cls_3 ,0.5104,1.0688,58.6097,63.9
B_arachnoides,4,200, cls_3 ,0.4083,1.0537,33.3583,90.3682
B_arachnoides,4,202, cls_3 ,0.2042,1.0155,33.818,159.75
B_arachnoides,4,204, cls_3 ,0.1021,1,138.6062,90.3682
B_arachnoides,4,205, cls_3 ,15.6183,1.0804,20.3679,63.9
B_arachnoides,4,206, cls_3 ,0.1021,1,8.0802,71.4424
B_arachnoides,4,207, cls_3 ,0.4083,1.0975,192.9486,71.4424
B_arachnoides,4,208, cls_3 ,8.5747,1.1329,79.59,63.9
B_arachnoides,4,209, cls_3 ,0.3062,1.0358,89.5971,71.4424
B_arachnoides,4,210, cls_3 ,0.4083,1.1346,76.226,71.4424
B_arachnoides,4,212, cls_3 ,0.1021,1,98.3616,71.4424
B_arachnoides,4,213, cls_3 ,0.1021,1,97.2872,90.3682
B_arachnoides,4,215, cls_3 ,0.2042,1.0155,6.8765,71.4424
B_arachnoides,4,216, cls_3 ,0.1021,1,666.5073,71.4424
B_arachnoides,4,219, cls_3 ,0.1021,1,83.3584,71.4424
B_arachnoides,4,221, cls_3 ,1.5312,1.1075,80.3834,101.0348
B_arachnoides,4,222, cls_3 ,1.225,1.1167,36.4101,101.0348
B_arachnoides,4,224, cls_3 ,17.6599,1.1572,57.7788,63.9
B_arachnoides,4,228, cls_3 ,6.5331,1.1905,184.0544,63.9
B_arachnoides,4,231, cls_3 ,0.6125,1.0819,75.7342,63.9
B_arachnoides,4,234, cls_3 ,18.9869,1.1062,52.6003,63.9
B_arachnoides,4,236, cls_3 ,0.2042,1.0155,96.8413,71.4424
B_arachnoides,4,237, cls_3 ,5.0019,1.0749,59.1417,63.9
B_arachnoides,4,244, cls_3 ,1.225,1.1495,383.3626,95.85
B_arachnoides,4,245, cls_3 ,0.3062,1.0914,318.5675,63.9
B_arachnoides,4,246, cls_3 ,14.5975,1.1707,348.054,63.9
B_arachnoides,4,251, cls_3 ,4.2874,1.1752,85.3146,63.9
B_arachnoides,4,255, cls_3 ,34.1969,1.2373,46.1675,63.9
B_arachnoides,4,256, cls_3 ,3.1645,1.07,39.5036,101.0348
B_arachnoides,4,258, cls_3 ,1.0208,1.0509,32.1108,101.0348
B_arachnoides,4,259, cls_3 ,1.225,1.0556,32.8249,131.7332
B_arachnoides,4,261, cls_3 ,0.6125,1.0465,62.0956,63.9
B_arachnoides,4,262, cls_3 ,1.8374,1.0869,102.5995,63.9
B_arachnoides,4,264, cls_3 ,3.0624,1.0962,30.6764,142.8847
B_arachnoides,4,265, cls_3 ,0.3062,1.0358,141.7958,95.85
B_arachnoides,4,270, cls_3 ,0.6125,1.1395,6.8433,186.2989
B_arachnoides,4,272, cls_3 ,12.0455,1.1086,78.8915,63.9
B_arachnoides,4,273, cls_3 ,0.1021,1,30.4734,90.3682
B_arachnoides,4,278, cls_3 ,13.6788,1.1124,312.1703,71.4424
B_arachnoides,4,282, cls_3 ,13.7808,1.1659,91.5895,63.9
B_arachnoides,4,285, cls_3 ,1.8374,1.1292,830.8413,63.9
B_arachnoides,4,291, cls_3 ,15.7204,1.2038,390.6233,63.9
B_arachnoides,4,294, cls_3 ,3.6749,1.0972,37.1777,63.9
B_arachnoides,4,295, cls_3 ,0.7146,1.1434,14.2891,71.4424
B_arachnoides,4,296, cls_3 ,0.7146,1.0631,71.0848,71.4424
B_arachnoides,4,297, cls_3 ,1.327,1.1073,45.6067,71.4424
B_arachnoides,4,300, cls_3 ,5.6144,1.0955,10.2584,172.056
B_arachnoides,4,305, cls_3 ,46.7528,1.2354,12.9464,90.3682
B_arachnoides,4,307, cls_3 ,4.0832,1.1689,845.5051,63.9
B_arachnoides,4,308, cls_3 ,3.2666,1.1447,37.6157,101.0348
B_arachnoides,4,310, cls_3 ,0.1021,1,35.3384,71.4424
B_arachnoides,4,315, cls_3 ,0.4083,1.0975,87.605,63.9
B_arachnoides,4,316, cls_3 ,0.1021,1,87.6441,63.9
B_arachnoides,4,317, cls_3 ,0.2042,1.0155,57.8314,63.9
B_arachnoides,4,319, cls_3 ,2.0416,1.0592,54.1658,71.4424
B_arachnoides,4,322, cls_3 ,0.6125,1.0819,12.458,162.9137
B_arachnoides,4,323, cls_3 ,2.3478,1.1738,15.3167,71.4424
B_arachnoides,4,327, cls_3 ,0.4083,1.0537,22.3088,90.3682
B_arachnoides,4,328, cls_3 ,24.0909,1.1462,87.1054,63.9
B_arachnoides,4,332, cls_3 ,0.6125,1.0465,38.9062,186.2989
B_arachnoides,4,334, cls_3 ,2.3478,1.0604,334.5038,101.0348
B_arachnoides,4,338, cls_3 ,0.1021,1,16.3162,101.0348
B_arachnoides,4,339, cls_3 ,0.7146,1.1197,21.882,63.9
B_arachnoides,4,342, cls_3 ,2.8582,1.1141,22.885,90.3682
B_arachnoides,4,343, cls_3 ,10.0039,1.1743,24.1457,63.9
B_arachnoides,4,344, cls_3 ,1.9395,1.1469,73.4732,71.4424
B_arachnoides,4,346, cls_3 ,0.7146,1.1197,34.5693,115.1974
B_arachnoides,4,347, cls_3 ,5.5123,1.174,418.2971,63.9
B_arachnoides,4,349, cls_3 ,0.7146,1.0631,24.2945,115.1974
B_arachnoides,4,352, cls_3 ,0.7146,1.0932,24.3393,71.4424
B_arachnoides,4,354, cls_3 ,1.1229,1.1271,51.6275,95.85
B_arachnoides,4,355, cls_3 ,0.1021,1,15.8223,63.9
B_arachnoides,4,356, cls_3 ,1.8374,1.102,14.4223,63.9
B_arachnoides,4,357, cls_3 ,0.7146,1.0932,665.1122,71.4424
B_arachnoides,4,358, cls_3 ,0.7146,1.0283,840.9,63.9
B_arachnoides,4,359, cls_3 ,9.5955,1.1388,29.5547,95.85
B_arachnoides,4,361, cls_3 ,0.7146,1.1197,39.5846,63.9
B_arachnoides,4,362, cls_3 ,0.6125,1.1395,24.2054,127.8
B_arachnoides,4,363, cls_3 ,1.6333,1.046,10.817,63.9
B_arachnoides,4,364, cls_3 ,12.0455,1.1619,114.1605,63.9
B_arachnoides,4,365, cls_3 ,1.1229,1.0654,361.2849,63.9
B_arachnoides,4,375, cls_3 ,0.6125,1.0819,12.5098,194.3443
B_arachnoides,4,376, cls_3 ,0.2042,1.0909,71.3257,63.9
B_arachnoides,4,380, cls_3 ,1.6333,1.1154,46.8959,180.7365
B_arachnoides,4,381, cls_3 ,1.8374,1.116,10.1249,115.1974
B_arachnoides,4,382, cls_3 ,3.5728,1.0576,44.5878,63.9
B_arachnoides,4,383, cls_3 ,1.225,1.0306,50.8205,135.5524
B_arachnoides,4,386, cls_3 ,1.0208,1.1199,135.8247,159.75
B_arachnoides,4,388, cls_3 ,0.9187,1.0338,12.5723,180.7365
B_arachnoides,4,390, cls_3 ,0.5104,1.0261,10.6489,194.3443
B_arachnoides,4,392, cls_3 ,0.2042,1.0155,11.1842,63.9
B_arachnoides,4,393, cls_3 ,2.7562,1.1075,31,63.9
B_arachnoides,4,395, cls_3 ,3.9811,1.1153,12.612,71.4424
B_arachnoides,4,396, cls_3 ,24.7034,1.1864,98.1095,63.9
B_arachnoides,4,397, cls_3 ,4.3895,1.128,95.9238,142.8847
B_arachnoides,4,399, cls_3 ,22.4577,1.1855,73.8057,63.9
B_arachnoides,4,401, cls_3 ,2.4499,1.0843,45.6794,131.7332
B_arachnoides,4,402, cls_3 ,8.881,1.1695,29.3921,63.9
B_arachnoides,4,403, cls_3 ,7.9623,1.131,13.0404,71.4424
B_arachnoides,4,405, cls_3 ,12.76,1.1436,62.8381,71.4424
B_arachnoides,4,406, cls_3 ,4.4915,1.146,8.1677,194.3443
B_arachnoides,4,407, cls_3 ,60.1253,1.2223,16.4233,71.4424
B_arachnoides,4,408, cls_3 ,1.4291,1.1454,22.184,71.4424
B_arachnoides,4,409, cls_3 ,2.9603,1.0998,58.8594,63.9
B_arachnoides,4,412, cls_3 ,0.9187,1.0889,830.1159,63.9
B_arachnoides,4,416, cls_3 ,0.7146,1.0932,69.8571,63.9
B_arachnoides,4,417, cls_3 ,1.9395,1.0809,31.9194,71.4424
B_arachnoides,4,418, cls_3 ,3.1645,1.1031,172.8223,101.0348
B_arachnoides,4,419, cls_3 ,0.1021,1,827.3816,63.9
B_arachnoides,4,421, cls_3 ,3.777,1.1036,36.1457,131.7332
B_arachnoides,4,422, cls_3 ,0.6125,1.0465,14.3109,71.4424
B_arachnoides,4,423, cls_3 ,1.4291,1.0805,260.4378,71.4424
B_arachnoides,4,424, cls_3 ,0.9187,1.063,258.7294,95.85
B_arachnoides,4,427, cls_3 ,2.1437,1.1354,6.1837,142.8847
B_arachnoides,4,430, cls_3 ,2.9603,1.1474,41.8861,71.4424
B_arachnoides,4,431, cls_3 ,0.3062,1.0358,38.7182,63.9
B_arachnoides,4,432, cls_3 ,0.2042,1.0909,18.7488,71.4424
B_arachnoides,4,433, cls_3 ,8.0643,1.1199,18.0551,71.4424
B_arachnoides,4,434, cls_3 ,0.1021,1,57.9922,71.4424
B_arachnoides,4,435, cls_3 ,6.5331,1.1463,33.3912,63.9
B_arachnoides,4,440, cls_3 ,0.6125,1.0465,28.0395,63.9
B_arachnoides,4,441, cls_3 ,4.3895,1.1051,27.766,142.8847
B_arachnoides,4,443, cls_3 ,12.2496,1.1602,8.1117,142.8847
B_arachnoides,4,444, cls_3 ,0.9187,1.0889,61.7805,71.4424
B_arachnoides,4,445, cls_3 ,3.9811,1.1456,66.2094,63.9
B_arachnoides,4,448, cls_3 ,0.1021,1,16.2155,71.4424
B_arachnoides,4,449, cls_3 ,1.1229,1.1271,20.8479,90.3682
B_arachnoides,4,450, cls_3 ,0.9187,1.0889,10.1048,63.9
B_arachnoides,4,451, cls_3 ,1.8374,1.0706,7.6123,71.4424
B_arachnoides,4,454, cls_3 ,1.1229,1.0402,7.5215,352.8993
B_arachnoides,4,455, cls_3 ,1.1229,1.1271,29.204,90.3682
B_arachnoides,4,458, cls_3 ,1.7354,1.0395,12.7882,294.5644
B_arachnoides,4,460, cls_3 ,0.9187,1.112,34.3981,115.1974
B_arachnoides,4,461, cls_3 ,1.6333,1.1429,419.0947,90.3682
B_arachnoides,4,463, cls_3 ,1.327,1.1242,17.7732,63.9
B_arachnoides,4,464, cls_3 ,1.4291,1.1154,6.1834,63.9
B_arachnoides,4,465, cls_3 ,31.0324,1.2542,23.9908,63.9
B_arachnoides,4,466, cls_3 ,6.0227,1.1216,24.581,63.9
B_arachnoides,4,467, cls_3 ,2.2458,1.0937,23.3718,90.3682
B_arachnoides,4,468, cls_3 ,0.4083,1.1346,42.491,71.4424
B_arachnoides,4,472, cls_3 ,0.1021,1,88.694,63.9
B_arachnoides,4,474, cls_3 ,0.7146,1.0932,26.5686,71.4424
B_arachnoides,4,475, cls_3 ,0.4083,1.0975,8.1144,63.9
B_arachnoides,4,476, cls_3 ,3.9811,1.1776,11.2727,63.9
B_arachnoides,4,477, cls_3 ,11.8413,1.1782,104.8616,63.9
B_arachnoides,4,478, cls_3 ,3.1645,1.2154,39.7213,71.4424
B_arachnoides,4,480, cls_3 ,1.327,1.0467,33.3257,90.3682
B_arachnoides,4,481, cls_3 ,1.0208,1.1388,80.5574,63.9
B_arachnoides,4,482, cls_3 ,0.1021,1,10.3177,90.3682
B_arachnoides,4,483, cls_3 ,1.225,1.0556,28.613,63.9
B_arachnoides,4,485, cls_3 ,0.6125,1.1125,31.8244,95.85
B_arachnoides,4,486, cls_3 ,0.1021,1,6.1814,90.3682
B_arachnoides,4,487, cls_3 ,2.2458,1.0799,18.3373,63.9
B_arachnoides,4,488, cls_3 ,5.104,1.126,636.6978,71.4424
B_arachnoides,4,490, cls_3 ,3.5728,1.08,5.9117,71.4424
B_arachnoides,4,491, cls_3 ,2.2458,1.1701,38.1486,71.4424
B_arachnoides,4,492, cls_3 ,25.8263,1.1704,10.8118,115.1974
B_arachnoides,4,493, cls_3 ,322.7778,1.2704,84.4513,63.9
B_arachnoides,4,494, cls_3 ,2.552,1.0188,50.8419,63.9
B_arachnoides,4,495, cls_3 ,13.3725,1.1965,377.1726,63.9
B_arachnoides,4,497, cls_3 ,0.1021,1,11.4128,71.4424
B_arachnoides,4,498, cls_3 ,0.8166,1.0769,16.3856,135.5524
B_arachnoides,4,502, cls_3 ,1.4291,1.1589,33.7068,63.9
B_arachnoides,4,503, cls_3 ,28.2762,1.1654,60.9553,63.9
B_arachnoides,4,506, cls_3 ,7.1456,1.1468,8.7519,63.9
B_arachnoides,4,508, cls_3 ,1.0208,1.0509,45.6526,63.9
B_arachnoides,4,509, cls_3 ,0.3062,1.1369,7.4476,71.4424
B_arachnoides,4,510, cls_3 ,0.1021,1,10.5602,142.8847
B_arachnoides,4,512, cls_3 ,15.8224,1.2109,11.2068,71.4424
B_arachnoides,4,513, cls_3 ,0.6125,1.0819,21.8963,63.9
B_arachnoides,4,514, cls_3 ,2.4499,1.0971,84.5441,63.9
B_arachnoides,4,515, cls_3 ,1.327,1.1398,12.0627,95.85
B_arachnoides,4,517, cls_3 ,0.8166,1.0473,16.8657,204.5798
B_arachnoides,4,518, cls_3 ,1.8374,1.1415,38.7617,63.9
B_arachnoides,4,519, cls_3 ,0.1021,1,8.4383,71.4424
B_arachnoides,4,520, cls_3 ,1.7354,1.0769,105.9862,63.9
B_arachnoides,4,523, cls_3 ,1.327,1.1807,6.5665,142.8847
B_arachnoides,4,524, cls_3 ,1.225,1.0982,32.3329,63.9
B_arachnoides,4,526, cls_3 ,1.0208,1.0509,795.7147,63.9
B_arachnoides,4,527, cls_3 ,0.2042,1.0155,8.1095,71.4424
B_arachnoides,4,528, cls_3 ,1.0208,1.0764,6.5813,71.4424
B_arachnoides,4,529, cls_3 ,0.1021,1,8.9216,101.0348
B_arachnoides,4,534, cls_3 ,5.104,1.126,84.5256,63.9
B_arachnoides,4,536, cls_3 ,0.1021,1,8.9996,115.1974
B_arachnoides,4,538, cls_3 ,0.1021,1,11.5155,71.4424
B_arachnoides,4,539, cls_3 ,1.0208,1.0993,8.1994,63.9
B_arachnoides,4,540, cls_3 ,3.879,1.0916,19.4777,63.9
B_arachnoides,4,543, cls_3 ,0.4083,1.0537,7.5662,71.4424
B_arachnoides,4,546, cls_3 ,0.6125,1.0465,11.475,95.85
B_arachnoides,4,548, cls_3 ,0.1021,1,8.6899,71.4424
B_arachnoides,4,551, cls_3 ,1.1229,1.1602,12.3587,63.9
B_arachnoides,4,552, cls_3 ,0.1021,1,13.8797,63.9
B_arachnoides,4,553, cls_3 ,0.1021,1,853.3484,63.9
B_arachnoides,4,554, cls_3 ,3.4707,1.1606,14.8145,63.9
B_arachnoides,4,557, cls_3 ,0.2042,1.0155,4.0373,249.5375
B_arachnoides,4,558, cls_3 ,0.4083,1.0537,8.2828,63.9
B_arachnoides,4,559, cls_3 ,0.6125,1.0465,16.7499,95.85
B_arachnoides,4,560, cls_3 ,0.3062,1.0358,6.4344,71.4424
B_arachnoides,4,563, cls_3 ,3.0624,1.0962,18.9169,95.85
B_arachnoides,4,567, cls_3 ,0.1021,1,67.4745,71.4424
B_arachnoides,4,568, cls_3 ,0.8166,1.167,8.8285,63.9
B_arachnoides,4,569, cls_3 ,0.1021,1,22.4815,63.9
B_arachnoides,4,570, cls_3 ,13.2704,1.1776,45.116,63.9
B_arachnoides,4,571, cls_3 ,3.1645,1.1482,641.152,71.4424
B_arachnoides,4,573, cls_3 ,0.5104,1.105,22.2153,90.3682
B_arachnoides,4,574, cls_3 ,1.6333,1.1001,86.4495,63.9
B_arachnoides,4,576, cls_3 ,0.1021,1,5.9606,71.4424
B_arachnoides,4,577, cls_3 ,0.7146,1.1197,30.6657,71.4424
B_arachnoides,4,578, cls_3 ,1.327,1.1398,18.8715,101.0348
B_arachnoides,4,580, cls_3 ,0.2042,1.0909,3.9994,249.5375
B_arachnoides,4,582, cls_3 ,2.3478,1.165,92.3311,63.9
B_arachnoides,4,583, cls_3 ,0.5104,1.105,15.4129,63.9
B_arachnoides,4,586, cls_3 ,2.2458,1.1609,20.2336,63.9
B_arachnoides,4,588, cls_3 ,0.9187,1.0889,82.6665,63.9
B_arachnoides,4,591, cls_3 ,0.6125,1.1125,6.3171,71.4424
B_arachnoides,4,593, cls_3 ,0.8166,1.1477,6.6426,162.9137
B_arachnoides,4,598, cls_3 ,1.8374,1.0529,17.6854,63.9
B_arachnoides,4,599, cls_3 ,0.7146,1.1197,13.387,63.9
B_arachnoides,4,600, cls_3 ,1.5312,1.0909,8.3388,95.85
B_arachnoides,4,602, cls_3 ,5.0019,1.2031,19.453,63.9
B_arachnoides,4,603, cls_3 ,0.1021,1,9.0304,159.75
B_arachnoides,4,606, cls_3 ,0.6125,1.0465,795.6413,63.9
B_arachnoides,4,607, cls_3 ,0.1021,1,3.4768,263.4664
B_arachnoides,4,609, cls_3 ,1.7354,1.0769,171.6094,95.85
B_arachnoides,4,613, cls_3 ,0.4083,1.0537,38.9562,63.9
B_arachnoides,4,614, cls_3 ,0.1021,1,6.3179,71.4424
B_arachnoides,4,615, cls_3 ,0.1021,1,4.6153,159.75
B_arachnoides,4,616, cls_3 ,5.2061,1.2193,16.722,63.9
B_arachnoides,4,618, cls_3 ,10.1059,1.1599,20.0654,115.1974
B_arachnoides,4,621, cls_3 ,3.2666,1.1601,9.8066,63.9
B_arachnoides,4,622, cls_3 ,15.5162,1.1149,34.3479,71.4424
B_arachnoides,4,623, cls_3 ,4.0832,1.1283,9.7528,186.2989
B_arachnoides,4,624, cls_3 ,1.8374,1.0869,434.8395,63.9
B_arachnoides,4,625, cls_3 ,1.225,1.0982,20.4214,95.85
B_arachnoides,4,630, cls_3 ,3.3686,1.1567,4.2216,159.75
B_arachnoides,4,631, cls_3 ,16.9453,1.1431,28.5353,71.4424
B_arachnoides,4,634, cls_3 ,1.5312,1.0909,121.3555,71.4424
B_arachnoides,4,636, cls_3 ,3.1645,1.14,9.3096,191.7
B_arachnoides,4,637, cls_3 ,0.2042,1.0155,52.184,63.9
B_arachnoides,4,639, cls_3 ,0.1021,1,354.0935,95.85
B_arachnoides,4,641, cls_3 ,1.7354,1.1599,42.5125,63.9
B_arachnoides,4,642, cls_3 ,0.8166,1.0473,420.2214,90.3682
B_arachnoides,4,643, cls_3 ,9.3914,1.1708,37.4899,71.4424
B_arachnoides,4,644, cls_3 ,14.3933,1.2127,681.1309,63.9
B_arachnoides,4,645, cls_3 ,0.3062,1.0358,671.6256,71.4424
B_arachnoides,4,646, cls_3 ,1.8374,1.0529,123.8406,63.9
B_arachnoides,4,647, cls_3 ,0.5104,1.0688,20.2613,95.85
B_arachnoides,4,648, cls_3 ,0.6125,1.1637,20.5197,63.9
B_arachnoides,4,649, cls_3 ,1.327,1.1398,14.8393,71.4424
B_arachnoides,4,650, cls_3 ,0.8166,1.1477,12.6309,63.9
B_arachnoides,4,654, cls_3 ,3.1645,1.1561,84.91,63.9
B_arachnoides,4,658, cls_3 ,2.0416,1.0754,44.4485,225.9206
B_arachnoides,4,659, cls_3 ,0.5104,1.0688,10.6212,301.4157
B_arachnoides,4,663, cls_3 ,0.6125,1.0819,44.6361,71.4424
B_arachnoides,4,664, cls_3 ,1.4291,1.1309,39.5451,63.9
B_arachnoides,4,667, cls_3 ,8.5747,1.1902,54.5375,63.9
B_arachnoides,4,668, cls_3 ,6.1248,1.1372,3.9677,389.9995
B_arachnoides,4,671, cls_3 ,2.8582,1.0545,234.6018,63.9
B_arachnoides,4,672, cls_3 ,16.1287,1.2051,7.2239,71.4424
B_arachnoides,4,673, cls_3 ,7.4519,1.1878,9.086,191.7
B_arachnoides,4,677, cls_3 ,5.2061,1.1942,10.7286,115.1974
B_arachnoides,4,678, cls_3 ,0.7146,1.0631,16.8073,95.85
B_arachnoides,4,679, cls_3 ,1.0208,1.1199,793.6606,63.9
B_arachnoides,4,680, cls_3 ,13.5767,1.1727,807.2657,63.9
B_arachnoides,4,683, cls_3 ,1.327,1.089,38.2327,71.4424
B_arachnoides,4,685, cls_3 ,7.3498,1.1617,67.3698,115.1974
B_arachnoides,4,686, cls_3 ,56.4504,1.2788,53.4297,63.9
B_arachnoides,4,687, cls_3 ,0.2042,1.0155,293.8506,63.9
B_arachnoides,4,688, cls_3 ,7.5539,1.0867,39.9981,63.9
B_arachnoides,4,692, cls_3 ,0.1021,1,85.3519,131.7332
B_arachnoides,4,696, cls_3 ,3.3686,1.1965,4.7876,115.1974
B_arachnoides,4,697, cls_3 ,1.0208,1.0764,6.1741,202.0695
B_arachnoides,4,698, cls_3 ,0.2042,1.0155,2.5774,71.4424
B_arachnoides,4,699, cls_3 ,1.327,1.0219,46.6778,63.9
B_arachnoides,4,700, cls_3 ,0.8166,1.0131,73.2568,95.85
B_arachnoides,4,704, cls_3 ,2.4499,1.1412,17.2367,71.4424
B_arachnoides,4,707, cls_3 ,1.0208,1.1561,35.374,71.4424
B_arachnoides,4,708, cls_3 ,142.4019,1.2666,47.7476,63.9
B_arachnoides,4,709, cls_3 ,1.327,1.0689,145.6166,63.9
B_arachnoides,4,713, cls_3 ,0.1021,1,2.7193,71.4424
B_arachnoides,4,714, cls_3 ,7.7581,1.1836,22.5517,63.9
B_arachnoides,4,716, cls_3 ,1.8374,1.102,26.7432,63.9
B_arachnoides,4,717, cls_3 ,0.3062,1.0358,31.3229,63.9
B_arachnoides,4,718, cls_3 ,4.0832,1.1126,157.2692,63.9
B_arachnoides,4,720, cls_3 ,0.3062,1.0358,353.368,63.9
B_arachnoides,4,723, cls_3 ,0.4083,1,27.8309,63.9
B_arachnoides,4,724, cls_3 ,5.6144,1.2148,80.485,71.4424
B_arachnoides,4,725, cls_3 ,0.2042,1.0155,157.7054,95.85
B_arachnoides,4,728, cls_3 ,31.2366,1.2135,39.2243,63.9
B_arachnoides,4,731, cls_3 ,0.1021,1,325.0802,101.0348
B_arachnoides,4,732, cls_3 ,1.0208,1.1199,116.7583,71.4424
B_arachnoides,4,734, cls_3 ,1.4291,1.1309,7.0033,63.9
B_arachnoides,4,736, cls_3 ,6.2269,1.1182,10.0461,71.4424
B_arachnoides,4,739, cls_3 ,0.2042,1.0155,24.2084,159.75
B_arachnoides,4,740, cls_3 ,0.8166,1.1031,362.1893,63.9
B_arachnoides,4,741, cls_3 ,3.2666,1.1811,23.5362,71.4424
B_arachnoides,4,743, cls_3 ,0.1021,1,15.6503,63.9
B_arachnoides,4,747, cls_3 ,4.1853,1.118,78.1673,63.9
B_arachnoides,4,748, cls_3 ,0.6125,1.1125,2.4093,373.9652
B_arachnoides,4,749, cls_3 ,0.4083,1.0975,4.6548,142.8847
B_arachnoides,4,751, cls_3 ,1.1229,1.088,85.6232,63.9
B_arachnoides,4,752, cls_3 ,4.3895,1.199,25.5657,135.5524
B_arachnoides,4,753, cls_3 ,0.4083,1.0975,7.1327,63.9
B_arachnoides,4,754, cls_3 ,1.4291,1.1154,47.3552,71.4424
B_arachnoides,4,760, cls_3 ,0.7146,1.0631,6.0334,63.9
B_arachnoides,4,761, cls_3 ,38.0759,1.2015,13.7507,71.4424
B_arachnoides,4,762, cls_3 ,23.3764,1.0906,4.6272,71.4424
B_arachnoides,4,765, cls_3 ,0.8166,1.0473,12.061,285.7695
B_arachnoides,4,769, cls_3 ,1.225,1.078,7.7673,115.1974
B_arachnoides,4,770, cls_3 ,1.9395,1.1099,4.0832,325.8273
B_arachnoides,4,772, cls_3 ,0.7146,1.0283,297.6962,71.4424
B_arachnoides,4,773, cls_3 ,5.3082,1.122,45.194,71.4424
B_arachnoides,4,774, cls_3 ,10.0039,1.1897,117.5272,71.4424
B_arachnoides,4,776, cls_3 ,0.3062,1.0358,7.2193,63.9
B_arachnoides,4,777, cls_3 ,5.0019,1.1281,7.3639,162.9137
B_arachnoides,4,788, cls_3 ,0.1021,1,142.3229,63.9
B_arachnoides,4,789, cls_3 ,1.8374,1.102,4.5523,71.4424
B_arachnoides,4,790, cls_3 ,0.6125,1.1637,8.9981,142.8847
B_arachnoides,4,791, cls_3 ,16.4349,1.1933,21.9317,71.4424
B_arachnoides,4,794, cls_3 ,1.0208,1.1388,21.1009,142.8847
B_arachnoides,4,797, cls_3 ,0.6125,1.1125,9.8545,159.75
B_arachnoides,4,800, cls_3 ,1.225,1.1641,42.6282,63.9
B_arachnoides,4,801, cls_3 ,8.2685,1.1224,3.9802,63.9
B_arachnoides,4,802, cls_3 ,0.1021,1,359.4987,63.9
B_arachnoides,4,808, cls_3 ,1.225,1.0982,5.7635,71.4424
B_arachnoides,4,810, cls_3 ,1.327,1.089,24.0022,142.8847
B_arachnoides,4,812, cls_3 ,14.5975,1.1945,26.7065,90.3682
B_arachnoides,4,813, cls_3 ,1.9395,1.0471,13.5666,63.9
B_arachnoides,4,814, cls_3 ,1.0208,1.1199,27.1235,142.8847
B_arachnoides,4,818, cls_3 ,0.7146,1.0283,2.4303,384.7289
B_arachnoides,4,819, cls_3 ,0.1021,1,19.905,63.9
B_arachnoides,4,821, cls_3 ,0.2042,1.0909,10.916,71.4424
B_arachnoides,4,823, cls_3 ,0.2042,1.0155,62.4974,63.9
B_arachnoides,4,826, cls_3 ,12.658,1.177,20.3591,214.3271
B_arachnoides,4,828, cls_3 ,0.8166,1.1031,86.7087,63.9
B_arachnoides,4,829, cls_3 ,0.1021,1,17.9917,71.4424
B_arachnoides,4,831, cls_3 ,0.4083,1.0975,2.6044,214.3271
B_arachnoides,4,834, cls_3 ,2.8582,1.1676,3.9354,115.1974
B_arachnoides,4,836, cls_3 ,0.7146,1.0283,17.4559,63.9
B_arachnoides,4,837, cls_3 ,0.3062,1.1369,13.3159,63.9
B_arachnoides,4,838, cls_3 ,0.5104,1.0688,352.718,63.9
B_arachnoides,4,840, cls_3 ,6.7373,1.216,7.9581,95.85
B_arachnoides,4,842, cls_3 ,0.3062,1.0914,1.8298,372.5978
B_arachnoides,4,843, cls_3 ,0.3062,1.0358,26.1985,63.9
B_arachnoides,4,845, cls_3 ,2.6541,1.1597,7.5245,63.9
B_arachnoides,4,847, cls_3 ,0.1021,1,11.2908,63.9
B_arachnoides,4,848, cls_3 ,8.0643,1.1967,137.2643,95.85
B_arachnoides,4,851, cls_3 ,0.6125,1.0465,6.175,90.3682
B_arachnoides,4,854, cls_3 ,1.1229,1.088,7.3562,63.9
B_arachnoides,4,856, cls_3 ,0.8166,1.1477,11.0895,71.4424
B_arachnoides,4,857, cls_3 ,2.6541,1.151,17.6989,71.4424
B_arachnoides,4,859, cls_3 ,0.1021,1,307.5577,71.4424
B_arachnoides,4,860, cls_3 ,2.7562,1.1554,646.1728,63.9
B_arachnoides,4,861, cls_3 ,2.1437,1.1565,15.7435,63.9
B_arachnoides,4,862, cls_3 ,1.0208,1.0509,6.5186,63.9
B_arachnoides,4,864, cls_3 ,154.3453,1.232,298.4367,63.9
B_arachnoides,4,866, cls_3 ,0.1021,1,124.3482,71.4424
B_arachnoides,4,867, cls_3 ,0.1021,1,9.493,63.9
B_arachnoides,4,869, cls_3 ,0.2042,1.0155,10.5927,63.9
B_arachnoides,4,870, cls_3 ,0.1021,1,21.8247,63.9
B_arachnoides,4,871, cls_3 ,2.2458,1.0492,204.2234,71.4424
B_arachnoides,4,874, cls_3 ,0.7146,1.0283,4.8937,115.1974
B_arachnoides,4,875, cls_3 ,0.3062,1.0358,93.2382,63.9
B_arachnoides,4,878, cls_3 ,0.4083,1,10.9245,95.85
B_arachnoides,4,880, cls_3 ,2.3478,1.1358,3.6031,63.9
B_arachnoides,4,883, cls_3 ,4.5936,1.0835,8.7914,71.4424
B_arachnoides,4,884, cls_3 ,5.4103,1.23,82.3735,71.4424
B_arachnoides,4,886, cls_3 ,3.1645,1.0927,12.0212,71.4424
B_arachnoides,4,887, cls_3 ,0.2042,1.0155,15.9928,71.4424
B_arachnoides,4,888, cls_3 ,0.3062,1.0358,4.7392,115.1974
B_arachnoides,4,889, cls_3 ,0.3062,1.0358,16.7089,71.4424
B_arachnoides,4,891, cls_3 ,0.9187,1.1328,18.7106,71.4424
B_arachnoides,4,893, cls_3 ,0.7146,1.1197,5.2093,101.0348
B_arachnoides,4,894, cls_3 ,0.2042,1.0155,2.2437,194.3443
B_arachnoides,4,895, cls_3 ,0.5104,1.0261,23.1939,63.9
B_arachnoides,4,898, cls_3 ,17.3536,1.1637,57.4433,71.4424
B_arachnoides,4,899, cls_3 ,1.0208,1.1722,25.9557,95.85
B_arachnoides,4,900, cls_3 ,3.9811,1.1835,16.8868,63.9
B_arachnoides,4,901, cls_3 ,0.9187,1.1328,14.9043,71.4424
B_arachnoides,4,904, cls_3 ,4.4915,1.1644,9.3801,225.9206
B_arachnoides,4,905, cls_3 ,5.2061,1.1802,23.4122,63.9
B_arachnoides,4,906, cls_3 ,2.3478,1.1358,8.6298,63.9
B_arachnoides,4,907, cls_3 ,1.8374,1.1415,28.0215,63.9
B_arachnoides,4,910, cls_3 ,0.2042,1.0909,5.2776,90.3682
B_arachnoides,4,911, cls_3 ,0.8166,1.0131,7.2139,63.9
B_arachnoides,4,913, cls_3 ,9.9018,1.2049,13.8943,63.9
B_arachnoides,4,914, cls_3 ,0.6125,1.0465,18.342,63.9
B_arachnoides,4,915, cls_3 ,0.1021,1,12.2686,71.4424
B_arachnoides,4,916, cls_3 ,5.7165,1.133,65.8898,63.9
B_arachnoides,4,917, cls_3 ,0.3062,1.0358,3.9718,90.3682
B_arachnoides,4,918, cls_3 ,20.2119,1.1903,26.4227,71.4424
B_arachnoides,4,920, cls_3 ,1.6333,1.1154,5.026,90.3682
B_arachnoides,4,921, cls_3 ,0.5104,1.0688,9.8788,63.9
B_arachnoides,4,922, cls_3 ,27.97,1.2377,71.5643,63.9
B_arachnoides,4,926, cls_3 ,0.3062,1.0358,14.3743,127.8
B_arachnoides,4,927, cls_3 ,5.2061,1.0956,14.3741,172.056
B_arachnoides,4,929, cls_3 ,1.8374,1.102,3.1939,101.0348
B_arachnoides,4,930, cls_3 ,0.2042,1.0909,2.3426,142.8847
B_arachnoides,4,931, cls_3 ,1.327,1.1073,284.3503,71.4424
B_arachnoides,4,933, cls_3 ,3.3686,1.1709,7.86,63.9
B_arachnoides,4,939, cls_3 ,0.8166,1.1031,5.8718,90.3682
B_arachnoides,4,941, cls_3 ,1.5312,1.0909,1.5151,566.1554
B_arachnoides,4,942, cls_3 ,1.4291,1.1715,33.3606,63.9
B_arachnoides,4,944, cls_3 ,0.8166,1.0473,381.5003,63.9
B_arachnoides,4,945, cls_3 ,1.8374,1.1415,360.733,63.9
B_arachnoides,4,947, cls_3 ,0.1021,1,11.9265,71.4424
B_arachnoides,4,948, cls_3 ,7.8602,1.1631,4.7399,516.168
B_arachnoides,4,949, cls_3 ,0.5104,1.0688,3.0876,127.8
B_arachnoides,4,951, cls_3 ,0.1021,1,18.4374,63.9
B_arachnoides,4,958, cls_3 ,3.5728,1.1898,6.9194,71.4424
B_arachnoides,4,964, cls_3 ,2.1437,1.0701,297.0785,71.4424
B_arachnoides,4,965, cls_3 ,1.7354,1.0395,24.5538,63.9
B_arachnoides,4,967, cls_3 ,0.3062,1.0914,90.7983,71.4424
B_arachnoides,4,969, cls_3 ,16.1287,1.2127,77.7066,63.9
B_arachnoides,4,970, cls_3 ,8.4727,1.0558,5.3516,191.7
B_arachnoides,4,972, cls_3 ,0.8166,1.0769,10.6166,131.7332
B_arachnoides,4,973, cls_3 ,1.327,1.1242,25.0472,63.9
B_arachnoides,4,974, cls_3 ,0.1021,1,11.617,71.4424
B_arachnoides,4,977, cls_3 ,0.5104,1.0688,15.4136,71.4424
B_arachnoides,4,978, cls_3 ,0.2042,1.0155,12.0662,63.9
B_arachnoides,4,979, cls_3 ,0.7146,1.0631,5.3125,191.7
B_arachnoides,4,981, cls_3 ,7.4519,1.2148,36.8702,95.85
B_arachnoides,4,982, cls_3 ,0.7146,1.0283,6.4802,131.7332
B_arachnoides,4,984, cls_3 ,1.4291,1.1835,13.489,63.9
B_arachnoides,4,985, cls_3 ,8.0643,1.2295,14.9714,63.9
B_arachnoides,4,988, cls_3 ,0.8166,1.1265,54.8882,63.9
B_arachnoides,4,989, cls_3 ,6.2269,1.0778,48.04,71.4424
B_arachnoides,4,990, cls_3 ,1.5312,1.1075,8.3853,131.7332
B_arachnoides,4,992, cls_3 ,3.0624,1.1519,13.1277,63.9
B_arachnoides,4,995, cls_3 ,7.4519,1.1726,15.3368,63.9
B_arachnoides,4,996, cls_3 ,0.6125,1.0819,331.2977,71.4424
B_arachnoides,4,998, cls_3 ,33.1761,1.2294,40.0796,71.4424
B_arachnoides,4,1002, cls_3 ,2.552,1.0517,2.0435,543.15
B_arachnoides,4,1004, cls_3 ,0.8166,1.0769,14.1676,115.1974
B_arachnoides,4,1005, cls_3 ,1.225,1.1167,12.3134,63.9
B_arachnoides,4,1006, cls_3 ,1.8374,1.1415,19.5248,63.9
B_arachnoides,4,1014, cls_3 ,0.3062,1.0358,39.3569,63.9
B_arachnoides,4,1019, cls_3 ,1.7354,1.0933,10.1498,71.4424
B_arachnoides,4,1020, cls_3 ,0.4083,1.0537,10.356,191.7
B_arachnoides,4,1022, cls_3 ,0.4083,1.0975,22.1208,71.4424
B_arachnoides,4,1023, cls_3 ,3.3686,1.0965,40.134,95.85
B_arachnoides,4,1025, cls_3 ,0.1021,1,80.1356,63.9
B_arachnoides,4,1026, cls_3 ,102.999,1.2223,397.0625,63.9
B_arachnoides,4,1028, cls_3 ,1.327,1.1073,19.1278,63.9
B_arachnoides,4,1031, cls_3 ,0.9187,1.1328,23.743,63.9
B_arachnoides,4,1032, cls_3 ,2.7562,1.1281,24.3552,115.1974
B_arachnoides,4,1034, cls_3 ,0.7146,1.0932,3.3559,71.4424
B_arachnoides,4,1035, cls_3 ,0.6125,1.0819,9.1772,115.1974
B_arachnoides,4,1036, cls_3 ,1.0208,1.0509,6.6886,135.5524
B_arachnoides,4,1037, cls_3 ,0.4083,1,3.7232,194.3443
B_arachnoides,4,1041, cls_3 ,0.7146,1.1197,506.6261,63.9
B_arachnoides,4,1043, cls_3 ,0.9187,1.1519,7.9195,142.8847
B_arachnoides,4,1046, cls_3 ,0.1021,1,5.4787,95.85
B_arachnoides,4,1048, cls_3 ,0.1021,1,4.4331,71.4424
B_arachnoides,4,1051, cls_3 ,0.1021,1,3.9314,95.85
B_arachnoides,4,1052, cls_3 ,8.0643,1.1604,2.9648,142.8847
B_arachnoides,4,1055, cls_3 ,0.1021,1,13.7407,115.1974
B_arachnoides,4,1056, cls_3 ,0.1021,1,4.9564,135.5524
B_arachnoides,4,1058, cls_3 ,0.3062,1.0358,12.8651,90.3682
B_arachnoides,4,1059, cls_3 ,0.5104,1.0261,3.938,95.85
B_arachnoides,4,1061, cls_3 ,1.6333,1.1001,22.7202,63.9
B_arachnoides,4,1062, cls_3 ,0.4083,1.1346,23.7821,71.4424
B_arachnoides,4,1064, cls_3 ,0.5104,1.0688,4.3785,101.0348
B_arachnoides,4,1065, cls_3 ,6.4311,1.1479,6.7729,71.4424
B_arachnoides,4,1067, cls_3 ,0.9187,1.112,5.3452,131.7332
B_arachnoides,4,1072, cls_3 ,3.879,1.0716,11.6617,232.5995
B_arachnoides,4,1073, cls_3 ,1.0208,1.0764,312.23,71.4424
B_arachnoides,4,1074, cls_3 ,3.5728,1.1349,9.7578,294.5644
B_arachnoides,4,1076, cls_3 ,0.1021,1,4.6051,63.9
B_arachnoides,4,1079, cls_3 ,0.2042,1.0909,16.4608,71.4424
B_arachnoides,4,1081, cls_3 ,0.5104,1.0688,4.9908,101.0348
B_arachnoides,4,1084, cls_3 ,0.1021,1,9.6187,63.9
B_arachnoides,4,1085, cls_3 ,1.4291,1.1309,7.4378,71.4424
B_arachnoides,4,1086, cls_3 ,0.1021,1,4.6393,63.9
B_arachnoides,4,1087, cls_3 ,2.0416,1.1172,4.9341,127.8
B_arachnoides,4,1089, cls_3 ,0.9187,1.063,10.0999,63.9
B_arachnoides,4,1093, cls_3 ,6.9415,1.1954,7.0004,90.3682
B_arachnoides,4,1094, cls_3 ,0.1021,1,5.3582,101.0348
B_arachnoides,4,1095, cls_3 ,1.1229,1.1888,10.1528,63.9
B_arachnoides,4,1099, cls_3 ,0.1021,1,17.1061,63.9
B_arachnoides,4,1101, cls_3 ,0.8166,1.0473,8.5619,63.9
B_arachnoides,4,1102, cls_3 ,0.4083,1.0537,4.5683,63.9
B_arachnoides,4,1103, cls_3 ,0.4083,1.0975,5.4209,63.9
B_arachnoides,4,1107, cls_3 ,0.7146,1.1434,9.6078,115.1974
B_arachnoides,4,1108, cls_3 ,11.9434,1.1882,8.8622,71.4424
B_arachnoides,4,1110, cls_3 ,0.1021,1,5.5927,63.9
B_arachnoides,4,1113, cls_3 ,0.1021,1,6.3722,142.8847
B_arachnoides,4,1115, cls_3 ,0.1021,1,17.2902,71.4424
B_arachnoides,4,1117, cls_3 ,0.7146,1.1197,12.0519,71.4424
B_arachnoides,4,1121, cls_3 ,1.1229,1.1271,8.4917,63.9
B_arachnoides,4,1122, cls_3 ,0.1021,1,4.9155,230.3947
B_arachnoides,4,1123, cls_3 ,0.1021,1,7.7259,90.3682
B_arachnoides,4,1127, cls_3 ,1.327,1.1679,9.2478,71.4424
B_arachnoides,4,1129, cls_3 ,7.8602,1.2181,6.5951,131.7332
B_arachnoides,4,1130, cls_3 ,3.5728,1.1183,101.7786,63.9
B_arachnoides,4,1131, cls_3 ,0.8166,1.167,9.0738,63.9
B_arachnoides,4,1132, cls_3 ,1.1229,1.0115,4.4978,63.9
B_arachnoides,4,1134, cls_3 ,4.6957,1.1537,4.4232,71.4424
B_arachnoides,4,1136, cls_3 ,1.4291,1.1309,26.4104,71.4424
B_arachnoides,4,1138, cls_3 ,1.8374,1.0706,42.2658,71.4424
B_arachnoides,4,1139, cls_3 ,19.9056,1.2074,13.4287,63.9
B_arachnoides,4,1140, cls_3 ,19.3952,1.205,172.8012,63.9
B_arachnoides,4,1141, cls_3 ,0.8166,1.1265,53.3183,63.9
B_arachnoides,4,1144, cls_3 ,0.7146,1.0631,7.5269,180.7365
B_arachnoides,4,1145, cls_3 ,0.6125,1.0819,6.3327,71.4424
B_arachnoides,4,1147, cls_3 ,1.6333,1.199,13.4539,90.3682
B_arachnoides,4,1150, cls_3 ,1.225,1.078,8.6763,63.9
B_arachnoides,4,1151, cls_3 ,1.327,1.1679,3.971,63.9
B_arachnoides,4,1153, cls_3 ,2.3478,1.0083,130.9003,90.3682
B_arachnoides,4,1154, cls_3 ,1.7354,1.1599,8.5721,95.85
B_arachnoides,4,1155, cls_3 ,4.4915,1.1864,86.1549,63.9
B_arachnoides,4,1157, cls_3 ,1.7354,1.0933,12.5878,63.9
B_arachnoides,4,1158, cls_3 ,1.4291,1.0987,3.2566,255.6
B_arachnoides,4,1160, cls_3 ,3.6749,1.1471,51.7211,63.9
B_arachnoides,4,1163, cls_3 ,0.8166,1.1031,4.0798,214.3271
B_arachnoides,4,1164, cls_3 ,0.1021,1,8.5126,63.9
B_arachnoides,4,1168, cls_3 ,3.5728,1.1502,15.4557,71.4424
B_arachnoides,4,1170, cls_3 ,0.7146,1.0283,23.8047,131.7332
B_arachnoides,4,1171, cls_3 ,0.6125,1.0819,5.1985,186.2989
B_arachnoides,4,1173, cls_3 ,0.6125,1.0465,132.4603,90.3682
B_arachnoides,4,1174, cls_3 ,1.1229,1.1271,5.6933,127.8
B_arachnoides,4,1177, cls_3 ,52.8776,1.2585,19.1535,101.0348
B_arachnoides,4,1178, cls_3 ,0.9187,1.063,9.0102,90.3682
B_arachnoides,4,1180, cls_3 ,2.7562,1.1554,9.2531,63.9
B_arachnoides,4,1181, cls_3 ,1.8374,1.1292,10.6939,384.7289
B_arachnoides,4,1182, cls_3 ,2.8582,1.1513,35.2101,127.8
B_arachnoides,4,1183, cls_3 ,1.327,1.089,6.0758,71.4424
B_arachnoides,4,1184, cls_3 ,1.8374,1.116,134.1179,90.3682
B_arachnoides,4,1186, cls_3 ,2.552,1.1642,13.389,71.4424
B_arachnoides,4,1187, cls_3 ,2.1437,1.1354,24.7127,63.9
B_arachnoides,4,1188, cls_3 ,0.2042,1.0155,209.8475,71.4424
B_arachnoides,4,1190, cls_3 ,0.5104,1.0261,55.3416,71.4424
B_arachnoides,4,1192, cls_3 ,0.8166,1.0473,17.0389,95.85
B_arachnoides,4,1193, cls_3 ,2.6541,1.0477,46.3579,71.4424
B_arachnoides,4,1194, cls_3 ,1.1229,1.088,12.5718,71.4424
B_arachnoides,4,1195, cls_3 ,1.5312,1.1372,30.0135,95.85
B_arachnoides,4,1196, cls_3 ,3.9811,1.1456,6.0107,127.8
B_arachnoides,4,1197, cls_3 ,0.8166,1.1031,40.8717,71.4424
B_arachnoides,4,1198, cls_3 ,0.2042,1.0155,17.7816,63.9
B_arachnoides,4,1200, cls_3 ,2.7562,1.118,7.0864,95.85
B_arachnoides,4,1201, cls_3 ,3.3686,1.0752,11.167,63.9
B_arachnoides,4,1202, cls_3 ,0.1021,1,11.7297,71.4424
B_arachnoides,4,1203, cls_3 ,13.8829,1.1596,239.6542,63.9
B_arachnoides,4,1205, cls_3 ,0.5104,1.0688,10.6719,71.4424
B_arachnoides,4,1206, cls_3 ,18.1703,1.2062,13.8984,63.9
B_arachnoides,4,1207, cls_3 ,0.2042,1.0909,10.3055,71.4424
B_arachnoides,4,1209, cls_3 ,2.8582,1.1035,18.027,159.75
B_arachnoides,4,1210, cls_3 ,0.1021,1,74.9427,63.9
B_arachnoides,4,1211, cls_3 ,3.3686,1.1157,4.0977,63.9
B_arachnoides,4,1212, cls_3 ,3.879,1.1484,2.1264,63.9
B_arachnoides,4,1213, cls_3 ,2.2458,1.1066,12.0741,71.4424
B_arachnoides,4,1216, cls_3 ,1.327,1.1543,5.3244,127.8
B_arachnoides,4,1217, cls_3 ,2.4499,1.1412,12.1008,101.0348
B_arachnoides,4,1218, cls_3 ,0.8166,1.0473,55.3102,63.9
B_arachnoides,4,1219, cls_3 ,84.6245,1.2742,112.2434,63.9
B_arachnoides,4,1220, cls_3 ,6.9415,1.135,14.5643,287.55
B_arachnoides,4,1221, cls_3 ,3.2666,1.1526,13.9577,63.9
B_arachnoides,4,1224, cls_3 ,1.7354,1.0933,21.548,63.9
B_arachnoides,4,1225, cls_3 ,0.5104,1.105,219.4905,63.9
B_arachnoides,4,1229, cls_3 ,5.3082,1.1682,8.0914,115.1974
B_arachnoides,4,1231, cls_3 ,0.1021,1,92.6184,63.9
B_arachnoides,4,1233, cls_3 ,0.6125,1.0465,10.5975,63.9
B_arachnoides,4,1234, cls_3 ,0.6125,1.0465,172.8064,63.9
B_arachnoides,4,1236, cls_3 ,2.552,1.1726,11.1057,71.4424
B_arachnoides,4,1238, cls_3 ,0.3062,1.0358,14.0641,115.1974
B_arachnoides,4,1239, cls_3 ,0.7146,1.1197,7.9187,127.8
B_arachnoides,4,1240, cls_3 ,0.4083,1.0537,28.2238,90.3682
B_arachnoides,4,1241, cls_3 ,0.8166,1.0131,2.7782,416.577
B_arachnoides,4,1243, cls_3 ,2.1437,1.1239,52.7851,127.8
B_arachnoides,4,1247, cls_3 ,5.4103,1.1264,51.8583,63.9
B_arachnoides,4,1248, cls_3 ,0.8166,1.167,6.6616,345.5921
B_arachnoides,4,1249, cls_3 ,0.8166,1.0769,46.6163,63.9
B_arachnoides,4,1250, cls_3 ,12.76,1.1369,57.6179,71.4424
B_arachnoides,4,1251, cls_3 ,1.1229,1.1271,1.545,420.2366
B_arachnoides,4,1252, cls_3 ,4.2874,1.1444,8.0166,101.0348
B_arachnoides,4,1254, cls_3 ,0.1021,1,11.1714,63.9
B_arachnoides,4,1258, cls_3 ,0.2042,1.0155,36.1914,63.9
B_arachnoides,4,1260, cls_3 ,0.7146,1.1434,3.9828,319.5
B_arachnoides,4,1261, cls_3 ,100.9574,1.2471,346.8789,63.9
B_arachnoides,4,1264, cls_3 ,1.9395,1.0647,44.8517,90.3682
B_arachnoides,4,1266, cls_3 ,2.4499,1.1204,15.254,63.9
B_arachnoides,4,1269, cls_3 ,0.1021,1,50.1922,135.5524
B_arachnoides,4,1270, cls_3 ,3.4707,1.1743,17.4449,63.9
B_arachnoides,4,1271, cls_3 ,0.2042,1.0155,32.339,71.4424
B_arachnoides,4,1273, cls_3 ,2.552,1.1159,20.1374,63.9
B_arachnoides,4,1274, cls_3 ,0.5104,1.0688,39.8176,63.9
B_arachnoides,4,1278, cls_3 ,1.225,1.1337,10.7032,95.85
B_arachnoides,4,1279, cls_3 ,1.8374,1.1292,1.646,420.2366
B_arachnoides,4,1280, cls_3 ,0.1021,1,11.8771,71.4424
B_arachnoides,4,1283, cls_3 ,1.4291,1.0805,17.3185,101.0348
B_arachnoides,4,1284, cls_3 ,4.1853,1.16,98.3235,95.85
B_arachnoides,4,1285, cls_3 ,22.1514,1.1663,25.9723,159.75
B_arachnoides,4,1286, cls_3 ,0.7146,1.0283,17.1788,71.4424
B_arachnoides,4,1291, cls_3 ,1.5312,1.1372,13.4162,159.75
B_arachnoides,4,1292, cls_3 ,6.5331,1.2055,21.8437,101.0348
B_arachnoides,4,1294, cls_3 ,1.8374,1.1292,13.0751,127.8
B_arachnoides,4,1295, cls_3 ,1.4291,1.0805,3.1824,325.8273
B_arachnoides,4,1297, cls_3 ,1.0208,1.1199,4.5731,63.9
B_arachnoides,4,1300, cls_3 ,1.7354,1.0395,45.6128,159.75
B_arachnoides,4,1301, cls_3 ,0.6125,1.1395,5.4186,63.9
B_arachnoides,4,1304, cls_3 ,3.5728,1.1183,7.5158,172.056
B_arachnoides,4,1305, cls_3 ,0.1021,1,47.8977,63.9
B_arachnoides,4,1306, cls_3 ,1.1229,1.1085,31.3007,95.85
B_arachnoides,4,1307, cls_3 ,0.2042,1.0155,4.4182,71.4424
B_arachnoides,4,1308, cls_3 ,16.3328,1.2537,18.6692,63.9
B_arachnoides,4,1309, cls_3 ,0.8166,1.1265,1.4885,319.5
B_arachnoides,4,1310, cls_3 ,11.433,1.1544,14.5331,71.4424
B_arachnoides,4,1312, cls_3 ,4.1853,1.16,8.2553,71.4424
B_arachnoides,4,1314, cls_3 ,0.3062,1.0358,4.2314,71.4424
B_arachnoides,4,1316, cls_3 ,0.6125,1.0465,8.6083,90.3682
B_arachnoides,4,1319, cls_3 ,1.327,1.1398,12.7367,63.9
B_arachnoides,4,1323, cls_3 ,2.0416,1.1622,22.942,71.4424
B_arachnoides,4,1324, cls_3 ,0.5104,1.0688,21.0332,63.9
B_arachnoides,4,1326, cls_3 ,2.4499,1.1204,15.5193,71.4424
B_arachnoides,4,1327, cls_3 ,7.8602,1.1506,254.7534,63.9
B_arachnoides,4,1329, cls_3 ,5.3082,1.1407,12.8412,135.5524
B_arachnoides,4,1330, cls_3 ,0.2042,1.0155,4.3036,71.4424
B_arachnoides,4,1331, cls_3 ,17.9661,1.2019,219.283,63.9
B_arachnoides,4,1332, cls_3 ,0.8166,1.1031,11.3317,191.7
B_arachnoides,4,1333, cls_3 ,0.1021,1,15.9016,63.9
B_arachnoides,4,1334, cls_3 ,3.0624,1.0851,4.7098,549.6886
B_arachnoides,4,1335, cls_3 ,0.6125,1.0819,5.4817,71.4424
B_arachnoides,4,1336, cls_3 ,2.1437,1.1663,3.685,95.85
B_arachnoides,4,1337, cls_3 ,0.8166,1.1847,9.9813,63.9
B_arachnoides,4,1340, cls_3 ,1.327,1.0689,3.5708,159.75
B_arachnoides,4,1341, cls_3 ,3.4707,1.1125,14.4093,63.9
B_arachnoides,4,1342, cls_3 ,1.8374,1.0869,16.7731,159.75
B_arachnoides,4,1343, cls_3 ,1.9395,1.1099,46.2128,63.9
B_arachnoides,4,1344, cls_3 ,0.9187,1.0338,1.7223,319.5
B_arachnoides,4,1345, cls_3 ,0.2042,1.0155,19.5899,63.9
B_arachnoides,4,1346, cls_3 ,5.4103,1.1501,14.7559,63.9
B_arachnoides,4,1347, cls_3 ,0.7146,1.0932,30.2008,71.4424
B_arachnoides,4,1348, cls_3 ,1.1229,1.1271,2.7822,610.4039
B_arachnoides,4,1349, cls_3 ,0.5104,1.0688,2.8829,287.55
B_arachnoides,4,1352, cls_3 ,1.0208,1.0764,23.0758,71.4424
B_arachnoides,4,1354, cls_3 ,0.1021,1,113.9438,90.3682
B_arachnoides,4,1356, cls_3 ,1.225,1.1495,29.3614,71.4424
B_arachnoides,4,1357, cls_3 ,1.6333,1.1429,4.5553,172.056
B_arachnoides,4,1358, cls_3 ,1.225,1.0306,3.6825,172.056
B_arachnoides,4,1359, cls_3 ,1.7354,1.1084,41.665,63.9
B_arachnoides,4,1361, cls_3 ,1.0208,1.022,6.061,127.8
B_arachnoides,4,1362, cls_3 ,0.1021,1,14.1432,63.9
B_arachnoides,4,1365, cls_3 ,0.2042,1.0155,22.1804,63.9
B_arachnoides,4,1366, cls_3 ,0.2042,1.0155,26.7161,63.9
B_arachnoides,4,1367, cls_3 ,1.1229,1.1443,17.9104,63.9
B_arachnoides,4,1368, cls_3 ,6.8394,1.2006,5.5631,63.9
B_arachnoides,4,1369, cls_3 ,0.6125,1.0047,5.9724,202.0695
B_arachnoides,4,1370, cls_3 ,16.9453,1.215,6.5935,95.85
B_arachnoides,4,1371, cls_3 ,8.5747,1.1139,21.56,63.9
B_arachnoides,4,1372, cls_3 ,8.1664,1.2018,106.5485,71.4424
B_arachnoides,4,1374, cls_3 ,0.5104,1.0261,20.3455,63.9
B_arachnoides,4,1375, cls_3 ,297.9722,1.2181,133.3858,63.9
B_arachnoides,4,1376, cls_3 ,1.1229,1.1085,34.2217,63.9
B_arachnoides,4,1378, cls_3 ,0.1021,1,6.9823,63.9
B_arachnoides,4,1380, cls_3 ,0.5104,1.105,9.0903,63.9
B_arachnoides,4,1383, cls_3 ,3.2666,1.1096,4.2271,159.75
B_arachnoides,4,1385, cls_3 ,0.5104,1.105,4.0234,159.75
B_arachnoides,4,1387, cls_3 ,0.7146,1.0932,20.0614,115.1974
B_arachnoides,4,1388, cls_3 ,1.327,1.089,8.0897,225.9206
B_arachnoides,4,1389, cls_3 ,0.6125,1.1125,7.2365,194.3443
B_arachnoides,4,1391, cls_3 ,2.1437,1.0988,7.535,214.3271
B_arachnoides,4,1394, cls_3 ,0.4083,1.1346,733.633,63.9
B_arachnoides,4,1398, cls_3 ,13.7808,1.227,41.3005,101.0348
B_arachnoides,4,1399, cls_3 ,1.4291,1.0606,4.6061,159.75
B_arachnoides,4,1400, cls_3 ,0.5104,1.105,10.8007,142.8847
B_arachnoides,4,1401, cls_3 ,1.0208,1.1388,66.4966,63.9
B_arachnoides,4,1402, cls_3 ,26.2346,1.2075,36.7685,63.9
B_arachnoides,4,1403, cls_3 ,0.3062,1.0914,21.067,71.4424
B_arachnoides,4,1405, cls_3 ,5.104,1.1507,59.2307,71.4424
B_arachnoides,4,1411, cls_3 ,2.1437,1.1663,4.4141,610.4039
B_arachnoides,4,1412, cls_3 ,1.327,1.0689,53.6758,71.4424
B_arachnoides,4,1413, cls_3 ,4.4915,1.1864,2.6342,904.8114
B_arachnoides,4,1414, cls_3 ,0.9187,1.0889,15.4025,303.1043
B_arachnoides,4,1415, cls_3 ,0.2042,1.0155,28.3843,101.0348
B_arachnoides,4,1417, cls_3 ,1.225,1.0556,2.0221,927.1007
B_arachnoides,4,1418, cls_3 ,0.2042,1.0155,732.1854,63.9
B_arachnoides,4,1419, cls_3 ,112.7987,1.2686,37.528,63.9
B_arachnoides,4,1420, cls_3 ,5.2061,1.1427,58.3489,63.9
B_arachnoides,4,1421, cls_3 ,18.2724,1.2092,62.9907,63.9
B_arachnoides,4,1422, cls_3 ,3.0624,1.135,28.8176,63.9
B_arachnoides,4,1425, cls_3 ,32.1553,1.1854,97.2749,63.9
B_arachnoides,4,1426, cls_3 ,2.3478,1.0889,2.2764,869.134
B_arachnoides,4,1428, cls_3 ,3.879,1.1008,68.8373,63.9
B_arachnoides,4,1431, cls_3 ,1.1229,1.088,284.1124,63.9
B_arachnoides,4,1433, cls_3 ,0.4083,1.0537,54.4582,63.9
B_arachnoides,4,1436, cls_3 ,1.327,1.0689,51.1653,63.9
B_arachnoides,4,1437, cls_3 ,1.6333,1.0657,138.0864,63.9
B_arachnoides,4,1438, cls_3 ,0.7146,1.0631,42.2389,71.4424
B_arachnoides,4,1442, cls_3 ,4.6957,1.1537,739.3588,63.9
B_arachnoides,4,1444, cls_3 ,1.4291,1.0805,2.8406,71.4424
B_arachnoides,4,1445, cls_3 ,3.879,1.118,3.9774,383.4
B_arachnoides,4,1446, cls_3 ,3.1645,1.0575,31.5191,90.3682
B_arachnoides,4,1448, cls_3 ,0.3062,1.0358,4.2316,223.65
B_arachnoides,4,1450, cls_3 ,1.0208,1.022,30.1009,95.85
B_arachnoides,4,1451, cls_3 ,0.4083,1.0537,224.0327,71.4424
B_arachnoides,4,1453, cls_3 ,0.1021,1,5.3486,71.4424
B_arachnoides,4,1456, cls_3 ,5.9207,1.1664,14.3761,101.0348
B_arachnoides,4,1457, cls_3 ,0.1021,1,3.0605,101.0348
B_arachnoides,4,1459, cls_3 ,2.0416,1.1518,4.724,223.65
B_arachnoides,4,1460, cls_3 ,1.4291,1.0805,231.801,71.4424
B_arachnoides,4,1461, cls_3 ,0.3062,1.0358,22.2551,63.9
B_arachnoides,4,1463, cls_3 ,1.1229,1.1602,2.2246,285.7695
B_arachnoides,4,1464, cls_3 ,2.1437,1.085,41.7187,63.9
B_arachnoides,4,1466, cls_3 ,1.9395,1.1469,3.4879,769.4579
B_arachnoides,4,1467, cls_3 ,1.0208,1.022,141.8421,90.3682
B_arachnoides,4,1470, cls_3 ,0.6125,1.0047,31.1953,63.9
B_arachnoides,4,1471, cls_3 ,0.4083,1.0537,2.2157,1445.8919
B_arachnoides,4,1474, cls_3 ,0.8166,1.0769,6.4161,115.1974
B_arachnoides,4,1477, cls_3 ,0.3062,1.0914,46.4117,63.9
B_arachnoides,4,1478, cls_3 ,10.7184,1.1319,91.9578,71.4424
B_arachnoides,4,1479, cls_3 ,0.1021,1,279.7782,63.9
B_arachnoides,4,1480, cls_3 ,1.1229,1.0402,23.2947,127.8
B_arachnoides,4,1482, cls_3 ,1.5312,1.1372,44.7355,90.3682
B_arachnoides,4,1483, cls_3 ,9.1872,1.1391,90.4859,63.9
B_arachnoides,4,1486, cls_3 ,1.8374,1.0869,2.698,159.75
B_arachnoides,4,1487, cls_3 ,1.5312,1.1372,7.5847,95.85
B_arachnoides,4,1490, cls_3 ,1.4291,1.0987,7.3683,71.4424
B_arachnoides,4,1492, cls_3 ,0.2042,1.0155,325.7804,95.85
B_arachnoides,4,1493, cls_3 ,0.1021,1,585.7787,71.4424
B_arachnoides,4,1497, cls_3 ,2.6541,1.151,55.4751,63.9
B_arachnoides,4,1498, cls_3 ,0.4083,1.0537,9.8778,63.9
B_arachnoides,4,1499, cls_3 ,1.1229,1.088,102.2517,135.5524
B_arachnoides,4,1500, cls_3 ,1.327,1.1242,3.2589,127.8
B_arachnoides,4,1502, cls_3 ,8.2685,1.078,168.7965,131.7332
B_arachnoides,4,1503, cls_3 ,0.1021,1,7.9167,63.9
B_arachnoides,4,1505, cls_3 ,1.8374,1.0869,3.2867,127.8
B_arachnoides,4,1506, cls_3 ,0.7146,1.0631,5.6178,769.4579
B_arachnoides,4,1509, cls_3 ,0.6125,1.0819,184.307,127.8
B_arachnoides,4,1510, cls_3 ,1.4291,1.0987,7.937,95.85
B_arachnoides,4,1511, cls_3 ,8.881,1.1866,9.1707,131.7332
B_arachnoides,4,1515, cls_3 ,293.889,1.2535,50.528,71.4424
B_arachnoides,4,1516, cls_3 ,1.6333,1.0836,16.7783,90.3682
B_arachnoides,4,1517, cls_3 ,2.3478,1.1017,329.5715,63.9
B_arachnoides,4,1522, cls_3 ,0.6125,1.1395,54.3453,71.4424
B_arachnoides,4,1525, cls_3 ,2.8582,1.1241,10.5466,159.75
B_arachnoides,4,1526, cls_3 ,0.1021,1,6.453,272.9809
B_arachnoides,4,1530, cls_3 ,0.2042,1.0155,7.2299,191.7
B_arachnoides,4,1531, cls_3 ,0.8166,1.1031,7.9198,63.9
B_arachnoides,4,1532, cls_3 ,0.6125,1.1125,7.8798,63.9
B_arachnoides,4,1533, cls_3 ,1.0208,1.1199,8.8452,115.1974
B_arachnoides,4,1534, cls_3 ,0.4083,1.0537,25.6614,71.4424
B_arachnoides,4,1535, cls_3 ,2.2458,1.0651,18.1949,63.9
B_arachnoides,4,1536, cls_3 ,10.7184,1.1766,9.1508,95.85
B_arachnoides,4,1537, cls_3 ,0.1021,1,18.8005,101.0348
B_arachnoides,4,1541, cls_3 ,0.3062,1.0358,18.2513,63.9
B_arachnoides,4,1542, cls_3 ,2.2458,1.1409,8.5199,115.1974
B_arachnoides,4,1543, cls_3 ,23.8868,1.165,13.5232,63.9
B_arachnoides,4,1544, cls_3 ,1.327,1.089,11.0648,191.7
B_arachnoides,4,1545, cls_3 ,3.5728,1.1574,11.5735,131.7332
B_arachnoides,4,1546, cls_3 ,3.9811,1.1717,12.6602,63.9
B_arachnoides,4,1551, cls_3 ,1.1229,1.088,67.0253,63.9
B_arachnoides,4,1552, cls_3 ,1.0208,1.1199,7.0347,159.75
B_arachnoides,4,1553, cls_3 ,1.6333,1.1429,12.476,63.9
B_arachnoides,4,1555, cls_3 ,0.7146,1.1197,18.2736,71.4424
B_arachnoides,4,1556, cls_3 ,2.0416,1.1409,5.6957,71.4424
B_arachnoides,4,1557, cls_3 ,0.6125,1.1125,6.1795,71.4424
B_arachnoides,4,1558, cls_3 ,1.4291,1.1309,13.1891,186.2989
B_arachnoides,4,1561, cls_3 ,0.1021,1,6.5445,71.4424
B_arachnoides,4,1562, cls_3 ,0.5104,1.0261,14.0447,271.1047
B_arachnoides,4,1563, cls_3 ,1.5312,1.0728,12.1254,63.9
B_arachnoides,4,1564, cls_3 ,1.4291,1.0606,577.5748,71.4424
B_arachnoides,4,1570, cls_3 ,3.1645,1.14,2.1629,159.75
B_arachnoides,4,1572, cls_3 ,0.1021,1,11.3737,63.9
B_arachnoides,4,1573, cls_3 ,0.7146,1.0932,2.9947,159.75
B_arachnoides,4,1578, cls_3 ,4.4915,1.1585,3.053,71.4424
B_arachnoides,4,1581, cls_3 ,0.2042,1.0155,11.4802,127.8
B_arachnoides,4,1584, cls_3 ,1.7354,1.1226,2.0651,655.5592
B_arachnoides,4,1585, cls_3 ,0.9187,1.063,57.766,63.9
B_arachnoides,4,1586, cls_3 ,866.6613,1.29,398.5654,63.9
B_arachnoides,4,1587, cls_3 ,4.7978,1.1187,12.5067,63.9
B_arachnoides,4,1588, cls_3 ,0.3062,1.0358,22.5266,63.9
B_arachnoides,4,1591, cls_3 ,0.5104,1.0261,10.7287,71.4424
B_arachnoides,4,1592, cls_3 ,0.2042,1.0155,29.0529,95.85
B_arachnoides,4,1593, cls_3 ,19.089,1.1806,25.4482,63.9
B_arachnoides,4,1595, cls_3 ,7.1456,1.2456,8.9073,63.9
B_arachnoides,4,1598, cls_3 ,0.6125,1.0819,1.6675,1086.3
B_arachnoides,4,1600, cls_3 ,0.7146,1.0932,35.3817,101.0348
B_arachnoides,4,1601, cls_3 ,0.5104,1.0261,56.8613,63.9
B_arachnoides,4,1604, cls_3 ,3.6749,1.1065,2.2541,364.286
B_arachnoides,4,1606, cls_3 ,1.9395,1.1099,21.9886,63.9
B_arachnoides,4,1607, cls_3 ,0.5104,1.0688,35.8417,115.1974
B_arachnoides,4,1608, cls_3 ,0.1021,1,22.5918,63.9
B_arachnoides,4,1610, cls_3 ,1.5312,1.1372,11.3319,63.9
B_arachnoides,4,1611, cls_3 ,1.8374,1.0869,9.2957,457.4544
B_arachnoides,4,1612, cls_3 ,2.4499,1.056,342.1049,159.75
B_arachnoides,4,1614, cls_3 ,12.5559,1.1883,42.4335,63.9
B_arachnoides,4,1615, cls_3 ,1.5312,1.1631,12.8298,63.9
B_arachnoides,4,1616, cls_3 ,4.7978,1.1257,5.0404,515.1783
B_arachnoides,4,1619, cls_3 ,0.8166,1.0473,13.3268,63.9
B_arachnoides,4,1623, cls_3 ,6.329,1.1445,10.5464,63.9
B_arachnoides,4,1624, cls_3 ,0.5104,1.0688,3.554,303.1043
B_arachnoides,4,1627, cls_3 ,2.552,1.0663,9.427,63.9
B_arachnoides,4,1629, cls_3 ,1.6333,1.1296,4.1478,142.8847
B_arachnoides,4,1631, cls_3 ,3.5728,1.1001,4.3886,255.6
B_arachnoides,4,1632, cls_3 ,0.9187,1.112,4.4396,287.55
B_arachnoides,4,1633, cls_3 ,1.0208,1.0993,82.408,115.1974
B_arachnoides,4,1634, cls_3 ,0.4083,1,63.2213,63.9
B_arachnoides,4,1636, cls_3 ,0.2042,1.0909,6.9865,90.3682
B_arachnoides,4,1637, cls_3 ,1.1229,1.1085,8.305,71.4424
B_arachnoides,4,1638, cls_3 ,2.6541,1.0622,24.1111,63.9
B_arachnoides,4,1639, cls_3 ,0.1021,1,17.0252,90.3682
B_arachnoides,4,1640, cls_3 ,0.9187,1.0889,6.2384,90.3682
B_arachnoides,4,1641, cls_3 ,0.7146,1.1649,30.5043,90.3682
B_arachnoides,4,1642, cls_3 ,0.6125,1.1125,8.8289,71.4424
B_arachnoides,4,1643, cls_3 ,1.0208,1.0764,29.4933,135.5524
B_arachnoides,4,1644, cls_3 ,1.0208,1.0764,2127.6899,63.9
B_arachnoides,4,1646, cls_3 ,9.4935,1.1697,47.2271,90.3682
B_arachnoides,4,1647, cls_3 ,7.5539,1.1264,17.5059,71.4424
B_arachnoides,4,1649, cls_3 ,7.4519,1.1003,28.2014,142.8847
B_arachnoides,4,1651, cls_3 ,0.9187,1.0338,15.0648,142.8847
B_arachnoides,4,1654, cls_3 ,0.3062,1.0358,295.7372,101.0348
B_arachnoides,4,1656, cls_3 ,4.1853,1.118,64.8591,71.4424
B_arachnoides,4,1660, cls_3 ,0.6125,1.1125,11.3596,63.9
B_arachnoides,4,1661, cls_3 ,0.3062,1.1369,7.6528,214.3271
B_arachnoides,4,1662, cls_3 ,2.0416,1.1518,12.0665,159.75
B_arachnoides,4,1664, cls_3 ,89.014,1.2726,260.4706,63.9
B_arachnoides,4,1665, cls_3 ,0.1021,1,14.1134,63.9
B_arachnoides,4,1666, cls_3 ,0.2042,1.0155,90.4531,63.9
B_arachnoides,4,1668, cls_3 ,5.3082,1.1732,16.6088,131.7332
B_arachnoides,4,1669, cls_3 ,0.1021,1,21.5448,115.1974
B_arachnoides,4,1671, cls_3 ,2.2458,1.0651,30.7468,162.9137
B_arachnoides,4,1672, cls_3 ,0.2042,1.0155,97.7505,63.9
B_arachnoides,4,1673, cls_3 ,11.8413,1.0879,5.9673,131.7332
B_arachnoides,4,1677, cls_3 ,0.1021,1,22.0791,63.9
B_arachnoides,4,1679, cls_3 ,0.3062,1.0358,182.5644,63.9
B_arachnoides,4,1680, cls_3 ,0.2042,1.0155,22.1018,63.9
B_arachnoides,4,1681, cls_3 ,0.8166,1.0473,12.1244,325.8273
B_arachnoides,4,1683, cls_3 ,1.327,1.0689,180.8243,63.9
B_arachnoides,4,1685, cls_3 ,11.5351,1.1041,109.5768,71.4424
B_arachnoides,4,1686, cls_3 ,2.552,1.0799,156.1496,71.4424
B_arachnoides,4,1687, cls_3 ,1.0208,1.0993,24.8078,71.4424
B_arachnoides,4,1689, cls_3 ,0.4083,1.0975,2130.6163,63.9
B_arachnoides,4,1690, cls_3 ,42.5675,1.1966,92.451,63.9
B_arachnoides,4,1693, cls_3 ,328.9026,1.2659,753.0298,63.9
B_arachnoides,4,1694, cls_3 ,3.9811,1.0981,456.3018,115.1974
B_arachnoides,4,1695, cls_3 ,0.1021,1,148.4325,63.9
B_arachnoides,4,1696, cls_3 ,3.2666,1.128,12.422,131.7332
B_arachnoides,4,1697, cls_3 ,3.2666,1.1365,20.986,63.9
B_arachnoides,4,1700, cls_3 ,0.1021,1,26.7382,71.4424
B_arachnoides,4,1701, cls_3 ,1.327,1.0219,7.683,345.5921
B_arachnoides,4,1703, cls_3 ,17.9661,1.1205,226.5517,63.9
B_arachnoides,4,1704, cls_3 ,0.6125,1.0465,121.2042,63.9
B_arachnoides,4,1709, cls_3 ,1.9395,1.1099,414.9092,90.3682
B_arachnoides,4,1716, cls_3 ,1.225,1.0556,63.9923,71.4424
B_arachnoides,4,1718, cls_3 ,4.8999,1.068,32.836,63.9
B_arachnoides,4,1719, cls_3 ,1.6333,1.046,26.1737,63.9
B_arachnoides,4,1723, cls_3 ,0.6125,1.0819,71.8495,71.4424
B_arachnoides,4,1728, cls_3 ,0.6125,1.0819,21.4827,63.9
B_arachnoides,4,1729, cls_3 ,0.4083,1.0975,17.0142,294.5644
B_arachnoides,4,1734, cls_3 ,2.0416,1.0417,41.9495,71.4424
B_arachnoides,4,1735, cls_3 ,10.208,1.1754,75.9259,71.4424
B_arachnoides,4,1737, cls_3 ,3.777,1.1036,74.3552,63.9
B_arachnoides,4,1739, cls_3 ,23.5805,1.1302,75.8173,71.4424
B_arachnoides,4,1740, cls_3 ,0.5104,1.1362,810.9192,63.9
B_arachnoides,4,1743, cls_3 ,1.327,1.1242,945.3327,95.85
B_arachnoides,4,1746, cls_3 ,0.5104,1.105,58.2153,142.8847
B_arachnoides,4,1747, cls_3 ,1.4291,1.0606,39.5862,63.9
B_arachnoides,4,1750, cls_3 ,0.6125,1.0465,11.955,101.0348
B_arachnoides,4,1751, cls_3 ,0.6125,1.0465,15.2489,71.4424
B_arachnoides,4,1754, cls_3 ,1.225,1.0556,50.4626,135.5524
B_arachnoides,4,1755, cls_3 ,0.1021,1,38.2473,71.4424
B_arachnoides,4,1756, cls_3 ,1.225,1.0556,30.4246,101.0348
B_arachnoides,4,1759, cls_3 ,0.5104,1.1362,31.6147,63.9
B_arachnoides,4,1760, cls_3 ,1.1229,1.1602,19.3843,63.9
B_arachnoides,4,1761, cls_3 ,0.1021,1,16.4731,63.9
B_arachnoides,4,1763, cls_3 ,4.7978,1.2121,239.1684,71.4424
B_arachnoides,4,1768, cls_3 ,2.2458,1.1609,2343.0908,63.9
B_arachnoides,4,1769, cls_3 ,5.8186,1.1126,182.8495,71.4424
B_arachnoides,4,1770, cls_3 ,5.6144,1.0955,35.3206,71.4424
B_arachnoides,4,1771, cls_3 ,4.3895,1.079,62.9194,71.4424
B_arachnoides,4,1772, cls_3 ,4.0832,1.1863,700.0907,63.9
B_arachnoides,4,1774, cls_3 ,17.2516,1.1779,657.6492,71.4424
B_arachnoides,4,1777, cls_3 ,12.0455,1.2048,880.0863,95.85
B_arachnoides,4,1780, cls_3 ,0.3062,1.0358,2132.51,63.9
B_arachnoides,4,1782, cls_3 ,0.1021,1,2127.2643,63.9
B_arachnoides,4,1784, cls_3 ,0.7146,1.0932,74.7737,142.8847
B_arachnoides,4,1785, cls_3 ,0.8166,1.0769,209.4539,127.8
B_arachnoides,4,1788, cls_3 ,0.4083,1.0537,337.5924,71.4424
B_arachnoides,4,1790, cls_3 ,2.7562,1.1075,1714.2601,71.4424
B_arachnoides,4,1791, cls_3 ,2.7562,1.1075,142.8955,90.3682
B_arachnoides,4,1792, cls_3 ,0.4083,1,6.3371,524.019
B_arachnoides,4,1795, cls_3 ,1.225,1.078,2126.4856,63.9
B_arachnoides,4,1797, cls_3 ,27.5617,1.1761,2133.3295,63.9
B_arachnoides,4,1807, cls_3 ,0.1021,1,425.6452,90.3682
B_arachnoides,4,1809, cls_3 ,2.2458,1.1187,673.5925,71.4424
B_arachnoides,4,1813, cls_3 ,11.7392,1.1344,449.4744,90.3682
B_arachnoides,4,1821, cls_3 ,0.1021,1,808.5324,63.9
B_arachnoides,4,1827, cls_3 ,0.7146,1.0283,2124.3573,63.9
B_arachnoides,4,1831, cls_3 ,0.8166,1.0473,2124.2708,63.9
B_arachnoides,4,1835, cls_3 ,4.5936,1.0835,750.514,90.3682
B_arachnoides,4,1839, cls_3 ,0.1021,1,680.1063,71.4424
B_arachnoides,4,1846, cls_3 ,0.1021,1,852.834,63.9
B_arachnoides,4,1867, cls_3 ,1.327,1.2149,2346.4135,71.4424
B_arachnoides,4,18, cls_2 ,8.6768,1.1177,0.0772,1375.3352
B_arachnoides,4,43, cls_2 ,7.3498,1.0829,0.1227,2949.454
B_arachnoides,4,51, cls_2 ,1.327,1.089,0.1881,798.75
B_arachnoides,4,81, cls_2 ,1.1229,1.0115,0.48,191.7
B_arachnoides,4,83, cls_2 ,0.5104,1.0261,0.2655,677.7618
B_arachnoides,4,84, cls_2 ,0.2042,1.0155,4.1729,63.9
B_arachnoides,4,89, cls_2 ,1.5312,1.0311,0.8368,63.9
B_arachnoides,4,106, cls_2 ,8.9831,1.1191,0.0894,677.7618
B_arachnoides,4,160, cls_2 ,15.6183,1.1715,0.3943,1015.3869
B_arachnoides,4,178, cls_2 ,0.4083,1.0537,1.0361,328.9454
B_arachnoides,4,191, cls_2 ,2.2458,1.0799,7.9775,71.4424
B_arachnoides,4,201, cls_2 ,3.6749,1.0293,5.2565,71.4424
B_arachnoides,4,283, cls_2 ,29.9095,1.1089,2.4863,451.8412
B_arachnoides,4,329, cls_2 ,3.9811,1.131,0.9297,172.056
B_arachnoides,4,345, cls_2 ,13.1684,1.1339,1.9061,505.1739
B_arachnoides,4,372, cls_2 ,2.3478,1.1251,1.6293,172.056
B_arachnoides,4,384, cls_2 ,28.5825,1.1575,2.1644,451.8412
B_arachnoides,4,413, cls_2 ,1.6333,1.0657,1.1886,63.9
B_arachnoides,4,415, cls_2 ,7.7581,1.1288,0.6404,1034.8052
B_arachnoides,4,437, cls_2 ,0.3062,1.0358,4.3231,63.9
B_arachnoides,4,439, cls_2 ,4.0832,1.1627,1.5823,429.8433
B_arachnoides,4,471, cls_2 ,4.4915,1.1701,5.9144,90.3682
B_arachnoides,4,504, cls_2 ,1.0208,1.0509,19.1079,90.3682
B_arachnoides,4,521, cls_2 ,22.0493,1.1819,40.0154,71.4424
B_arachnoides,4,535, cls_2 ,3.5728,1.0691,2.33,389.9995
B_arachnoides,4,541, cls_2 ,19.4973,1.1326,45.2675,71.4424
B_arachnoides,4,545, cls_2 ,0.8166,1.1031,10.1161,90.3682
B_arachnoides,4,547, cls_2 ,8.0643,1.1041,8.0212,71.4424
B_arachnoides,4,572, cls_2 ,8.0643,1.1604,4.3979,63.9
B_arachnoides,4,581, cls_2 ,1.1229,1.1271,1.5712,303.1043
B_arachnoides,4,589, cls_2 ,3.4707,1.0721,17.5922,71.4424
B_arachnoides,4,594, cls_2 ,1.0208,1.0509,20.4005,63.9
B_arachnoides,4,617, cls_2 ,0.6125,1.0819,10.7925,90.3682
B_arachnoides,4,619, cls_2 ,0.6125,1.0819,7.2705,191.7
B_arachnoides,4,620, cls_2 ,1.327,1.1242,6.227,115.1974
B_arachnoides,4,626, cls_2 ,1.225,1.078,0.2917,717.987
B_arachnoides,4,635, cls_2 ,7.5539,1.116,1.3457,303.1043
B_arachnoides,4,656, cls_2 ,7.5539,1.1457,0.6162,646.1488
B_arachnoides,4,665, cls_2 ,0.9187,1.063,3.1002,202.0695
B_arachnoides,4,666, cls_2 ,3.0624,1.0962,1.2124,386.0533
B_arachnoides,4,674, cls_2 ,0.9187,1.0338,19.0256,63.9
B_arachnoides,4,681, cls_2 ,2.4499,1.1204,4.7082,159.75
B_arachnoides,4,684, cls_2 ,6.329,1.1338,3.5503,159.75
B_arachnoides,4,691, cls_2 ,13.1684,1.1372,3.6507,71.4424
B_arachnoides,4,693, cls_2 ,7.0435,1.1059,8.1076,63.9
B_arachnoides,4,694, cls_2 ,3.879,1.1412,1.5581,486.6479
B_arachnoides,4,702, cls_2 ,0.7146,1.0283,0.152,745.1957
B_arachnoides,4,706, cls_2 ,0.4083,1.0975,4.6757,159.75
B_arachnoides,4,719, cls_2 ,3.1645,1.0927,6.2145,180.7365
B_arachnoides,4,721, cls_2 ,4.1853,1.1257,3.2115,223.65
B_arachnoides,4,726, cls_2 ,0.1021,1,26.909,71.4424
B_arachnoides,4,727, cls_2 ,1.225,1.1167,19.1647,63.9
B_arachnoides,4,730, cls_2 ,20.2119,1.0804,15.7906,71.4424
B_arachnoides,4,733, cls_2 ,11.433,1.1177,6.6427,115.1974
B_arachnoides,4,744, cls_2 ,0.6125,1.0465,46.62,71.4424
B_arachnoides,4,745, cls_2 ,1.225,1.078,5.1919,194.3443
B_arachnoides,4,746, cls_2 ,10.6163,1.1479,2.9748,301.4157
B_arachnoides,4,755, cls_2 ,1.4291,1.0606,25.0331,71.4424
B_arachnoides,4,763, cls_2 ,0.8166,1.0473,42.6431,71.4424
B_arachnoides,4,764, cls_2 ,7.8602,1.1009,8.5655,71.4424
B_arachnoides,4,768, cls_2 ,1.0208,1.0764,0.5979,651.6547
B_arachnoides,4,771, cls_2 ,51.7547,1.1515,17.3546,63.9
B_arachnoides,4,775, cls_2 ,1.0208,1.0993,0.2518,499.075
B_arachnoides,4,778, cls_2 ,7.9623,1.0752,1.2762,745.1957
B_arachnoides,4,779, cls_2 ,0.6125,1.0465,53.3182,101.0348
B_arachnoides,4,781, cls_2 ,0.1021,1,130.6994,63.9
B_arachnoides,4,782, cls_2 ,46.3444,1.1877,22.3258,90.3682
B_arachnoides,4,783, cls_2 ,3.2666,1.0894,1.2678,225.9206
B_arachnoides,4,792, cls_2 ,2.1437,1.0988,1.2651,225.9206
B_arachnoides,4,798, cls_2 ,0.7146,1.1434,1.822,361.473
B_arachnoides,4,799, cls_2 ,0.7146,1.0631,52.4535,101.0348
B_arachnoides,4,803, cls_2 ,0.8166,1.1031,3.3517,101.0348
B_arachnoides,4,804, cls_2 ,0.7146,1.1197,5.6679,63.9
B_arachnoides,4,809, cls_2 ,0.7146,1.0631,5.2529,63.9
B_arachnoides,4,811, cls_2 ,2.2458,1.0651,0.2407,488.741
B_arachnoides,4,815, cls_2 ,0.5104,1.0688,7.9673,115.1974
B_arachnoides,4,827, cls_2 ,0.5104,1.0261,11.8417,71.4424
B_arachnoides,4,835, cls_2 ,1.225,1.0306,58.5823,71.4424
B_arachnoides,4,852, cls_2 ,17.864,1.124,53.2622,95.85
B_arachnoides,4,865, cls_2 ,12.0455,1.1,3.1945,383.4
B_arachnoides,4,881, cls_2 ,0.7146,1.0631,0.0682,2236.5
B_arachnoides,4,882, cls_2 ,29.9095,1.1602,4.2576,294.5644
B_arachnoides,4,892, cls_2 ,0.8166,1.0769,0.2648,488.741
B_arachnoides,4,919, cls_2 ,5.3082,1.1407,1.4811,800.6647
B_arachnoides,4,925, cls_2 ,0.7146,1.0631,22.1866,95.85
B_arachnoides,4,936, cls_2 ,1.327,1.1073,1.8171,316.2889
B_arachnoides,4,950, cls_2 ,6.8394,1.1416,58.6382,95.85
B_arachnoides,4,957, cls_2 ,6.7373,1.148,10.7157,131.7332
B_arachnoides,4,959, cls_2 ,3.0624,1.0609,4.7595,180.7365
B_arachnoides,4,960, cls_2 ,0.2042,1.0155,61.4056,90.3682
B_arachnoides,4,962, cls_2 ,0.2042,1.0155,17.4021,101.0348
B_arachnoides,4,971, cls_2 ,4.1853,1.064,2.1512,249.5375
B_arachnoides,4,976, cls_2 ,27.8679,1.1616,9.1554,101.0348
B_arachnoides,4,987, cls_2 ,1.8374,1.1415,7.3654,63.9
B_arachnoides,4,991, cls_2 ,0.2042,1.0155,3.9034,404.1391
B_arachnoides,4,993, cls_2 ,1.5312,1.1228,5.4962,115.1974
B_arachnoides,4,1007, cls_2 ,4.1853,1.11,4.0147,63.9
B_arachnoides,4,1011, cls_2 ,0.3062,1.0914,7.097,63.9
B_arachnoides,4,1013, cls_2 ,2.3478,1.0752,28.6542,101.0348
B_arachnoides,4,1017, cls_2 ,2.0416,1.0903,6.8303,63.9
B_arachnoides,4,1018, cls_2 ,0.1021,1,5.6186,63.9
B_arachnoides,4,1021, cls_2 ,2.4499,1.1204,4.9074,90.3682
B_arachnoides,4,1027, cls_2 ,0.2042,1.0155,3.9768,71.4424
B_arachnoides,4,1029, cls_2 ,5.5123,1.0654,9.2875,63.9
B_arachnoides,4,1030, cls_2 ,1.8374,1.0706,5.7739,115.1974
B_arachnoides,4,1038, cls_2 ,0.2042,1.0155,12.8686,63.9
B_arachnoides,4,1039, cls_2 ,1.1229,1.088,7.3188,71.4424
B_arachnoides,4,1040, cls_2 ,24.8055,1.1777,3.656,90.3682
B_arachnoides,4,1042, cls_2 ,0.4083,1.0975,1.942,404.1391
B_arachnoides,4,1044, cls_2 ,0.9187,1.063,16.6153,63.9
B_arachnoides,4,1050, cls_2 ,0.2042,1.0155,4.1936,71.4424
B_arachnoides,4,1060, cls_2 ,1.5312,1.053,13.8242,71.4424
B_arachnoides,4,1070, cls_2 ,0.8166,1.1265,4.0954,63.9
B_arachnoides,4,1078, cls_2 ,0.9187,1.063,4.7066,63.9
B_arachnoides,4,1091, cls_2 ,0.6125,1.0465,31.4138,90.3682
B_arachnoides,4,1092, cls_2 ,1.327,1.1073,7.8547,115.1974
B_arachnoides,4,1096, cls_2 ,6.6352,1.129,11.9492,159.75
B_arachnoides,4,1097, cls_2 ,7.9623,1.1262,4.4221,71.4424
B_arachnoides,4,1098, cls_2 ,0.5104,1.0261,1.7752,186.2989
B_arachnoides,4,1106, cls_2 ,1.5312,1.0311,4.3789,159.75
B_arachnoides,4,1114, cls_2 ,2.0416,1.0903,2.4757,135.5524
B_arachnoides,4,1116, cls_2 ,0.1021,1,2.6804,159.75
B_arachnoides,4,1124, cls_2 ,1.8374,1.102,1.8949,271.1047
B_arachnoides,4,1125, cls_2 ,5.7165,1.1749,4.0877,63.9
B_arachnoides,4,1128, cls_2 ,2.4499,1.1773,28.6328,63.9
B_arachnoides,4,1133, cls_2 ,15.4141,1.1318,4.1786,294.5644
B_arachnoides,4,1135, cls_2 ,0.7146,1.0283,17.8182,71.4424
B_arachnoides,4,1142, cls_2 ,2.7562,1.1281,1.7639,191.7
B_arachnoides,4,1143, cls_2 ,1.327,1.0467,2.7692,63.9
B_arachnoides,4,1146, cls_2 ,0.7146,1.0283,15.3313,63.9
B_arachnoides,4,1152, cls_2 ,1.225,1.0556,1.1367,474.9709
B_arachnoides,4,1156, cls_2 ,3.879,1.0608,2.0207,180.7365
B_arachnoides,4,1161, cls_2 ,0.1021,1,4.8877,63.9
B_arachnoides,4,1162, cls_2 ,2.6541,1.1116,1.7606,271.1047
B_arachnoides,4,1165, cls_2 ,1.4291,1.0987,1.9148,191.7
B_arachnoides,4,1166, cls_2 ,1.1229,1.0654,3.3755,159.75
B_arachnoides,4,1167, cls_2 ,0.2042,1.0155,1.5287,71.4424
B_arachnoides,4,1169, cls_2 ,6.7373,1.1219,3.0622,294.5644
B_arachnoides,4,1172, cls_2 ,11.1267,1.1075,11.7892,63.9
B_arachnoides,4,1175, cls_2 ,0.5104,1.0261,0.8912,71.4424
B_arachnoides,4,1176, cls_2 ,0.7146,1.0631,1.3569,451.8412
B_arachnoides,4,1179, cls_2 ,1.225,1.1167,1.3432,445.012
B_arachnoides,4,1189, cls_2 ,1.8374,1.1415,2.3664,202.0695
B_arachnoides,4,1199, cls_2 ,2.9603,1.1557,14.8593,63.9
B_arachnoides,4,1204, cls_2 ,2.1437,1.085,25.5221,71.4424
B_arachnoides,4,1208, cls_2 ,5.4103,1.1445,10.3695,63.9
B_arachnoides,4,1215, cls_2 ,0.5104,1.0688,8.7585,71.4424
B_arachnoides,4,1222, cls_2 ,1.5312,1.053,5.8963,63.9
B_arachnoides,4,1223, cls_2 ,0.8166,1.0769,22.6467,71.4424
B_arachnoides,4,1226, cls_2 ,2.552,1.1726,11.5673,71.4424
B_arachnoides,4,1227, cls_2 ,1.8374,1.0706,4.802,159.75
B_arachnoides,4,1228, cls_2 ,1.5312,1.053,0.1836,2585.3848
B_arachnoides,4,1230, cls_2 ,0.6125,1.0465,1.0587,860.2801
B_arachnoides,4,1232, cls_2 ,0.3062,1.0358,8.1436,63.9
B_arachnoides,4,1235, cls_2 ,10.5143,1.1452,20.8562,71.4424
B_arachnoides,4,1237, cls_2 ,0.7146,1.0631,2.4637,101.0348
B_arachnoides,4,1242, cls_2 ,3.5728,1.0904,2.1037,257.5891
B_arachnoides,4,1244, cls_2 ,1.8374,1.0706,2.3773,63.9
B_arachnoides,4,1245, cls_2 ,0.2042,1.0155,6.7842,63.9
B_arachnoides,4,1253, cls_2 ,0.5104,1.0688,12.877,71.4424
B_arachnoides,4,1256, cls_2 ,1.6333,1.0836,6.5338,214.3271
B_arachnoides,4,1257, cls_2 ,28.2762,1.0616,1.0577,243.324
B_arachnoides,4,1259, cls_2 ,2.0416,1.1172,4.5413,131.7332
B_arachnoides,4,1262, cls_2 ,15.1079,1.0561,29.8936,63.9
B_arachnoides,4,1263, cls_2 ,0.4083,1,40.4105,63.9
B_arachnoides,4,1265, cls_2 ,3.0624,1.0851,12.9918,71.4424
B_arachnoides,4,1267, cls_2 ,4.2874,1.1376,10.5949,71.4424
B_arachnoides,4,1275, cls_2 ,3.9811,1.1153,7.5047,90.3682
B_arachnoides,4,1276, cls_2 ,0.6125,1.0465,16.7656,115.1974
B_arachnoides,4,1277, cls_2 ,34.299,1.1752,35.2407,115.1974
B_arachnoides,4,1281, cls_2 ,4.2874,1.0813,7.6413,90.3682
B_arachnoides,4,1282, cls_2 ,0.3062,1.0358,6.2958,71.4424
B_arachnoides,4,1287, cls_2 ,15.6183,1.1274,5.7493,115.1974
B_arachnoides,4,1290, cls_2 ,0.7146,1.0631,5.1672,71.4424
B_arachnoides,4,1298, cls_2 ,1.0208,1.0764,8.5351,162.9137
B_arachnoides,4,1299, cls_2 ,5.2061,1.062,3.2761,142.8847
B_arachnoides,4,1302, cls_2 ,1.225,1.0306,5.9651,180.7365
B_arachnoides,4,1303, cls_2 ,1.5312,1.1228,23.1878,71.4424
B_arachnoides,4,1311, cls_2 ,5.8186,1.1682,9.2011,71.4424
B_arachnoides,4,1313, cls_2 ,6.5331,1.1009,0.2346,1182.15
B_arachnoides,4,1315, cls_2 ,4.0832,1.1497,63.5868,71.4424
B_arachnoides,4,1317, cls_2 ,30.7262,1.1797,37.1445,71.4424
B_arachnoides,4,1318, cls_2 ,2.9603,1.1202,21.2095,71.4424
B_arachnoides,4,1320, cls_2 ,1.8374,1.0706,3.43,142.8847
B_arachnoides,4,1322, cls_2 ,0.3062,1.0358,5.306,180.7365
B_arachnoides,4,1325, cls_2 ,1.6333,1.0657,2.5784,272.9809
B_arachnoides,4,1328, cls_2 ,0.1021,1,10.3929,95.85
B_arachnoides,4,1351, cls_2 ,6.5331,1.0876,6.1293,194.3443
B_arachnoides,4,1353, cls_2 ,1.4291,1.1154,1.8795,135.5524
B_arachnoides,4,1360, cls_2 ,0.9187,1.0889,2.0079,357.2119
B_arachnoides,4,1363, cls_2 ,0.8166,1.1031,1.7421,135.5524
B_arachnoides,4,1364, cls_2 ,0.4083,1.0537,8.9055,63.9
B_arachnoides,4,1373, cls_2 ,1.327,1.0219,10.4998,63.9
B_arachnoides,4,1377, cls_2 ,0.9187,1.0338,5.3767,115.1974
B_arachnoides,4,1379, cls_2 ,5.4103,1.0992,0.2287,1909.7977
B_arachnoides,4,1381, cls_2 ,2.0416,1.0754,25.2932,115.1974
B_arachnoides,4,1382, cls_2 ,1.8374,1.0869,3.8386,345.5921
B_arachnoides,4,1393, cls_2 ,1.8374,1.116,1.5803,257.5891
B_arachnoides,4,1396, cls_2 ,1.225,1.0556,2.6719,159.75
B_arachnoides,4,1397, cls_2 ,2.1437,1.1354,2.0383,159.75
B_arachnoides,4,1409, cls_2 ,1.7354,1.1226,0.2214,1178.2578
B_arachnoides,4,1447, cls_2 ,1.7354,1.0933,0.1626,549.6886
B_arachnoides,4,1475, cls_2 ,0.5104,1.0688,0.1752,549.6886
B_arachnoides,4,1476, cls_2 ,1.5312,1.053,0.1596,1909.7977
B_arachnoides,4,1494, cls_2 ,2.8582,1.0806,0.2423,1285.9627
B_arachnoides,4,1518, cls_2 ,0.7146,1.0932,0.6826,159.75
B_arachnoides,4,1524, cls_2 ,1.1229,1.088,0.2693,357.2119
B_arachnoides,4,1529, cls_2 ,0.8166,1.0769,0.5649,159.75
B_arachnoides,4,1540, cls_2 ,1.5312,1.0311,5.0374,71.4424
B_arachnoides,4,1550, cls_2 ,2.4499,1.056,3.1891,71.4424
B_arachnoides,4,1554, cls_2 ,1.6333,1.0836,0.2088,357.2119
B_arachnoides,4,1565, cls_2 ,0.8166,1.0473,0.1798,3595.6173
B_arachnoides,4,1620, cls_2 ,1.6333,1.046,0.1257,1689.7291
B_arachnoides,4,1674, cls_2 ,1.0208,1.0993,0.1334,1054.834
B_arachnoides,4,1702, cls_2 ,2.6541,1.1116,0.1096,1054.834
B_arachnoides,4,1706, cls_2 ,0.6125,1.0465,0.1189,830.7
B_arachnoides,4,1753, cls_2 ,1.5312,1.0909,0.0876,830.7
B_arachnoides,4,1767, cls_2 ,3.2666,1.0894,0.9526,90.3682
B_arachnoides,4,1783, cls_2 ,0.7146,1.0283,4.072,90.3682
B_arachnoides,4,371, cls_5 ,0.1021,1,0.0031,5774.5592
B_arachnoides,4,459, cls_5 ,0.7146,1.0283,0.0241,1071.1592
B_arachnoides,4,595, cls_5 ,2.6541,1.0884,0.0073,1071.1592
B_arachnoides,4,997, cls_5 ,8.4727,1.0693,0.0008,5774.5592
B_arachnoides,4,1691, cls_5 ,0.9187,1.112,3.2565,90.3682
B_arachnoides,4,1698, cls_5 ,2.6541,1.0622,1.1329,90.3682
B_arachnoides,4,1778, cls_5 ,1.225,1.0306,0.0267,843.5042
B_arachnoides,4,1804, cls_5 ,1.0208,1.0509,0.0238,843.5042
B_arachnoides,4,1811, cls_5 ,1.1229,1.0115,0.0138,1586.5998
B_arachnoides,4,1842, cls_5 ,0.6125,1.0465,0.009,1586.5998
B_arachnoides,4,377, cls_4 ,0.8166,1.0473,0.0177,2186.1833
B_arachnoides,4,596, cls_4 ,4.1853,1.1017,0.524,162.9137
B_arachnoides,4,640, cls_4 ,0.7146,1.0631,2.0418,162.9137
B_arachnoides,4,651, cls_4 ,1.6333,1.046,0.6131,232.5995
B_arachnoides,4,652, cls_4 ,0.7146,1.0283,1.0576,63.9
B_arachnoides,4,653, cls_4 ,0.2042,1.0155,2.0582,63.9
B_arachnoides,4,669, cls_4 ,2.4499,1.0971,0.3177,257.5891
B_arachnoides,4,703, cls_4 ,0.7146,1.0932,0.0012,9219.5544
B_arachnoides,4,1752, cls_4 ,0.4083,1.0975,0.0629,127.8
B_arachnoides,4,1764, cls_4 ,0.1021,1,0.2504,127.8
B_arachnoides,6,1, cls_2 ,0.6125,1.0465,1.0131,505.1739
B_arachnoides,6,7, cls_2 ,13.0663,1.1941,9.5932,63.9
B_arachnoides,6,15, cls_2 ,4.7978,1.0605,14.8755,162.9137
B_arachnoides,6,26, cls_2 ,38.178,1.1775,11.7883,71.4424
B_arachnoides,6,33, cls_2 ,1.5312,1.0909,60.8417,63.9
B_arachnoides,6,35, cls_2 ,8.2685,1.0508,12.2616,63.9
B_arachnoides,6,41, cls_2 ,8.3706,1.1308,5.3753,90.3682
B_arachnoides,6,49, cls_2 ,0.6125,1.0465,11.1826,191.7
B_arachnoides,6,51, cls_2 ,0.5104,1.0688,11.6953,90.3682
B_arachnoides,6,55, cls_2 ,31.9511,1.1608,10.8868,71.4424
B_arachnoides,6,58, cls_2 ,0.2042,1.0155,17.2282,71.4424
B_arachnoides,6,60, cls_2 ,1.9395,1.0809,0.6654,249.5375
B_arachnoides,6,62, cls_2 ,1.225,1.078,2.1411,373.9652
B_arachnoides,6,69, cls_2 ,3.879,1.0608,91.6391,71.4424
B_arachnoides,6,74, cls_2 ,1.1229,1.1085,1.003,191.7
B_arachnoides,6,77, cls_2 ,1.5312,1.0311,0.5681,191.7
B_arachnoides,6,83, cls_2 ,7.9623,1.1449,22.1826,63.9
B_arachnoides,6,86, cls_2 ,0.2042,1.0909,54.5169,71.4424
B_arachnoides,6,87, cls_2 ,0.5104,1.105,2.7804,373.9652
B_arachnoides,6,91, cls_2 ,26.8471,1.1719,5.928,71.4424
B_arachnoides,6,96, cls_2 ,7.2477,1.1632,19.0206,71.4424
B_arachnoides,6,98, cls_2 ,4.2874,1.1305,63.5391,71.4424
B_arachnoides,6,100, cls_2 ,0.8166,1.0473,0.3779,63.9
B_arachnoides,6,109, cls_2 ,0.1021,1,2.1181,63.9
B_arachnoides,6,111, cls_2 ,0.2042,1.0155,42.2049,90.3682
B_arachnoides,6,113, cls_2 ,1.225,1.0556,27.2009,63.9
B_arachnoides,6,116, cls_2 ,0.7146,1.0932,1.0551,528.8666
B_arachnoides,6,121, cls_2 ,2.0416,1.1294,2.3082,115.1974
B_arachnoides,6,126, cls_2 ,1.5312,1.0728,2.3551,115.1974
B_arachnoides,6,127, cls_2 ,0.4083,1.0537,0.9974,289.3196
B_arachnoides,6,142, cls_2 ,5.7165,1.1498,1.1669,257.5891
B_arachnoides,6,146, cls_2 ,5.3082,1.1284,1.0027,214.3271
B_arachnoides,6,151, cls_2 ,1.225,1.0556,2.6662,214.3271
B_arachnoides,6,156, cls_2 ,12.8621,1.1182,0.9823,549.6886
B_arachnoides,6,169, cls_2 ,0.8166,1.0769,0.2001,961.1588
B_arachnoides,6,175, cls_2 ,1.0208,1.0993,0.1943,961.1588
B_arachnoides,6,176, cls_2 ,35.7281,1.196,0.5088,505.1739
B_arachnoides,6,193, cls_2 ,4.8999,1.1662,1.5204,505.1739
B_arachnoides,6,205, cls_2 ,0.9187,1.063,2.1937,71.4424
B_arachnoides,6,208, cls_2 ,3.3686,1.1063,0.6794,135.5524
B_arachnoides,6,210, cls_2 ,0.1021,1,3.258,71.4424
B_arachnoides,6,228, cls_2 ,0.1021,1,0.0419,373.9652
B_arachnoides,6,236, cls_2 ,0.1021,1,0.0401,373.9652
B_arachnoides,6,307, cls_2 ,0.8166,1.0769,0.2245,71.4424
B_arachnoides,6,316, cls_2 ,0.1021,1,1.6235,71.4424
B_arachnoides,6,2, cls_3 ,2.4499,1.1311,2.547,479.25
B_arachnoides,6,4, cls_3 ,120.863,1.2355,43.3658,63.9
B_arachnoides,6,9, cls_3 ,1.4291,1.0805,14.7766,71.4424
B_arachnoides,6,11, cls_3 ,0.6125,1.0819,148.9836,90.3682
B_arachnoides,6,13, cls_3 ,0.2042,1.0155,1.8312,404.1391
B_arachnoides,6,14, cls_3 ,6.8394,1.1649,6.4831,71.4424
B_arachnoides,6,16, cls_3 ,34.7073,1.2034,13.9975,71.4424
B_arachnoides,6,18, cls_3 ,2.4499,1.056,301.6788,63.9
B_arachnoides,6,23, cls_3 ,1.5312,1.1372,238.315,71.4424
B_arachnoides,6,24, cls_3 ,5.7165,1.1884,309.135,63.9
B_arachnoides,6,25, cls_3 ,1.225,1.2143,9.0007,90.3682
B_arachnoides,6,27, cls_3 ,0.3062,1.0358,41.2498,71.4424
B_arachnoides,6,28, cls_3 ,1.225,1.1167,9.0431,101.0348
B_arachnoides,6,29, cls_3 ,0.1021,1,69.7858,71.4424
B_arachnoides,6,32, cls_3 ,9.6976,1.1252,38.4372,63.9
B_arachnoides,6,36, cls_3 ,0.4083,1.0537,8.7055,95.85
B_arachnoides,6,37, cls_3 ,0.3062,1.0914,4.5498,90.3682
B_arachnoides,6,38, cls_3 ,1.327,1.1242,9.6035,186.2989
B_arachnoides,6,39, cls_3 ,0.3062,1.0358,31.6367,63.9
B_arachnoides,6,40, cls_3 ,1.7354,1.0933,7.6186,90.3682
B_arachnoides,6,42, cls_3 ,3.879,1.118,38.1645,71.4424
B_arachnoides,6,44, cls_3 ,2.3478,1.146,5.1402,95.85
B_arachnoides,6,45, cls_3 ,0.7146,1.0631,41.114,63.9
B_arachnoides,6,46, cls_3 ,1.8374,1.102,273.4408,71.4424
B_arachnoides,6,52, cls_3 ,2.4499,1.1412,5.1933,90.3682
B_arachnoides,6,53, cls_3 ,11.7392,1.2339,52.3612,63.9
B_arachnoides,6,54, cls_3 ,0.8166,1.0473,135.2292,95.85
B_arachnoides,6,56, cls_3 ,1.225,1.1167,19.3605,71.4424
B_arachnoides,6,59, cls_3 ,3.4707,1.2047,45.8911,90.3682
B_arachnoides,6,61, cls_3 ,0.7146,1.0932,21.7682,115.1974
B_arachnoides,6,63, cls_3 ,6.2269,1.1917,162.5697,90.3682
B_arachnoides,6,64, cls_3 ,6.6352,1.1396,13.1832,115.1974
B_arachnoides,6,65, cls_3 ,1.7354,1.1084,138.1382,95.85
B_arachnoides,6,66, cls_3 ,2.6541,1.168,4.4352,127.8
B_arachnoides,6,68, cls_3 ,0.6125,1.0465,81.3446,63.9
B_arachnoides,6,70, cls_3 ,3.879,1.0819,3.1242,345.5921
B_arachnoides,6,71, cls_3 ,0.5104,1.0688,24.2209,159.75
B_arachnoides,6,72, cls_3 ,3.9811,1.1717,26.15,63.9
B_arachnoides,6,73, cls_3 ,1.6333,1.1889,40.6729,63.9
B_arachnoides,6,75, cls_3 ,0.5104,1.105,13.2573,71.4424
B_arachnoides,6,76, cls_3 ,7.656,1.2055,11.8555,71.4424
B_arachnoides,6,78, cls_3 ,2.0416,1.1042,19.5953,63.9
B_arachnoides,6,79, cls_3 ,0.1021,1,14.3541,63.9
B_arachnoides,6,80, cls_3 ,7.4519,1.1914,26.5911,71.4424
B_arachnoides,6,81, cls_3 ,14.4954,1.2017,6.1885,115.1974
B_arachnoides,6,82, cls_3 ,22.5597,1.2016,28.6667,71.4424
B_arachnoides,6,84, cls_3 ,0.2042,1.0155,22.6825,71.4424
B_arachnoides,6,89, cls_3 ,18.8848,1.2471,26.6212,63.9
B_arachnoides,6,90, cls_3 ,1.0208,1.2011,51.9545,63.9
B_arachnoides,6,99, cls_3 ,4.5936,1.1004,2.4538,204.5798
B_arachnoides,6,101, cls_3 ,6.4311,1.1842,47.7915,71.4424
B_arachnoides,6,103, cls_3 ,1.327,1.0467,10.5225,95.85
B_arachnoides,6,105, cls_3 ,1.1229,1.1888,21.5197,71.4424
B_arachnoides,6,106, cls_3 ,1.5312,1.0909,4.1089,257.5891
B_arachnoides,6,107, cls_3 ,5.0019,1.1528,1.6921,607.05
B_arachnoides,6,108, cls_3 ,0.2042,1.0909,61.9836,63.9
B_arachnoides,6,112, cls_3 ,0.4083,1.0537,8.9355,131.7332
B_arachnoides,6,114, cls_3 ,0.5104,1.0688,22.1308,71.4424
B_arachnoides,6,115, cls_3 ,0.6125,1.0465,4.0177,71.4424
B_arachnoides,6,117, cls_3 ,1.4291,1.0606,42.8865,71.4424
B_arachnoides,6,118, cls_3 ,1.225,1.0306,1.7898,607.05
B_arachnoides,6,119, cls_3 ,22.1514,1.1623,7.4299,63.9
B_arachnoides,6,120, cls_3 ,0.2042,1.0155,5.584,71.4424
B_arachnoides,6,122, cls_3 ,0.2042,1.0155,4.2952,71.4424
B_arachnoides,6,123, cls_3 ,1.8374,1.0869,2.1855,289.3196
B_arachnoides,6,124, cls_3 ,1.1229,1.0654,2.1001,289.3196
B_arachnoides,6,125, cls_3 ,1.4291,1.0987,1.4849,483.4912
B_arachnoides,6,128, cls_3 ,2.4499,1.1412,6.8559,115.1974
B_arachnoides,6,129, cls_3 ,26.1325,1.1745,5.8047,95.85
B_arachnoides,6,130, cls_3 ,3.4707,1.1606,7.0361,63.9
B_arachnoides,6,131, cls_3 ,0.7146,1.0631,1.0093,613.7395
B_arachnoides,6,132, cls_3 ,1.7354,1.0769,57.7941,63.9
B_arachnoides,6,133, cls_3 ,9.7997,1.1198,1.5683,483.4912
B_arachnoides,6,134, cls_3 ,0.9187,1.112,2.9036,115.1974
B_arachnoides,6,135, cls_3 ,1.0208,1.0764,12.1885,63.9
B_arachnoides,6,136, cls_3 ,0.2042,1.0155,11.318,63.9
B_arachnoides,6,137, cls_3 ,3.6749,1.1153,4.1239,63.9
B_arachnoides,6,138, cls_3 ,0.6125,1.1395,1.1774,364.286
B_arachnoides,6,139, cls_3 ,18.7828,1.2197,2.9472,194.3443
B_arachnoides,6,141, cls_3 ,0.8166,1.0769,3.2383,328.9454
B_arachnoides,6,143, cls_3 ,2.0416,1.0903,1.4601,364.286
B_arachnoides,6,144, cls_3 ,1.225,1.1167,6.2007,90.3682
B_arachnoides,6,145, cls_3 ,0.9187,1.112,7.0223,115.1974
B_arachnoides,6,147, cls_3 ,3.3686,1.0379,30.3881,95.85
B_arachnoides,6,148, cls_3 ,0.1021,1,8.2361,95.85
B_arachnoides,6,149, cls_3 ,1.8374,1.1415,1.6328,428.6542
B_arachnoides,6,150, cls_3 ,2.1437,1.1239,11.2428,90.3682
B_arachnoides,6,152, cls_3 ,1.8374,1.0529,7.725,71.4424
B_arachnoides,6,153, cls_3 ,2.552,1.1265,8.0711,71.4424
B_arachnoides,6,154, cls_3 ,0.1021,1,9.0567,71.4424
B_arachnoides,6,155, cls_3 ,2.8582,1.1752,6.5206,71.4424
B_arachnoides,6,157, cls_3 ,2.3478,1.0889,2.6717,443.8636
B_arachnoides,6,158, cls_3 ,0.3062,1.1369,2.8049,71.4424
B_arachnoides,6,159, cls_3 ,1.225,1.1495,4.9105,63.9
B_arachnoides,6,160, cls_3 ,46.9569,1.2238,2.6017,115.1974
B_arachnoides,6,161, cls_3 ,1.4291,1.0606,38.6585,115.1974
B_arachnoides,6,162, cls_3 ,0.2042,1.0155,2.8157,71.4424
B_arachnoides,6,163, cls_3 ,0.7146,1.0932,5.2505,63.9
B_arachnoides,6,164, cls_3 ,0.6125,1.0819,1.6433,443.8636
B_arachnoides,6,165, cls_3 ,4.5936,1.0744,9.2837,131.7332
B_arachnoides,6,166, cls_3 ,13.985,1.1379,1.9766,71.4424
B_arachnoides,6,167, cls_3 ,0.8166,1.0769,1.5923,289.3196
B_arachnoides,6,168, cls_3 ,0.7146,1.1434,3.5417,95.85
B_arachnoides,6,170, cls_3 ,0.6125,1.0819,1.6041,289.3196
B_arachnoides,6,171, cls_3 ,0.1021,1,28.6266,71.4424
B_arachnoides,6,172, cls_3 ,4.6957,1.2188,6.3902,63.9
B_arachnoides,6,173, cls_3 ,0.2042,1.0155,4.9898,71.4424
B_arachnoides,6,174, cls_3 ,1.4291,1.1454,9.6992,63.9
B_arachnoides,6,177, cls_3 ,1.1229,1.088,7.6772,63.9
B_arachnoides,6,178, cls_3 ,1.4291,1.1309,22.8401,63.9
B_arachnoides,6,180, cls_3 ,1.4291,1.1154,5.0793,71.4424
B_arachnoides,6,181, cls_3 ,1.8374,1.0529,10.6139,71.4424
B_arachnoides,6,182, cls_3 ,0.2042,1.0155,13.7514,63.9
B_arachnoides,6,183, cls_3 ,1.8374,1.102,5.7188,63.9
B_arachnoides,6,184, cls_3 ,7.3498,1.1741,8.3028,63.9
B_arachnoides,6,185, cls_3 ,1.1229,1.0402,4.6467,135.5524
B_arachnoides,6,186, cls_3 ,0.9187,1.0338,8.0174,63.9
B_arachnoides,6,187, cls_3 ,1.0208,1.1199,22.2781,63.9
B_arachnoides,6,188, cls_3 ,2.9603,1.0769,1.5383,357.2119
B_arachnoides,6,189, cls_3 ,0.7146,1.0631,3.3878,131.7332
B_arachnoides,6,190, cls_3 ,1.0208,1.0993,5.2043,191.7
B_arachnoides,6,191, cls_3 ,2.6541,1.1116,2.465,131.7332
B_arachnoides,6,192, cls_3 ,1.4291,1.1154,3.5505,71.4424
B_arachnoides,6,194, cls_3 ,1.8374,1.102,3.2698,115.1974
B_arachnoides,6,195, cls_3 ,0.7146,1.0631,4.901,71.4424
B_arachnoides,6,196, cls_3 ,1.0208,1.0764,3.9117,115.1974
B_arachnoides,6,197, cls_3 ,0.8166,1.0473,1.5698,1443.4188
B_arachnoides,6,198, cls_3 ,0.2042,1.0909,3.5803,71.4424
B_arachnoides,6,199, cls_3 ,2.1437,1.1462,2.6773,194.3443
B_arachnoides,6,200, cls_3 ,0.7146,1.1197,2.7993,194.3443
B_arachnoides,6,201, cls_3 ,0.7146,1.0932,2.6341,71.4424
B_arachnoides,6,202, cls_3 ,8.0643,1.1436,5.7375,95.85
B_arachnoides,6,203, cls_3 ,1.0208,1.0509,3.7564,395.1997
B_arachnoides,6,204, cls_3 ,1.7354,1.1226,5.4178,364.286
B_arachnoides,6,206, cls_3 ,9.2893,1.2032,13.9809,63.9
B_arachnoides,6,207, cls_3 ,3.1645,1.07,11.4377,95.85
B_arachnoides,6,209, cls_3 ,0.8166,1.0769,5.5354,159.75
B_arachnoides,6,211, cls_3 ,0.9187,1.112,30.4262,63.9
B_arachnoides,6,212, cls_3 ,2.6541,1.1597,28.8042,63.9
B_arachnoides,6,213, cls_3 ,1.4291,1.0606,3.5191,1572.0569
B_arachnoides,6,214, cls_3 ,1.0208,1.0764,10.6465,127.8
B_arachnoides,6,215, cls_3 ,4.8999,1.0485,4.9268,257.5891
B_arachnoides,6,216, cls_3 ,0.8166,1.0131,5.5165,142.8847
B_arachnoides,6,217, cls_3 ,0.8166,1.1031,3.3649,497.0254
B_arachnoides,6,218, cls_3 ,1.5312,1.0728,12.5181,204.5798
B_arachnoides,6,219, cls_3 ,24.9076,1.1873,92.9859,63.9
B_arachnoides,6,220, cls_3 ,1.7354,1.1815,73.3203,63.9
B_arachnoides,6,221, cls_3 ,0.9187,1.0338,35.5552,90.3682
B_arachnoides,6,224, cls_3 ,1.9395,1.0471,39.376,578.6391
B_arachnoides,6,225, cls_3 ,78.908,1.2032,4282.5099,63.9
B_arachnoides,6,227, cls_3 ,3.9811,1.0792,12.8867,63.9
B_arachnoides,6,229, cls_3 ,1.1229,1.0115,36.12,383.4
B_arachnoides,6,230, cls_3 ,0.2042,1.0155,6.341,225.9206
B_arachnoides,6,231, cls_3 ,1.7354,1.059,14.9231,186.2989
B_arachnoides,6,232, cls_3 ,1.0208,1.022,14.7793,63.9
B_arachnoides,6,233, cls_3 ,1.8374,1.0529,18.4264,479.25
B_arachnoides,6,234, cls_3 ,0.9187,1.0338,1.3979,913.7923
B_arachnoides,6,235, cls_3 ,0.5104,1.105,8.9166,225.9206
B_arachnoides,6,237, cls_3 ,1.9395,1.0809,681.2647,159.75
B_arachnoides,6,238, cls_3 ,1737.61,1.2946,296.1993,63.9
B_arachnoides,6,239, cls_3 ,0.2042,1.0155,166.9175,71.4424
B_arachnoides,6,240, cls_3 ,7.2477,1.0705,1702.5318,101.0348
B_arachnoides,6,241, cls_3 ,0.4083,1,60.027,63.9
B_arachnoides,6,242, cls_3 ,0.6125,1.1125,4257.6162,63.9
B_arachnoides,6,243, cls_3 ,3.3686,1.0965,129.0639,63.9
B_arachnoides,6,244, cls_3 ,2.4499,1.0706,2.5152,913.7923
B_arachnoides,6,245, cls_3 ,1.5312,1.1075,16.9421,339.6332
B_arachnoides,6,246, cls_3 ,0.9187,1.063,44.7271,63.9
B_arachnoides,6,247, cls_3 ,10.9226,1.1378,57.0568,63.9
B_arachnoides,6,249, cls_3 ,4.3895,1.1485,682.9807,159.75
B_arachnoides,6,250, cls_3 ,0.1021,1,4261.7549,63.9
B_arachnoides,6,251, cls_3 ,1.327,1.1242,681.4659,159.75
B_arachnoides,6,255, cls_3 ,0.1021,1,4256.4168,63.9
B_arachnoides,6,256, cls_3 ,0.1021,1,75.9302,63.9
B_arachnoides,6,257, cls_3 ,1.6333,1.1154,4255.8741,63.9
B_arachnoides,6,259, cls_3 ,1.1229,1.0654,124.9728,63.9
B_arachnoides,6,263, cls_3 ,0.1021,1,3404.7732,71.4424
B_arachnoides,6,265, cls_3 ,0.1021,1,3405.0793,71.4424
B_arachnoides,6,267, cls_3 ,2.0416,1.1518,15.0985,232.5995
B_arachnoides,6,273, cls_3 ,0.5104,1.0688,15.9501,135.5524
B_arachnoides,6,274, cls_3 ,11.5351,1.1501,32.5683,63.9
B_arachnoides,6,275, cls_3 ,0.6125,1.0819,4262.7007,63.9
B_arachnoides,6,277, cls_3 ,1.4291,1.0606,88.1168,339.6332
B_arachnoides,6,278, cls_3 ,6.1248,1.0463,4256.2033,63.9
B_arachnoides,6,280, cls_3 ,0.6125,1.0465,4256.4823,63.9
B_arachnoides,6,281, cls_3 ,15.21,1.1859,3407.6083,71.4424
B_arachnoides,6,283, cls_3 ,3.879,1.0716,475.6159,95.85
B_arachnoides,6,285, cls_3 ,2.9603,1.0366,35.8986,63.9
B_arachnoides,6,287, cls_3 ,2.552,1.0359,3421.52,71.4424
B_arachnoides,6,288, cls_3 ,1.327,1.0467,2128.3611,90.3682
B_arachnoides,6,289, cls_3 ,0.9187,1.0889,3406.6719,71.4424
B_arachnoides,6,290, cls_3 ,2.4499,1.1509,4256.7078,63.9
B_arachnoides,6,291, cls_3 ,0.6125,1.0047,103.44,63.9
B_arachnoides,6,292, cls_3 ,0.7146,1.0283,210.748,63.9
B_arachnoides,6,293, cls_3 ,1.327,1.0219,1064.8993,127.8
B_arachnoides,6,294, cls_3 ,4.4915,1.1027,551.6873,63.9
B_arachnoides,6,295, cls_3 ,2.9603,1.0887,4276.4087,63.9
B_arachnoides,6,297, cls_3 ,2.1437,1.085,2130.1765,90.3682
B_arachnoides,6,300, cls_3 ,1.225,1.0982,1311.3688,71.4424
B_arachnoides,6,303, cls_3 ,0.8166,1.0769,214.3242,101.0348
B_arachnoides,6,304, cls_3 ,4.4915,1.0944,157.3806,63.9
B_arachnoides,6,305, cls_3 ,0.2042,1.0155,351.2586,71.4424
B_arachnoides,6,306, cls_3 ,1.4291,1.0987,99.2112,63.9
B_arachnoides,6,308, cls_3 ,0.8166,1.0473,1064.7475,127.8
B_arachnoides,6,312, cls_3 ,0.8166,1.0473,1703.7288,101.0348
B_arachnoides,6,313, cls_3 ,0.1021,1,3405.3984,71.4424
B_arachnoides,6,318, cls_3 ,0.3062,1.0358,4256.4224,63.9
B_arachnoides,6,320, cls_3 ,1.327,1.089,36.5136,303.1043
B_arachnoides,6,321, cls_3 ,11.2288,1.1424,13.8293,63.9
B_arachnoides,6,325, cls_3 ,1.7354,1.059,174.5717,316.2889
B_arachnoides,6,332, cls_3 ,1.7354,1.0395,40.8234,63.9
B_arachnoides,6,336, cls_3 ,0.7146,1.1649,38.0103,63.9
B_arachnoides,6,339, cls_3 ,8.3706,1.1353,72.9972,71.4424
B_arachnoides,6,340, cls_3 ,1.327,1.0689,116.2313,243.324
B_arachnoides,6,345, cls_3 ,1.1229,1.0402,2129.2203,71.4424
B_arachnoides,6,348, cls_3 ,0.6125,1.0047,349.846,71.4424
B_arachnoides,6,352, cls_3 ,0.5104,1.0261,1702.4476,101.0348
B_arachnoides,6,360, cls_3 ,1.327,1.0689,4255.7368,63.9
B_arachnoides,6,3, cls_1 ,14798.1655,1.2325,270.5727,63.9
B_arachnoides,6,6, cls_1 ,0.4083,1.0537,36242.1231,63.9
B_arachnoides,6,8, cls_1 ,0.6125,1.0465,36242.0666,63.9
B_arachnoides,6,10, cls_1 ,0.4083,1,7250.7788,63.9
B_arachnoides,6,12, cls_1 ,0.6125,1.0819,9065.4941,63.9
B_arachnoides,6,17, cls_1 ,3.6749,1.1612,9061.4108,95.85
B_arachnoides,6,19, cls_1 ,0.8166,1.0769,14497.33,101.0348
B_arachnoides,6,20, cls_1 ,1.225,1.1495,18121.2438,90.3682
B_arachnoides,6,21, cls_1 ,0.5104,1.0688,28993.7269,71.4424
B_arachnoides,6,30, cls_1 ,0.2042,1.0155,36243.4583,63.9
B_arachnoides,6,34, cls_1 ,0.2042,1.0155,36241.6544,63.9
B_arachnoides,6,48, cls_1 ,0.3062,1.0358,18121.0965,90.3682
B_arachnoides,6,85, cls_1 ,2.1437,1.1462,28993.9672,71.4424
B_arachnoides,6,88, cls_1 ,1.225,1.0306,36243.059,63.9
B_arachnoides,6,92, cls_1 ,0.2042,1.0155,28997.6139,71.4424
B_arachnoides,6,93, cls_1 ,1.7354,1.1084,9060.7652,127.8
B_arachnoides,6,94, cls_1 ,0.1021,1,11151.2576,115.1974
B_arachnoides,6,95, cls_1 ,0.5104,1.0688,18122.0654,90.3682
B_arachnoides,6,97, cls_1 ,0.3062,1.0358,7249.2634,115.1974
B_arachnoides,6,102, cls_1 ,1.225,1.078,36243.2975,63.9
B_arachnoides,6,104, cls_1 ,0.9187,1.112,5799.6429,71.4424
B_arachnoides,6,110, cls_1 ,0.3062,1.0914,8529.465,71.4424
B_arachnoides,6,140, cls_1 ,1.6333,1.0243,16107.3526,95.85
B_arachnoides,6,179, cls_1 ,0.1021,1,28993.2377,71.4424
B_arachnoides,6,248, cls_1 ,0.1021,1,28993.6188,71.4424
B_arachnoides,6,252, cls_1 ,0.8166,1.0473,5576.5167,90.3682
B_arachnoides,6,253, cls_1 ,0.1021,1,28993.4697,71.4424
B_arachnoides,6,254, cls_1 ,0.6125,1.0819,9061.5358,90.3682
B_arachnoides,6,258, cls_1 ,0.2042,1.0155,28995.1525,71.4424
B_arachnoides,6,260, cls_1 ,0.1021,1,28993.3418,71.4424
B_arachnoides,6,261, cls_1 ,2.4499,1.1601,36242.4119,63.9
B_arachnoides,6,262, cls_1 ,0.1021,1,36241.7822,63.9
B_arachnoides,6,264, cls_1 ,10.3101,1.1836,28994.0067,71.4424
B_arachnoides,6,269, cls_1 ,1.0208,1.0509,36242.1469,63.9
B_arachnoides,6,270, cls_1 ,0.5104,1.0688,8056.9046,71.4424
B_arachnoides,6,271, cls_1 ,0.8166,1.0769,5580.9452,71.4424
B_arachnoides,6,272, cls_1 ,0.2042,1.0155,36242.3258,63.9
B_arachnoides,6,276, cls_1 ,0.7146,1.0932,2377.4694,249.5375
B_arachnoides,6,279, cls_1 ,0.8166,1.0769,28993.6379,71.4424
B_arachnoides,6,282, cls_1 ,0.2042,1.0155,28994.8502,71.4424
B_arachnoides,6,284, cls_1 ,0.5104,1.105,7249.2432,142.8847
B_arachnoides,6,286, cls_1 ,0.5104,1.1362,11152.2632,71.4424
B_arachnoides,6,298, cls_1 ,1.225,1.078,5575.7902,162.9137
B_arachnoides,6,301, cls_1 ,1.5312,1.053,28999.6316,71.4424
B_arachnoides,6,302, cls_1 ,0.3062,1.0358,9061.0499,127.8
B_arachnoides,6,309, cls_1 ,0.1021,1,7265.6608,71.4424
B_arachnoides,6,310, cls_1 ,1.0208,1.0509,16108.937,63.9
B_arachnoides,6,311, cls_1 ,0.6125,1.1637,5839.7601,71.4424
B_arachnoides,6,315, cls_1 ,0.2042,1.0909,11151.5258,115.1974
B_arachnoides,6,317, cls_1 ,0.3062,1.0358,36244.8951,63.9
B_arachnoides,6,319, cls_1 ,163.7367,1.1444,16120.1972,90.3682
B_arachnoides,6,322, cls_1 ,4.1853,1.1402,7312.9966,63.9
B_arachnoides,6,323, cls_1 ,0.4083,1.0537,8527.8706,131.7332
B_arachnoides,6,324, cls_1 ,1.0208,1.1388,18122.5068,90.3682
B_arachnoides,6,326, cls_1 ,0.2042,1.0155,36241.7452,63.9
B_arachnoides,6,328, cls_1 ,0.1021,1,2265.394,63.9
B_arachnoides,6,330, cls_1 ,3.1645,1.0575,16108.7559,95.85
B_arachnoides,6,331, cls_1 ,4.4915,1.1395,36241.9066,63.9
B_arachnoides,6,333, cls_1 ,0.1021,1,1285.9826,95.85
B_arachnoides,6,334, cls_1 ,0.1021,1,36259.2082,63.9
B_arachnoides,6,335, cls_1 ,2.6541,1.151,9074.9721,63.9
B_arachnoides,6,337, cls_1 ,0.3062,1.0358,897.0321,95.85
B_arachnoides,6,338, cls_1 ,1.8374,1.0335,917.6719,159.75
B_arachnoides,6,341, cls_1 ,0.2042,1.0909,16107.7922,95.85
B_arachnoides,6,342, cls_1 ,0.6125,1.1125,2231.8821,257.5891
B_arachnoides,6,343, cls_1 ,18.4765,1.1323,4264.4396,186.2989
B_arachnoides,6,346, cls_1 ,2.2458,1.1301,2514.1272,243.324
B_arachnoides,6,347, cls_1 ,0.7146,1.0631,344.8422,243.324
B_arachnoides,6,350, cls_1 ,6.1248,1.0794,329.9717,90.3682
B_arachnoides,6,351, cls_1 ,0.2042,1.0155,409.4911,71.4424
B_arachnoides,6,353, cls_1 ,0.2042,1.0155,360.062,71.4424
B_arachnoides,6,355, cls_1 ,10.3101,1.0911,372.7517,127.8
B_arachnoides,6,356, cls_1 ,1.327,1.0689,313.5886,127.8
B_arachnoides,6,357, cls_1 ,0.7146,1.0932,88.9573,287.55
B_arachnoides,6,358, cls_1 ,0.5104,1.1362,178.1857,71.4424
B_arachnoides,6,361, cls_1 ,0.1021,1,136.4465,71.4424
B_arachnoides,6,362, cls_1 ,0.2042,1.0155,99.7596,434.567
B_arachnoides,6,363, cls_1 ,0.1021,1,109.9991,71.4424
B_arachnoides,6,365, cls_1 ,0.3062,1.0358,81.0413,321.0935
B_arachnoides,6,366, cls_1 ,4.7978,1.1514,67.6905,159.75
B_arachnoides,6,367, cls_1 ,0.3062,1.0358,44.772,159.75
B_arachnoides,6,5, cls_4 ,15.9245,1.1744,1.5045,194.3443
B_arachnoides,6,22, cls_4 ,4.3895,1.1131,1.36,223.65
B_arachnoides,6,31, cls_4 ,4.2874,1.1075,4.746,194.3443
B_arachnoides,6,43, cls_4 ,1.1229,1.1271,2.5495,223.65
B_arachnoides,6,47, cls_4 ,0.8166,1.0131,0.8662,191.7
B_arachnoides,6,50, cls_4 ,0.9187,1.1328,2.1791,194.3443
B_arachnoides,6,57, cls_4 ,2.0416,1.1042,1.0397,142.8847
B_arachnoides,6,67, cls_4 ,1.0208,1.0509,1.2068,142.8847
B_arachnoides,6,329, cls_4 ,0.5104,1.0261,0.0081,2443.7051
B_arachnoides,6,344, cls_4 ,0.8166,1.0473,0.989,142.8847
B_arachnoides,6,349, cls_4 ,1.8374,1.0529,1.4393,101.0348
B_arachnoides,6,354, cls_4 ,1.0208,1.0764,1.9138,101.0348
B_arachnoides,6,359, cls_4 ,0.8166,1.0131,0.0629,728.5721
B_arachnoides,6,364, cls_4 ,1.4291,1.0606,0.0987,546.8959
B_arachnoides,6,222, cls_6 ,0.5104,1.0261,0.0024,3282.1531
B_arachnoides,6,266, cls_6 ,2.2458,1.0492,0.0019,2233.9882
B_arachnoides,6,299, cls_6 ,0.6125,1.0465,0.0021,3243.3578
B_arachnoides,6,327, cls_6 ,0.5104,1.0261,0.0053,2233.9882
B_arachnoides,6,223, cls_5 ,0.6125,1.0047,3.2092,71.4424
B_arachnoides,6,226, cls_5 ,1.6333,1.0243,1.2093,71.4424
B_arachnoides,6,268, cls_5 ,15.312,1.0598,0.0328,1292.6924
B_arachnoides,6,296, cls_5 ,4.8999,1.1491,0.0867,829.4702
B_arachnoides,6,314, cls_5 ,3.0624,1.126,0.1634,829.4702
B_arachnoides,5,1, cls_1 ,9082.3861,1.165,319.6163,63.9
B_arachnoides,5,2, cls_1 ,0.2042,1.0909,17794.6639,71.4424
B_arachnoides,5,5, cls_1 ,0.1021,1,5233.9671,101.0348
B_arachnoides,5,6, cls_1 ,0.2042,1.0155,5233.8697,101.0348
B_arachnoides,5,9, cls_1 ,0.5104,1.0261,6844.1305,115.1974
B_arachnoides,5,16, cls_1 ,0.7146,1.0631,17794.668,71.4424
B_arachnoides,5,21, cls_1 ,1.5312,1.0728,17794.6636,71.4424
B_arachnoides,5,44, cls_1 ,14.0871,1.1133,11123.4249,90.3682
B_arachnoides,5,47, cls_1 ,6.5331,1.0876,17799.2293,71.4424
B_arachnoides,5,49, cls_1 ,1.225,1.0982,11125.4484,90.3682
B_arachnoides,5,50, cls_1 ,4.2874,1.1808,22243.8101,63.9
B_arachnoides,5,56, cls_1 ,1.0208,1.0764,1225.1236,101.0348
B_arachnoides,5,59, cls_1 ,0.9187,1.112,1787.7608,101.0348
B_arachnoides,5,62, cls_1 ,9.9018,1.0949,497.3729,191.7
B_arachnoides,5,65, cls_1 ,0.2042,1.0155,17796.0687,71.4424
B_arachnoides,5,67, cls_1 ,11.9434,1.1565,6868.1471,71.4424
B_arachnoides,5,68, cls_1 ,4.4915,1.0766,2622.2463,186.2989
B_arachnoides,5,70, cls_1 ,0.5104,1.105,553.6224,71.4424
B_arachnoides,5,72, cls_1 ,0.5104,1.105,6844.909,115.1974
B_arachnoides,5,74, cls_1 ,0.8166,1.1031,17796.8457,71.4424
B_arachnoides,5,77, cls_1 ,1.4291,1.0987,275.0802,63.9
B_arachnoides,5,78, cls_1 ,2.9603,1.0509,22247.6406,63.9
B_arachnoides,5,80, cls_1 ,1.225,1.0982,175.6996,63.9
B_arachnoides,5,83, cls_1 ,2.4499,1.109,17806.4127,71.4424
B_arachnoides,5,84, cls_1 ,105.2447,1.2261,6910.5896,63.9
B_arachnoides,5,85, cls_1 ,0.7146,1.0631,9891.5039,95.85
B_arachnoides,5,86, cls_1 ,2.2458,1.0799,1062.5483,71.4424
B_arachnoides,5,87, cls_1 ,0.7146,1.1434,243.3366,243.324
B_arachnoides,5,88, cls_1 ,75.7435,1.1564,141.1705,95.85
B_arachnoides,5,89, cls_1 ,0.4083,1.1346,8938.9299,101.0348
B_arachnoides,5,90, cls_1 ,0.1021,1,18001.2304,71.4424
B_arachnoides,5,91, cls_1 ,0.3062,1.0914,22259.0323,63.9
B_arachnoides,5,92, cls_1 ,3.1645,1.07,1112.0588,63.9
B_arachnoides,5,94, cls_1 ,22.3556,1.1092,17813.0034,71.4424
B_arachnoides,5,95, cls_1 ,0.5104,1.0261,329.5771,63.9
B_arachnoides,5,96, cls_1 ,23.2743,1.1111,394.2674,71.4424
B_arachnoides,5,98, cls_1 ,0.5104,1.0688,3440.5953,162.9137
B_arachnoides,5,99, cls_1 ,3.879,1.0916,284.874,71.4424
B_arachnoides,5,105, cls_1 ,1.0208,1.1199,6858.1703,115.1974
B_arachnoides,5,107, cls_1 ,0.4083,1.0537,244.756,115.1974
B_arachnoides,5,108, cls_1 ,1.7354,1.0933,138.0421,95.85
B_arachnoides,5,109, cls_1 ,7.5539,1.0665,3435.5353,127.8
B_arachnoides,5,110, cls_1 ,1.6333,1.0657,216.8941,90.3682
B_arachnoides,5,111, cls_1 ,3.9811,1.069,8904.7108,101.0348
B_arachnoides,5,112, cls_1 ,10.9226,1.1301,1993.1746,115.1974
B_arachnoides,5,114, cls_1 ,3.4707,1.1299,270.1202,172.056
B_arachnoides,5,115, cls_1 ,25.5201,1.1531,560.6175,63.9
B_arachnoides,5,117, cls_1 ,1.225,1.0982,22244.8465,63.9
B_arachnoides,5,118, cls_1 ,0.6125,1.0047,3560.7723,159.75
B_arachnoides,5,119, cls_1 ,0.7146,1.0283,76.4855,232.5995
B_arachnoides,5,120, cls_1 ,0.5104,1.0261,50.3363,287.55
B_arachnoides,5,121, cls_1 ,0.6125,1.0819,238.6334,214.3271
B_arachnoides,5,124, cls_1 ,0.2042,1.0155,379.79,63.9
B_arachnoides,5,125, cls_1 ,0.4083,1.0975,2414.8773,115.1974
B_arachnoides,5,126, cls_1 ,5.7165,1.1144,22249.9454,63.9
B_arachnoides,5,127, cls_1 ,0.7146,1.0631,779.8208,63.9
B_arachnoides,5,128, cls_1 ,1.5312,1.1075,1127.1207,63.9
B_arachnoides,5,130, cls_1 ,1.6333,1.1296,1157.5298,95.85
B_arachnoides,5,132, cls_1 ,0.9187,1.063,9893.7485,95.85
B_arachnoides,5,134, cls_1 ,35.2177,1.124,17816.2772,63.9
B_arachnoides,5,135, cls_1 ,3.4707,1.0721,298.3965,63.9
B_arachnoides,5,137, cls_1 ,0.1021,1,22256.4443,63.9
B_arachnoides,5,139, cls_1 ,1.7354,1.0933,6854.4851,63.9
B_arachnoides,5,140, cls_1 ,13.7808,1.0875,9910.8853,95.85
B_arachnoides,5,142, cls_1 ,0.8166,1.1477,625.8971,101.0348
B_arachnoides,5,144, cls_1 ,3.3686,1.1492,1379.2167,127.8
B_arachnoides,5,145, cls_1 ,0.4083,1.0975,3562.3394,95.85
B_arachnoides,5,147, cls_1 ,0.2042,1.0155,1049.7274,95.85
B_arachnoides,5,148, cls_1 ,1.0208,1.0509,17796.8764,71.4424
B_arachnoides,5,149, cls_1 ,0.1021,1,22244.6283,63.9
B_arachnoides,5,151, cls_1 ,0.2042,1.0155,483.7883,172.056
B_arachnoides,5,153, cls_1 ,0.1021,1,213.3421,90.3682
B_arachnoides,5,3, cls_3 ,23.1722,1.0649,280.4652,90.3682
B_arachnoides,5,4, cls_3 ,50.938,1.1843,14.3701,101.0348
B_arachnoides,5,7, cls_3 ,217.7372,1.1539,40.59,63.9
B_arachnoides,5,8, cls_3 ,1.4291,1.1454,52.9944,204.5798
B_arachnoides,5,10, cls_3 ,1.6333,1.046,79.1039,101.0348
B_arachnoides,5,11, cls_3 ,0.1021,1,3.3775,135.5524
B_arachnoides,5,12, cls_3 ,2.7562,1.1637,164.7505,115.1974
B_arachnoides,5,13, cls_3 ,0.4083,1,6.4322,63.9
B_arachnoides,5,14, cls_3 ,0.9187,1.0889,268.6452,90.3682
B_arachnoides,5,15, cls_3 ,1.6333,1.0657,4.8176,63.9
B_arachnoides,5,17, cls_3 ,1.8374,1.0529,18.4239,204.5798
B_arachnoides,5,18, cls_3 ,1.5312,1.0909,6.5207,101.0348
B_arachnoides,5,19, cls_3 ,0.1021,1,13.1348,63.9
B_arachnoides,5,20, cls_3 ,3.879,1.1553,3.6209,63.9
B_arachnoides,5,22, cls_3 ,2.7562,1.1376,27.849,115.1974
B_arachnoides,5,23, cls_3 ,2.8582,1.0924,65.4728,115.1974
B_arachnoides,5,24, cls_3 ,3.879,1.1553,237.7577,95.85
B_arachnoides,5,25, cls_3 ,0.5104,1.0261,534.0171,63.9
B_arachnoides,5,26, cls_3 ,0.5104,1.0688,15.7128,319.5
B_arachnoides,5,27, cls_3 ,0.2042,1.0155,27.3473,71.4424
B_arachnoides,5,28, cls_3 ,0.1021,1,15.8824,71.4424
B_arachnoides,5,29, cls_3 ,0.6125,1.0465,1.0349,2215.8655
B_arachnoides,5,30, cls_3 ,0.7146,1.0932,0.8095,474.9709
B_arachnoides,5,31, cls_3 ,2.9603,1.0769,0.8926,474.9709
B_arachnoides,5,32, cls_3 ,2.0416,1.0754,24.6175,289.3196
B_arachnoides,5,33, cls_3 ,2.4499,1.0706,81.8962,159.75
B_arachnoides,5,34, cls_3 ,6.2269,1.1299,22.9098,194.3443
B_arachnoides,5,35, cls_3 ,0.9187,1.0338,134.5057,159.75
B_arachnoides,5,36, cls_3 ,1.6333,1.0836,921.9043,115.1974
B_arachnoides,5,37, cls_3 ,0.7146,1.0283,14.1819,194.3443
B_arachnoides,5,38, cls_3 ,3.0624,1.0962,122.5972,263.4664
B_arachnoides,5,39, cls_3 ,1222.2068,1.3029,89.9681,63.9
B_arachnoides,5,40, cls_3 ,0.5104,1.0688,2994.8559,63.9
B_arachnoides,5,41, cls_3 ,106.7759,1.2137,493.7929,63.9
B_arachnoides,5,42, cls_3 ,1.1229,1.0115,53.3437,159.75
B_arachnoides,5,43, cls_3 ,0.5104,1.0261,94.1397,63.9
B_arachnoides,5,46, cls_3 ,1.9395,1.096,295.0423,63.9
B_arachnoides,5,48, cls_3 ,1.4291,1.0606,14.5967,928.7508
B_arachnoides,5,51, cls_3 ,2.8582,1.068,300.6591,162.9137
B_arachnoides,5,60, cls_3 ,24.6013,1.1802,891.8046,71.4424
B_arachnoides,5,61, cls_3 ,1.4291,1.0606,47.5428,272.9809
B_arachnoides,5,63, cls_3 ,19.1911,1.1676,720.9338,71.4424
B_arachnoides,5,64, cls_3 ,1.6333,1.0836,127.7037,71.4424
B_arachnoides,5,71, cls_3 ,2.1437,1.054,135.7751,272.9809
B_arachnoides,5,75, cls_3 ,0.1021,1,1197.5029,101.0348
B_arachnoides,5,76, cls_3 ,2.2458,1.1301,56.849,257.5891
B_arachnoides,5,79, cls_3 ,1.0208,1.022,275.5816,63.9
B_arachnoides,5,81, cls_3 ,0.2042,1.0909,1496.9316,90.3682
B_arachnoides,5,82, cls_3 ,1.6333,1.0836,959.3249,71.4424
B_arachnoides,5,93, cls_3 ,0.8166,1.0769,1330.9366,95.85
B_arachnoides,5,97, cls_3 ,3.879,1.1484,705.6259,63.9
B_arachnoides,5,100, cls_3 ,7.9623,1.1358,1330.5607,95.85
B_arachnoides,5,102, cls_3 ,0.2042,1.0155,333.6635,63.9
B_arachnoides,5,104, cls_3 ,0.4083,1.1346,1330.7757,95.85
B_arachnoides,5,113, cls_3 ,0.7146,1.0631,2993.719,63.9
B_arachnoides,5,131, cls_3 ,1.4291,1.0606,1330.7272,95.85
B_arachnoides,5,136, cls_3 ,0.1021,1,2993.6839,63.9
B_arachnoides,5,141, cls_3 ,0.1021,1,2993.4995,63.9
B_arachnoides,5,146, cls_3 ,3.2666,1.0543,323.8603,194.3443
B_arachnoides,5,150, cls_3 ,0.2042,1.0155,184.518,90.3682
B_arachnoides,5,152, cls_3 ,0.1021,1,413.301,90.3682
B_arachnoides,5,45, cls_6 ,0.8166,1.1265,0.1698,1657.7094
B_arachnoides,5,52, cls_6 ,1.0208,1.0993,0.1329,460.7895
B_arachnoides,5,66, cls_6 ,1.8374,1.0869,0.4605,127.8
B_arachnoides,5,69, cls_6 ,40.4238,1.1561,0.4838,416.577
B_arachnoides,5,73, cls_6 ,0.6125,1.0047,1.1908,127.8
B_arachnoides,5,103, cls_6 ,7.3498,1.0691,2.7975,243.324
B_arachnoides,5,106, cls_6 ,2.4499,1.0706,0.0355,1478.3566
B_arachnoides,5,116, cls_6 ,2.7562,1.1075,0.9405,344.112
B_arachnoides,5,122, cls_6 ,0.7146,1.0631,2.3819,172.056
B_arachnoides,5,123, cls_6 ,0.5104,1.0261,1.7662,223.65
B_arachnoides,5,129, cls_6 ,0.6125,1.0465,3.8677,71.4424
B_arachnoides,5,133, cls_6 ,1.327,1.1242,2.3296,71.4424
B_arachnoides,5,138, cls_6 ,3.1645,1.0299,0.8434,204.5798
B_arachnoides,5,143, cls_6 ,1.0208,1.022,1.3598,204.5798
B_arachnoides,5,53, cls_5 ,0.6125,1.0047,0.0144,1197.5924
B_arachnoides,5,54, cls_5 ,0.7146,1.0283,0.5618,131.7332
B_arachnoides,5,55, cls_5 ,0.5104,1.0261,0.0007,6236.8004
B_arachnoides,5,57, cls_5 ,1.225,1.078,0.0838,373.9652
B_arachnoides,5,58, cls_5 ,0.8166,1.0769,0.4562,131.7332
B_arachnoides,5,101, cls_5 ,0.5104,1.0688,0.0072,1858.8751
B_arachnoides,7,1, cls_3 ,0.1021,1,1.6081,127.8
B_arachnoides,7,3, cls_3 ,0.8166,1.167,1.7002,127.8
B_arachnoides,7,5, cls_3 ,18.8848,1.1876,3.2844,71.4424
B_arachnoides,7,6, cls_3 ,1.6333,1.1429,12.3767,127.8
B_arachnoides,7,9, cls_3 ,0.5104,1.1638,38.1666,71.4424
B_arachnoides,7,11, cls_3 ,0.1021,1,1.8194,319.5
B_arachnoides,7,14, cls_3 ,5.7165,1.184,4.6398,101.0348
B_arachnoides,7,15, cls_3 ,1.0208,1.1388,11.0275,115.1974
B_arachnoides,7,16, cls_3 ,3.1645,1.1482,10.5513,71.4424
B_arachnoides,7,18, cls_3 ,0.7146,1.0283,10.1761,71.4424
B_arachnoides,7,20, cls_3 ,10.3101,1.1508,7.1076,63.9
B_arachnoides,7,21, cls_3 ,8.881,1.1054,4.3305,225.9206
B_arachnoides,7,22, cls_3 ,3.3686,1.1246,2.1912,404.1391
B_arachnoides,7,24, cls_3 ,2.552,1.1642,14.265,95.85
B_arachnoides,7,26, cls_3 ,8.4727,1.1848,6.772,63.9
B_arachnoides,7,29, cls_3 ,0.6125,1.0819,26.9982,63.9
B_arachnoides,7,32, cls_3 ,0.9187,1.063,23.1683,63.9
B_arachnoides,7,34, cls_3 ,0.7146,1.0932,1.2167,445.012
B_arachnoides,7,35, cls_3 ,0.8166,1.0769,5.0542,274.8443
B_arachnoides,7,36, cls_3 ,6.8394,1.1313,12.1411,90.3682
B_arachnoides,7,37, cls_3 ,5.6144,1.0636,14.5835,90.3682
B_arachnoides,7,38, cls_3 ,1.7354,1.1226,1.5291,135.5524
B_arachnoides,7,40, cls_3 ,0.4083,1.0537,2.8857,63.9
B_arachnoides,7,42, cls_3 ,0.5104,1.0688,3.1522,63.9
B_arachnoides,7,43, cls_3 ,0.5104,1.0261,10.564,159.75
B_arachnoides,7,44, cls_3 ,0.8166,1.1265,5.6729,186.2989
B_arachnoides,7,45, cls_3 ,0.2042,1.0155,3.5852,63.9
B_arachnoides,7,46, cls_3 ,0.3062,1.0358,9.1916,191.7
B_arachnoides,7,47, cls_3 ,5.3082,1.0507,5.2837,186.2989
B_arachnoides,7,48, cls_3 ,0.3062,1.0358,3.5221,63.9
B_arachnoides,7,49, cls_3 ,13.2704,1.1902,76.4255,90.3682
B_arachnoides,7,50, cls_3 ,1.225,1.0556,10.5968,142.8847
B_arachnoides,7,51, cls_3 ,2.2458,1.1301,36.4446,131.7332
B_arachnoides,7,52, cls_3 ,0.8166,1.0473,34.5261,142.8847
B_arachnoides,7,54, cls_3 ,14.4954,1.1345,28.1997,63.9
B_arachnoides,7,55, cls_3 ,1.9395,1.123,6.0789,328.9454
B_arachnoides,7,56, cls_3 ,3.5728,1.1502,69.5668,90.3682
B_arachnoides,7,58, cls_3 ,52.5713,1.0916,48.6871,90.3682
B_arachnoides,7,59, cls_3 ,4.1853,1.1536,3.8063,373.9652
B_arachnoides,7,61, cls_3 ,4.7978,1.1325,53.4149,63.9
B_arachnoides,7,62, cls_3 ,10.208,1.1327,36.8921,63.9
B_arachnoides,7,64, cls_3 ,73.7019,1.1385,23.7689,63.9
B_arachnoides,7,66, cls_3 ,21.3348,1.1596,14.1728,63.9
B_arachnoides,7,69, cls_3 ,0.9187,1.0889,4.0957,101.0348
B_arachnoides,7,72, cls_3 ,9.2893,1.1205,5.8162,63.9
B_arachnoides,7,73, cls_3 ,0.1021,1,10.6446,71.4424
B_arachnoides,7,74, cls_3 ,1.5312,1.0728,1.5673,115.1974
B_arachnoides,7,76, cls_3 ,0.4083,1,43.3163,71.4424
B_arachnoides,7,77, cls_3 ,2.2458,1.0492,68.8686,131.7332
B_arachnoides,7,79, cls_3 ,0.9187,1.063,11.762,71.4424
B_arachnoides,7,81, cls_3 ,0.3062,1.0358,2.9958,101.0348
B_arachnoides,7,82, cls_3 ,1.1229,1.0402,23.0004,127.8
B_arachnoides,7,84, cls_3 ,0.5104,1.0688,21.0146,127.8
B_arachnoides,7,85, cls_3 ,0.8166,1.0473,1.5535,101.0348
B_arachnoides,7,89, cls_3 ,0.1021,1,11.2373,95.85
B_arachnoides,7,90, cls_3 ,0.4083,1.0537,25.3727,63.9
B_arachnoides,7,91, cls_3 ,6.6352,1.1496,3.7468,202.0695
B_arachnoides,7,92, cls_3 ,0.5104,1.0688,1.8398,404.1391
B_arachnoides,7,94, cls_3 ,0.8166,1.0131,12.7987,159.75
B_arachnoides,7,95, cls_3 ,0.1021,1,8.7396,115.1974
B_arachnoides,7,96, cls_3 ,0.6125,1.0465,1.7977,404.1391
B_arachnoides,7,97, cls_3 ,0.7146,1.0932,1.2267,664.8364
B_arachnoides,7,98, cls_3 ,0.1021,1,185.9039,63.9
B_arachnoides,7,99, cls_3 ,1.225,1.0556,11.5883,115.1974
B_arachnoides,7,104, cls_3 ,1.225,1.078,12.6343,243.324
B_arachnoides,7,107, cls_3 ,2.2458,1.1301,3.4824,1024.3949
B_arachnoides,7,108, cls_3 ,0.6125,1.0819,1.8847,707.2434
B_arachnoides,7,109, cls_3 ,27.97,1.1446,16.6434,225.9206
B_arachnoides,7,111, cls_3 ,0.5104,1.0688,0.965,457.4544
B_arachnoides,7,113, cls_3 ,1.1229,1.1443,0.9659,457.4544
B_arachnoides,7,116, cls_3 ,1.7354,1.0933,1694.2032,101.0348
B_arachnoides,7,117, cls_3 ,1726.3812,1.2799,163.8787,63.9
B_arachnoides,7,118, cls_3 ,6.7373,1.138,3385.1768,71.4424
B_arachnoides,7,119, cls_3 ,0.7146,1.0631,1.629,1792.0504
B_arachnoides,7,120, cls_3 ,0.4083,1.0537,3385.9564,71.4424
B_arachnoides,7,121, cls_3 ,3.0624,1.0475,1693.0774,101.0348
B_arachnoides,7,122, cls_3 ,1.225,1.0982,996.308,131.7332
B_arachnoides,7,123, cls_3 ,3.4707,1.0721,3390.7564,63.9
B_arachnoides,7,124, cls_3 ,0.5104,1.0688,33.7242,71.4424
B_arachnoides,7,125, cls_3 ,2.0416,1.1294,1313.465,63.9
B_arachnoides,7,126, cls_3 ,1.7354,1.0769,9.4423,223.65
B_arachnoides,7,127, cls_3 ,0.1021,1,27.7431,71.4424
B_arachnoides,7,128, cls_3 ,1.327,1.0467,57.4443,95.85
B_arachnoides,7,130, cls_3 ,3.6749,1.1319,166.9472,71.4424
B_arachnoides,7,131, cls_3 ,0.6125,1.1125,1067.5051,63.9
B_arachnoides,7,132, cls_3 ,1.6333,1.0657,4.9304,1328.9049
B_arachnoides,7,134, cls_3 ,0.8166,1.0769,8.958,223.65
B_arachnoides,7,135, cls_3 ,1.225,1.078,681.9935,63.9
B_arachnoides,7,136, cls_3 ,2.6541,1.0477,2.8717,115.1974
B_arachnoides,7,137, cls_3 ,22.0493,1.1105,4231.9666,63.9
B_arachnoides,7,138, cls_3 ,1.327,1.0689,3.8567,115.1974
B_arachnoides,7,139, cls_3 ,8.7789,1.1845,76.2999,63.9
B_arachnoides,7,144, cls_3 ,0.5104,1.0688,64.7612,127.8
B_arachnoides,7,147, cls_3 ,1.225,1.078,9.1601,451.8412
B_arachnoides,7,149, cls_3 ,1.5312,1.053,6.4791,63.9
B_arachnoides,7,151, cls_3 ,1.5312,1.0728,6.9813,63.9
B_arachnoides,7,153, cls_3 ,0.2042,1.0155,8.0657,63.9
B_arachnoides,7,154, cls_3 ,1.4291,1.0805,127.9265,90.3682
B_arachnoides,7,155, cls_3 ,4.0832,1.0766,99.8222,63.9
B_arachnoides,7,156, cls_3 ,1.225,1.0556,23.4737,95.85
B_arachnoides,7,158, cls_3 ,1.225,1.078,19.7461,95.85
B_arachnoides,7,159, cls_3 ,3.777,1.1209,1236.4847,63.9
B_arachnoides,7,160, cls_3 ,0.6125,1.0819,165.695,142.8847
B_arachnoides,7,161, cls_3 ,11.7392,1.1763,90.0244,63.9
B_arachnoides,7,162, cls_3 ,1.225,1.1337,54.3393,63.9
B_arachnoides,7,164, cls_3 ,0.3062,1.0358,37.9574,63.9
B_arachnoides,7,165, cls_3 ,503.5619,1.2651,46.9058,63.9
B_arachnoides,7,166, cls_3 ,0.6125,1.0819,3.4489,345.5921
B_arachnoides,7,171, cls_3 ,0.1021,1,48.1672,63.9
B_arachnoides,7,172, cls_3 ,0.1021,1,64.1617,63.9
B_arachnoides,7,173, cls_3 ,7.2477,1.1306,100.4309,101.0348
B_arachnoides,7,174, cls_3 ,0.2042,1.0155,162.6167,63.9
B_arachnoides,7,176, cls_3 ,2.552,1.1265,551.4291,63.9
B_arachnoides,7,177, cls_3 ,0.3062,1.0358,392.6822,63.9
B_arachnoides,7,178, cls_3 ,0.7146,1.0283,4.2991,445.012
B_arachnoides,7,184, cls_3 ,11.2288,1.1313,292.4945,131.7332
B_arachnoides,7,185, cls_3 ,27.4596,1.2271,1914.3065,71.4424
B_arachnoides,7,186, cls_3 ,0.6125,1.1125,40.8922,95.85
B_arachnoides,7,189, cls_3 ,17.2516,1.1619,1355.5146,71.4424
B_arachnoides,7,192, cls_3 ,0.6125,1.0819,1241.337,63.9
B_arachnoides,7,193, cls_3 ,1.4291,1.0987,87.2028,63.9
B_arachnoides,7,194, cls_3 ,0.2042,1.0155,4232.1251,63.9
B_arachnoides,7,196, cls_3 ,2.552,1.1265,161.2699,63.9
B_arachnoides,7,201, cls_3 ,2.8582,1.1035,3383.9346,71.4424
B_arachnoides,7,209, cls_3 ,0.6125,1.0465,11.3602,223.65
B_arachnoides,7,210, cls_3 ,23.5805,1.1204,115.6635,388.6885
B_arachnoides,7,215, cls_3 ,0.1021,1,4229.1981,63.9
B_arachnoides,7,218, cls_3 ,1.225,1.0556,18.6895,223.65
B_arachnoides,7,228, cls_3 ,0.1021,1,2114.6227,90.3682
B_arachnoides,7,234, cls_3 ,0.6125,1.0047,25.714,833.1541
B_arachnoides,7,236, cls_3 ,2.1437,1.0366,86.9775,434.567
B_arachnoides,7,239, cls_3 ,3.4707,1.0605,136.5162,194.3443
B_arachnoides,7,240, cls_3 ,1.6333,1.0657,1301.5856,115.1974
B_arachnoides,7,243, cls_3 ,3.0624,1.0851,2114.6007,90.3682
B_arachnoides,7,245, cls_3 ,0.9187,1,4228.671,63.9
B_arachnoides,7,250, cls_3 ,2.9603,1.1297,103.4477,142.8847
B_arachnoides,7,254, cls_3 ,0.5104,1.0261,125.074,71.4424
B_arachnoides,7,256, cls_3 ,0.5104,1.1638,990.284,71.4424
B_arachnoides,7,257, cls_3 ,0.9187,1.0889,127.1321,115.1974
B_arachnoides,7,258, cls_3 ,0.6125,1.0819,940.8983,135.5524
B_arachnoides,7,260, cls_3 ,0.9187,1.1519,386.1574,115.1974
B_arachnoides,7,262, cls_3 ,0.4083,1.0537,991.3687,71.4424
B_arachnoides,7,265, cls_3 ,1.7354,1.1084,388.3989,115.1974
B_arachnoides,7,266, cls_3 ,0.1021,1,1237.9042,63.9
B_arachnoides,7,267, cls_3 ,1.5312,1.1228,3383.9769,71.4424
B_arachnoides,7,271, cls_3 ,1.225,1.078,3384.848,71.4424
B_arachnoides,7,272, cls_3 ,2.8582,1.1596,677.5468,159.75
B_arachnoides,7,281, cls_3 ,1.0208,1.022,4234.5985,63.9
B_arachnoides,7,284, cls_3 ,1.1229,1.088,4228.3095,63.9
B_arachnoides,7,286, cls_3 ,2.4499,1.1311,250.287,142.8847
B_arachnoides,7,288, cls_3 ,7.8602,1.1371,111.8484,63.9
B_arachnoides,7,289, cls_3 ,0.3062,1.0358,4232.3016,63.9
B_arachnoides,7,290, cls_3 ,1.0208,1.0764,80.8882,95.85
B_arachnoides,7,291, cls_3 ,0.9187,1.063,93.5082,71.4424
B_arachnoides,7,292, cls_3 ,0.7146,1.1197,63.8047,63.9
B_arachnoides,7,297, cls_3 ,1.5312,1.0728,38.0087,63.9
B_arachnoides,7,301, cls_3 ,1.9395,1.1099,46.9065,63.9
B_arachnoides,7,306, cls_3 ,2.1437,1.0988,29.5034,127.8
B_arachnoides,7,307, cls_3 ,0.3062,1.0358,58.6011,63.9
B_arachnoides,7,311, cls_3 ,0.5104,1.105,78.9781,63.9
B_arachnoides,7,312, cls_3 ,3.1645,1.14,55.7146,180.7365
B_arachnoides,7,313, cls_3 ,0.4083,1.1346,412.7589,204.5798
B_arachnoides,7,314, cls_3 ,0.9187,1.063,678.5026,159.75
B_arachnoides,7,318, cls_3 ,0.5104,1.0688,120.7691,180.7365
B_arachnoides,7,328, cls_3 ,0.9187,1.0889,4228.5183,63.9
B_arachnoides,7,2, cls_1 ,12472.267,1.2235,577.7105,63.9
B_arachnoides,7,19, cls_1 ,1.9395,1.0471,30545.3038,63.9
B_arachnoides,7,25, cls_1 ,0.8166,1.0769,30545.5182,63.9
B_arachnoides,7,28, cls_1 ,0.1021,1,24437.8713,71.4424
B_arachnoides,7,60, cls_1 ,10.7184,1.1993,477.3236,511.2
B_arachnoides,7,67, cls_1 ,0.1021,1,4887.9242,71.4424
B_arachnoides,7,68, cls_1 ,0.3062,1.0358,30545.5673,63.9
B_arachnoides,7,78, cls_1 ,0.1021,1,3056.365,63.9
B_arachnoides,7,83, cls_1 ,0.7146,1.0932,6109.3815,63.9
B_arachnoides,7,114, cls_1 ,1.4291,1.1589,15272.7654,90.3682
B_arachnoides,7,115, cls_1 ,0.1021,1,2494.626,115.1974
B_arachnoides,7,129, cls_1 ,0.1021,1,30545.3397,63.9
B_arachnoides,7,140, cls_1 ,0.2042,1.0155,9400.2515,71.4424
B_arachnoides,7,141, cls_1 ,0.7146,1.1197,12219.4872,71.4424
B_arachnoides,7,142, cls_1 ,0.1021,1,24437.1185,71.4424
B_arachnoides,7,145, cls_1 ,1.5312,1.1075,12218.8117,101.0348
B_arachnoides,7,152, cls_1 ,0.5104,1.0688,24436.7217,71.4424
B_arachnoides,7,163, cls_1 ,1.6333,1.0836,30545.8375,63.9
B_arachnoides,7,168, cls_1 ,0.4083,1.0537,30546.4697,63.9
B_arachnoides,7,180, cls_1 ,1.4291,1.0805,4888.7783,131.7332
B_arachnoides,7,183, cls_1 ,0.2042,1.0155,30545.8516,63.9
B_arachnoides,7,188, cls_1 ,0.2042,1.0909,24436.536,71.4424
B_arachnoides,7,195, cls_1 ,0.8166,1.0473,1442.7432,101.0348
B_arachnoides,7,197, cls_1 ,0.6125,1.0465,13578.7989,95.85
B_arachnoides,7,198, cls_1 ,4.2874,1.0717,15274.4317,90.3682
B_arachnoides,7,205, cls_1 ,4.0832,1.1283,2010.4615,63.9
B_arachnoides,7,207, cls_1 ,1.327,1.0467,9404.116,95.85
B_arachnoides,7,208, cls_1 ,0.3062,1.0358,4705.473,71.4424
B_arachnoides,7,212, cls_1 ,1.6333,1.1001,730.9827,63.9
B_arachnoides,7,213, cls_1 ,1.6333,1.0243,1678.0615,71.4424
B_arachnoides,7,214, cls_1 ,0.8166,1.0131,394.9936,71.4424
B_arachnoides,7,216, cls_1 ,0.1021,1,12221.7814,95.85
B_arachnoides,7,220, cls_1 ,0.5104,1.0688,30556.3234,63.9
B_arachnoides,7,221, cls_1 ,3.5728,1.1574,24441.3415,71.4424
B_arachnoides,7,222, cls_1 ,3.9811,1.1776,15284.1319,63.9
B_arachnoides,7,223, cls_1 ,0.7146,1.0283,1883.0042,255.6
B_arachnoides,7,224, cls_1 ,8.0643,1.1095,444.0244,142.8847
B_arachnoides,7,226, cls_1 ,18.5786,1.2432,9408.0368,63.9
B_arachnoides,7,227, cls_1 ,0.8166,1.1031,2720.0693,142.8847
B_arachnoides,7,229, cls_1 ,0.8166,1.1265,985.1561,159.75
B_arachnoides,7,230, cls_1 ,1.4291,1.0606,1511.248,142.8847
B_arachnoides,7,231, cls_1 ,0.6125,1.0819,7642.819,63.9
B_arachnoides,7,232, cls_1 ,2.7562,1.118,24459.942,63.9
B_arachnoides,7,233, cls_1 ,32.9719,1.1789,6795.2646,63.9
B_arachnoides,7,235, cls_1 ,1.225,1.1167,3846.9811,63.9
B_arachnoides,7,238, cls_1 ,9.2893,1.1576,495.2096,115.1974
B_arachnoides,7,241, cls_1 ,2.3478,1.1358,277.1315,90.3682
B_arachnoides,7,242, cls_1 ,0.5104,1.0261,447.0382,63.9
B_arachnoides,7,244, cls_1 ,4.6957,1.128,126.2672,90.3682
B_arachnoides,7,246, cls_1 ,4.2874,1.1155,2307.1714,232.5995
B_arachnoides,7,248, cls_1 ,2.6541,1.0622,150.8867,90.3682
B_arachnoides,7,249, cls_1 ,186.1944,1.1493,30547.9997,63.9
B_arachnoides,7,251, cls_1 ,0.3062,1.0358,24638.9739,71.4424
B_arachnoides,7,252, cls_1 ,0.5104,1.0261,1610.0631,63.9
B_arachnoides,7,259, cls_1 ,0.3062,1.0914,30547.1048,63.9
B_arachnoides,7,261, cls_1 ,1.327,1.0467,3407.9704,95.85
B_arachnoides,7,263, cls_1 ,0.9187,1.063,264.6291,301.4157
B_arachnoides,7,268, cls_1 ,1.1229,1.0654,30546.0134,63.9
B_arachnoides,7,269, cls_1 ,0.6125,1.0047,24438.9888,71.4424
B_arachnoides,7,270, cls_1 ,0.5104,1.105,30546.2516,63.9
B_arachnoides,7,273, cls_1 ,0.6125,1.0465,15288.4929,63.9
B_arachnoides,7,275, cls_1 ,0.1021,1,3847.6746,63.9
B_arachnoides,7,276, cls_1 ,6.1248,1.1316,30550.4136,63.9
B_arachnoides,7,277, cls_1 ,0.2042,1.0155,24438.6212,71.4424
B_arachnoides,7,278, cls_1 ,11.6371,1.12,15274.1472,63.9
B_arachnoides,7,282, cls_1 ,1.5312,1.1075,9411.2834,71.4424
B_arachnoides,7,287, cls_1 ,0.7146,1.0932,3818.8177,180.7365
B_arachnoides,7,293, cls_1 ,1.8374,1.0529,297.8061,135.5524
B_arachnoides,7,294, cls_1 ,1.4291,1.0606,169.8762,159.75
B_arachnoides,7,295, cls_1 ,0.7146,1.0631,3399.8129,101.0348
B_arachnoides,7,296, cls_1 ,0.6125,1.1125,293.1351,115.1974
B_arachnoides,7,298, cls_1 ,0.7146,1.0631,105.6287,194.3443
B_arachnoides,7,300, cls_1 ,0.6125,1.1125,6112.6979,101.0348
B_arachnoides,7,303, cls_1 ,0.8166,1.0131,317.7516,575.1
B_arachnoides,7,308, cls_1 ,0.6125,1.0465,76.8808,95.85
B_arachnoides,7,309, cls_1 ,1.4291,1.1154,67.2006,95.85
B_arachnoides,7,315, cls_1 ,6.5331,1.0944,89.0176,115.1974
B_arachnoides,7,316, cls_1 ,5.2061,1.1173,122.1355,115.1974
B_arachnoides,7,317, cls_1 ,1.6333,1.1296,48.9964,191.7
B_arachnoides,7,320, cls_1 ,6.7373,1.1431,255.6595,357.2119
B_arachnoides,7,321, cls_1 ,0.8166,1.0473,57.7281,142.8847
B_arachnoides,7,322, cls_1 ,1.1229,1.088,40.4891,285.7695
B_arachnoides,7,323, cls_1 ,0.3062,1.0914,59.8256,127.8
B_arachnoides,7,325, cls_1 ,0.1021,1,48.6852,63.9
B_arachnoides,7,326, cls_1 ,0.1021,1,50.9262,63.9
B_arachnoides,7,4, cls_2 ,0.9187,1.1328,0.0865,497.0254
B_arachnoides,7,7, cls_2 ,0.6125,1.0465,0.2138,406.6571
B_arachnoides,7,8, cls_2 ,2.2458,1.1066,0.174,180.7365
B_arachnoides,7,10, cls_2 ,0.2042,1.0155,0.8048,180.7365
B_arachnoides,7,12, cls_2 ,0.1021,1,0.7124,71.4424
B_arachnoides,7,13, cls_2 ,0.1021,1,1.4172,71.4424
B_arachnoides,7,17, cls_2 ,1.0208,1.022,0.2633,95.85
B_arachnoides,7,23, cls_2 ,2.2458,1.1609,0.3142,131.7332
B_arachnoides,7,27, cls_2 ,0.1021,1,0.402,294.5644
B_arachnoides,7,30, cls_2 ,0.4083,1.1346,1.3717,131.7332
B_arachnoides,7,33, cls_2 ,1.7354,1.1358,6.5939,90.3682
B_arachnoides,7,39, cls_2 ,5.3082,1.1407,2.3043,90.3682
B_arachnoides,7,41, cls_2 ,2.2458,1.0937,0.3092,230.3947
B_arachnoides,7,53, cls_2 ,0.6125,1.0819,0.7581,204.5798
B_arachnoides,7,57, cls_2 ,0.9187,1.112,0.4517,204.5798
B_arachnoides,7,65, cls_2 ,3.0624,1.0734,0.2872,557.9828
B_arachnoides,7,70, cls_2 ,0.2042,1.0155,0.3004,314.671
B_arachnoides,7,71, cls_2 ,0.6125,1.1125,0.614,230.3947
B_arachnoides,7,75, cls_2 ,3.0624,1.1066,0.1617,230.3947
B_arachnoides,7,80, cls_2 ,1.5312,1.0311,0.3878,101.0348
B_arachnoides,7,86, cls_2 ,1.6333,1.1296,0.1851,457.4544
B_arachnoides,7,87, cls_2 ,0.2042,1.0909,1.7273,95.85
B_arachnoides,7,88, cls_2 ,0.1021,1,0.8504,95.85
B_arachnoides,7,100, cls_2 ,0.9187,1.1519,0.4064,63.9
B_arachnoides,7,101, cls_2 ,0.1021,1,2.3961,63.9
B_arachnoides,7,102, cls_2 ,0.6125,1.0465,0.1904,457.4544
B_arachnoides,7,103, cls_2 ,1.9395,1.0471,10.9542,63.9
B_arachnoides,7,105, cls_2 ,0.2042,1.0155,2.279,202.0695
B_arachnoides,7,106, cls_2 ,3.879,1.1261,5.4399,63.9
B_arachnoides,7,110, cls_2 ,7.2477,1.1795,0.4262,243.324
B_arachnoides,7,112, cls_2 ,3.0624,1.0734,2.0749,159.75
B_arachnoides,7,133, cls_2 ,0.9187,1.0338,0.0288,2631.9509
B_arachnoides,7,143, cls_2 ,0.6125,1.0819,0.0052,6400.8538
B_arachnoides,7,31, cls_4 ,2.9603,1.1103,0.004,4274.141
B_arachnoides,7,93, cls_4 ,1.4291,1.0386,0.0052,4274.141
B_arachnoides,7,148, cls_4 ,0.8166,1.0769,0.0397,321.0935
B_arachnoides,7,157, cls_4 ,0.3062,1.0914,0.0901,321.0935
B_arachnoides,7,167, cls_4 ,0.6125,1.0819,0.1098,688.2241
B_arachnoides,7,175, cls_4 ,3.0624,1.126,5.4819,71.4424
B_arachnoides,7,179, cls_4 ,2.3478,1.1017,6.387,71.4424
B_arachnoides,7,190, cls_4 ,1.0208,1.0509,4.2081,63.9
B_arachnoides,7,199, cls_4 ,1.5312,1.1506,3.6258,63.9
B_arachnoides,7,200, cls_4 ,1.4291,1.1454,3.8812,71.4424
B_arachnoides,7,202, cls_4 ,1.225,1.078,3.9805,71.4424
B_arachnoides,7,204, cls_4 ,2.0416,1.0592,1.0727,135.5524
B_arachnoides,7,237, cls_4 ,0.6125,1.0047,0.0202,2137.7869
B_arachnoides,7,253, cls_4 ,3.777,1.1367,1.5828,63.9
B_arachnoides,7,264, cls_4 ,0.6125,1.0465,9.345,63.9
B_arachnoides,7,279, cls_4 ,2.8582,1.1241,0.118,583.0328
B_arachnoides,7,302, cls_4 ,0.5104,1.0261,0.0069,4134.409
B_arachnoides,7,63, cls_5 ,0.2042,1.0909,0.0004,11055.1155
B_arachnoides,7,280, cls_5 ,0.7146,1.0283,0.0348,180.7365
B_arachnoides,7,283, cls_5 ,0.1021,1,0.2221,180.7365
B_arachnoides,7,285, cls_5 ,0.8166,1.0769,0.0132,1859.973
B_arachnoides,7,327, cls_5 ,4.2874,1.0717,0.0029,1859.973
B_arachnoides,7,146, cls_6 ,1.225,1.0556,0.4623,294.5644
B_arachnoides,7,150, cls_6 ,1.225,1.078,0.7038,294.5644
B_arachnoides,7,169, cls_6 ,3.3686,1.1063,2.6383,159.75
B_arachnoides,7,170, cls_6 ,1.7354,1.059,1.6188,71.4424
B_arachnoides,7,181, cls_6 ,3.2666,1.0543,30.9976,63.9
B_arachnoides,7,182, cls_6 ,0.6125,1.0465,3.9455,71.4424
B_arachnoides,7,187, cls_6 ,11.7392,1.1734,15.8254,63.9
B_arachnoides,7,191, cls_6 ,2.2458,1.0492,0.813,357.2119
B_arachnoides,7,203, cls_6 ,2.4499,1.109,5.2703,180.7365
B_arachnoides,7,206, cls_6 ,0.2042,1.0909,23.6733,71.4424
B_arachnoides,7,211, cls_6 ,1.0208,1.0509,5.9547,127.8
B_arachnoides,7,217, cls_6 ,1.225,1.078,3.1358,127.8
B_arachnoides,7,219, cls_6 ,3.1645,1.07,3.0693,127.8
B_arachnoides,7,225, cls_6 ,2.9603,1.1297,23.4225,71.4424
B_arachnoides,7,247, cls_6 ,1.9395,1.0647,0.3057,249.5375
B_arachnoides,7,255, cls_6 ,1.7354,1.0395,0.345,249.5375
B_arachnoides,7,274, cls_6 ,0.6125,1.0465,0.0061,5621.112
B_arachnoides,7,299, cls_6 ,1.9395,1.0278,0.9552,243.324
B_arachnoides,7,304, cls_6 ,0.4083,1.0537,1.7721,127.8
B_arachnoides,7,305, cls_6 ,1.327,1.0689,0.5946,127.8
B_arachnoides,7,310, cls_6 ,5.2061,1.124,0.5333,257.5891
B_arachnoides,7,319, cls_6 ,1.5312,1.1075,0.464,364.286
B_arachnoides,7,324, cls_6 ,0.5104,1.0261,0.1682,443.8636
B_arachnoides,8,1, cls_1 ,351.9727,1.1979,32.2026,63.9
B_arachnoides,8,3, cls_1 ,0.3062,1.0358,433.3313,90.3682
B_arachnoides,8,4, cls_1 ,1.1229,1.1085,28.7073,333.5678
B_arachnoides,8,5, cls_1 ,0.3062,1.0358,29.84,186.2989
B_arachnoides,8,6, cls_1 ,82.1746,1.185,25.4256,63.9
B_arachnoides,8,12, cls_1 ,7.2477,1.1405,81.9882,115.1974
B_arachnoides,8,13, cls_1 ,0.2042,1.0155,207.2675,63.9
B_arachnoides,8,14, cls_1 ,0.9187,1.1328,208.939,63.9
B_arachnoides,8,18, cls_1 ,1.1229,1.088,691.015,71.4424
B_arachnoides,8,20, cls_1 ,1.9395,1.096,6.2357,333.5678
B_arachnoides,8,23, cls_1 ,17.864,1.1911,32.8669,71.4424
B_arachnoides,8,24, cls_1 ,1.5312,1.0311,15.9108,204.5798
B_arachnoides,8,25, cls_1 ,1.8374,1.116,35.0847,131.7332
B_arachnoides,8,26, cls_1 ,2.6541,1.1116,23.9161,90.3682
B_arachnoides,8,27, cls_1 ,2.1437,1.0366,117.9288,71.4424
B_arachnoides,8,28, cls_1 ,18.7828,1.087,36.5778,63.9
B_arachnoides,8,30, cls_1 ,0.7146,1.0631,863.5887,63.9
B_arachnoides,8,31, cls_1 ,58.3899,1.154,61.3819,115.1974
B_arachnoides,8,32, cls_1 ,0.7146,1.0283,33.7355,127.8
B_arachnoides,8,33, cls_1 ,66.6584,1.1702,51.3396,63.9
B_arachnoides,8,34, cls_1 ,8.881,1.0891,19.0034,194.3443
B_arachnoides,8,35, cls_1 ,0.9187,1.063,15.2275,90.3682
B_arachnoides,8,36, cls_1 ,0.2042,1.0155,175.3259,63.9
B_arachnoides,8,37, cls_1 ,0.6125,1.0819,51.3432,71.4424
B_arachnoides,8,38, cls_1 ,1.1229,1.0654,709.4656,71.4424
B_arachnoides,8,39, cls_1 ,0.8166,1.1031,184.9403,95.85
B_arachnoides,8,40, cls_1 ,3.4707,1.1125,10.0743,202.0695
B_arachnoides,8,41, cls_1 ,1.1229,1.0402,49.2417,127.8
B_arachnoides,8,42, cls_1 ,3.777,1.1209,10.9988,71.4424
B_arachnoides,8,43, cls_1 ,5.6144,1.1517,61.4541,71.4424
B_arachnoides,8,44, cls_1 ,0.7146,1.0283,51.8402,71.4424
B_arachnoides,8,45, cls_1 ,1.327,1.1073,13.9715,127.8
B_arachnoides,8,46, cls_1 ,1.327,1.0467,78.6163,142.8847
B_arachnoides,8,47, cls_1 ,2.8582,1.0806,53.4468,63.9
B_arachnoides,8,48, cls_1 ,1.4291,1.1589,384.9581,95.85
B_arachnoides,8,49, cls_1 ,0.2042,1.0909,17.9512,71.4424
B_arachnoides,8,51, cls_1 ,0.4083,1.0537,16.845,71.4424
B_arachnoides,8,52, cls_1 ,0.6125,1.1125,13.9683,71.4424
B_arachnoides,8,53, cls_1 ,57.6753,1.1712,10.365,63.9
B_arachnoides,8,54, cls_1 ,2.0416,1.0754,388.8149,71.4424
B_arachnoides,8,56, cls_1 ,1.4291,1.1154,11.9174,115.1974
B_arachnoides,8,57, cls_1 ,1.0208,1.0764,30.471,101.0348
B_arachnoides,8,58, cls_1 ,0.6125,1.0465,438.1144,71.4424
B_arachnoides,8,59, cls_1 ,0.6125,1.0047,10.9222,194.3443
B_arachnoides,8,61, cls_1 ,2.3478,1.1982,386.4575,90.3682
B_arachnoides,8,62, cls_1 ,0.1021,1,25.4776,71.4424
B_arachnoides,8,63, cls_1 ,1.225,1.078,22.9136,257.5891
B_arachnoides,8,64, cls_1 ,17.9661,1.1321,21.759,101.0348
B_arachnoides,8,65, cls_1 ,1.1229,1.0654,16.553,115.1974
B_arachnoides,8,66, cls_1 ,1.8374,1.0869,41.9091,127.8
B_arachnoides,8,67, cls_1 ,1.327,1.0467,11.9215,186.2989
B_arachnoides,8,68, cls_1 ,6.1248,1.1008,10.6806,63.9
B_arachnoides,8,69, cls_1 ,0.7146,1.1197,270.1473,90.3682
B_arachnoides,8,70, cls_1 ,0.2042,1.0155,3.2486,586.524
B_arachnoides,8,71, cls_1 ,2.3478,1.1251,11.7953,225.9206
B_arachnoides,8,73, cls_1 ,0.6125,1.1125,74.6025,204.5798
B_arachnoides,8,75, cls_1 ,0.9187,1.063,145.7602,63.9
B_arachnoides,8,76, cls_1 ,0.6125,1.0819,86.4391,95.85
B_arachnoides,8,77, cls_1 ,2.3478,1.0889,13.1625,71.4424
B_arachnoides,8,80, cls_1 ,0.1021,1,8.4825,142.8847
B_arachnoides,8,81, cls_1 ,25.6221,1.1129,81.741,71.4424
B_arachnoides,8,82, cls_1 ,1.7354,1.0933,74.541,71.4424
B_arachnoides,8,83, cls_1 ,0.1021,1,20.7242,63.9
B_arachnoides,8,84, cls_1 ,2.3478,1.1137,99.5432,159.75
B_arachnoides,8,85, cls_1 ,1.327,1.0467,22.3356,63.9
B_arachnoides,8,86, cls_1 ,1.1229,1.1085,12.3212,71.4424
B_arachnoides,8,87, cls_1 ,0.5104,1.0688,14.5988,95.85
B_arachnoides,8,90, cls_1 ,1.327,1.1073,50.0449,272.9809
B_arachnoides,8,91, cls_1 ,3.879,1.118,7.7637,232.5995
B_arachnoides,8,92, cls_1 ,0.6125,1.0819,10.8761,255.6
B_arachnoides,8,93, cls_1 ,0.7146,1.0932,15.6066,101.0348
B_arachnoides,8,94, cls_1 ,1.7354,1.059,7.563,225.9206
B_arachnoides,8,95, cls_1 ,0.3062,1.0914,5.5401,159.75
B_arachnoides,8,97, cls_1 ,0.8166,1.0769,23.1263,63.9
B_arachnoides,8,99, cls_1 ,0.9187,1.063,19.8047,71.4424
B_arachnoides,8,101, cls_1 ,4.8999,1.1662,21.1897,71.4424
B_arachnoides,8,102, cls_1 ,0.8166,1.0769,5.4842,159.75
B_arachnoides,8,103, cls_1 ,1.6333,1.0836,138.6392,159.75
B_arachnoides,8,104, cls_1 ,9.0851,1.0753,6.5397,101.0348
B_arachnoides,8,105, cls_1 ,0.1021,1,15.3802,63.9
B_arachnoides,8,106, cls_1 ,0.5104,1.0688,10.9916,63.9
B_arachnoides,8,107, cls_1 ,1.1229,1.1271,19.1627,90.3682
B_arachnoides,8,108, cls_1 ,0.7146,1.0283,24.5271,90.3682
B_arachnoides,8,109, cls_1 ,0.5104,1.0688,6.0784,255.6
B_arachnoides,8,110, cls_1 ,8.0643,1.1564,21.2832,172.056
B_arachnoides,8,111, cls_1 ,4.0832,1.0443,18.4782,95.85
B_arachnoides,8,112, cls_1 ,5.8186,1.0512,9.0172,186.2989
B_arachnoides,8,113, cls_1 ,0.2042,1.0155,28.8648,142.8847
B_arachnoides,8,114, cls_1 ,2.9603,1.1202,6.0669,257.5891
B_arachnoides,8,115, cls_1 ,0.4083,1.0537,16.7509,63.9
B_arachnoides,8,116, cls_1 ,3.3686,1.1157,12.8128,127.8
B_arachnoides,8,117, cls_1 ,3.2666,1.119,6.1814,257.5891
B_arachnoides,8,118, cls_1 ,5.4103,1.0583,10.8776,63.9
B_arachnoides,8,119, cls_1 ,0.8166,1.0473,35.909,249.5375
B_arachnoides,8,120, cls_1 ,2.552,1.1046,19.0049,63.9
B_arachnoides,8,121, cls_1 ,0.8166,1.0769,6.281,204.5798
B_arachnoides,8,122, cls_1 ,0.8166,1.1031,18.8987,142.8847
B_arachnoides,8,123, cls_1 ,1.7354,1.0395,16.5518,131.7332
B_arachnoides,8,124, cls_1 ,0.6125,1.1125,7.0017,180.7365
B_arachnoides,8,125, cls_1 ,1.6333,1.046,6.9548,191.7
B_arachnoides,8,126, cls_1 ,17.2516,1.0873,26.3845,71.4424
B_arachnoides,8,127, cls_1 ,2.552,1.0663,12.4974,90.3682
B_arachnoides,8,128, cls_1 ,1.7354,1.0769,6.9199,204.5798
B_arachnoides,8,129, cls_1 ,16.2308,1.1038,10.8915,127.8
B_arachnoides,8,130, cls_1 ,2.552,1.1159,63.6627,71.4424
B_arachnoides,8,131, cls_1 ,1.327,1.0467,12.2628,63.9
B_arachnoides,8,132, cls_1 ,3.2666,1.1096,10.854,63.9
B_arachnoides,8,133, cls_1 ,10.1059,1.1076,16.1704,214.3271
B_arachnoides,8,134, cls_1 ,2.3478,1.0889,10.0886,232.5995
B_arachnoides,8,136, cls_1 ,3.5728,1.08,18.9328,127.8
B_arachnoides,8,137, cls_1 ,0.4083,1.0537,11.2685,71.4424
B_arachnoides,8,138, cls_1 ,1.0208,1.0509,3.273,249.5375
B_arachnoides,8,139, cls_1 ,1.0208,1.0764,8.7834,63.9
B_arachnoides,8,140, cls_1 ,1.7354,1.0933,7.1433,63.9
B_arachnoides,8,141, cls_1 ,1.0208,1.1388,12.3369,63.9
B_arachnoides,8,142, cls_1 ,1.0208,1.0764,13.4652,63.9
B_arachnoides,8,143, cls_1 ,0.2042,1.0155,7.8919,191.7
B_arachnoides,8,144, cls_1 ,6.329,1.1545,66.2225,71.4424
B_arachnoides,8,145, cls_1 ,0.5104,1.1362,46.8748,71.4424
B_arachnoides,8,146, cls_1 ,1.9395,1.0647,13.3114,71.4424
B_arachnoides,8,147, cls_1 ,29.7054,1.1858,35.0449,71.4424
B_arachnoides,8,148, cls_1 ,6.0227,1.1646,12.5831,63.9
B_arachnoides,8,149, cls_1 ,6.6352,1.0476,14.5519,71.4424
B_arachnoides,8,150, cls_1 ,3.6749,1.1396,4.9353,95.85
B_arachnoides,8,151, cls_1 ,0.8166,1.1265,12.5056,142.8847
B_arachnoides,8,152, cls_1 ,0.6125,1.0819,24.0521,63.9
B_arachnoides,8,153, cls_1 ,0.8166,1.1031,4.6006,180.7365
B_arachnoides,8,154, cls_1 ,1.4291,1.0606,11.7369,225.9206
B_arachnoides,8,155, cls_1 ,5.6144,1.0354,20.421,63.9
B_arachnoides,8,156, cls_1 ,38.3822,1.1126,23.5437,71.4424
B_arachnoides,8,157, cls_1 ,2.3478,1.1557,39.2214,71.4424
B_arachnoides,8,158, cls_1 ,1.327,1.1073,28.2212,63.9
B_arachnoides,8,159, cls_1 ,0.8166,1.0473,46.4719,131.7332
B_arachnoides,8,160, cls_1 ,0.4083,1.0537,4.7812,95.85
B_arachnoides,8,161, cls_1 ,0.4083,1.0537,5.1116,400.3324
B_arachnoides,8,162, cls_1 ,0.5104,1.0688,7.0282,95.85
B_arachnoides,8,163, cls_1 ,5.8186,1.0686,32.9507,95.85
B_arachnoides,8,164, cls_1 ,57.1649,1.1911,26.2024,95.85
B_arachnoides,8,165, cls_1 ,0.6125,1.0819,4.4395,180.7365
B_arachnoides,8,167, cls_1 ,1.4291,1.0987,14.7309,194.3443
B_arachnoides,8,168, cls_1 ,0.1021,1,7.7286,95.85
B_arachnoides,8,169, cls_1 ,0.6125,1.0819,4.6013,272.9809
B_arachnoides,8,170, cls_1 ,1.8374,1.102,20.5831,142.8847
B_arachnoides,8,171, cls_1 ,9.6976,1.1418,25.0389,191.7
B_arachnoides,8,172, cls_1 ,0.7146,1.0283,22.6728,95.85
B_arachnoides,8,173, cls_1 ,1.4291,1.0987,6.4945,142.8847
B_arachnoides,8,174, cls_1 ,0.1021,1,31.6035,159.75
B_arachnoides,8,177, cls_1 ,0.2042,1.0155,25.1832,63.9
B_arachnoides,8,178, cls_1 ,0.8166,1.0473,4.4818,303.1043
B_arachnoides,8,179, cls_1 ,19.9056,1.1506,102.3317,95.85
B_arachnoides,8,180, cls_1 ,6.8394,1.0761,29.3589,71.4424
B_arachnoides,8,181, cls_1 ,89.014,1.1873,49.9717,63.9
B_arachnoides,8,182, cls_1 ,0.7146,1.0283,19.4988,194.3443
B_arachnoides,8,183, cls_1 ,1.7354,1.059,53.3608,115.1974
B_arachnoides,8,184, cls_1 ,0.3062,1.0914,5.1428,95.85
B_arachnoides,8,185, cls_1 ,68.7,1.1519,908.3171,63.9
B_arachnoides,8,187, cls_1 ,0.7146,1.0932,18.6088,180.7365
B_arachnoides,8,189, cls_1 ,5.5123,1.1425,81.9744,71.4424
B_arachnoides,8,190, cls_1 ,0.5104,1.0688,32.5462,127.8
B_arachnoides,8,191, cls_1 ,1.7354,1.1482,5.3893,95.85
B_arachnoides,8,192, cls_1 ,0.9187,1.0338,71.3739,115.1974
B_arachnoides,8,193, cls_1 ,3.0624,1.135,100.1162,95.85
B_arachnoides,8,194, cls_1 ,22.7639,1.2347,303.6399,71.4424
B_arachnoides,8,195, cls_1 ,1.0208,1.0509,47.5687,95.85
B_arachnoides,8,196, cls_1 ,20.8244,1.1392,31.367,63.9
B_arachnoides,8,197, cls_1 ,0.9187,1.063,5.5156,272.9809
B_arachnoides,8,198, cls_1 ,1.1229,1.0654,38.0981,71.4424
B_arachnoides,8,199, cls_1 ,10.9226,1.1521,27.8192,101.0348
B_arachnoides,8,200, cls_1 ,1.0208,1.0764,61.7364,63.9
B_arachnoides,8,202, cls_1 ,0.7146,1.1197,14.3023,127.8
B_arachnoides,8,203, cls_1 ,2.1437,1.0701,5.7677,159.75
B_arachnoides,8,205, cls_1 ,1.0208,1.022,7.49,159.75
B_arachnoides,8,206, cls_1 ,1.327,1.0467,13.978,191.7
B_arachnoides,8,208, cls_1 ,0.1021,1,61.1875,63.9
B_arachnoides,8,209, cls_1 ,1.5312,1.1228,13.7197,172.056
B_arachnoides,8,210, cls_1 ,2.1437,1.085,8.7836,71.4424
B_arachnoides,8,211, cls_1 ,1.327,1.0689,11.058,127.8
B_arachnoides,8,212, cls_1 ,0.6125,1.0819,224.6558,63.9
B_arachnoides,8,213, cls_1 ,1.0208,1.0764,431.4207,90.3682
B_arachnoides,8,214, cls_1 ,3.3686,1.1492,11.771,186.2989
B_arachnoides,8,215, cls_1 ,0.5104,1.105,42.4125,71.4424
B_arachnoides,8,216, cls_1 ,1.1229,1.1085,49.2061,142.8847
B_arachnoides,8,218, cls_1 ,0.8166,1.0473,9.8043,71.4424
B_arachnoides,8,219, cls_1 ,0.7146,1.0932,16.7764,101.0348
B_arachnoides,8,220, cls_1 ,5.9207,1.1172,10.1961,63.9
B_arachnoides,8,221, cls_1 ,1.7354,1.0933,12.626,172.056
B_arachnoides,8,222, cls_1 ,0.1021,1,13.0141,71.4424
B_arachnoides,8,223, cls_1 ,0.8166,1.0473,85.5303,71.4424
B_arachnoides,8,224, cls_1 ,367.6931,1.2455,221.2963,63.9
B_arachnoides,8,225, cls_1 ,0.9187,1.0889,10.8693,71.4424
B_arachnoides,8,227, cls_1 ,1.327,1.1073,14.2199,131.7332
B_arachnoides,8,228, cls_1 ,0.7146,1.1197,96.2747,71.4424
B_arachnoides,8,229, cls_1 ,4.2874,1.151,127.731,90.3682
B_arachnoides,8,230, cls_1 ,1.6333,1.1001,19.7512,135.5524
B_arachnoides,8,231, cls_1 ,4.4915,1.1585,265.5354,71.4424
B_arachnoides,8,232, cls_1 ,0.7146,1.0932,78.9646,63.9
B_arachnoides,8,233, cls_1 ,1.5312,1.1075,11.5788,71.4424
B_arachnoides,8,234, cls_1 ,1.0208,1.1199,3.4961,255.6
B_arachnoides,8,235, cls_1 ,9.9018,1.1549,20.3286,131.7332
B_arachnoides,8,236, cls_1 ,0.5104,1.0688,12.1781,159.75
B_arachnoides,8,237, cls_1 ,0.8166,1.0769,454.4648,90.3682
B_arachnoides,8,238, cls_1 ,0.3062,1.0358,11.2534,63.9
B_arachnoides,8,239, cls_1 ,2.7562,1.1281,99.192,63.9
B_arachnoides,8,240, cls_1 ,0.7146,1.0932,26.0329,63.9
B_arachnoides,8,241, cls_1 ,0.3062,1.0358,239.5508,127.8
B_arachnoides,8,242, cls_1 ,1.225,1.0982,11.3583,115.1974
B_arachnoides,8,243, cls_1 ,0.4083,1.0537,9.698,186.2989
B_arachnoides,8,244, cls_1 ,0.5104,1.0688,12.8757,63.9
B_arachnoides,8,247, cls_1 ,0.1021,1,734.4642,71.4424
B_arachnoides,8,248, cls_1 ,0.1021,1,28.1771,162.9137
B_arachnoides,8,249, cls_1 ,0.6125,1.0819,14.4383,71.4424
B_arachnoides,8,250, cls_1 ,3.5728,1.1643,27.7972,90.3682
B_arachnoides,8,251, cls_1 ,1.225,1.0556,4.8885,214.3271
B_arachnoides,8,252, cls_1 ,0.8166,1.0131,13.314,135.5524
B_arachnoides,8,253, cls_1 ,7.1456,1.1468,25.1434,63.9
B_arachnoides,8,254, cls_1 ,0.8166,1.0769,32.5776,162.9137
B_arachnoides,8,255, cls_1 ,0.8166,1.0473,72.343,90.3682
B_arachnoides,8,256, cls_1 ,0.4083,1.0537,13.407,294.5644
B_arachnoides,8,258, cls_1 ,0.2042,1.0155,38.7244,131.7332
B_arachnoides,8,259, cls_1 ,1.1229,1.1085,16.1363,71.4424
B_arachnoides,8,261, cls_1 ,1.7354,1.059,182.0847,142.8847
B_arachnoides,8,262, cls_1 ,5.4103,1.0917,27.8721,159.75
B_arachnoides,8,263, cls_1 ,0.7146,1.0631,23.4599,159.75
B_arachnoides,8,264, cls_1 ,20.416,1.0996,183.8123,71.4424
B_arachnoides,8,265, cls_1 ,1.9395,1.1469,27.0782,127.8
B_arachnoides,8,266, cls_1 ,1.327,1.0467,13.1818,71.4424
B_arachnoides,8,267, cls_1 ,51.0401,1.2287,26.6545,63.9
B_arachnoides,8,268, cls_1 ,1.6333,1.0836,18.0297,127.8
B_arachnoides,8,269, cls_1 ,1.5312,1.0909,240.8605,127.8
B_arachnoides,8,270, cls_1 ,0.5104,1.0688,18.2021,131.7332
B_arachnoides,8,271, cls_1 ,0.4083,1.0537,11.4643,191.7
B_arachnoides,8,272, cls_1 ,1.0208,1.0764,14.0334,71.4424
B_arachnoides,8,273, cls_1 ,65.4334,1.169,36.7994,90.3682
B_arachnoides,8,274, cls_1 ,1.7354,1.0395,11.089,63.9
B_arachnoides,8,275, cls_1 ,0.8166,1.0473,14.5005,71.4424
B_arachnoides,8,276, cls_1 ,0.7146,1.0631,28.2694,101.0348
B_arachnoides,8,277, cls_1 ,0.7146,1.0631,9.6146,142.8847
B_arachnoides,8,278, cls_1 ,1.327,1.1242,37.9601,90.3682
B_arachnoides,8,280, cls_1 ,0.7146,1.0631,4.9023,447.3
B_arachnoides,8,281, cls_1 ,1.8374,1.116,16.5761,159.75
B_arachnoides,8,282, cls_1 ,0.2042,1.0909,13.5749,63.9
B_arachnoides,8,283, cls_1 ,7.2477,1.1357,23.991,63.9
B_arachnoides,8,285, cls_1 ,1.6333,1.0836,10.3535,115.1974
B_arachnoides,8,287, cls_1 ,2.552,1.0663,73.2774,115.1974
B_arachnoides,8,288, cls_1 ,0.6125,1.0465,226.5143,127.8
B_arachnoides,8,289, cls_1 ,85.0328,1.1608,47.4743,71.4424
B_arachnoides,8,290, cls_1 ,0.7146,1.0932,130.187,63.9
B_arachnoides,8,291, cls_1 ,0.5104,1.105,13.1315,272.9809
B_arachnoides,8,292, cls_1 ,4.2874,1.0395,40.4884,127.8
B_arachnoides,8,293, cls_1 ,2.7562,1.1376,8.6257,115.1974
B_arachnoides,8,294, cls_1 ,0.8166,1.0473,12.7581,90.3682
B_arachnoides,8,296, cls_1 ,1.1229,1.088,31.8667,142.8847
B_arachnoides,8,297, cls_1 ,7.4519,1.1062,87.9048,90.3682
B_arachnoides,8,298, cls_1 ,0.6125,1.0819,39.7391,191.7
B_arachnoides,8,299, cls_1 ,0.8166,1.0769,11.1149,115.1974
B_arachnoides,8,300, cls_1 ,1.225,1.078,17.7492,90.3682
B_arachnoides,8,301, cls_1 ,0.3062,1.0358,43.7707,63.9
B_arachnoides,8,302, cls_1 ,2.3478,1.0889,72.5409,63.9
B_arachnoides,8,303, cls_1 ,26.2346,1.0978,29.953,63.9
B_arachnoides,8,304, cls_1 ,2.7562,1.0718,15.474,127.8
B_arachnoides,8,305, cls_1 ,0.7146,1.1197,29.5633,90.3682
B_arachnoides,8,306, cls_1 ,0.3062,1.1369,19.1263,63.9
B_arachnoides,8,307, cls_1 ,2.6541,1.1322,228.3946,101.0348
B_arachnoides,8,308, cls_1 ,3.9811,1.0792,13.4073,543.15
B_arachnoides,8,309, cls_1 ,0.5104,1.0261,10.2088,115.1974
B_arachnoides,8,310, cls_1 ,0.3062,1.0358,9.9415,142.8847
B_arachnoides,8,312, cls_1 ,2.1437,1.054,132.0261,71.4424
B_arachnoides,8,313, cls_1 ,0.9187,1.112,10.0822,90.3682
B_arachnoides,8,314, cls_1 ,1.4291,1.0987,33.2589,172.056
B_arachnoides,8,315, cls_1 ,1.7354,1.1226,14.2667,63.9
B_arachnoides,8,316, cls_1 ,0.5104,1.105,410.5671,95.85
B_arachnoides,8,318, cls_1 ,1.225,1.078,10.3004,71.4424
B_arachnoides,8,319, cls_1 ,0.9187,1.0338,18.2565,115.1974
B_arachnoides,8,320, cls_1 ,1.0208,1.0509,405.2308,95.85
B_arachnoides,8,321, cls_1 ,1.8374,1.102,10.6209,63.9
B_arachnoides,8,322, cls_1 ,0.8166,1.0769,17.0501,101.0348
B_arachnoides,8,323, cls_1 ,2.552,1.1159,8.09,71.4424
B_arachnoides,8,324, cls_1 ,2.3478,1.0752,6.3259,90.3682
B_arachnoides,8,325, cls_1 ,0.9187,1.063,11.544,257.5891
B_arachnoides,8,326, cls_1 ,0.5104,1.0261,84.948,214.3271
B_arachnoides,8,327, cls_1 ,1.1229,1.1271,921.2617,63.9
B_arachnoides,8,328, cls_1 ,3.0624,1.0734,24.1506,63.9
B_arachnoides,8,329, cls_1 ,18.0682,1.123,279.5565,95.85
B_arachnoides,8,330, cls_1 ,0.5104,1.0261,722.5578,71.4424
B_arachnoides,8,331, cls_1 ,0.5104,1.105,16.3558,95.85
B_arachnoides,8,332, cls_1 ,0.8166,1.0131,18.0795,63.9
B_arachnoides,8,333, cls_1 ,1.327,1.0689,9.6089,328.9454
B_arachnoides,8,334, cls_1 ,0.1021,1,904.6005,63.9
B_arachnoides,8,335, cls_1 ,0.8166,1.1477,42.9146,142.8847
B_arachnoides,8,336, cls_1 ,0.4083,1.0537,51.0697,257.5891
B_arachnoides,8,337, cls_1 ,2.0416,1.0754,33.5182,257.5891
B_arachnoides,8,338, cls_1 ,0.1021,1,8.9055,543.15
B_arachnoides,8,339, cls_1 ,0.3062,1.0358,3.0885,545.9618
B_arachnoides,8,340, cls_1 ,0.7146,1.0283,15.0019,257.5891
B_arachnoides,8,342, cls_1 ,0.6125,1.0465,1.9636,683.7599
B_arachnoides,8,343, cls_1 ,1.1229,1.0402,4.0027,447.3
B_arachnoides,8,344, cls_1 ,0.2042,1.0155,5.0016,71.4424
B_arachnoides,8,345, cls_1 ,0.4083,1,4.2859,71.4424
B_arachnoides,8,348, cls_1 ,0.6125,1.1125,1.923,683.7599
B_arachnoides,8,349, cls_1 ,2.7562,1.0438,3.0016,101.0348
B_arachnoides,8,350, cls_1 ,1.4291,1.1309,4.2876,101.0348
B_arachnoides,8,353, cls_1 ,0.7146,1.0283,1.2941,894.6
B_arachnoides,8,357, cls_1 ,0.2042,1.0909,3.2075,71.4424
B_arachnoides,8,360, cls_1 ,0.4083,1.0537,2.6509,71.4424
B_arachnoides,8,362, cls_1 ,0.7146,1.0631,2.0086,101.0348
B_arachnoides,8,365, cls_1 ,0.8166,1.0473,1.3465,172.056
B_arachnoides,8,367, cls_1 ,4.0832,1.2022,2.0383,294.5644
B_arachnoides,8,369, cls_1 ,6.8394,1.1313,2.4167,159.75
B_arachnoides,8,372, cls_1 ,1.1229,1.088,4.1887,159.75
B_arachnoides,8,373, cls_1 ,0.4083,1.0975,1.3557,172.056
B_arachnoides,8,374, cls_1 ,3.1645,1.113,2.6581,287.55
B_arachnoides,8,375, cls_1 ,2.4499,1.1204,1.4519,474.9709
B_arachnoides,8,380, cls_1 ,0.7146,1.0932,0.9577,479.25
B_arachnoides,8,387, cls_1 ,0.3062,1.0358,1.7279,328.9454
B_arachnoides,8,392, cls_1 ,0.1021,1,2.5457,71.4424
B_arachnoides,8,395, cls_1 ,0.8166,1.0769,1.3753,71.4424
B_arachnoides,8,397, cls_1 ,0.6125,1.1395,1.3443,474.9709
B_arachnoides,8,399, cls_1 ,0.2042,1.0155,1.9566,95.85
B_arachnoides,8,400, cls_1 ,1.1229,1.0402,1.6993,63.9
B_arachnoides,8,401, cls_1 ,0.3062,1.0358,3.7029,63.9
B_arachnoides,8,402, cls_1 ,0.2042,1.0155,1.2092,101.0348
B_arachnoides,8,404, cls_1 ,0.8166,1.0769,0.7574,345.5921
B_arachnoides,8,405, cls_1 ,1.1229,1.088,4.0023,115.1974
B_arachnoides,8,406, cls_1 ,0.6125,1.0465,0.9036,526.9329
B_arachnoides,8,408, cls_1 ,0.4083,1.0975,3.6689,90.3682
B_arachnoides,8,409, cls_1 ,3.777,1.0743,2.4364,115.1974
B_arachnoides,8,410, cls_1 ,1.9395,1.0809,2.8949,90.3682
B_arachnoides,8,411, cls_1 ,0.5104,1.0688,1.1687,319.5
B_arachnoides,8,2, cls_3 ,8533.3985,1.2886,90.4491,63.9
B_arachnoides,8,7, cls_3 ,0.4083,1,1032.0729,287.55
B_arachnoides,8,9, cls_3 ,19.4973,1.1188,3343.8363,159.75
B_arachnoides,8,10, cls_3 ,0.8166,1.1265,20899.186,63.9
B_arachnoides,8,11, cls_3 ,0.9187,1.1519,20898.776,63.9
B_arachnoides,8,15, cls_3 ,1.225,1.078,6430.5833,115.1974
B_arachnoides,8,22, cls_3 ,0.2042,1.0155,16719.0309,71.4424
B_arachnoides,8,60, cls_3 ,0.8166,1.0473,16719.016,71.4424
B_arachnoides,8,96, cls_3 ,1.0208,1.0509,10449.4608,90.3682
B_arachnoides,8,201, cls_3 ,0.1021,1,20898.7892,63.9
B_arachnoides,8,284, cls_3 ,0.1021,1,16719.2625,71.4424
B_arachnoides,8,295, cls_3 ,0.7146,1.0932,3215.2234,162.9137
B_arachnoides,8,311, cls_3 ,7.9623,1.1161,20898.7889,63.9
B_arachnoides,8,346, cls_3 ,6.2269,1.1658,757.2939,127.8
B_arachnoides,8,352, cls_3 ,27.5617,1.0879,727.5338,127.8
B_arachnoides,8,356, cls_3 ,19.3952,1.0805,20903.5821,63.9
B_arachnoides,8,388, cls_3 ,0.1021,1,20902.6599,63.9
B_arachnoides,8,390, cls_3 ,12.1475,1.0948,2459.6029,186.2989
B_arachnoides,8,8, cls_2 ,6.329,1.1899,0.9713,142.8847
B_arachnoides,8,16, cls_2 ,1.225,1.1495,2.0487,95.85
B_arachnoides,8,17, cls_2 ,1.6333,1.046,2.6543,95.85
B_arachnoides,8,19, cls_2 ,0.1021,1,6.1769,63.9
B_arachnoides,8,21, cls_2 ,1.7354,1.0933,4.4596,63.9
B_arachnoides,8,72, cls_2 ,1.0208,1.1561,0.0617,1373.85
B_arachnoides,8,89, cls_2 ,0.6125,1.0465,0.4547,71.4424
B_arachnoides,8,98, cls_2 ,0.1021,1,2.2046,63.9
B_arachnoides,8,100, cls_2 ,0.4083,1.0537,0.6296,63.9
B_arachnoides,8,135, cls_2 ,0.7146,1.0283,0.0443,575.9868
B_arachnoides,8,166, cls_2 ,0.7146,1.0631,0.05,575.9868
B_arachnoides,8,175, cls_2 ,0.6125,1.0819,0.0335,1347.972
B_arachnoides,8,186, cls_2 ,0.8166,1.0769,0.2783,232.5995
B_arachnoides,8,188, cls_2 ,0.7146,1.0283,0.0947,416.577
B_arachnoides,8,204, cls_2 ,0.5104,1.105,0.2845,294.5644
B_arachnoides,8,207, cls_2 ,1.0208,1.0509,0.4633,225.9206
B_arachnoides,8,226, cls_2 ,1.1229,1.1085,0.2884,225.9206
B_arachnoides,8,245, cls_2 ,1.327,1.089,0.1926,249.5375
B_arachnoides,8,246, cls_2 ,0.7146,1.1434,0.0567,798.75
B_arachnoides,8,257, cls_2 ,0.7146,1.0631,0.048,959.0324
B_arachnoides,8,260, cls_2 ,1.0208,1.0993,0.2343,249.5375
B_arachnoides,8,279, cls_2 ,0.7146,1.0283,0.006,4058.0273
B_arachnoides,8,286, cls_2 ,1.6333,1.1296,0.018,1841.2184
B_arachnoides,8,351, cls_2 ,0.6125,1.0465,0.012,1355.5237
B_arachnoides,8,396, cls_2 ,0.6125,1.1125,0.0086,1355.5237
B_arachnoides,8,29, cls_5 ,1.327,1.0689,0.0528,416.577
B_arachnoides,8,50, cls_5 ,0.8166,1.0473,0.0826,416.577
B_arachnoides,8,55, cls_5 ,0.6125,1.0047,0.0143,1309.95
B_arachnoides,8,217, cls_5 ,0.1021,1,0.0125,3929.9799
B_arachnoides,8,317, cls_5 ,1.327,1.0689,0.008,5058.3016
B_arachnoides,8,347, cls_5 ,11.1267,1.1283,0.7446,351.45
B_arachnoides,8,354, cls_5 ,9.1872,1.1696,0.9017,351.45
B_arachnoides,8,74, cls_6 ,0.1021,1,5.0502,71.4424
B_arachnoides,8,78, cls_6 ,2.552,1.0663,0.2826,71.4424
B_arachnoides,8,79, cls_6 ,1.0208,1.0993,0.4351,90.3682
B_arachnoides,8,88, cls_6 ,0.2042,1.0155,1.3359,90.3682
B_arachnoides,8,176, cls_6 ,1.0208,1.0509,0.0173,2032.03
B_arachnoides,8,341, cls_6 ,6.7373,1.1042,0.0161,3143.4644
B_arachnoides,8,355, cls_6 ,0.7146,1.0932,0.6061,90.3682
B_arachnoides,8,358, cls_6 ,0.5104,1.0688,1.2238,90.3682
B_arachnoides,8,359, cls_6 ,0.2042,1.0155,0.7184,71.4424
B_arachnoides,8,361, cls_6 ,0.3062,1.0914,1.202,90.3682
B_arachnoides,8,363, cls_6 ,0.1021,1,0.8062,71.4424
B_arachnoides,8,364, cls_6 ,0.7146,1.1649,1.7241,71.4424
B_arachnoides,8,366, cls_6 ,0.2042,1.0909,0.5002,159.75
B_arachnoides,8,368, cls_6 ,0.2042,1.0155,0.3774,339.6332
B_arachnoides,8,370, cls_6 ,0.3062,1.0914,2.0337,71.4424
B_arachnoides,8,371, cls_6 ,3.879,1.0716,0.9976,115.1974
B_arachnoides,8,376, cls_6 ,0.2042,1.0909,1.9529,159.75
B_arachnoides,8,377, cls_6 ,3.4707,1.1125,3.1007,63.9
B_arachnoides,8,378, cls_6 ,0.6125,1.0819,0.6305,142.8847
B_arachnoides,8,379, cls_6 ,0.1021,1,3.5603,95.85
B_arachnoides,8,381, cls_6 ,0.6125,1.0819,11.7602,63.9
B_arachnoides,8,382, cls_6 ,0.1021,1,1.3592,95.85
B_arachnoides,8,383, cls_6 ,1.0208,1.0509,3.3184,95.85
B_arachnoides,8,384, cls_6 ,0.5104,1.0261,1.1162,63.9
B_arachnoides,8,385, cls_6 ,0.1021,1,2.2513,63.9
B_arachnoides,8,386, cls_6 ,0.1021,1,1.5597,63.9
B_arachnoides,8,389, cls_6 ,1.225,1.0556,4.4336,63.9
B_arachnoides,8,391, cls_6 ,0.1021,1,2.4343,131.7332
B_arachnoides,8,393, cls_6 ,0.2042,1.0909,2.4466,131.7332
B_arachnoides,8,394, cls_6 ,1.225,1.1337,0.5439,388.6885
B_arachnoides,8,398, cls_6 ,7.2477,1.1357,0.7971,142.8847
B_arachnoides,8,403, cls_6 ,1.327,1.089,1.3605,159.75
B_arachnoides,8,407, cls_6 ,0.5104,1.0688,4.1869,142.8847
B_arachnoides,9,1, cls_1 ,0.1021,1,33968.5517,90.3682
B_arachnoides,9,3, cls_1 ,27740.0017,1.31,394.0071,63.9
B_arachnoides,9,7, cls_1 ,0.9187,1.0889,1062.1762,214.3271
B_arachnoides,9,10, cls_1 ,0.4083,1.1346,67936.9425,63.9
B_arachnoides,9,12, cls_1 ,1.5312,1.053,575.4966,63.9
B_arachnoides,9,13, cls_1 ,4.1853,1.1536,54353.2997,63.9
B_arachnoides,9,17, cls_1 ,0.3062,1.0358,67936.9597,63.9
B_arachnoides,9,25, cls_1 ,0.6125,1.0465,54349.9308,71.4424
B_arachnoides,9,27, cls_1 ,0.4083,1.0537,67937.4998,63.9
B_arachnoides,9,40, cls_1 ,0.3062,1.0358,67936.8508,63.9
B_arachnoides,9,57, cls_1 ,1.8374,1.0706,3059.9629,71.4424
B_arachnoides,9,59, cls_1 ,2.0416,1.1042,4184.9184,71.4424
B_arachnoides,9,63, cls_1 ,5.2061,1.1173,2175.3899,142.8847
B_arachnoides,9,64, cls_1 ,0.4083,1.0975,67936.8931,63.9
B_arachnoides,9,70, cls_1 ,0.5104,1.1638,1608.4971,357.2119
B_arachnoides,9,78, cls_1 ,0.4083,1.0537,1089.0993,162.9137
B_arachnoides,9,80, cls_1 ,0.2042,1.0155,7346.7463,63.9
B_arachnoides,9,85, cls_1 ,0.3062,1.0358,27176.1236,63.9
B_arachnoides,9,86, cls_1 ,2.2458,1.0799,1776.8205,180.7365
B_arachnoides,9,94, cls_1 ,0.2042,1.0155,4456.3636,180.7365
B_arachnoides,9,96, cls_1 ,0.2042,1.0155,13589.5737,142.8847
B_arachnoides,9,100, cls_1 ,5.7165,1.1795,7354.4006,71.4424
B_arachnoides,9,103, cls_1 ,48.8964,1.1708,1170.2809,63.9
B_arachnoides,9,107, cls_1 ,0.1021,1,182.6322,95.85
B_arachnoides,9,110, cls_1 ,3.6749,1.0972,118.7952,101.0348
B_arachnoides,9,112, cls_1 ,2.3478,1.1017,1701.7879,95.85
B_arachnoides,9,113, cls_1 ,0.2042,1.0155,1067.1435,95.85
B_arachnoides,9,114, cls_1 ,2.9603,1.1103,1670.7223,63.9
B_arachnoides,9,118, cls_1 ,0.7146,1.0932,54350.9599,71.4424
B_arachnoides,9,122, cls_1 ,0.8166,1.0769,372.8893,71.4424
B_arachnoides,9,125, cls_1 ,0.8166,1.1031,199.3668,71.4424
B_arachnoides,9,128, cls_1 ,1.327,1.1398,2013.0644,71.4424
B_arachnoides,9,129, cls_1 ,0.2042,1.0155,2185.9071,63.9
B_arachnoides,9,130, cls_1 ,40.4238,1.1735,826.8367,63.9
B_arachnoides,9,131, cls_1 ,2.6541,1.1116,1106.5315,63.9
B_arachnoides,9,134, cls_1 ,0.5104,1.105,771.2833,90.3682
B_arachnoides,9,137, cls_1 ,0.5104,1.0688,7997.8789,127.8
B_arachnoides,9,138, cls_1 ,16.3328,1.1353,13590.1151,63.9
B_arachnoides,9,139, cls_1 ,1.1229,1.0654,33969.3876,90.3682
B_arachnoides,9,140, cls_1 ,0.4083,1,3680.5874,63.9
B_arachnoides,9,141, cls_1 ,0.1021,1,366.5661,63.9
B_arachnoides,9,142, cls_1 ,0.7146,1.0631,10454.8106,162.9137
B_arachnoides,9,144, cls_1 ,0.6125,1.1125,767.7531,63.9
B_arachnoides,9,148, cls_1 ,2.1437,1.1117,285.8844,71.4424
B_arachnoides,9,149, cls_1 ,0.6125,1.1125,1003.3418,71.4424
B_arachnoides,9,151, cls_1 ,1.225,1.078,3997.6462,95.85
B_arachnoides,9,152, cls_1 ,0.1021,1,4221.4992,63.9
B_arachnoides,9,154, cls_1 ,0.6125,1.0465,67937.2855,63.9
B_arachnoides,9,158, cls_1 ,0.2042,1.0155,1034.0121,71.4424
B_arachnoides,9,159, cls_1 ,0.2042,1.0155,1783.1593,95.85
B_arachnoides,9,160, cls_1 ,1.327,1.1543,15989.1995,131.7332
B_arachnoides,9,169, cls_1 ,1.5312,1.0728,229.3995,71.4424
B_arachnoides,9,172, cls_1 ,1.0208,1.0509,67938.364,63.9
B_arachnoides,9,174, cls_1 ,1.0208,1.1388,985.6563,95.85
B_arachnoides,9,175, cls_1 ,1.8374,1.0529,822.0872,135.5524
B_arachnoides,9,176, cls_1 ,0.4083,1,67937.2584,63.9
B_arachnoides,9,178, cls_1 ,1.8374,1.1642,13592.5193,127.8
B_arachnoides,9,181, cls_1 ,0.7146,1.0932,2328.525,95.85
B_arachnoides,9,182, cls_1 ,2.552,1.0663,67938.1606,63.9
B_arachnoides,9,184, cls_1 ,1.327,1.0467,10876.3906,135.5524
B_arachnoides,9,186, cls_1 ,1.1229,1.088,753.4569,71.4424
B_arachnoides,9,190, cls_1 ,0.5104,1.105,30210.7527,95.85
B_arachnoides,9,192, cls_1 ,0.2042,1.0909,54354.6809,71.4424
B_arachnoides,9,193, cls_1 ,2.8582,1.0924,54352.7121,71.4424
B_arachnoides,9,194, cls_1 ,6.5331,1.1306,802.3567,90.3682
B_arachnoides,9,195, cls_1 ,1.8374,1.0529,559.3183,95.85
B_arachnoides,9,196, cls_1 ,1.6333,1.0836,1052.6747,95.85
B_arachnoides,9,197, cls_1 ,0.5104,1.0261,1212.897,71.4424
B_arachnoides,9,199, cls_1 ,1.1229,1.1443,3398.2994,285.7695
B_arachnoides,9,200, cls_1 ,1.1229,1.088,408.6215,63.9
B_arachnoides,9,202, cls_1 ,1.8374,1.0869,30196.127,95.85
B_arachnoides,9,205, cls_1 ,5.0019,1.1409,5557.8149,71.4424
B_arachnoides,9,207, cls_1 ,0.1021,1,633.6207,63.9
B_arachnoides,9,209, cls_1 ,0.1021,1,67939.5875,63.9
B_arachnoides,9,211, cls_1 ,0.7146,1.0283,872.7253,63.9
B_arachnoides,9,220, cls_1 ,1.225,1.0982,2785.3005,71.4424
B_arachnoides,9,223, cls_1 ,1.7354,1.0395,2803.6812,142.8847
B_arachnoides,9,227, cls_1 ,0.6125,1.0465,5546.8976,223.65
B_arachnoides,9,237, cls_1 ,0.3062,1.0358,67937.7799,63.9
B_arachnoides,9,240, cls_1 ,6.329,1.1496,3725.2573,101.0348
B_arachnoides,9,241, cls_1 ,0.3062,1.0914,67937.3999,63.9
B_arachnoides,9,246, cls_1 ,0.4083,1.0537,1678.6168,333.5678
B_arachnoides,9,253, cls_1 ,0.7146,1.0283,20910.4903,101.0348
B_arachnoides,9,263, cls_1 ,1.327,1.0689,7557.391,63.9
B_arachnoides,9,268, cls_1 ,0.8166,1.0769,6798.9701,63.9
B_arachnoides,9,270, cls_1 ,0.5104,1.0688,67938.0577,63.9
B_arachnoides,9,271, cls_1 ,0.7146,1.0631,67937.4536,63.9
B_arachnoides,9,273, cls_1 ,68.4958,1.1414,3025.8508,101.0348
B_arachnoides,9,277, cls_1 ,0.1021,1,67937.5095,63.9
B_arachnoides,9,280, cls_1 ,0.2042,1.0155,15987.7238,95.85
B_arachnoides,9,286, cls_1 ,0.6125,1.0819,27175.9376,95.85
B_arachnoides,9,287, cls_1 ,0.1021,1,54350.7332,71.4424
B_arachnoides,9,289, cls_1 ,12.0455,1.1127,30198.9887,71.4424
B_arachnoides,9,292, cls_1 ,0.1021,1,54349.4586,71.4424
B_arachnoides,9,293, cls_1 ,9.0851,1.1272,67937.5156,63.9
B_arachnoides,9,300, cls_1 ,0.6125,1.0465,16002.3982,131.7332
B_arachnoides,9,304, cls_1 ,2.1437,1.0701,3221.0978,71.4424
B_arachnoides,9,305, cls_1 ,2.8582,1.1035,1768.5759,135.5524
B_arachnoides,9,306, cls_1 ,0.6125,1.1395,67937.8913,63.9
B_arachnoides,9,332, cls_1 ,1.1229,1.1085,67937.1229,63.9
B_arachnoides,9,335, cls_1 ,2.1437,1.1565,16986.1888,127.8
B_arachnoides,9,339, cls_1 ,1.5312,1.0909,20904.2514,115.1974
B_arachnoides,9,346, cls_1 ,0.7146,1.0631,33971.5327,63.9
B_arachnoides,9,348, cls_1 ,0.4083,1.0537,54352.748,63.9
B_arachnoides,9,349, cls_1 ,0.7146,1.1434,27175.1864,101.0348
B_arachnoides,9,351, cls_1 ,1.1229,1.1271,10874.1487,71.4424
B_arachnoides,9,356, cls_1 ,4.5936,1.1732,3422.2586,101.0348
B_arachnoides,9,357, cls_1 ,0.7146,1.0631,27178.994,71.4424
B_arachnoides,9,366, cls_1 ,1.327,1.0467,27177.0263,71.4424
B_arachnoides,9,374, cls_1 ,0.1021,1,10870.0131,159.75
B_arachnoides,9,375, cls_1 ,1.1229,1.1085,67939.7758,63.9
B_arachnoides,9,378, cls_1 ,0.7146,1.0283,3316.4462,63.9
B_arachnoides,9,381, cls_1 ,0.6125,1.0465,5127.8657,232.5995
B_arachnoides,9,388, cls_1 ,0.2042,1.0155,6796.8352,63.9
B_arachnoides,9,392, cls_1 ,2.7562,1.1281,54349.676,71.4424
B_arachnoides,9,397, cls_1 ,2.0416,1.0903,10870.7465,159.75
B_arachnoides,9,405, cls_1 ,2.552,1.0926,754.5016,135.5524
B_arachnoides,9,411, cls_1 ,0.1021,1,54349.8589,71.4424
B_arachnoides,9,413, cls_1 ,0.6125,1.0465,30194.6666,95.85
B_arachnoides,9,420, cls_1 ,0.4083,1.0975,27175.1017,101.0348
B_arachnoides,9,426, cls_1 ,0.4083,1.0537,745.7456,71.4424
B_arachnoides,9,437, cls_1 ,0.5104,1.0261,1027.44,159.75
B_arachnoides,9,441, cls_1 ,3.5728,1.1502,5441.8718,63.9
B_arachnoides,9,445, cls_1 ,0.1021,1,54349.82,71.4424
B_arachnoides,9,446, cls_1 ,1.9395,1.0278,709.7587,63.9
B_arachnoides,9,453, cls_1 ,3.9811,1.1233,67937.4736,63.9
B_arachnoides,9,460, cls_1 ,0.6125,1.1125,973.9706,71.4424
B_arachnoides,9,465, cls_1 ,0.3062,1.0358,54352.328,71.4424
B_arachnoides,9,471, cls_1 ,0.2042,1.0155,1060.489,71.4424
B_arachnoides,9,474, cls_1 ,4.2874,1.1808,54358.6606,63.9
B_arachnoides,9,478, cls_1 ,0.1021,1,7549.9932,63.9
B_arachnoides,9,481, cls_1 ,0.6125,1.0465,33969.5192,90.3682
B_arachnoides,9,484, cls_1 ,0.1021,1,67937.0384,63.9
B_arachnoides,9,485, cls_1 ,0.6125,1.0465,30195.0503,95.85
B_arachnoides,9,486, cls_1 ,0.3062,1.0358,7993.9588,63.9
B_arachnoides,9,492, cls_1 ,1.7354,1.059,54357.0696,71.4424
B_arachnoides,9,493, cls_1 ,2.8582,1.1513,33981.2703,63.9
B_arachnoides,9,496, cls_1 ,0.1021,1,67938.2945,63.9
B_arachnoides,9,498, cls_1 ,0.5104,1.0261,15985.3261,131.7332
B_arachnoides,9,499, cls_1 ,3.0624,1.2193,67939.6763,63.9
B_arachnoides,9,501, cls_1 ,0.6125,1.1395,27175.8081,95.85
B_arachnoides,9,512, cls_1 ,0.7146,1.0631,3019.848,225.9206
B_arachnoides,9,513, cls_1 ,0.6125,1.0819,54351.8792,71.4424
B_arachnoides,9,515, cls_1 ,0.7146,1.0283,1388.9158,131.7332
B_arachnoides,9,517, cls_1 ,1.9395,1.0647,30194.7474,95.85
B_arachnoides,9,518, cls_1 ,0.2042,1.0155,16986.4141,127.8
B_arachnoides,9,519, cls_1 ,0.2042,1.0909,4183.8458,71.4424
B_arachnoides,9,521, cls_1 ,0.1021,1,10876.3808,71.4424
B_arachnoides,9,524, cls_1 ,1.0208,1.1199,33969.94,90.3682
B_arachnoides,9,531, cls_1 ,1.1229,1.0654,4248.7005,71.4424
B_arachnoides,9,533, cls_1 ,0.6125,1.0819,54349.7501,71.4424
B_arachnoides,9,534, cls_1 ,0.2042,1.0155,54349.9121,71.4424
B_arachnoides,9,536, cls_1 ,0.6125,1.0465,5435.4153,225.9206
B_arachnoides,9,537, cls_1 ,5.5123,1.174,67939.0547,63.9
B_arachnoides,9,538, cls_1 ,1.1229,1.0654,54351.0104,71.4424
B_arachnoides,9,539, cls_1 ,2.4499,1.1204,15990.9461,63.9
B_arachnoides,9,541, cls_1 ,0.3062,1.0358,2724.6445,71.4424
B_arachnoides,9,546, cls_1 ,0.2042,1.0155,7549.7782,191.7
B_arachnoides,9,553, cls_1 ,1.8374,1.1292,20911.3394,63.9
B_arachnoides,9,555, cls_1 ,0.2042,1.0909,54350.7429,71.4424
B_arachnoides,9,561, cls_1 ,1.0208,1.1561,1017.5444,71.4424
B_arachnoides,9,569, cls_1 ,0.5104,1.0688,10884.4544,63.9
B_arachnoides,9,579, cls_1 ,1.225,1.1495,13587.7044,142.8847
B_arachnoides,9,580, cls_1 ,0.1021,1,54350.3149,71.4424
B_arachnoides,9,581, cls_1 ,0.2042,1.0155,67940.4973,63.9
B_arachnoides,9,582, cls_1 ,0.1021,1,27182.0174,63.9
B_arachnoides,9,583, cls_1 ,0.8166,1.1477,1700.3927,115.1974
B_arachnoides,9,595, cls_1 ,2.1437,1.0701,54350.0123,71.4424
B_arachnoides,9,600, cls_1 ,0.1021,1,33970.6983,90.3682
B_arachnoides,9,601, cls_1 ,1.5312,1.1075,67938.5098,63.9
B_arachnoides,9,602, cls_1 ,0.2042,1.0155,9372.7041,95.85
B_arachnoides,9,603, cls_1 ,0.1021,1,67937.0753,63.9
B_arachnoides,9,606, cls_1 ,0.1021,1,54349.7156,71.4424
B_arachnoides,9,611, cls_1 ,4.0832,1.0557,67937.2964,63.9
B_arachnoides,9,613, cls_1 ,0.7146,1.0631,30195.9523,95.85
B_arachnoides,9,618, cls_1 ,0.3062,1.0358,54351.6448,71.4424
B_arachnoides,9,640, cls_1 ,0.7146,1.0932,13595.1957,63.9
B_arachnoides,9,642, cls_1 ,0.7146,1.0283,6629.4602,186.2989
B_arachnoides,9,647, cls_1 ,2.4499,1.1689,6814.5593,63.9
B_arachnoides,9,648, cls_1 ,2.4499,1.0706,20904.0304,115.1974
B_arachnoides,9,671, cls_1 ,1.5312,1.0909,1370.2838,172.056
B_arachnoides,9,676, cls_1 ,1.4291,1.0805,10452.7907,162.9137
B_arachnoides,9,683, cls_1 ,0.1021,1,67937.3518,63.9
B_arachnoides,9,686, cls_1 ,0.5104,1.0688,1060.8877,63.9
B_arachnoides,9,691, cls_1 ,91.3618,1.2072,7552.0994,63.9
B_arachnoides,9,701, cls_1 ,0.7146,1.1197,552.7559,249.5375
B_arachnoides,9,717, cls_1 ,0.5104,1.0261,644.5173,101.0348
B_arachnoides,9,721, cls_1 ,0.4083,1.0537,544.6469,63.9
B_arachnoides,9,724, cls_1 ,3.1645,1.0927,425.7811,191.7
B_arachnoides,9,728, cls_1 ,1.225,1.1337,2648.2881,90.3682
B_arachnoides,9,732, cls_1 ,0.8166,1.0769,20905.602,115.1974
B_arachnoides,9,736, cls_1 ,27.8679,1.0951,1605.4682,63.9
B_arachnoides,9,741, cls_1 ,2.0416,1.1294,30216.0973,95.85
B_arachnoides,9,750, cls_1 ,0.9187,1.0889,264.4356,63.9
B_arachnoides,9,759, cls_1 ,0.3062,1.0358,30195.5266,95.85
B_arachnoides,9,763, cls_1 ,0.4083,1.0537,27175.6735,101.0348
B_arachnoides,9,789, cls_1 ,1.225,1.078,104.9814,333.5678
B_arachnoides,9,814, cls_1 ,2.1437,1.1462,101.7204,333.5678
B_arachnoides,9,816, cls_1 ,0.1021,1,54349.6651,71.4424
B_arachnoides,9,821, cls_1 ,10.5143,1.1524,1210.2235,142.8847
B_arachnoides,9,822, cls_1 ,1.4291,1.1454,10870.843,159.75
B_arachnoides,9,823, cls_1 ,0.4083,1.0537,67937.8168,63.9
B_arachnoides,9,824, cls_1 ,0.8166,1.0473,3397.5756,194.3443
B_arachnoides,9,825, cls_1 ,0.3062,1.0914,8494.9652,63.9
B_arachnoides,9,826, cls_1 ,0.4083,1.1667,10870.6797,159.75
B_arachnoides,9,829, cls_1 ,0.7146,1.0932,4687.2307,63.9
B_arachnoides,9,830, cls_1 ,0.6125,1.0819,54350.1665,71.4424
B_arachnoides,9,832, cls_1 ,4.0832,1.0557,167.8562,289.3196
B_arachnoides,9,833, cls_1 ,0.4083,1.0537,49.9664,95.85
B_arachnoides,9,835, cls_1 ,0.6125,1.0465,54350.238,71.4424
B_arachnoides,9,836, cls_1 ,1.7354,1.059,1359.7334,202.0695
B_arachnoides,9,837, cls_1 ,1.1229,1.1085,4247.4303,95.85
B_arachnoides,9,838, cls_1 ,0.5104,1.0688,1837.9755,95.85
B_arachnoides,9,840, cls_1 ,11.2288,1.0779,1616.4992,142.8847
B_arachnoides,9,845, cls_1 ,4.8999,1.1716,6628.4589,204.5798
B_arachnoides,9,846, cls_1 ,0.1021,1,48.5221,95.85
B_arachnoides,9,847, cls_1 ,3.1645,1.1561,54354.3666,71.4424
B_arachnoides,9,850, cls_1 ,2.9603,1.1557,67937.1174,63.9
B_arachnoides,9,854, cls_1 ,34.299,1.1338,317.8212,191.7
B_arachnoides,9,855, cls_1 ,0.7146,1.0631,102.5018,191.7
B_arachnoides,9,862, cls_1 ,0.2042,1.0155,67939.1961,63.9
B_arachnoides,9,866, cls_1 ,1.0208,1.0993,1883.4708,90.3682
B_arachnoides,9,873, cls_1 ,0.8166,1.0473,67936.8783,63.9
B_arachnoides,9,889, cls_1 ,0.2042,1.0155,67938.5226,63.9
B_arachnoides,9,894, cls_1 ,2.7562,1.0438,67938.1179,63.9
B_arachnoides,9,896, cls_1 ,1.6333,1.1001,33968.8715,90.3682
B_arachnoides,9,897, cls_1 ,1.8374,1.0706,350.3336,63.9
B_arachnoides,9,901, cls_1 ,3.879,1.0493,66.7799,294.5644
B_arachnoides,9,902, cls_1 ,2.2458,1.0799,552.127,63.9
B_arachnoides,9,910, cls_1 ,0.8166,1.0473,10452.3838,162.9137
B_arachnoides,9,914, cls_1 ,0.8166,1.1265,3997.044,263.4664
B_arachnoides,9,915, cls_1 ,0.5104,1.0688,7552.044,142.8847
B_arachnoides,9,918, cls_1 ,1.1229,1.0654,20904.1288,115.1974
B_arachnoides,9,923, cls_1 ,1.7354,1.1226,871.8481,319.5
B_arachnoides,9,929, cls_1 ,2.9603,1.1297,20906.7637,115.1974
B_arachnoides,9,934, cls_1 ,1.9395,1.1099,143.1784,186.2989
B_arachnoides,9,935, cls_1 ,4.2874,1.0905,287.2565,186.2989
B_arachnoides,9,940, cls_1 ,0.9187,1.0889,54351.2918,71.4424
B_arachnoides,9,942, cls_1 ,0.7146,1.1197,3724.9384,71.4424
B_arachnoides,9,943, cls_1 ,0.5104,1.1362,1359.4557,202.0695
B_arachnoides,9,945, cls_1 ,5.0019,1.164,1880.2691,115.1974
B_arachnoides,9,946, cls_1 ,2.2458,1.1187,45.4157,63.9
B_arachnoides,9,947, cls_1 ,0.3062,1.1369,30196.1928,95.85
B_arachnoides,9,948, cls_1 ,1.6333,1.046,67943.2218,63.9
B_arachnoides,9,949, cls_1 ,4.4915,1.0944,6653.1751,71.4424
B_arachnoides,9,951, cls_1 ,1.0208,1.1388,53.0199,63.9
B_arachnoides,9,953, cls_1 ,0.3062,1.0914,33968.9715,90.3682
B_arachnoides,9,954, cls_1 ,2.3478,1.146,44.8419,71.4424
B_arachnoides,9,955, cls_1 ,0.2042,1.0155,1066.9091,63.9
B_arachnoides,9,957, cls_1 ,19.089,1.1292,4187.1238,63.9
B_arachnoides,9,959, cls_1 ,0.1021,1,67937.2934,63.9
B_arachnoides,9,960, cls_1 ,0.1021,1,456.673,159.75
B_arachnoides,9,961, cls_1 ,75.9477,1.2132,13618.2219,63.9
B_arachnoides,9,963, cls_1 ,0.8166,1.0473,54351.5458,71.4424
B_arachnoides,9,964, cls_1 ,0.6125,1.0047,767.1334,90.3682
B_arachnoides,9,965, cls_1 ,1.6333,1.0836,154.3532,101.0348
B_arachnoides,9,966, cls_1 ,1.7354,1.1226,47.7381,191.7
B_arachnoides,9,967, cls_1 ,1.9395,1.1578,33969.6233,90.3682
B_arachnoides,9,969, cls_1 ,0.7146,1.1434,112.809,101.0348
B_arachnoides,9,971, cls_1 ,3.777,1.0635,30194.3699,95.85
B_arachnoides,9,972, cls_1 ,1.327,1.0467,27222.1161,101.0348
B_arachnoides,9,974, cls_1 ,0.7146,1.0932,168.9392,194.3443
B_arachnoides,9,976, cls_1 ,0.1021,1,402.7107,63.9
B_arachnoides,9,977, cls_1 ,0.9187,1.0889,55.2585,289.3196
B_arachnoides,9,979, cls_1 ,0.7146,1.1197,393.5747,71.4424
B_arachnoides,9,980, cls_1 ,0.7146,1.0283,6629.0075,194.3443
B_arachnoides,9,983, cls_1 ,0.1021,1,106.6345,364.286
B_arachnoides,9,986, cls_1 ,0.3062,1.0358,3366.137,131.7332
B_arachnoides,9,991, cls_1 ,129.8461,1.2168,809.1695,63.9
B_arachnoides,9,992, cls_1 ,1.7354,1.0933,398.6485,90.3682
B_arachnoides,9,1005, cls_1 ,4.6957,1.1347,740.5418,115.1974
B_arachnoides,9,1009, cls_1 ,1.7354,1.0769,659.6155,63.9
B_arachnoides,9,1010, cls_1 ,10.9226,1.1521,9521.5818,71.4424
B_arachnoides,9,1036, cls_1 ,0.6125,1.0465,1907.4334,142.8847
B_arachnoides,9,1041, cls_1 ,1.7354,1.1084,1719.6059,142.8847
B_arachnoides,9,1042, cls_1 ,1.0208,1.0993,20912.9857,115.1974
B_arachnoides,9,1069, cls_1 ,0.2042,1.0909,27174.8171,101.0348
B_arachnoides,9,1072, cls_1 ,0.5104,1.0688,67938.11,63.9
B_arachnoides,9,1076, cls_1 ,0.6125,1.0819,1075.2955,71.4424
B_arachnoides,9,1081, cls_1 ,4.2874,1.0395,2406.9424,232.5995
B_arachnoides,9,1084, cls_1 ,0.1021,1,1370.8438,71.4424
B_arachnoides,9,1087, cls_1 ,1.1229,1.1443,20903.7579,115.1974
B_arachnoides,9,1089, cls_1 ,1.327,1.0219,1427.0038,223.65
B_arachnoides,9,1090, cls_1 ,0.8166,1.1265,67936.9089,63.9
B_arachnoides,9,1092, cls_1 ,0.6125,1.0819,7995.8767,186.2989
B_arachnoides,9,1093, cls_1 ,0.2042,1.0155,27175.0635,101.0348
B_arachnoides,9,1096, cls_1 ,0.7146,1.0631,33970.491,90.3682
B_arachnoides,9,1107, cls_1 ,0.6125,1.1395,54349.618,71.4424
B_arachnoides,9,1109, cls_1 ,0.5104,1.0261,67938.7079,63.9
B_arachnoides,9,1112, cls_1 ,0.5104,1.0688,3397.1466,285.7695
B_arachnoides,9,1113, cls_1 ,1.0208,1.0993,33970.4665,90.3682
B_arachnoides,9,1116, cls_1 ,1.5312,1.1372,10452.8928,131.7332
B_arachnoides,9,1121, cls_1 ,0.6125,1.0465,54349.5995,71.4424
B_arachnoides,9,1123, cls_1 ,0.4083,1.0975,6629.7767,101.0348
B_arachnoides,9,1126, cls_1 ,0.1021,1,67937.3314,63.9
B_arachnoides,9,1134, cls_1 ,0.3062,1.0358,20904.017,115.1974
B_arachnoides,9,1136, cls_1 ,0.6125,1.1125,10870.4047,159.75
B_arachnoides,9,1138, cls_1 ,1.225,1.078,33968.8031,90.3682
B_arachnoides,9,1141, cls_1 ,0.2042,1.0155,67937.232,63.9
B_arachnoides,9,1144, cls_1 ,0.1021,1,67937.1868,63.9
B_arachnoides,9,1145, cls_1 ,0.3062,1.0358,13588.0361,142.8847
B_arachnoides,9,1150, cls_1 ,0.7146,1.0932,30194.4623,95.85
B_arachnoides,9,1151, cls_1 ,0.3062,1.0358,16986.0354,63.9
B_arachnoides,9,1152, cls_1 ,0.6125,1.0819,67937.0929,63.9
B_arachnoides,9,1153, cls_1 ,0.7146,1.0283,5546.7066,63.9
B_arachnoides,9,1154, cls_1 ,0.7146,1.0932,54350.091,71.4424
B_arachnoides,9,1155, cls_1 ,0.2042,1.0909,54349.8359,71.4424
B_arachnoides,9,1156, cls_1 ,0.4083,1.0537,33968.8028,90.3682
B_arachnoides,9,1157, cls_1 ,1.6333,1.0657,10870.5427,159.75
B_arachnoides,9,1158, cls_1 ,2.552,1.1883,54349.7591,71.4424
B_arachnoides,9,1159, cls_1 ,0.6125,1.0819,5226.2474,230.3947
B_arachnoides,9,1160, cls_1 ,0.5104,1.0688,33968.5557,90.3682
B_arachnoides,9,1161, cls_1 ,0.1021,1,27177.4537,95.85
B_arachnoides,9,1162, cls_1 ,1.6333,1.0657,1608.6249,186.2989
B_arachnoides,9,1163, cls_1 ,2.3478,1.1017,54349.7385,71.4424
B_arachnoides,9,1164, cls_1 ,0.5104,1.0688,27175.0011,101.0348
B_arachnoides,9,1167, cls_1 ,4.6957,1.1061,54351.6381,63.9
B_arachnoides,9,1169, cls_1 ,0.3062,1.0358,9371.0982,172.056
B_arachnoides,9,1170, cls_1 ,0.7146,1.0631,1995.6026,63.9
B_arachnoides,9,1171, cls_1 ,0.9187,1.0889,1836.3943,131.7332
B_arachnoides,9,1172, cls_1 ,0.7146,1.0932,1046.2492,172.056
B_arachnoides,9,1173, cls_1 ,0.6125,1.1125,2564.8417,159.75
B_arachnoides,9,1174, cls_1 ,0.4083,1.1346,1026.7495,127.8
B_arachnoides,9,1175, cls_1 ,0.1021,1,1045.9012,131.7332
B_arachnoides,9,1176, cls_1 ,0.9187,1.112,1875.6696,95.85
B_arachnoides,9,1177, cls_1 ,0.6125,1.0047,1609.9573,95.85
B_arachnoides,9,1178, cls_1 ,1.1229,1.088,6039.4072,159.75
B_arachnoides,9,2, cls_3 ,472.8357,1.2777,1686.8903,63.9
B_arachnoides,9,6, cls_3 ,3.777,1.2005,1162.2518,63.9
B_arachnoides,9,9, cls_3 ,0.5104,1.0688,46.6952,90.3682
B_arachnoides,9,11, cls_3 ,2.8582,1.1141,35.6921,90.3682
B_arachnoides,9,14, cls_3 ,2.6541,1.151,281.3699,95.85
B_arachnoides,9,18, cls_3 ,1.0208,1.0764,78.8504,159.75
B_arachnoides,9,19, cls_3 ,2.1437,1.085,45.7752,101.0348
B_arachnoides,9,20, cls_3 ,0.6125,1.0465,929.7002,71.4424
B_arachnoides,9,21, cls_3 ,3.1645,1.1314,31.1659,95.85
B_arachnoides,9,23, cls_3 ,24.3972,1.145,1165.6905,63.9
B_arachnoides,9,24, cls_3 ,0.5104,1.0688,26.9995,95.85
B_arachnoides,9,26, cls_3 ,23.5805,1.1438,196.0073,71.4424
B_arachnoides,9,28, cls_3 ,0.1021,1,62.668,71.4424
B_arachnoides,9,29, cls_3 ,1.8374,1.0706,72.9333,115.1974
B_arachnoides,9,33, cls_3 ,0.9187,1.1328,590.4862,90.3682
B_arachnoides,9,34, cls_3 ,1.5312,1.1228,54.5798,63.9
B_arachnoides,9,35, cls_3 ,4.1853,1.1331,108.0785,71.4424
B_arachnoides,9,36, cls_3 ,1.0208,1.0509,230.8618,63.9
B_arachnoides,9,38, cls_3 ,2.4499,1.1773,191.8981,63.9
B_arachnoides,9,39, cls_3 ,0.2042,1.0155,1176.2491,63.9
B_arachnoides,9,42, cls_3 ,6.9415,1.1189,135.3904,63.9
B_arachnoides,9,44, cls_3 ,0.1021,1,66.5625,63.9
B_arachnoides,9,46, cls_3 ,1.6333,1.0657,1167.486,63.9
B_arachnoides,9,48, cls_3 ,44.6091,1.1954,938.2342,71.4424
B_arachnoides,9,50, cls_3 ,0.9187,1.0338,298.1177,71.4424
B_arachnoides,9,51, cls_3 ,259.9984,1.1956,57.0524,63.9
B_arachnoides,9,55, cls_3 ,2.2458,1.1066,995.0867,71.4424
B_arachnoides,9,58, cls_3 ,0.2042,1.0155,1061.7836,115.1974
B_arachnoides,9,61, cls_3 ,1323.2663,1.2945,3615.2826,63.9
B_arachnoides,9,62, cls_3 ,0.5104,1.0688,148.6197,186.2989
B_arachnoides,9,65, cls_3 ,0.8166,1.0473,246.6743,127.8
B_arachnoides,9,66, cls_3 ,2.3478,1.0752,106.5624,63.9
B_arachnoides,9,67, cls_3 ,0.7146,1.0631,29.9216,90.3682
B_arachnoides,9,68, cls_3 ,0.2042,1.0155,1164.5673,63.9
B_arachnoides,9,69, cls_3 ,0.9187,1.0889,202.951,159.75
B_arachnoides,9,71, cls_3 ,0.5104,1.0688,36.4379,90.3682
B_arachnoides,9,72, cls_3 ,9.2893,1.1974,44.4473,63.9
B_arachnoides,9,74, cls_3 ,2.2458,1.0799,48.295,63.9
B_arachnoides,9,76, cls_3 ,2.3478,1.0752,66.1501,63.9
B_arachnoides,9,79, cls_3 ,1.225,1.1167,576.1928,63.9
B_arachnoides,9,81, cls_3 ,1.9395,1.0471,1167.6366,63.9
B_arachnoides,9,82, cls_3 ,0.5104,1.0261,591.6261,71.4424
B_arachnoides,9,83, cls_3 ,2.552,1.1366,20.6751,159.75
B_arachnoides,9,84, cls_3 ,0.9187,1.063,17.0112,159.75
B_arachnoides,9,87, cls_3 ,0.1021,1,605.7418,63.9
B_arachnoides,9,88, cls_3 ,0.7146,1.0631,15.5361,115.1974
B_arachnoides,9,90, cls_3 ,1.0208,1.0764,654.4911,63.9
B_arachnoides,9,93, cls_3 ,1.4291,1.1715,12.0925,115.1974
B_arachnoides,9,95, cls_3 ,18.0682,1.1777,942.6288,71.4424
B_arachnoides,9,98, cls_3 ,11.8413,1.0926,59.5041,90.3682
B_arachnoides,9,101, cls_3 ,1.9395,1.1469,3244.9311,63.9
B_arachnoides,9,102, cls_3 ,0.2042,1.0155,1448.5587,63.9
B_arachnoides,9,105, cls_3 ,1.5312,1.1631,216.4449,249.5375
B_arachnoides,9,115, cls_3 ,0.1021,1,3244.8936,63.9
B_arachnoides,9,116, cls_3 ,2.7562,1.1376,243.8955,243.324
B_arachnoides,9,117, cls_3 ,5.2061,1.062,639.4977,63.9
B_arachnoides,9,120, cls_3 ,0.5104,1.1362,23.8623,90.3682
B_arachnoides,9,123, cls_3 ,2.6541,1.1222,3245.1856,63.9
B_arachnoides,9,124, cls_3 ,0.2042,1.0155,2597.5626,71.4424
B_arachnoides,9,132, cls_3 ,24.3972,1.2557,3290.5684,63.9
B_arachnoides,9,133, cls_3 ,1.5312,1.053,10.6283,314.671
B_arachnoides,9,135, cls_3 ,0.1021,1,3245.3085,63.9
B_arachnoides,9,136, cls_3 ,1.5312,1.1228,1301.1846,101.0348
B_arachnoides,9,143, cls_3 ,2.4499,1.0971,2598.0622,71.4424
B_arachnoides,9,145, cls_3 ,0.1021,1,2601.6189,71.4424
B_arachnoides,9,150, cls_3 ,0.4083,1.0537,3244.5482,63.9
B_arachnoides,9,153, cls_3 ,5.104,1.1193,3249.0253,63.9
B_arachnoides,9,156, cls_3 ,6.2269,1.1611,31.1968,172.056
B_arachnoides,9,157, cls_3 ,1.1229,1.088,2597.8911,71.4424
B_arachnoides,9,162, cls_3 ,15.312,1.2253,99.1411,63.9
B_arachnoides,9,165, cls_3 ,0.8166,1.0473,4.9707,717.987
B_arachnoides,9,166, cls_3 ,0.7146,1.0283,369.665,127.8
B_arachnoides,9,173, cls_3 ,0.2042,1.0909,639.1287,63.9
B_arachnoides,9,187, cls_3 ,0.7146,1.0283,819.304,127.8
B_arachnoides,9,189, cls_3 ,4.2874,1.0717,511.1968,71.4424
B_arachnoides,9,191, cls_3 ,1.327,1.0467,2596.6243,71.4424
B_arachnoides,9,198, cls_3 ,1.9395,1.0471,36.7747,186.2989
B_arachnoides,9,206, cls_3 ,0.5104,1.0688,39.0589,63.9
B_arachnoides,9,210, cls_3 ,0.4083,1.0537,14.4758,71.4424
B_arachnoides,9,212, cls_3 ,1.327,1.1543,7.3986,204.5798
B_arachnoides,9,213, cls_3 ,0.5104,1.1362,14.4877,454.0948
B_arachnoides,9,214, cls_3 ,3.9811,1.229,32.91,63.9
B_arachnoides,9,215, cls_3 ,0.5104,1.105,5.8535,1272.3965
B_arachnoides,9,218, cls_3 ,0.4083,1.0537,12.7157,71.4424
B_arachnoides,9,219, cls_3 ,0.8166,1.0473,8.6546,232.5995
B_arachnoides,9,221, cls_3 ,0.6125,1.0819,37.2976,71.4424
B_arachnoides,9,222, cls_3 ,1.7354,1.1599,8.0885,115.1974
B_arachnoides,9,224, cls_3 ,6.7373,1.138,4.7244,95.85
B_arachnoides,9,225, cls_3 ,0.8166,1.1031,10.6229,95.85
B_arachnoides,9,230, cls_3 ,0.7146,1.1197,17.5673,71.4424
B_arachnoides,9,234, cls_3 ,6.1248,1.0939,10.4756,71.4424
B_arachnoides,9,235, cls_3 ,4.3895,1.1207,123.043,289.3196
B_arachnoides,9,236, cls_3 ,0.8166,1.0769,5.5256,339.6332
B_arachnoides,9,238, cls_3 ,2.1437,1.1462,2958.2234,71.4424
B_arachnoides,9,239, cls_3 ,0.7146,1.0932,4.3948,186.2989
B_arachnoides,9,242, cls_3 ,0.5104,1.0688,64.485,180.7365
B_arachnoides,9,243, cls_3 ,0.6125,1.0819,687.1036,159.75
B_arachnoides,9,247, cls_3 ,1.0208,1.0764,4.6083,186.2989
B_arachnoides,9,249, cls_3 ,0.7146,1.0932,5.7348,90.3682
B_arachnoides,9,250, cls_3 ,1522.5269,1.3246,3340.0973,63.9
B_arachnoides,9,252, cls_3 ,3.4707,1.1808,339.3221,71.4424
B_arachnoides,9,254, cls_3 ,9.2893,1.1753,199.0111,289.3196
B_arachnoides,9,256, cls_3 ,0.9187,1.063,732.5041,159.75
B_arachnoides,9,258, cls_3 ,1.1229,1.0654,5.3685,90.3682
B_arachnoides,9,260, cls_3 ,5.7165,1.1208,35.2886,63.9
B_arachnoides,9,262, cls_3 ,5.104,1.1618,56.424,71.4424
B_arachnoides,9,264, cls_3 ,12.9642,1.1973,18.7407,63.9
B_arachnoides,9,265, cls_3 ,2623.9728,1.2763,477.1704,63.9
B_arachnoides,9,267, cls_3 ,0.7146,1.0631,831.3631,101.0348
B_arachnoides,9,272, cls_3 ,7.9623,1.1053,4.7631,294.5644
B_arachnoides,9,274, cls_3 ,0.7146,1.0631,5578.0683,71.4424
B_arachnoides,9,275, cls_3 ,0.5104,1.0688,657.6813,142.8847
B_arachnoides,9,276, cls_3 ,0.7146,1.0283,647.98,101.0348
B_arachnoides,9,279, cls_3 ,0.1021,1,716.373,71.4424
B_arachnoides,9,281, cls_3 ,0.7146,1.0932,3447.4948,63.9
B_arachnoides,9,282, cls_3 ,3.5728,1.1643,6457.6349,63.9
B_arachnoides,9,283, cls_3 ,0.6125,1.1125,120.0047,142.8847
B_arachnoides,9,284, cls_3 ,1.0208,1.0764,4.5653,191.7
B_arachnoides,9,285, cls_3 ,4.8999,1.1768,4.6186,90.3682
B_arachnoides,9,290, cls_3 ,0.5104,1.0688,100.7555,159.75
B_arachnoides,9,291, cls_3 ,1.9395,1.123,58.7731,142.8847
B_arachnoides,9,295, cls_3 ,2.6541,1.1222,311.9182,90.3682
B_arachnoides,9,297, cls_3 ,0.7146,1.1197,3114.0054,71.4424
B_arachnoides,9,298, cls_3 ,0.5104,1.0688,1682.0484,71.4424
B_arachnoides,9,299, cls_3 ,0.1021,1,9.0967,90.3682
B_arachnoides,9,301, cls_3 ,4.8999,1.0585,5212.2426,71.4424
B_arachnoides,9,302, cls_3 ,5.4103,1.1711,101.9957,101.0348
B_arachnoides,9,303, cls_3 ,0.1021,1,3003.8343,71.4424
B_arachnoides,9,307, cls_3 ,4.7978,1.1039,48.8829,101.0348
B_arachnoides,9,308, cls_3 ,6.5331,1.0491,7.3653,191.7
B_arachnoides,9,309, cls_3 ,0.6125,1.1125,166.9808,90.3682
B_arachnoides,9,310, cls_3 ,0.8166,1.0473,3017.8504,71.4424
B_arachnoides,9,312, cls_3 ,2.7562,1.0583,7.5686,191.7
B_arachnoides,9,314, cls_3 ,16.0266,1.1565,6592.6971,63.9
B_arachnoides,9,315, cls_3 ,1.5312,1.0909,16.4992,71.4424
B_arachnoides,9,316, cls_3 ,1.0208,1.0764,10.1668,159.75
B_arachnoides,9,317, cls_3 ,4.0832,1.0443,9.1832,131.7332
B_arachnoides,9,321, cls_3 ,0.1021,1,15.4143,63.9
B_arachnoides,9,322, cls_3 ,1.327,1.0467,299.6981,63.9
B_arachnoides,9,323, cls_3 ,3.6749,1.1153,12.8032,63.9
B_arachnoides,9,324, cls_3 ,5.5123,1.1245,28.5502,63.9
B_arachnoides,9,325, cls_3 ,0.6125,1.0819,10.1412,131.7332
B_arachnoides,9,326, cls_3 ,0.1021,1,1215.9341,115.1974
B_arachnoides,9,327, cls_3 ,0.6125,1.0819,1884.3374,90.3682
B_arachnoides,9,328, cls_3 ,0.5104,1.105,21.0636,271.1047
B_arachnoides,9,329, cls_3 ,20.416,1.1595,35.1691,101.0348
B_arachnoides,9,331, cls_3 ,0.6125,1.0465,7.0854,172.056
B_arachnoides,9,333, cls_3 ,1.1229,1.088,11.0752,162.9137
B_arachnoides,9,334, cls_3 ,2.9603,1.1202,21.6553,131.7332
B_arachnoides,9,336, cls_3 ,1.8374,1.0529,28.9504,63.9
B_arachnoides,9,337, cls_3 ,0.1021,1,12.8857,71.4424
B_arachnoides,9,338, cls_3 ,7.656,1.1532,23.3899,63.9
B_arachnoides,9,340, cls_3 ,0.6125,1.0465,5152.4759,71.4424
B_arachnoides,9,343, cls_3 ,0.1021,1,3752.1365,63.9
B_arachnoides,9,344, cls_3 ,1.327,1.0689,40.5281,71.4424
B_arachnoides,9,345, cls_3 ,0.9187,1.0338,11.6476,127.8
B_arachnoides,9,347, cls_3 ,1.225,1.0556,13.4214,115.1974
B_arachnoides,9,350, cls_3 ,1.0208,1.0993,5.724,373.9652
B_arachnoides,9,353, cls_3 ,30.2158,1.2334,1715.7792,63.9
B_arachnoides,9,354, cls_3 ,6.4311,1.1714,28.96,63.9
B_arachnoides,9,355, cls_3 ,3.2666,1.0667,22.4328,63.9
B_arachnoides,9,358, cls_3 ,2.7562,1.0963,200.8513,115.1974
B_arachnoides,9,360, cls_3 ,11.7392,1.1068,1523.918,63.9
B_arachnoides,9,361, cls_3 ,0.9187,1.0338,1499.2677,101.0348
B_arachnoides,9,362, cls_3 ,3.5728,1.1001,9.1603,186.2989
B_arachnoides,9,363, cls_3 ,16.8432,1.2324,11.0001,71.4424
B_arachnoides,9,364, cls_3 ,1.0208,1.0764,373.5629,194.3443
B_arachnoides,9,365, cls_3 ,0.8166,1.0769,9.2763,223.65
B_arachnoides,9,370, cls_3 ,4.6957,1.0899,37.7721,63.9
B_arachnoides,9,371, cls_3 ,0.1021,1,3000.4419,71.4424
B_arachnoides,9,373, cls_3 ,7.1456,1.177,3770.907,63.9
B_arachnoides,9,377, cls_3 ,6.2269,1.1182,68.5393,63.9
B_arachnoides,9,380, cls_3 ,4.1853,1.0838,147.3256,63.9
B_arachnoides,9,382, cls_3 ,0.2042,1.0155,11.6461,63.9
B_arachnoides,9,383, cls_3 ,0.7146,1.1197,15.6852,101.0348
B_arachnoides,9,384, cls_3 ,0.6125,1.0819,12.5547,63.9
B_arachnoides,9,385, cls_3 ,7.656,1.1035,835.2768,135.5524
B_arachnoides,9,386, cls_3 ,35.0135,1.2433,792.6488,63.9
B_arachnoides,9,387, cls_3 ,8.4727,1.167,8.1004,223.65
B_arachnoides,9,389, cls_3 ,0.8166,1.1265,3742.654,63.9
B_arachnoides,9,390, cls_3 ,5.3082,1.1465,57.5279,95.85
B_arachnoides,9,391, cls_3 ,5.104,1.2255,15.4048,71.4424
B_arachnoides,9,393, cls_3 ,1.6333,1.1154,17.1271,162.9137
B_arachnoides,9,394, cls_3 ,0.9187,1.063,5167.1417,71.4424
B_arachnoides,9,396, cls_3 ,0.1021,1,2994.8263,71.4424
B_arachnoides,9,398, cls_3 ,1.4291,1.1154,14.7927,71.4424
B_arachnoides,9,399, cls_3 ,2.9603,1.0998,43.8439,71.4424
B_arachnoides,9,400, cls_3 ,0.3062,1.0358,1329.3925,131.7332
B_arachnoides,9,401, cls_3 ,0.2042,1.0155,1518.9203,63.9
B_arachnoides,9,402, cls_3 ,1.8374,1.0529,2997.7321,71.4424
B_arachnoides,9,403, cls_3 ,7.0435,1.1662,201.9872,63.9
B_arachnoides,9,404, cls_3 ,9.0851,1.1742,31.1349,63.9
B_arachnoides,9,407, cls_3 ,6.9415,1.095,45.7641,90.3682
B_arachnoides,9,408, cls_3 ,3.2666,1.119,393.4222,71.4424
B_arachnoides,9,412, cls_3 ,2.8582,1.0806,17.1322,71.4424
B_arachnoides,9,414, cls_3 ,1.5312,1.1631,3742.9459,63.9
B_arachnoides,9,415, cls_3 ,17.6599,1.128,22.9858,71.4424
B_arachnoides,9,416, cls_3 ,0.7146,1.1197,31.5022,451.8412
B_arachnoides,9,417, cls_3 ,1.7354,1.0395,1627.8298,101.0348
B_arachnoides,9,418, cls_3 ,0.1021,1,248.1919,71.4424
B_arachnoides,9,419, cls_3 ,1.225,1.078,15.1201,71.4424
B_arachnoides,9,421, cls_3 ,1.7354,1.0933,62.2508,71.4424
B_arachnoides,9,422, cls_3 ,0.8166,1.1031,440.6581,71.4424
B_arachnoides,9,424, cls_3 ,1.9395,1.1578,24.1188,194.3443
B_arachnoides,9,425, cls_3 ,1.0208,1.0509,865.6324,101.0348
B_arachnoides,9,428, cls_3 ,1.5312,1.1228,2176.4133,63.9
B_arachnoides,9,429, cls_3 ,43.5883,1.2292,914.8497,63.9
B_arachnoides,9,430, cls_3 ,2.7562,1.118,255.3773,63.9
B_arachnoides,9,432, cls_3 ,5.6144,1.157,26.9758,90.3682
B_arachnoides,9,433, cls_3 ,8.4727,1.0993,353.7561,71.4424
B_arachnoides,9,434, cls_3 ,0.8166,1.1265,1543.4455,101.0348
B_arachnoides,9,435, cls_3 ,0.8166,1.0131,839.5026,135.5524
B_arachnoides,9,438, cls_3 ,2.552,1.1159,25.6383,71.4424
B_arachnoides,9,439, cls_3 ,10.5143,1.1338,10.1558,257.5891
B_arachnoides,9,440, cls_3 ,884.9337,1.2544,181.8773,63.9
B_arachnoides,9,442, cls_3 ,1.225,1.0306,41.026,63.9
B_arachnoides,9,443, cls_3 ,0.6125,1.0819,11.6365,639
B_arachnoides,9,444, cls_3 ,1.0208,1.0764,8.495,230.3947
B_arachnoides,9,448, cls_3 ,3.879,1.0716,1088.2969,90.3682
B_arachnoides,9,449, cls_3 ,20.1098,1.135,2055.705,115.1974
B_arachnoides,9,450, cls_3 ,1.5312,1.0909,116.5849,63.9
B_arachnoides,9,451, cls_3 ,0.7146,1.1197,31.5639,127.8
B_arachnoides,9,452, cls_3 ,0.6125,1.0819,3997.0051,71.4424
B_arachnoides,9,454, cls_3 ,0.8166,1.0473,937.7767,127.8
B_arachnoides,9,456, cls_3 ,1.0208,1.0993,76.4668,172.056
B_arachnoides,9,457, cls_3 ,0.5104,1.0261,14.4676,230.3947
B_arachnoides,9,458, cls_3 ,1.327,1.1242,25.1979,71.4424
B_arachnoides,9,459, cls_3 ,0.8166,1.0769,2990.3903,71.4424
B_arachnoides,9,461, cls_3 ,0.7146,1.1197,48.174,63.9
B_arachnoides,9,462, cls_3 ,0.5104,1.105,25.0382,71.4424
B_arachnoides,9,463, cls_3 ,0.7146,1.0932,320.6189,214.3271
B_arachnoides,9,466, cls_3 ,1.327,1.1242,40.0372,71.4424
B_arachnoides,9,467, cls_3 ,5.7165,1.1749,194.5931,63.9
B_arachnoides,9,470, cls_3 ,0.6125,1.0819,668.8471,115.1974
B_arachnoides,9,472, cls_3 ,55.3275,1.2429,21.6703,71.4424
B_arachnoides,9,473, cls_3 ,0.8166,1.0473,128.7692,71.4424
B_arachnoides,9,475, cls_3 ,1.8374,1.116,116.3681,71.4424
B_arachnoides,9,476, cls_3 ,0.8166,1.0769,145.3554,194.3443
B_arachnoides,9,477, cls_3 ,1.0208,1.0993,2169.3162,63.9
B_arachnoides,9,482, cls_3 ,4.6957,1.1413,605.5878,63.9
B_arachnoides,9,483, cls_3 ,0.9187,1.0338,440.3355,142.8847
B_arachnoides,9,488, cls_3 ,1.5312,1.175,1691.2515,71.4424
B_arachnoides,9,491, cls_3 ,0.6125,1.1125,37.8505,71.4424
B_arachnoides,9,495, cls_3 ,0.1021,1,2168.9956,63.9
B_arachnoides,9,497, cls_3 ,1.8374,1.0869,962.5017,63.9
B_arachnoides,9,502, cls_3 ,0.2042,1.0155,158.1448,63.9
B_arachnoides,9,503, cls_3 ,1.8374,1.2281,96.224,90.3682
B_arachnoides,9,504, cls_3 ,0.1021,1,53.5062,63.9
B_arachnoides,9,505, cls_3 ,1.225,1.078,28.4809,71.4424
B_arachnoides,9,507, cls_3 ,0.7146,1.0283,176.3667,63.9
B_arachnoides,9,508, cls_3 ,1.5312,1.1228,886.0028,101.0348
B_arachnoides,9,510, cls_3 ,2.0416,1.1622,47.4721,135.5524
B_arachnoides,9,511, cls_3 ,13.5767,1.2018,2182.0851,63.9
B_arachnoides,9,516, cls_3 ,0.7146,1.0283,60.4504,71.4424
B_arachnoides,9,520, cls_3 ,4.0832,1.1043,22.9857,90.3682
B_arachnoides,9,525, cls_3 ,0.4083,1.0537,10.1246,249.5375
B_arachnoides,9,526, cls_3 ,0.7146,1.0283,8.6781,131.7332
B_arachnoides,9,528, cls_3 ,0.7146,1.0283,966.1975,63.9
B_arachnoides,9,540, cls_3 ,0.8166,1.0769,157.4448,285.7695
B_arachnoides,9,542, cls_3 ,2.7562,1.1281,7.198,131.7332
B_arachnoides,9,547, cls_3 ,1.4291,1.1589,1519.9899,63.9
B_arachnoides,9,548, cls_3 ,5.8186,1.148,1668.0608,95.85
B_arachnoides,9,549, cls_3 ,0.3062,1.0358,123.7219,63.9
B_arachnoides,9,551, cls_3 ,0.1021,1,2171.3093,63.9
B_arachnoides,9,552, cls_3 ,0.1021,1,142.033,63.9
B_arachnoides,9,557, cls_3 ,0.6125,1.0819,889.6842,90.3682
B_arachnoides,9,558, cls_3 ,3.2666,1.1096,383.829,63.9
B_arachnoides,9,563, cls_3 ,0.9187,1.063,162.8434,230.3947
B_arachnoides,9,567, cls_3 ,0.8166,1.1265,253.6015,90.3682
B_arachnoides,9,570, cls_3 ,0.9187,1.063,291.3047,71.4424
B_arachnoides,9,572, cls_3 ,3.1645,1.1976,3743.5836,63.9
B_arachnoides,9,573, cls_3 ,1.1229,1.1085,5143.9164,71.4424
B_arachnoides,9,574, cls_3 ,1.1229,1.088,5150.4014,71.4424
B_arachnoides,9,575, cls_3 ,8.9831,1.0572,1309.051,71.4424
B_arachnoides,9,576, cls_3 ,0.7146,1.0283,607.0329,159.75
B_arachnoides,9,577, cls_3 ,2.4499,1.0843,19.1134,95.85
B_arachnoides,9,578, cls_3 ,7.0435,1.1863,321.2385,63.9
B_arachnoides,9,584, cls_3 ,6.5331,1.1783,223.6603,63.9
B_arachnoides,9,587, cls_3 ,7.0435,1.1662,40.4473,95.85
B_arachnoides,9,588, cls_3 ,1.1229,1.1085,18.9859,63.9
B_arachnoides,9,589, cls_3 ,0.7146,1.0631,541.7943,115.1974
B_arachnoides,9,590, cls_3 ,0.1021,1,3750.1047,63.9
B_arachnoides,9,594, cls_3 ,1.6333,1.1154,3742.689,63.9
B_arachnoides,9,596, cls_3 ,2.2458,1.0799,2168.2621,63.9
B_arachnoides,9,597, cls_3 ,0.6125,1.0465,3748.7806,63.9
B_arachnoides,9,598, cls_3 ,1.225,1.0556,3739.2474,63.9
B_arachnoides,9,599, cls_3 ,0.1021,1,13.2851,71.4424
B_arachnoides,9,604, cls_3 ,3.777,1.1441,114.3051,63.9
B_arachnoides,9,607, cls_3 ,0.7146,1.0932,10.8855,71.4424
B_arachnoides,9,608, cls_3 ,6.5331,1.1412,7.0427,486.6479
B_arachnoides,9,609, cls_3 ,0.6125,1.0465,1736.2637,71.4424
B_arachnoides,9,610, cls_3 ,0.5104,1.0261,2994.9763,71.4424
B_arachnoides,9,612, cls_3 ,0.2042,1.0155,15.962,63.9
B_arachnoides,9,616, cls_3 ,2.4499,1.1601,1668.8125,71.4424
B_arachnoides,9,619, cls_3 ,0.9187,1.112,896.0197,172.056
B_arachnoides,9,620, cls_3 ,0.7146,1.1649,274.4445,63.9
B_arachnoides,9,622, cls_3 ,0.7146,1.0932,41.2073,63.9
B_arachnoides,9,623, cls_3 ,0.2042,1.0909,1736.821,71.4424
B_arachnoides,9,626, cls_3 ,0.5104,1.0688,1891.9057,63.9
B_arachnoides,9,627, cls_3 ,4.3895,1.1351,124.5454,186.2989
B_arachnoides,9,628, cls_3 ,2.1437,1.1117,23.5786,162.9137
B_arachnoides,9,629, cls_3 ,5.104,1.1325,3738.5631,63.9
B_arachnoides,9,630, cls_3 ,0.7146,1.1197,8.9319,225.9206
B_arachnoides,9,631, cls_3 ,0.1021,1,11.3227,71.4424
B_arachnoides,9,632, cls_3 ,2.2458,1.1187,3738.0079,63.9
B_arachnoides,9,633, cls_3 ,1.225,1.0306,10.9279,71.4424
B_arachnoides,9,634, cls_3 ,1.4291,1.2055,1873.1131,71.4424
B_arachnoides,9,635, cls_3 ,2.0416,1.1042,280.5425,63.9
B_arachnoides,9,636, cls_3 ,0.7146,1.0932,3740.0916,63.9
B_arachnoides,9,637, cls_3 ,8.5747,1.2058,1878.8019,63.9
B_arachnoides,9,641, cls_3 ,2.0416,1.1622,251.6493,71.4424
B_arachnoides,9,643, cls_3 ,2.8582,1.1336,7.5802,63.9
B_arachnoides,9,644, cls_3 ,1.327,1.1398,167.4089,63.9
B_arachnoides,9,646, cls_3 ,2.0416,1.1294,87.7001,191.7
B_arachnoides,9,649, cls_3 ,0.1021,1,422.5892,63.9
B_arachnoides,9,650, cls_3 ,1.0208,1.0764,191.2143,159.75
B_arachnoides,9,652, cls_3 ,0.5104,1.0688,352.6812,63.9
B_arachnoides,9,653, cls_3 ,10.3101,1.1952,1878.4164,63.9
B_arachnoides,9,655, cls_3 ,0.7146,1.0932,6.9597,202.0695
B_arachnoides,9,656, cls_3 ,0.7146,1.0932,232.5163,63.9
B_arachnoides,9,657, cls_3 ,0.7146,1.0932,473.0518,180.7365
B_arachnoides,9,658, cls_3 ,42.9758,1.187,230.5784,63.9
B_arachnoides,9,659, cls_3 ,3.6749,1.1238,445.2469,63.9
B_arachnoides,9,660, cls_3 ,0.7146,1.0283,421.8168,172.056
B_arachnoides,9,662, cls_3 ,0.1021,1,13.9208,63.9
B_arachnoides,9,663, cls_3 ,4.6957,1.1762,15.3867,71.4424
B_arachnoides,9,664, cls_3 ,0.9187,1.112,188.6315,90.3682
B_arachnoides,9,666, cls_3 ,0.9187,1.1695,6.6047,202.0695
B_arachnoides,9,667, cls_3 ,0.8166,1.0769,11.0958,404.1391
B_arachnoides,9,668, cls_3 ,1.8374,1.1292,27.9936,95.85
B_arachnoides,9,669, cls_3 ,1.8374,1.0869,126.9686,63.9
B_arachnoides,9,672, cls_3 ,8.9831,1.1413,10.2653,63.9
B_arachnoides,9,673, cls_3 ,0.6125,1.0819,13.9148,90.3682
B_arachnoides,9,674, cls_3 ,4.3895,1.0881,71.9234,71.4424
B_arachnoides,9,675, cls_3 ,0.9187,1.1519,22.5044,71.4424
B_arachnoides,9,677, cls_3 ,3.0624,1.1598,520.4411,172.056
B_arachnoides,9,678, cls_3 ,0.7146,1.0631,53.6888,115.1974
B_arachnoides,9,679, cls_3 ,0.6125,1.0819,5.0785,285.7695
B_arachnoides,9,684, cls_3 ,0.4083,1.0537,18.4273,90.3682
B_arachnoides,9,685, cls_3 ,1.4291,1.0386,256.2563,71.4424
B_arachnoides,9,688, cls_3 ,9.0851,1.1906,26.7098,63.9
B_arachnoides,9,689, cls_3 ,0.7146,1.1434,402.6589,257.5891
B_arachnoides,9,690, cls_3 ,0.1021,1,607.3717,71.4424
B_arachnoides,9,692, cls_3 ,4.0832,1.1126,143.3331,63.9
B_arachnoides,9,695, cls_3 ,0.8166,1.0473,11.2054,230.3947
B_arachnoides,9,696, cls_3 ,0.8166,1.1265,30.3044,90.3682
B_arachnoides,9,697, cls_3 ,0.1021,1,129.4622,63.9
B_arachnoides,9,698, cls_3 ,1.9395,1.0809,309.8263,71.4424
B_arachnoides,9,699, cls_3 ,0.1021,1,32.2567,63.9
B_arachnoides,9,700, cls_3 ,2.552,1.1554,974.0239,90.3682
B_arachnoides,9,702, cls_3 ,0.7146,1.0631,32.0694,159.75
B_arachnoides,9,704, cls_3 ,0.9187,1.0338,124.6918,63.9
B_arachnoides,9,705, cls_3 ,6.9415,1.1298,22.1345,71.4424
B_arachnoides,9,706, cls_3 ,0.3062,1.0358,29.5296,71.4424
B_arachnoides,9,707, cls_3 ,1.7354,1.0395,30.3287,415.35
B_arachnoides,9,709, cls_3 ,1.7354,1.1358,6.033,71.4424
B_arachnoides,9,712, cls_3 ,43.4862,1.2106,428.1218,63.9
B_arachnoides,9,713, cls_3 ,1.5312,1.1075,23.7735,214.3271
B_arachnoides,9,714, cls_3 ,2.552,1.1726,34.4228,71.4424
B_arachnoides,9,715, cls_3 ,0.7146,1.0283,26.3181,71.4424
B_arachnoides,9,716, cls_3 ,1.0208,1.0509,20.3458,159.75
B_arachnoides,9,718, cls_3 ,6.6352,1.1927,19.7533,71.4424
B_arachnoides,9,719, cls_3 ,3.1645,1.178,48.4655,63.9
B_arachnoides,9,720, cls_3 ,2.7562,1.0718,2168.8568,63.9
B_arachnoides,9,722, cls_3 ,0.6125,1.1395,8.0391,71.4424
B_arachnoides,9,725, cls_3 ,27.1533,1.263,2215.7326,63.9
B_arachnoides,9,726, cls_3 ,0.2042,1.0909,20.4992,63.9
B_arachnoides,9,731, cls_3 ,2.9603,1.0998,21.7743,71.4424
B_arachnoides,9,733, cls_3 ,1.0208,1.1199,15.8376,71.4424
B_arachnoides,9,737, cls_3 ,0.7146,1.1197,56.0484,95.85
B_arachnoides,9,739, cls_3 ,1.225,1.0982,46.9646,95.85
B_arachnoides,9,740, cls_3 ,0.3062,1.0358,2168.5616,63.9
B_arachnoides,9,742, cls_3 ,7.9623,1.0752,52.5728,223.65
B_arachnoides,9,743, cls_3 ,0.8166,1.1031,22.8353,71.4424
B_arachnoides,9,744, cls_3 ,0.1021,1,2175.3946,63.9
B_arachnoides,9,745, cls_3 ,11.6371,1.1683,30.1591,142.8847
B_arachnoides,9,746, cls_3 ,1.327,1.1543,18.0725,71.4424
B_arachnoides,9,747, cls_3 ,0.2042,1.0155,2171.2415,63.9
B_arachnoides,9,749, cls_3 ,0.1021,1,256.5355,186.2989
B_arachnoides,9,752, cls_3 ,0.1021,1,1735.6643,71.4424
B_arachnoides,9,753, cls_3 ,0.3062,1.0914,63.5439,71.4424
B_arachnoides,9,754, cls_3 ,4.4915,1.1644,12.9622,131.7332
B_arachnoides,9,755, cls_3 ,2.7562,1.1637,4.7782,474.9709
B_arachnoides,9,756, cls_3 ,2.6541,1.1597,8.0418,1048.0379
B_arachnoides,9,757, cls_3 ,0.5104,1.105,127.1271,135.5524
B_arachnoides,9,761, cls_3 ,11.6371,1.1493,104.3511,63.9
B_arachnoides,9,762, cls_3 ,1.327,1.1073,93.7454,127.8
B_arachnoides,9,764, cls_3 ,0.1021,1,72.2056,71.4424
B_arachnoides,9,767, cls_3 ,1.0208,1.1199,13.0313,101.0348
B_arachnoides,9,768, cls_3 ,1.6333,1.046,6.7173,314.671
B_arachnoides,9,769, cls_3 ,2.8582,1.2157,627.8647,131.7332
B_arachnoides,9,770, cls_3 ,1.4291,1.1154,2667.7062,63.9
B_arachnoides,9,771, cls_3 ,1.5312,1.1075,1738.7061,63.9
B_arachnoides,9,772, cls_3 ,3.0624,1.1519,316.0942,127.8
B_arachnoides,9,773, cls_3 ,2.2458,1.1066,2589.6643,71.4424
B_arachnoides,9,774, cls_3 ,2.552,1.1554,2639.5342,63.9
B_arachnoides,9,775, cls_3 ,1075.6196,1.2606,157.3233,63.9
B_arachnoides,9,776, cls_3 ,7.8602,1.1275,161.1871,71.4424
B_arachnoides,9,777, cls_3 ,0.3062,1.0914,110.28,63.9
B_arachnoides,9,779, cls_3 ,3.2666,1.128,8.796,101.0348
B_arachnoides,9,780, cls_3 ,6.329,1.2161,6477.5883,63.9
B_arachnoides,9,781, cls_3 ,0.1021,1,136.191,63.9
B_arachnoides,9,782, cls_3 ,0.2042,1.0155,14.26,71.4424
B_arachnoides,9,784, cls_3 ,6.5331,1.1073,2183.426,63.9
B_arachnoides,9,785, cls_3 ,1.0208,1.022,2173.5887,63.9
B_arachnoides,9,787, cls_3 ,2.9603,1.0998,8.173,71.4424
B_arachnoides,9,788, cls_3 ,1.0208,1.0509,2674.6715,63.9
B_arachnoides,9,790, cls_3 ,2.8582,1.2095,51.923,63.9
B_arachnoides,9,794, cls_3 ,1.8374,1.1415,111.7176,71.4424
B_arachnoides,9,796, cls_3 ,2.4499,1.109,9.403,115.1974
B_arachnoides,9,797, cls_3 ,3.9811,1.0889,74.1783,71.4424
B_arachnoides,9,798, cls_3 ,0.1021,1,25.8897,63.9
B_arachnoides,9,799, cls_3 ,1.225,1.078,39.7782,71.4424
B_arachnoides,9,800, cls_3 ,1.6333,1.0657,1814.1387,63.9
B_arachnoides,9,801, cls_3 ,2.6541,1.0758,697.1239,63.9
B_arachnoides,9,802, cls_3 ,13.6788,1.1401,2593.7194,71.4424
B_arachnoides,9,805, cls_3 ,0.1021,1,8.8355,115.1974
B_arachnoides,9,806, cls_3 ,12.1475,1.2176,22.7118,63.9
B_arachnoides,9,807, cls_3 ,0.7146,1.1649,28.0305,71.4424
B_arachnoides,9,808, cls_3 ,1.5312,1.053,10.6703,63.9
B_arachnoides,9,809, cls_3 ,1.6333,1.1001,23.4531,63.9
B_arachnoides,9,810, cls_3 ,3.0624,1.0734,148.5109,186.2989
B_arachnoides,9,811, cls_3 ,4.1853,1.093,1175.1216,95.85
B_arachnoides,9,812, cls_3 ,0.1021,1,45.3523,63.9
B_arachnoides,9,815, cls_3 ,0.1021,1,11.7264,63.9
B_arachnoides,9,817, cls_3 ,1.1229,1.1085,9.589,63.9
B_arachnoides,9,818, cls_3 ,0.9187,1.1328,27.041,63.9
B_arachnoides,9,819, cls_3 ,3.777,1.1513,6.6837,63.9
B_arachnoides,9,827, cls_3 ,2.3478,1.1017,9.8838,95.85
B_arachnoides,9,828, cls_3 ,4.1853,1.1536,295.6092,191.7
B_arachnoides,9,831, cls_3 ,0.1021,1,15.1477,63.9
B_arachnoides,9,834, cls_3 ,0.7146,1.0932,5.5877,447.3
B_arachnoides,9,839, cls_3 ,2.3478,1.0445,2647.2765,63.9
B_arachnoides,9,842, cls_3 ,2.3478,1.1251,6.0336,159.75
B_arachnoides,9,843, cls_3 ,1.225,1.0556,6.597,191.7
B_arachnoides,9,844, cls_3 ,3.6749,1.1319,9.116,95.85
B_arachnoides,9,848, cls_3 ,0.5104,1.105,14.5334,373.9652
B_arachnoides,9,849, cls_3 ,0.5104,1.0261,2573.6183,101.0348
B_arachnoides,9,851, cls_3 ,0.9187,1.063,8.9583,95.85
B_arachnoides,9,852, cls_3 ,3.879,1.1261,356.8438,63.9
B_arachnoides,9,853, cls_3 ,2.1437,1.0701,201.7365,232.5995
B_arachnoides,9,856, cls_3 ,1.225,1.1641,8.4525,63.9
B_arachnoides,9,857, cls_3 ,0.8166,1.1031,21.2287,131.7332
B_arachnoides,9,858, cls_3 ,1.327,1.1398,25.0756,63.9
B_arachnoides,9,859, cls_3 ,1.1229,1.1271,24.7903,71.4424
B_arachnoides,9,861, cls_3 ,10.1059,1.2393,14.352,63.9
B_arachnoides,9,863, cls_3 ,0.6125,1.0465,1000.9782,63.9
B_arachnoides,9,864, cls_3 ,1.4291,1.0606,40.1099,131.7332
B_arachnoides,9,865, cls_3 ,6.1248,1.1316,17.9299,63.9
B_arachnoides,9,867, cls_3 ,0.5104,1.1638,13.4188,63.9
B_arachnoides,9,868, cls_3 ,2.4499,1.056,83.643,63.9
B_arachnoides,9,869, cls_3 ,0.8166,1.0769,21.7182,373.9652
B_arachnoides,9,872, cls_3 ,6.6352,1.129,41.9009,63.9
B_arachnoides,9,874, cls_3 ,25.7242,1.0761,14.1366,272.9809
B_arachnoides,9,876, cls_3 ,1.9395,1.0471,33.0246,223.65
B_arachnoides,9,877, cls_3 ,6.6352,1.1544,13.4677,95.85
B_arachnoides,9,879, cls_3 ,0.7146,1.1197,22.7749,63.9
B_arachnoides,9,880, cls_3 ,1.7354,1.1482,24.7756,90.3682
B_arachnoides,9,881, cls_3 ,1.327,1.0689,47.3135,63.9
B_arachnoides,9,882, cls_3 ,7.3498,1.2194,15.2994,63.9
B_arachnoides,9,883, cls_3 ,4.3895,1.1726,17.7391,63.9
B_arachnoides,9,884, cls_3 ,0.7146,1.0631,32.1555,63.9
B_arachnoides,9,887, cls_3 ,0.1021,1,22.5624,63.9
B_arachnoides,9,890, cls_3 ,2.4499,1.1601,1319.7293,90.3682
B_arachnoides,9,891, cls_3 ,0.8166,1.1031,5142.4005,71.4424
B_arachnoides,9,892, cls_3 ,2.1437,1.0366,22.794,63.9
B_arachnoides,9,893, cls_3 ,0.7146,1.0932,16.2359,63.9
B_arachnoides,9,895, cls_3 ,1.327,1.1543,14.1501,142.8847
B_arachnoides,9,904, cls_3 ,12.658,1.2198,27.715,63.9
B_arachnoides,9,905, cls_3 ,0.2042,1.0155,15.5429,63.9
B_arachnoides,9,906, cls_3 ,0.7146,1.0932,287.8235,194.3443
B_arachnoides,9,907, cls_3 ,0.2042,1.0155,19.6148,90.3682
B_arachnoides,9,908, cls_3 ,4.0832,1.1357,36.5309,71.4424
B_arachnoides,9,912, cls_3 ,0.2042,1.0155,21.7055,90.3682
B_arachnoides,9,913, cls_3 ,15.9245,1.1125,14.3213,71.4424
B_arachnoides,9,916, cls_3 ,0.6125,1.0819,31.627,71.4424
B_arachnoides,9,917, cls_3 ,0.8166,1.1265,19.0444,71.4424
B_arachnoides,9,921, cls_3 ,0.1021,1,16.5506,63.9
B_arachnoides,9,924, cls_3 ,2.0416,1.1622,34.7893,95.85
B_arachnoides,9,925, cls_3 ,2.6541,1.0884,14.6888,63.9
B_arachnoides,9,926, cls_3 ,1.9395,1.0647,313.2143,186.2989
B_arachnoides,9,927, cls_3 ,0.1021,1,18.5855,63.9
B_arachnoides,9,928, cls_3 ,2.0416,1.1409,13.1261,272.9809
B_arachnoides,9,930, cls_3 ,0.9187,1.0889,2110.3517,71.4424
B_arachnoides,9,931, cls_3 ,3.0624,1.0609,13.7271,63.9
B_arachnoides,9,932, cls_3 ,3.2666,1.1674,7.4063,63.9
B_arachnoides,9,933, cls_3 ,1.1229,1.1085,12.5282,63.9
B_arachnoides,9,937, cls_3 ,2.0416,1.1294,50.451,95.85
B_arachnoides,9,939, cls_3 ,4.4915,1.1585,2677.4934,63.9
B_arachnoides,9,941, cls_3 ,0.7146,1.0631,5.4315,191.7
B_arachnoides,9,944, cls_3 ,0.1021,1,18.9619,71.4424
B_arachnoides,9,950, cls_3 ,11.8413,1.1442,88.7267,115.1974
B_arachnoides,9,952, cls_3 ,16.537,1.109,2649.206,63.9
B_arachnoides,9,956, cls_3 ,0.8166,1.0769,4.141,830.7
B_arachnoides,9,962, cls_3 ,0.1021,1,2142.9075,71.4424
B_arachnoides,9,970, cls_3 ,0.5104,1.0688,6.0025,620.3568
B_arachnoides,9,973, cls_3 ,0.5104,1.0688,9.7,629.342
B_arachnoides,9,975, cls_3 ,0.8166,1.0473,4.813,620.3568
B_arachnoides,9,984, cls_3 ,1.9395,1.0647,2636.2617,63.9
B_arachnoides,9,985, cls_3 ,16.2308,1.1726,150.5646,71.4424
B_arachnoides,9,989, cls_3 ,1.1229,1.0654,6428.9888,63.9
B_arachnoides,9,990, cls_3 ,1.4291,1.0386,246.9118,162.9137
B_arachnoides,9,993, cls_3 ,2.2458,1.0651,79.296,142.8847
B_arachnoides,9,994, cls_3 ,7.0435,1.1482,2652.2568,63.9
B_arachnoides,9,996, cls_3 ,2.7562,1.1075,6.0017,325.8273
B_arachnoides,9,998, cls_3 ,2.1437,1.0701,6427.2953,63.9
B_arachnoides,9,999, cls_3 ,1.327,1.1398,6428.8532,63.9
B_arachnoides,9,1000, cls_3 ,5.6144,1.1288,314.8242,127.8
B_arachnoides,9,1001, cls_3 ,133.623,1.1878,43.6705,63.9
B_arachnoides,9,1002, cls_3 ,0.4083,1.0975,106.8653,63.9
B_arachnoides,9,1003, cls_3 ,1.9395,1.1578,75.0684,71.4424
B_arachnoides,9,1004, cls_3 ,1.327,1.1543,1210.1325,63.9
B_arachnoides,9,1007, cls_3 ,0.5104,1.0688,6.539,325.8273
B_arachnoides,9,1008, cls_3 ,0.3062,1.0358,159.1524,63.9
B_arachnoides,9,1011, cls_3 ,2.4499,1.1412,299.3264,71.4424
B_arachnoides,9,1013, cls_3 ,0.1021,1,283.1967,71.4424
B_arachnoides,9,1014, cls_3 ,0.1021,1,6428.1757,63.9
B_arachnoides,9,1015, cls_3 ,8.5747,1.1237,1334.2684,71.4424
B_arachnoides,9,1018, cls_3 ,0.2042,1.0155,45.2571,63.9
B_arachnoides,9,1019, cls_3 ,0.1021,1,47.2672,63.9
B_arachnoides,9,1020, cls_3 ,5.0019,1.1694,52.9217,115.1974
B_arachnoides,9,1021, cls_3 ,2.552,1.1265,817.5062,115.1974
B_arachnoides,9,1023, cls_3 ,0.5104,1.105,3217.6337,90.3682
B_arachnoides,9,1024, cls_3 ,0.1021,1,254.1084,115.1974
B_arachnoides,9,1025, cls_3 ,6.4311,1.0891,215.6891,351.45
B_arachnoides,9,1027, cls_3 ,7.4519,1.1726,33.1905,142.8847
B_arachnoides,9,1028, cls_3 ,12.4538,1.1555,399.1981,63.9
B_arachnoides,9,1030, cls_3 ,7.3498,1.1856,47.4676,127.8
B_arachnoides,9,1034, cls_3 ,17.1495,1.2257,55.7157,71.4424
B_arachnoides,9,1035, cls_3 ,3.1645,1.1031,16.9535,63.9
B_arachnoides,9,1038, cls_3 ,2.7562,1.1281,389.0543,172.056
B_arachnoides,9,1040, cls_3 ,0.6125,1.1125,24.9926,63.9
B_arachnoides,9,1043, cls_3 ,0.5104,1.0688,384.2899,63.9
B_arachnoides,9,1046, cls_3 ,2.552,1.0517,57.6469,90.3682
B_arachnoides,9,1047, cls_3 ,0.2042,1.0155,35.5141,71.4424
B_arachnoides,9,1048, cls_3 ,0.9187,1.112,131.4541,159.75
B_arachnoides,9,1049, cls_3 ,3.5728,1.0691,90.7615,71.4424
B_arachnoides,9,1050, cls_3 ,0.2042,1.0155,333.8224,63.9
B_arachnoides,9,1051, cls_3 ,1.0208,1.0764,27.5241,71.4424
B_arachnoides,9,1052, cls_3 ,3.4707,1.1032,39.5128,762.1264
B_arachnoides,9,1053, cls_3 ,0.6125,1.0465,2857.1516,95.85
B_arachnoides,9,1054, cls_3 ,1140.6447,1.2865,306.5713,63.9
B_arachnoides,9,1055, cls_3 ,0.8166,1.0131,45.8025,71.4424
B_arachnoides,9,1056, cls_3 ,0.6125,1.0819,47.7501,71.4424
B_arachnoides,9,1057, cls_3 ,0.7146,1.0631,57.821,71.4424
B_arachnoides,9,1059, cls_3 ,0.8166,1.0473,451.2793,159.75
B_arachnoides,9,1060, cls_3 ,3.5728,1.1001,17.293,95.85
B_arachnoides,9,1061, cls_3 ,9.2893,1.1061,205.8326,63.9
B_arachnoides,9,1062, cls_3 ,5.5123,1.159,27.1489,71.4424
B_arachnoides,9,1063, cls_3 ,9.9018,1.1512,2796.8094,63.9
B_arachnoides,9,1064, cls_3 ,1.225,1.0556,61.1027,63.9
B_arachnoides,9,1065, cls_3 ,48.9985,1.2223,58.3536,95.85
B_arachnoides,9,1066, cls_3 ,0.8166,1.1031,22.1542,90.3682
B_arachnoides,9,1067, cls_3 ,2.2458,1.0651,15.4721,95.85
B_arachnoides,9,1068, cls_3 ,1.5312,1.0909,46.4893,115.1974
B_arachnoides,9,1070, cls_3 ,2.4499,1.1311,138.8452,63.9
B_arachnoides,9,1071, cls_3 ,3.5728,1.0904,36.6181,90.3682
B_arachnoides,9,1073, cls_3 ,26.6429,1.176,718.3726,63.9
B_arachnoides,9,1074, cls_3 ,1.327,1.0467,13.2616,162.9137
B_arachnoides,9,1075, cls_3 ,3.6749,1.0972,1274.2603,63.9
B_arachnoides,9,1077, cls_3 ,1.327,1.0689,6429.374,63.9
B_arachnoides,9,1078, cls_3 ,0.9187,1.1695,148.1929,63.9
B_arachnoides,9,1079, cls_3 ,4.1853,1.1994,1477.7517,63.9
B_arachnoides,9,1080, cls_3 ,2.2458,1.1409,14.6002,294.5644
B_arachnoides,9,1082, cls_3 ,0.1021,1,29.3528,90.3682
B_arachnoides,9,1083, cls_3 ,0.5104,1.0688,317.8203,63.9
B_arachnoides,9,1085, cls_3 ,0.4083,1.0537,351.8891,63.9
B_arachnoides,9,1086, cls_3 ,2.552,1.1046,28.6615,135.5524
B_arachnoides,9,1088, cls_3 ,47.1611,1.1367,30.4032,115.1974
B_arachnoides,9,1091, cls_3 ,2.3478,1.146,14.1795,71.4424
B_arachnoides,9,1094, cls_3 ,9.0851,1.2194,5143.6756,71.4424
B_arachnoides,9,1095, cls_3 ,1.225,1.0556,71.9626,127.8
B_arachnoides,9,1097, cls_3 ,1.1229,1.0654,65.9045,90.3682
B_arachnoides,9,1098, cls_3 ,28.2762,1.1815,1125.4404,101.0348
B_arachnoides,9,1099, cls_3 ,1.9395,1.123,2270.7704,71.4424
B_arachnoides,9,1100, cls_3 ,1.9395,1.096,59.3462,127.8
B_arachnoides,9,1101, cls_3 ,0.2042,1.0155,19.9284,71.4424
B_arachnoides,9,1102, cls_3 ,1.327,1.0689,73.2559,95.85
B_arachnoides,9,1103, cls_3 ,3.4707,1.1214,40.1993,578.6391
B_arachnoides,9,1104, cls_3 ,0.1021,1,19.5393,90.3682
B_arachnoides,9,1106, cls_3 ,4.2874,1.0905,64.9647,115.1974
B_arachnoides,9,1108, cls_3 ,0.2042,1.0155,2575.8462,63.9
B_arachnoides,9,1110, cls_3 ,3.1645,1.1224,531.1829,63.9
B_arachnoides,9,1111, cls_3 ,1.225,1.0556,705.1774,63.9
B_arachnoides,9,1114, cls_3 ,0.7146,1.0932,630.8044,135.5524
B_arachnoides,9,1115, cls_3 ,8.3706,1.1261,116.5753,257.5891
B_arachnoides,9,1117, cls_3 ,48.9985,1.1868,2805.1995,63.9
B_arachnoides,9,1118, cls_3 ,27.0513,1.1477,2796.9711,63.9
B_arachnoides,9,1119, cls_3 ,0.5104,1.0688,155.6656,90.3682
B_arachnoides,9,1120, cls_3 ,0.8166,1.0769,102.8996,95.85
B_arachnoides,9,1122, cls_3 ,7.2477,1.1833,48.5791,90.3682
B_arachnoides,9,1125, cls_3 ,0.9187,1.1328,71.0915,271.1047
B_arachnoides,9,1128, cls_3 ,0.1021,1,2798.4033,63.9
B_arachnoides,9,1129, cls_3 ,0.6125,1.0819,71.7303,71.4424
B_arachnoides,9,1130, cls_3 ,8.9831,1.2009,1412.5989,90.3682
B_arachnoides,9,1131, cls_3 ,1.9395,1.0647,2796.3988,63.9
B_arachnoides,9,1132, cls_3 ,0.5104,1.0688,64.5571,71.4424
B_arachnoides,9,1135, cls_3 ,0.6125,1.0819,2797.7023,63.9
B_arachnoides,9,1137, cls_3 ,13.5767,1.2266,48.162,271.1047
B_arachnoides,9,1139, cls_3 ,6.329,1.0836,450.9801,159.75
B_arachnoides,9,1140, cls_3 ,0.7146,1.0631,56.6116,127.8
B_arachnoides,9,1142, cls_3 ,1.225,1.0982,2243.2805,63.9
B_arachnoides,9,1148, cls_3 ,0.3062,1.0358,355.9113,63.9
B_arachnoides,9,1149, cls_3 ,3.1645,1.0817,286.6659,63.9
B_arachnoides,9,1165, cls_3 ,2.2458,1.0799,450.5801,159.75
B_arachnoides,9,1166, cls_3 ,1.1229,1.0654,2796.1685,63.9
B_arachnoides,9,4, cls_2 ,2.2458,1.0651,0.7822,159.75
B_arachnoides,9,5, cls_2 ,0.1021,1,1.3852,159.75
B_arachnoides,9,8, cls_2 ,4.2874,1.1574,0.4943,357.2119
B_arachnoides,9,15, cls_2 ,4.6957,1.1137,2.9715,225.9206
B_arachnoides,9,16, cls_2 ,8.7789,1.1518,2.9212,225.9206
B_arachnoides,9,22, cls_2 ,0.1021,1,1.3054,319.5
B_arachnoides,9,30, cls_2 ,8.4727,1.0993,20.8039,71.4424
B_arachnoides,9,31, cls_2 ,7.8602,1.0891,9.9497,101.0348
B_arachnoides,9,32, cls_2 ,1.0208,1.1199,0.7181,688.2241
B_arachnoides,9,37, cls_2 ,0.3062,1.1369,2.5024,135.5524
B_arachnoides,9,41, cls_2 ,3.4707,1.1534,0.8914,135.5524
B_arachnoides,9,43, cls_2 ,5.7165,1.1208,18.2771,71.4424
B_arachnoides,9,45, cls_2 ,1.327,1.1073,8.4656,71.4424
B_arachnoides,9,47, cls_2 ,1.1229,1.088,0.6351,303.1043
B_arachnoides,9,49, cls_2 ,4.0832,1.1206,3.4191,71.4424
B_arachnoides,9,52, cls_2 ,2.7562,1.0438,1.4715,159.75
B_arachnoides,9,53, cls_2 ,0.7146,1.1197,2.8549,159.75
B_arachnoides,9,54, cls_2 ,3.4707,1.1125,0.8762,159.75
B_arachnoides,9,56, cls_2 ,1.5312,1.053,2.1706,249.5375
B_arachnoides,9,60, cls_2 ,7.3498,1.1342,1.6082,357.2119
B_arachnoides,9,73, cls_2 ,1.327,1.0467,0.5596,488.741
B_arachnoides,9,75, cls_2 ,1.1229,1.0402,1.876,357.2119
B_arachnoides,9,77, cls_2 ,12.4538,1.1213,1.6333,225.9206
B_arachnoides,9,89, cls_2 ,8.5747,1.162,10.9178,71.4424
B_arachnoides,9,91, cls_2 ,1.4291,1.0606,5.7712,131.7332
B_arachnoides,9,92, cls_2 ,4.4915,1.206,21.761,71.4424
B_arachnoides,9,97, cls_2 ,3.9811,1.131,2.9021,225.9206
B_arachnoides,9,106, cls_2 ,1.8374,1.0529,0.2811,998.1499
B_arachnoides,9,108, cls_2 ,37.0551,1.1566,17.5342,63.9
B_arachnoides,9,109, cls_2 ,1.225,1.1495,4.6261,535.5796
B_arachnoides,9,121, cls_2 ,2.2458,1.1066,0.9267,798.75
B_arachnoides,9,126, cls_2 ,58.7982,1.1705,18.1723,63.9
B_arachnoides,9,127, cls_2 ,1.225,1.0982,1.9214,671.7103
B_arachnoides,9,146, cls_2 ,7.0435,1.1175,5.4066,71.4424
B_arachnoides,9,155, cls_2 ,6.0227,1.1025,92.5511,63.9
B_arachnoides,9,161, cls_2 ,1.327,1.1242,3.4482,71.4424
B_arachnoides,9,163, cls_2 ,0.9187,1.063,3.59,162.9137
B_arachnoides,9,164, cls_2 ,2.1437,1.1117,14.1548,71.4424
B_arachnoides,9,167, cls_2 ,1.225,1.0556,3.5433,71.4424
B_arachnoides,9,168, cls_2 ,2.9603,1.1297,0.7657,223.65
B_arachnoides,9,170, cls_2 ,69.1083,1.1734,45.0204,63.9
B_arachnoides,9,171, cls_2 ,1.327,1.089,144.9313,63.9
B_arachnoides,9,177, cls_2 ,3.0624,1.1951,0.9385,583.0328
B_arachnoides,9,180, cls_2 ,0.9187,1.1328,10.3333,95.85
B_arachnoides,9,183, cls_2 ,0.9187,1.063,5.0077,127.8
B_arachnoides,9,185, cls_2 ,4.7978,1.139,12.107,90.3682
B_arachnoides,9,188, cls_2 ,0.8166,1.0769,1.249,223.65
B_arachnoides,9,201, cls_2 ,1.225,1.078,18.3206,186.2989
B_arachnoides,9,203, cls_2 ,1.1229,1.088,0.8481,709.4051
B_arachnoides,9,204, cls_2 ,0.7146,1.0631,54.5161,115.1974
B_arachnoides,9,208, cls_2 ,0.1021,1,8.8818,90.3682
B_arachnoides,9,216, cls_2 ,0.6125,1.1125,0.8954,741.0747
B_arachnoides,9,217, cls_2 ,4.1853,1.147,1.4704,285.7695
B_arachnoides,9,226, cls_2 ,6.4311,1.1025,0.4757,263.4664
B_arachnoides,9,228, cls_2 ,0.8166,1.1031,0.3071,339.6332
B_arachnoides,9,229, cls_2 ,15.1079,1.1241,138.5635,71.4424
B_arachnoides,9,231, cls_2 ,1.1229,1.088,0.2754,339.6332
B_arachnoides,9,232, cls_2 ,2.0416,1.0903,1.9258,285.7695
B_arachnoides,9,233, cls_2 ,2.2458,1.0937,9.6524,135.5524
B_arachnoides,9,244, cls_2 ,0.8166,1.1031,173.9784,63.9
B_arachnoides,9,245, cls_2 ,0.6125,1.0047,14.619,115.1974
B_arachnoides,9,248, cls_2 ,0.1021,1,47.2806,63.9
B_arachnoides,9,251, cls_2 ,14.8016,1.1325,3.3082,135.5524
B_arachnoides,9,255, cls_2 ,0.8166,1.0769,1.1202,131.7332
B_arachnoides,9,257, cls_2 ,0.7146,1.0631,1.123,131.7332
B_arachnoides,9,259, cls_2 ,1.1229,1.0654,2.6979,90.3682
B_arachnoides,9,261, cls_2 ,3.0624,1.0962,7.8014,194.3443
B_arachnoides,9,266, cls_2 ,0.9187,1.0338,2.1884,90.3682
B_arachnoides,9,269, cls_2 ,2.8582,1.1336,0.6125,232.5995
B_arachnoides,9,278, cls_2 ,0.7146,1.1197,1.5782,728.5721
B_arachnoides,9,288, cls_2 ,2.2458,1.1301,3.7846,428.6542
B_arachnoides,9,294, cls_2 ,0.9187,1.0889,4.2545,223.65
B_arachnoides,9,296, cls_2 ,5.2061,1.1173,0.4496,806.3815
B_arachnoides,9,311, cls_2 ,10.4122,1.0952,3.8568,558.8967
B_arachnoides,9,313, cls_2 ,4.1853,1.0838,2.6165,586.524
B_arachnoides,9,318, cls_2 ,2.9603,1.0769,14.2058,225.9206
B_arachnoides,9,319, cls_2 ,0.8166,1.0769,31.1289,71.4424
B_arachnoides,9,320, cls_2 ,0.2042,1.0909,19.0309,71.4424
B_arachnoides,9,330, cls_2 ,152.9162,1.2083,12.8544,63.9
B_arachnoides,9,341, cls_2 ,1.1229,1.1271,0.519,806.3815
B_arachnoides,9,342, cls_2 ,3.4707,1.1299,38.1154,204.5798
B_arachnoides,9,352, cls_2 ,52.3672,1.1059,24.153,63.9
B_arachnoides,9,359, cls_2 ,47.3652,1.1334,0.5575,1014.8841
B_arachnoides,9,367, cls_2 ,0.2042,1.0155,6.5833,63.9
B_arachnoides,9,368, cls_2 ,0.1021,1,129.9778,63.9
B_arachnoides,9,369, cls_2 ,2.3478,1.0752,2.1141,63.9
B_arachnoides,9,372, cls_2 ,13.5767,1.1618,25.7449,249.5375
B_arachnoides,9,376, cls_2 ,1.4291,1.1589,2.138,127.8
B_arachnoides,9,379, cls_2 ,9.6976,1.0631,106.7993,71.4424
B_arachnoides,9,395, cls_2 ,0.1021,1,375.7266,63.9
B_arachnoides,9,406, cls_2 ,1.6333,1.1296,24.9577,71.4424
B_arachnoides,9,409, cls_2 ,7.9623,1.1262,21.5019,162.9137
B_arachnoides,9,410, cls_2 ,3.879,1.1008,1.1961,301.4157
B_arachnoides,9,423, cls_2 ,0.1021,1,375.4685,63.9
B_arachnoides,9,427, cls_2 ,2.552,1.0926,0.7635,589.1289
B_arachnoides,9,431, cls_2 ,6.0227,1.0733,117.1012,115.1974
B_arachnoides,9,436, cls_2 ,1.5312,1.0909,300.502,71.4424
B_arachnoides,9,447, cls_2 ,1.5312,1.0728,3.2192,63.9
B_arachnoides,9,455, cls_2 ,0.7146,1.0283,4.9192,63.9
B_arachnoides,9,464, cls_2 ,0.9187,1.0889,1.657,159.75
B_arachnoides,9,468, cls_2 ,0.6125,1.0819,1.0954,172.056
B_arachnoides,9,469, cls_2 ,1.327,1.0467,9.2517,63.9
B_arachnoides,9,479, cls_2 ,2.3478,1.1251,7.5356,63.9
B_arachnoides,9,480, cls_2 ,7.9623,1.1108,3.7118,90.3682
B_arachnoides,9,487, cls_2 ,0.1021,1,8.0523,63.9
B_arachnoides,9,489, cls_2 ,1.4291,1.0606,2.4059,230.3947
B_arachnoides,9,490, cls_2 ,8.3706,1.1111,2.8569,186.2989
B_arachnoides,9,494, cls_2 ,0.9187,1.0338,3.5911,115.1974
B_arachnoides,9,500, cls_2 ,2.552,1.0799,4.5501,95.85
B_arachnoides,9,506, cls_2 ,1.1229,1.1271,11.7731,90.3682
B_arachnoides,9,509, cls_2 ,6.9415,1.1244,6.9474,90.3682
B_arachnoides,9,514, cls_2 ,0.8166,1.0473,12.8763,63.9
B_arachnoides,9,522, cls_2 ,2.0416,1.1294,10.8192,63.9
B_arachnoides,9,523, cls_2 ,1.0208,1.0509,10.9314,159.75
B_arachnoides,9,527, cls_2 ,0.9187,1.063,4.0411,131.7332
B_arachnoides,9,529, cls_2 ,1.327,1.089,1.9622,429.8433
B_arachnoides,9,530, cls_2 ,1.0208,1.0509,8.145,131.7332
B_arachnoides,9,532, cls_2 ,0.6125,1.0819,10.8985,90.3682
B_arachnoides,9,535, cls_2 ,1.5312,1.0728,12.9594,95.85
B_arachnoides,9,543, cls_2 ,1.7354,1.1084,5.3266,287.55
B_arachnoides,9,544, cls_2 ,0.7146,1.0631,8.1765,90.3682
B_arachnoides,9,545, cls_2 ,1.0208,1.0764,9.286,159.75
B_arachnoides,9,550, cls_2 ,17.3536,1.1773,10.4023,63.9
B_arachnoides,9,554, cls_2 ,22.3556,1.2204,5.432,159.75
B_arachnoides,9,556, cls_2 ,1.7354,1.1226,4.9679,131.7332
B_arachnoides,9,559, cls_2 ,1.9395,1.0471,1.3759,131.7332
B_arachnoides,9,560, cls_2 ,18.8848,1.1713,6.6429,142.8847
B_arachnoides,9,562, cls_2 ,2.0416,1.1042,6.3464,243.324
B_arachnoides,9,564, cls_2 ,3.9811,1.0582,10.0567,63.9
B_arachnoides,9,565, cls_2 ,8.2685,1.096,16.0799,159.75
B_arachnoides,9,566, cls_2 ,8.9831,1.1093,7.056,214.3271
B_arachnoides,9,568, cls_2 ,0.9187,1.063,1.9958,131.7332
B_arachnoides,9,571, cls_2 ,2.7562,1.1467,14.7207,63.9
B_arachnoides,9,585, cls_2 ,85.5432,1.1717,13.0833,63.9
B_arachnoides,9,586, cls_2 ,3.777,1.1209,0.7388,497.0254
B_arachnoides,9,591, cls_2 ,1.7354,1.1226,43.3821,63.9
B_arachnoides,9,592, cls_2 ,9.2893,1.1421,34.4678,159.75
B_arachnoides,9,593, cls_2 ,31.3386,1.1688,20.7848,63.9
B_arachnoides,9,605, cls_2 ,8.6768,1.0856,3.8623,204.5798
B_arachnoides,9,614, cls_2 ,5.9207,1.1108,72.3715,71.4424
B_arachnoides,9,615, cls_2 ,2.2458,1.0651,8.2352,225.9206
B_arachnoides,9,617, cls_2 ,0.6125,1.0819,6.88,225.9206
B_arachnoides,9,621, cls_2 ,2.3478,1.0889,0.7373,428.6542
B_arachnoides,9,624, cls_2 ,34.8094,1.1089,22.0661,127.8
B_arachnoides,9,625, cls_2 ,27.5617,1.1252,24.1444,95.85
B_arachnoides,9,638, cls_2 ,1.6333,1.046,0.5154,883.6933
B_arachnoides,9,639, cls_2 ,1.0208,1.022,1.2418,383.4
B_arachnoides,9,645, cls_2 ,0.1021,1,79.0864,63.9
B_arachnoides,9,651, cls_2 ,1.6333,1.1154,5.2408,274.8443
B_arachnoides,9,654, cls_2 ,0.1021,1,212.9059,63.9
B_arachnoides,9,661, cls_2 ,0.7146,1.0631,18.7426,90.3682
B_arachnoides,9,665, cls_2 ,0.6125,1.1125,35.7214,90.3682
B_arachnoides,9,670, cls_2 ,0.6125,1.0819,213.3521,63.9
B_arachnoides,9,680, cls_2 ,2.552,1.0663,0.4693,984.2467
B_arachnoides,9,681, cls_2 ,7.5539,1.1105,53.7893,127.8
B_arachnoides,9,682, cls_2 ,5.2061,1.0796,7.3133,257.5891
B_arachnoides,9,687, cls_2 ,0.5104,1.0688,36.697,159.75
B_arachnoides,9,693, cls_2 ,0.1021,1,4.7336,71.4424
B_arachnoides,9,694, cls_2 ,0.6125,1.0465,1.3507,223.65
B_arachnoides,9,703, cls_2 ,1.5312,1.1228,12.9128,71.4424
B_arachnoides,9,708, cls_2 ,9.3914,1.1327,3.1289,90.3682
B_arachnoides,9,710, cls_2 ,1.225,1.0306,0.5624,858.4983
B_arachnoides,9,711, cls_2 ,1.4291,1.0987,5.8515,214.3271
B_arachnoides,9,723, cls_2 ,0.9187,1.063,0.4359,1091.9237
B_arachnoides,9,727, cls_2 ,2.3478,1.0752,1.1186,63.9
B_arachnoides,9,729, cls_2 ,2.2458,1.0651,3.1696,204.5798
B_arachnoides,9,730, cls_2 ,5.6144,1.1406,2.0665,700.7182
B_arachnoides,9,734, cls_2 ,0.1021,1,6.345,63.9
B_arachnoides,9,735, cls_2 ,0.9187,1.0889,1.0336,135.5524
B_arachnoides,9,738, cls_2 ,0.6125,1.0465,2.6028,301.4157
B_arachnoides,9,748, cls_2 ,1.1229,1.0654,3.6029,71.4424
B_arachnoides,9,751, cls_2 ,6.329,1.0836,5.8985,71.4424
B_arachnoides,9,758, cls_2 ,0.1021,1,1.3367,71.4424
B_arachnoides,9,760, cls_2 ,1.4291,1.0805,2.5808,71.4424
B_arachnoides,9,765, cls_2 ,0.8166,1.0473,2.7929,172.056
B_arachnoides,9,766, cls_2 ,0.5104,1.0261,0.5348,71.4424
B_arachnoides,9,778, cls_2 ,2.1437,1.0701,11.0938,71.4424
B_arachnoides,9,783, cls_2 ,0.7146,1.0932,5.569,127.8
B_arachnoides,9,786, cls_2 ,3.6749,1.0663,1.6156,172.056
B_arachnoides,9,791, cls_2 ,1.0208,1.0764,0.261,1768.83
B_arachnoides,9,792, cls_2 ,2.552,1.1265,13.1014,71.4424
B_arachnoides,9,793, cls_2 ,0.8166,1.0473,4.7274,101.0348
B_arachnoides,9,795, cls_2 ,5.0019,1.0835,5.4406,71.4424
B_arachnoides,9,803, cls_2 ,4.1853,1.1536,2.5459,90.3682
B_arachnoides,9,804, cls_2 ,3.5728,1.1643,1.9218,101.0348
B_arachnoides,9,813, cls_2 ,1.1229,1.1085,6.0499,90.3682
B_arachnoides,9,820, cls_2 ,1.327,1.1073,0.6503,1014.8841
B_arachnoides,9,841, cls_2 ,1.9395,1.1353,0.7693,869.134
B_arachnoides,9,860, cls_2 ,10.4122,1.1637,1.8982,159.75
B_arachnoides,9,870, cls_2 ,2.7562,1.0583,3.2358,285.7695
B_arachnoides,9,871, cls_2 ,1.1229,1.088,0.1983,1441.6497
B_arachnoides,9,875, cls_2 ,1.0208,1.0509,4.7456,159.75
B_arachnoides,9,878, cls_2 ,6.0227,1.1784,4.6883,63.9
B_arachnoides,9,885, cls_2 ,13.7808,1.1764,24.0082,63.9
B_arachnoides,9,886, cls_2 ,3.4707,1.1808,3.2018,194.3443
B_arachnoides,9,888, cls_2 ,1.1229,1.1271,0.1767,1441.6497
B_arachnoides,9,898, cls_2 ,1.5312,1.053,15.7056,63.9
B_arachnoides,9,899, cls_2 ,10.7184,1.147,0.4154,714.4237
B_arachnoides,9,900, cls_2 ,8.2685,1.1071,34.685,63.9
B_arachnoides,9,903, cls_2 ,0.7146,1.0283,35.1043,63.9
B_arachnoides,9,909, cls_2 ,1.327,1.0467,1.5799,186.2989
B_arachnoides,9,911, cls_2 ,1.1229,1.1085,8.0759,63.9
B_arachnoides,9,919, cls_2 ,1.9395,1.0647,3.8329,63.9
B_arachnoides,9,920, cls_2 ,1.1229,1.0402,4.0713,63.9
B_arachnoides,9,922, cls_2 ,2.552,1.0517,6.1013,172.056
B_arachnoides,9,936, cls_2 ,38.8926,1.1153,1.1772,162.9137
B_arachnoides,9,938, cls_2 ,8.3706,1.1261,2.4743,204.5798
B_arachnoides,9,958, cls_2 ,0.8166,1.0473,15.1807,162.9137
B_arachnoides,9,968, cls_2 ,8.1664,1.1028,6.279,63.9
B_arachnoides,9,978, cls_2 ,1.5312,1.1228,20.9673,63.9
B_arachnoides,9,981, cls_2 ,3.5728,1.1183,2.3657,127.8
B_arachnoides,9,982, cls_2 ,1.0208,1.0764,3.726,127.8
B_arachnoides,9,987, cls_2 ,2.6541,1.1222,12.2342,71.4424
B_arachnoides,9,988, cls_2 ,5.7165,1.127,6.7065,71.4424
B_arachnoides,9,995, cls_2 ,2.0416,1.1042,1.0805,953.1601
B_arachnoides,9,997, cls_2 ,2.6541,1.0884,0.9331,386.0533
B_arachnoides,9,1006, cls_2 ,34.9114,1.1358,0.8616,531.754
B_arachnoides,9,1012, cls_2 ,2.3478,1.0889,1.6478,131.7332
B_arachnoides,9,1016, cls_2 ,1.225,1.1167,2.3467,131.7332
B_arachnoides,9,1017, cls_2 ,0.7146,1.0932,3.813,115.1974
B_arachnoides,9,1022, cls_2 ,1.327,1.089,2.5403,115.1974
B_arachnoides,9,1026, cls_2 ,1.0208,1.0993,2.424,71.4424
B_arachnoides,9,1029, cls_2 ,1.0208,1.022,0.1782,575.1
B_arachnoides,9,1031, cls_2 ,1.5312,1.1075,0.1489,575.1
B_arachnoides,9,1032, cls_2 ,1.327,1.1242,3.3187,71.4424
B_arachnoides,9,1033, cls_2 ,0.1021,1,2.9404,71.4424
B_arachnoides,9,1037, cls_2 ,7.656,1.1444,0.4191,319.5
B_arachnoides,9,1039, cls_2 ,0.8166,1.0769,3.19,71.4424
B_arachnoides,9,1044, cls_2 ,0.9187,1.0889,5.6374,63.9
B_arachnoides,9,1045, cls_2 ,2.2458,1.1301,2.3877,63.9
B_arachnoides,9,1058, cls_2 ,1.9395,1.123,0.959,319.5
B_arachnoides,9,1105, cls_2 ,2.3478,1.1017,0.1238,2668.7336
B_arachnoides,9,1124, cls_2 ,1.7354,1.0769,0.3233,272.9809
B_arachnoides,9,1133, cls_2 ,1.1229,1.0402,0.3896,272.9809
B_arachnoides,9,1143, cls_2 ,3.2666,1.0543,0.1335,2237.4127
B_arachnoides,9,1146, cls_2 ,2.1437,1.0366,4.6373,63.9
B_arachnoides,9,1147, cls_2 ,1.8374,1.0706,5.3839,63.9
B_arachnoides,9,99, cls_4 ,0.1021,1,5.1376,131.7332
B_arachnoides,9,104, cls_4 ,5.8186,1.1311,8.9245,95.85
B_arachnoides,9,111, cls_4 ,8.7789,1.1845,9.3771,63.9
B_arachnoides,9,119, cls_4 ,6.5331,1.1463,20.1956,63.9
B_arachnoides,9,147, cls_4 ,0.7146,1.1649,38.1148,63.9
B_arachnoides,9,179, cls_4 ,1.4291,1.1309,17.0696,63.9
B_arachnoides,9,1127, cls_4 ,4.3895,1.2039,0.0005,22216.4871
B_arachnoides,9,1168, cls_5 ,0.4083,1.0537,0, N/A
