SPECIES,UA, PID , TYPE , AREA , FRAC , PROX , ENN
B_crinitus,1,1, cls_1 ,274.1876,1.2376,260.0015,63.9
B_crinitus,1,8, cls_1 ,1.5312,1.1372,681.4,63.9
B_crinitus,1,9, cls_1 ,0.7146,1.1197,23.1824,225.9206
B_crinitus,1,10, cls_1 ,5.3082,1.0601,112.9585,162.9137
B_crinitus,1,11, cls_1 ,1.6333,1.0657,20.7086,225.9206
B_crinitus,1,12, cls_1 ,32.1553,1.1502,688.9347,63.9
B_crinitus,1,14, cls_1 ,5.2061,1.1427,22.992,249.5375
B_crinitus,1,15, cls_1 ,0.1021,1,92.202,63.9
B_crinitus,1,17, cls_1 ,1.8374,1.1292,121.9955,63.9
B_crinitus,1,19, cls_1 ,0.2042,1.0155,44.4633,71.4424
B_crinitus,1,20, cls_1 ,60.0232,1.1324,17.5647,90.3682
B_crinitus,1,21, cls_1 ,1.8374,1.116,55.7233,194.3443
B_crinitus,1,23, cls_1 ,42.5675,1.1845,702.3623,63.9
B_crinitus,1,24, cls_1 ,0.6125,1.0465,73.1197,214.3271
B_crinitus,1,26, cls_1 ,161.0826,1.1855,887.0341,63.9
B_crinitus,1,27, cls_1 ,0.7146,1.0932,280.7831,101.0348
B_crinitus,1,28, cls_1 ,0.3062,1.0358,686.9863,63.9
B_crinitus,1,29, cls_1 ,0.2042,1.0155,747.2081,63.9
B_crinitus,1,33, cls_1 ,1.1229,1.088,39.3585,71.4424
B_crinitus,1,37, cls_1 ,0.7146,1.0631,72.6013,225.9206
B_crinitus,1,40, cls_1 ,0.1021,1,32.848,71.4424
B_crinitus,1,42, cls_1 ,0.1021,1,61.8444,71.4424
B_crinitus,1,43, cls_1 ,1.7354,1.1358,87.1287,71.4424
B_crinitus,1,47, cls_1 ,3.3686,1.0512,9.8697,90.3682
B_crinitus,1,48, cls_1 ,2.1437,1.1117,200.3244,127.8
B_crinitus,1,49, cls_1 ,0.1021,1,563.6548,71.4424
B_crinitus,1,50, cls_1 ,2.8582,1.1141,40.8705,63.9
B_crinitus,1,52, cls_1 ,1.7354,1.0769,11.3255,90.3682
B_crinitus,1,55, cls_1 ,2.4499,1.109,408.8134,71.4424
B_crinitus,1,57, cls_1 ,1.0208,1.0509,173.1551,115.1974
B_crinitus,1,58, cls_1 ,1.5312,1.0311,367.7622,71.4424
B_crinitus,1,59, cls_1 ,0.1021,1,41.7561,63.9
B_crinitus,1,60, cls_1 ,6.0227,1.1389,200.0636,63.9
B_crinitus,1,61, cls_1 ,0.7146,1.0631,41.7197,172.056
B_crinitus,1,63, cls_1 ,1.225,1.0556,35.0306,71.4424
B_crinitus,1,66, cls_1 ,0.1021,1,45.5425,474.9709
B_crinitus,1,68, cls_1 ,0.1021,1,73.7853,63.9
B_crinitus,1,70, cls_1 ,0.7146,1.1197,7.4378,230.3947
B_crinitus,1,71, cls_1 ,2.2458,1.1875,570.5584,71.4424
B_crinitus,1,72, cls_1 ,0.1021,1,121.3742,180.7365
B_crinitus,1,76, cls_1 ,17.5578,1.0699,77.1649,63.9
B_crinitus,1,77, cls_1 ,1.9395,1.123,56.4929,90.3682
B_crinitus,1,79, cls_1 ,0.6125,1.0465,57.33,328.9454
B_crinitus,1,80, cls_1 ,1.225,1.0306,137.6657,71.4424
B_crinitus,1,83, cls_1 ,0.4083,1.0537,40.1314,63.9
B_crinitus,1,84, cls_1 ,0.9187,1.1328,65.6253,71.4424
B_crinitus,1,87, cls_1 ,2.8582,1.1426,105.9421,71.4424
B_crinitus,1,88, cls_1 ,0.1021,1,86.4516,63.9
B_crinitus,1,92, cls_1 ,0.1021,1,37.3672,63.9
B_crinitus,1,93, cls_1 ,1.8374,1.116,371.9189,63.9
B_crinitus,1,95, cls_1 ,15.6183,1.1425,2020.9019,71.4424
B_crinitus,1,96, cls_1 ,0.5104,1.0261,45.0284,71.4424
B_crinitus,1,100, cls_1 ,2.4499,1.0843,46.4878,71.4424
B_crinitus,1,101, cls_1 ,2.3478,1.1137,170.0996,63.9
B_crinitus,1,103, cls_1 ,0.6125,1.0047,7751.9127,71.4424
B_crinitus,1,104, cls_1 ,1.0208,1.1199,122.6218,90.3682
B_crinitus,1,106, cls_1 ,1.327,1.1073,442.5276,101.0348
B_crinitus,1,107, cls_1 ,0.8166,1.0131,10.0892,824.5329
B_crinitus,1,108, cls_1 ,0.1021,1,593.188,63.9
B_crinitus,1,109, cls_1 ,2.0416,1.1172,97.9841,90.3682
B_crinitus,1,110, cls_1 ,4.1853,1.1017,124.8332,383.4
B_crinitus,1,111, cls_1 ,13.3725,1.067,241.8252,90.3682
B_crinitus,1,112, cls_1 ,10243.651,1.3165,594.9171,63.9
B_crinitus,1,116, cls_1 ,3.0624,1.135,670.817,63.9
B_crinitus,1,118, cls_1 ,24.4993,1.0954,91.2168,90.3682
B_crinitus,1,120, cls_1 ,0.9187,1.0889,3881.6018,90.3682
B_crinitus,1,121, cls_1 ,0.4083,1.0537,150.6114,90.3682
B_crinitus,1,127, cls_1 ,0.1021,1,11157.7346,95.85
B_crinitus,1,129, cls_1 ,0.8166,1.0473,232.0049,90.3682
B_crinitus,1,131, cls_1 ,1.5312,1.1228,409.5744,95.85
B_crinitus,1,137, cls_1 ,0.8166,1.1031,12545.5623,90.3682
B_crinitus,1,142, cls_1 ,0.6125,1.0465,124.2528,131.7332
B_crinitus,1,147, cls_1 ,1.1229,1.1085,25.8946,71.4424
B_crinitus,1,148, cls_1 ,0.9187,1.063,18.6639,223.65
B_crinitus,1,150, cls_1 ,1.7354,1.0769,1558.6597,71.4424
B_crinitus,1,151, cls_1 ,42.2612,1.077,4020.8981,63.9
B_crinitus,1,153, cls_1 ,0.7146,1.1197,134.3866,115.1974
B_crinitus,1,154, cls_1 ,2.7562,1.0583,508.681,249.5375
B_crinitus,1,157, cls_1 ,1.0208,1.0764,507.789,71.4424
B_crinitus,1,159, cls_1 ,6.4311,1.1714,156.7934,90.3682
B_crinitus,1,161, cls_1 ,16.9453,1.1166,73.6122,186.2989
B_crinitus,1,162, cls_1 ,0.6125,1.0047,32.0711,71.4424
B_crinitus,1,163, cls_1 ,0.2042,1.0155,2803.1015,71.4424
B_crinitus,1,164, cls_1 ,0.4083,1.0537,199.5357,115.1974
B_crinitus,1,172, cls_1 ,12.658,1.0864,40.0515,101.0348
B_crinitus,1,173, cls_1 ,8.5747,1.1802,4112.2881,63.9
B_crinitus,1,174, cls_1 ,1.0208,1.0509,465.841,159.75
B_crinitus,1,176, cls_1 ,0.6125,1.0465,176.6289,357.2119
B_crinitus,1,178, cls_1 ,0.7146,1.0932,142.7542,142.8847
B_crinitus,1,179, cls_1 ,66.9646,1.1294,31.414,115.1974
B_crinitus,1,183, cls_1 ,1.327,1.1242,117.6295,357.2119
B_crinitus,1,185, cls_1 ,0.6125,1.0465,44.2473,101.0348
B_crinitus,1,186, cls_1 ,15.21,1.1235,35.6663,90.3682
B_crinitus,1,187, cls_1 ,2.7562,1.0718,37.6845,90.3682
B_crinitus,1,188, cls_1 ,1.6333,1.046,254.0981,63.9
B_crinitus,1,190, cls_1 ,34.1969,1.1577,4101.6003,63.9
B_crinitus,1,191, cls_1 ,1.8374,1.0335,157.7298,90.3682
B_crinitus,1,192, cls_1 ,9.9018,1.1436,852.1745,63.9
B_crinitus,1,194, cls_1 ,0.1021,1,4015.9917,63.9
B_crinitus,1,195, cls_1 ,9.2893,1.1061,88.8759,90.3682
B_crinitus,1,196, cls_1 ,3.4707,1.0482,50.4612,186.2989
B_crinitus,1,197, cls_1 ,0.2042,1.0155,10036.8343,63.9
B_crinitus,1,200, cls_1 ,31.747,1.1332,4089.9432,71.4424
B_crinitus,1,202, cls_1 ,0.8166,1.1031,2615.8343,63.9
B_crinitus,1,204, cls_1 ,16.9453,1.1229,12571.9238,63.9
B_crinitus,1,205, cls_1 ,2.6541,1.1003,7720.4904,115.1974
B_crinitus,1,207, cls_1 ,19.4973,1.1326,80.4192,63.9
B_crinitus,1,208, cls_1 ,14.8016,1.0974,70.9216,63.9
B_crinitus,1,209, cls_1 ,0.5104,1.0688,5041.3251,127.8
B_crinitus,1,210, cls_1 ,0.6125,1.0465,43.7581,191.7
B_crinitus,1,212, cls_1 ,0.6125,1.0047,3140.2182,180.7365
B_crinitus,1,216, cls_1 ,1.225,1.1167,927.9294,71.4424
B_crinitus,1,217, cls_1 ,0.1021,1,597.7897,71.4424
B_crinitus,1,218, cls_1 ,25.9284,1.0785,44.5447,159.75
B_crinitus,1,220, cls_1 ,130.3565,1.1756,76.4677,90.3682
B_crinitus,1,221, cls_1 ,0.8166,1.0769,7720.0719,115.1974
B_crinitus,1,224, cls_1 ,0.7146,1.0932,20075.19,71.4424
B_crinitus,1,225, cls_1 ,3.777,1.0635,49.5603,127.8
B_crinitus,1,227, cls_1 ,1.6333,1.0657,76.1046,127.8
B_crinitus,1,228, cls_1 ,3.2666,1.041,191.6721,95.85
B_crinitus,1,231, cls_1 ,1.4291,1.0987,1936.0808,142.8847
B_crinitus,1,235, cls_1 ,1.9395,1.2214,185.0095,90.3682
B_crinitus,1,238, cls_1 ,6.8394,1.0761,36.5239,95.85
B_crinitus,1,242, cls_1 ,124.0275,1.1184,170.393,101.0348
B_crinitus,1,246, cls_1 ,2.0416,1.0417,3864.1329,162.9137
B_crinitus,1,247, cls_1 ,2.552,1.1046,615.3619,101.0348
B_crinitus,1,250, cls_1 ,0.6125,1.1125,6285.6112,115.1974
B_crinitus,1,253, cls_1 ,1.1229,1.0402,140.5195,63.9
B_crinitus,1,254, cls_1 ,1.9395,1.0471,25101.4485,63.9
B_crinitus,1,256, cls_1 ,9.7997,1.0741,9.5678,186.2989
B_crinitus,1,257, cls_1 ,0.7146,1.0932,332.3705,159.75
B_crinitus,1,258, cls_1 ,0.6125,1.0047,10.1648,287.55
B_crinitus,1,260, cls_1 ,0.1021,1,106.8847,63.9
B_crinitus,1,261, cls_1 ,0.9187,1.0889,32.2697,71.4424
B_crinitus,1,264, cls_1 ,20.7223,1.1581,3160.3606,63.9
B_crinitus,1,268, cls_1 ,45.1195,1.1186,294.5245,159.75
B_crinitus,1,270, cls_1 ,0.1021,1,104.6396,162.9137
B_crinitus,1,272, cls_1 ,1.1229,1.0654,18.7739,159.75
B_crinitus,1,275, cls_1 ,0.7146,1.0631,11154.521,95.85
B_crinitus,1,276, cls_1 ,0.2042,1.0155,26.5893,71.4424
B_crinitus,1,279, cls_1 ,6.6352,1.1447,10089.0823,63.9
B_crinitus,1,280, cls_1 ,1.225,1.0556,22.5172,101.0348
B_crinitus,1,281, cls_1 ,0.1021,1,20070.832,71.4424
B_crinitus,1,284, cls_1 ,0.1021,1,5018.4823,71.4424
B_crinitus,1,288, cls_1 ,10.3101,1.0911,35.3592,101.0348
B_crinitus,1,289, cls_1 ,2.6541,1.1418,19.3069,71.4424
B_crinitus,1,290, cls_1 ,7.8602,1.1671,20076.9442,71.4424
B_crinitus,1,296, cls_1 ,1.7354,1.0769,18.6909,71.4424
B_crinitus,1,297, cls_1 ,0.1021,1,20072.3535,71.4424
B_crinitus,1,299, cls_1 ,0.5104,1.0261,18.4024,71.4424
B_crinitus,1,300, cls_1 ,0.4083,1,7.1385,471.7361
B_crinitus,1,302, cls_1 ,4.1853,1.0838,19.2548,451.8412
B_crinitus,1,305, cls_1 ,0.7146,1.0932,5018.8258,71.4424
B_crinitus,1,306, cls_1 ,2.2458,1.0799,12550.8719,90.3682
B_crinitus,1,309, cls_1 ,3.4707,1.0721,293.4881,63.9
B_crinitus,1,310, cls_1 ,10.4122,1.1139,85.1353,159.75
B_crinitus,1,311, cls_1 ,2.0416,1.0903,3873.4824,90.3682
B_crinitus,1,312, cls_1 ,36.5447,1.0983,1600.6137,95.85
B_crinitus,1,313, cls_1 ,48.9985,1.1064,1449.4124,63.9
B_crinitus,1,316, cls_1 ,2.2458,1.1409,114.1611,127.8
B_crinitus,1,317, cls_1 ,1.5312,1.0909,12561.7682,90.3682
B_crinitus,1,319, cls_1 ,1.1229,1.0402,25092.9242,63.9
B_crinitus,1,320, cls_1 ,162.2055,1.1265,144.6524,101.0348
B_crinitus,1,321, cls_1 ,1.5312,1.1228,16.9568,71.4424
B_crinitus,1,322, cls_1 ,0.7146,1.0631,85.2573,159.75
B_crinitus,1,324, cls_1 ,0.6125,1.0819,22.7777,131.7332
B_crinitus,1,325, cls_1 ,19.9056,1.1169,94.3377,131.7332
B_crinitus,1,326, cls_1 ,3.2666,1.0894,3463.5842,172.056
B_crinitus,1,329, cls_1 ,4.8999,1.0938,108.9932,194.3443
B_crinitus,1,331, cls_1 ,3.5728,1.0691,28.0194,204.5798
B_crinitus,1,333, cls_1 ,0.1021,1,20.0347,71.4424
B_crinitus,1,334, cls_1 ,124.0275,1.1452,190.4492,63.9
B_crinitus,1,335, cls_1 ,0.5104,1.0688,17.4311,159.75
B_crinitus,1,337, cls_1 ,2.9603,1.0643,12548.3568,63.9
B_crinitus,1,338, cls_1 ,2.7562,1.1376,2717.7907,90.3682
B_crinitus,1,340, cls_1 ,0.1021,1,20072.0445,71.4424
B_crinitus,1,341, cls_1 ,0.7146,1.0283,87.9469,71.4424
B_crinitus,1,342, cls_1 ,53.7963,1.1254,263.5739,71.4424
B_crinitus,1,344, cls_1 ,1.7354,1.1226,2522.3397,63.9
B_crinitus,1,346, cls_1 ,3.2666,1.0267,38.0588,204.5798
B_crinitus,1,347, cls_1 ,0.5104,1.0688,5586.3507,63.9
B_crinitus,1,348, cls_1 ,4.0832,1.0955,325.8207,186.2989
B_crinitus,1,349, cls_1 ,0.7146,1.0932,118.5932,71.4424
B_crinitus,1,350, cls_1 ,0.3062,1.0358,20080.5461,63.9
B_crinitus,1,351, cls_1 ,0.1021,1,111.1394,90.3682
B_crinitus,1,352, cls_1 ,36.2385,1.1196,199.0179,90.3682
B_crinitus,1,353, cls_1 ,215.6956,1.1517,32.0717,63.9
B_crinitus,1,354, cls_1 ,4.3895,1.1548,5024.3371,131.7332
B_crinitus,1,355, cls_1 ,7.5539,1.1631,11158.5634,90.3682
B_crinitus,1,356, cls_1 ,1.4291,1.1454,2794.135,90.3682
B_crinitus,1,357, cls_1 ,1.8374,1.0335,40.7048,406.6571
B_crinitus,1,358, cls_1 ,0.6125,1.1637,106.3364,131.7332
B_crinitus,1,361, cls_1 ,0.6125,1.0465,25090.5583,63.9
B_crinitus,1,372, cls_1 ,0.7146,1.0631,2517.705,63.9
B_crinitus,1,373, cls_1 ,1.225,1.0556,812.8411,115.1974
B_crinitus,1,374, cls_1 ,0.6125,1.0465,870.7541,63.9
B_crinitus,1,378, cls_1 ,4.0832,1.0955,7723.0768,115.1974
B_crinitus,1,381, cls_1 ,0.8166,1.0473,25092.0008,63.9
B_crinitus,1,383, cls_1 ,0.8166,1.1265,7723.8837,63.9
B_crinitus,1,384, cls_1 ,2.1437,1.0701,1040.2241,314.671
B_crinitus,1,385, cls_1 ,0.4083,1.0537,108.644,416.577
B_crinitus,1,396, cls_1 ,4.0832,1.1627,25088.3355,63.9
B_crinitus,1,401, cls_1 ,7.0435,1.1175,1132.671,272.9809
B_crinitus,1,402, cls_1 ,3.777,1.0397,166.5147,115.1974
B_crinitus,1,403, cls_1 ,0.1021,1,431.0552,71.4424
B_crinitus,1,405, cls_1 ,1.9395,1.0809,48.0437,162.9137
B_crinitus,1,411, cls_1 ,1.6333,1.0657,342.4948,63.9
B_crinitus,1,412, cls_1 ,0.2042,1.0155,25089.8336,63.9
B_crinitus,1,413, cls_1 ,1.327,1.1073,533.0114,63.9
B_crinitus,1,414, cls_1 ,0.4083,1,4016.1371,159.75
B_crinitus,1,415, cls_1 ,20.1098,1.135,279.8736,71.4424
B_crinitus,1,417, cls_1 ,0.6125,1.1395,95.7379,159.75
B_crinitus,1,419, cls_1 ,1.1229,1.1271,45.468,90.3682
B_crinitus,1,421, cls_1 ,3.9811,1.0468,170.1101,272.9809
B_crinitus,1,422, cls_1 ,1.6333,1.1154,49.1746,204.5798
B_crinitus,1,425, cls_1 ,0.6125,1.1125,101.3586,90.3682
B_crinitus,1,426, cls_1 ,2.0416,1.0903,490.8696,319.5
B_crinitus,1,427, cls_1 ,0.5104,1.0688,1931.8837,230.3947
B_crinitus,1,429, cls_1 ,65.5355,1.1708,27.0108,159.75
B_crinitus,1,432, cls_1 ,0.7146,1.0631,43.7597,90.3682
B_crinitus,1,435, cls_1 ,0.1021,1,1357.7386,274.8443
B_crinitus,1,442, cls_1 ,2.552,1.1159,11151.0965,95.85
B_crinitus,1,443, cls_1 ,0.6125,1.1125,6273.9507,127.8
B_crinitus,1,445, cls_1 ,0.1021,1,25089.947,63.9
B_crinitus,1,446, cls_1 ,5.6144,1.0354,40.2198,159.75
B_crinitus,1,449, cls_1 ,1.8374,1.1292,434.6159,71.4424
B_crinitus,1,450, cls_1 ,0.3062,1.0358,20072.8559,71.4424
B_crinitus,1,451, cls_1 ,1.327,1.1807,15.5533,63.9
B_crinitus,1,453, cls_1 ,0.2042,1.0155,4016.5884,159.75
B_crinitus,1,456, cls_1 ,0.7146,1.0631,40.4774,63.9
B_crinitus,1,460, cls_1 ,1.225,1.0982,13.3411,543.15
B_crinitus,1,461, cls_1 ,4.8999,1.0585,30.2546,71.4424
B_crinitus,1,462, cls_1 ,1.9395,1.096,2049.8567,223.65
B_crinitus,1,463, cls_1 ,5.2061,1.1427,11155.2322,71.4424
B_crinitus,1,464, cls_1 ,1.0208,1.0509,31.0516,443.8636
B_crinitus,1,465, cls_1 ,0.1021,1,25088.7722,63.9
B_crinitus,1,470, cls_1 ,1.4291,1.1589,7731.8694,71.4424
B_crinitus,1,472, cls_1 ,6.1248,1.0552,34.9405,186.2989
B_crinitus,1,473, cls_1 ,9.6976,1.0917,2450.0064,71.4424
B_crinitus,1,478, cls_1 ,2.6541,1.1003,25090.2209,63.9
B_crinitus,1,479, cls_1 ,0.4083,1.0537,458.0904,63.9
B_crinitus,1,480, cls_1 ,5.9207,1.1461,25089.2638,63.9
B_crinitus,1,483, cls_1 ,4.7978,1.1039,3861.7577,162.9137
B_crinitus,1,486, cls_1 ,0.1021,1,7721.196,115.1974
B_crinitus,1,487, cls_1 ,0.2042,1.0155,383.2786,63.9
B_crinitus,1,488, cls_1 ,0.2042,1.0909,2972.174,71.4424
B_crinitus,1,489, cls_1 ,0.3062,1.0358,25091.3517,63.9
B_crinitus,1,494, cls_1 ,0.7146,1.0631,12547.1649,63.9
B_crinitus,1,499, cls_1 ,0.1021,1,20076.2547,63.9
B_crinitus,1,500, cls_1 ,0.1021,1,25098.0327,63.9
B_crinitus,1,502, cls_1 ,0.6125,1.0819,99.8943,71.4424
B_crinitus,1,503, cls_1 ,0.1021,1,2791.4042,186.2989
B_crinitus,1,504, cls_1 ,4.3895,1.128,20073.7505,71.4424
B_crinitus,1,505, cls_1 ,0.1021,1,111.8533,71.4424
B_crinitus,1,506, cls_1 ,1.327,1.089,11153.1536,95.85
B_crinitus,1,507, cls_1 ,1.0208,1.022,4022.5172,63.9
B_crinitus,1,508, cls_1 ,0.5104,1.0261,10054.0224,63.9
B_crinitus,1,509, cls_1 ,3.3686,1.0635,20072.5177,71.4424
B_crinitus,1,511, cls_1 ,0.5104,1.0261,776.504,186.2989
B_crinitus,1,512, cls_1 ,0.9187,1.063,5907.3756,131.7332
B_crinitus,1,515, cls_1 ,0.5104,1.0261,1546.8886,255.6
B_crinitus,1,516, cls_1 ,2.2458,1.0799,20074.7589,71.4424
B_crinitus,1,517, cls_1 ,5.7165,1.1551,4021.1148,63.9
B_crinitus,1,519, cls_1 ,0.1021,1,835.2649,63.9
B_crinitus,1,520, cls_1 ,2.0416,1.0754,924.1707,271.1047
B_crinitus,1,521, cls_1 ,0.7146,1.1197,97.837,95.85
B_crinitus,1,522, cls_1 ,0.8166,1.0473,5913.3372,71.4424
B_crinitus,1,523, cls_1 ,1.1229,1.0402,598.0846,63.9
B_crinitus,1,525, cls_1 ,28.1741,1.0619,179.3267,63.9
B_crinitus,1,526, cls_1 ,1.225,1.1337,434.3559,63.9
B_crinitus,1,530, cls_1 ,0.4083,1.1346,1360.0091,223.65
B_crinitus,1,534, cls_1 ,0.6125,1.1125,16.2377,162.9137
B_crinitus,1,535, cls_1 ,0.7146,1.1197,14.5279,162.9137
B_crinitus,1,537, cls_1 ,1.9395,1.1469,20073.2454,71.4424
B_crinitus,1,542, cls_1 ,0.6125,1.1125,10.7366,543.15
B_crinitus,1,543, cls_1 ,1.5312,1.053,739.007,115.1974
B_crinitus,1,553, cls_1 ,39.7092,1.1739,20072.5963,63.9
B_crinitus,1,557, cls_1 ,3.2666,1.0894,892.2359,191.7
B_crinitus,1,570, cls_1 ,0.7146,1.0631,11166.8615,63.9
B_crinitus,1,571, cls_1 ,0.6125,1.0465,623.6352,406.6571
B_crinitus,1,576, cls_1 ,357.5871,1.1022,22.5053,71.4424
B_crinitus,1,577, cls_1 ,8.4727,1.1099,1386.3374,95.85
B_crinitus,1,581, cls_1 ,6.6352,1.0716,26.8645,90.3682
B_crinitus,1,583, cls_1 ,4.1853,1.147,385.1089,95.85
B_crinitus,1,587, cls_1 ,0.1021,1,138.9644,63.9
B_crinitus,1,594, cls_1 ,1.4291,1.1154,322.4374,71.4424
B_crinitus,1,596, cls_1 ,158.4285,1.1612,99.3416,63.9
B_crinitus,1,598, cls_1 ,0.5104,1.0261,78.4771,101.0348
B_crinitus,1,600, cls_1 ,25.2138,1.0985,200.1554,95.85
B_crinitus,1,603, cls_1 ,0.7146,1.0631,13.898,351.45
B_crinitus,1,613, cls_1 ,5.8186,1.1369,408.8632,63.9
B_crinitus,1,624, cls_1 ,0.4083,1.0975,2810.692,63.9
B_crinitus,1,625, cls_1 ,6.2269,1.1057,1555.6337,63.9
B_crinitus,1,628, cls_1 ,0.3062,1.0358,6288.8049,127.8
B_crinitus,1,635, cls_1 ,0.6125,1.1395,648.997,63.9
B_crinitus,1,636, cls_1 ,0.6125,1.0465,20076.9236,71.4424
B_crinitus,1,638, cls_1 ,0.2042,1.0155,10038.6041,101.0348
B_crinitus,1,642, cls_1 ,4.1853,1.1017,39.0307,95.85
B_crinitus,1,646, cls_1 ,1.327,1.0689,25091.6536,63.9
B_crinitus,1,651, cls_1 ,4.6957,1.0982,400.7469,63.9
B_crinitus,1,653, cls_1 ,0.7146,1.0932,25092.6895,63.9
B_crinitus,1,657, cls_1 ,1.0208,1.1199,11153.235,95.85
B_crinitus,1,659, cls_1 ,1.4291,1.1154,25089.347,63.9
B_crinitus,1,667, cls_1 ,6.7373,1.1621,25091.6892,63.9
B_crinitus,1,670, cls_1 ,0.4083,1,25.2702,400.3324
B_crinitus,1,676, cls_1 ,0.2042,1.0155,5918.9703,71.4424
B_crinitus,1,677, cls_1 ,1.7354,1.0933,7722.8795,115.1974
B_crinitus,1,679, cls_1 ,24.0909,1.088,76.8987,127.8
B_crinitus,1,681, cls_1 ,0.9187,1.063,24.728,95.85
B_crinitus,1,687, cls_1 ,14.8016,1.0721,38.7172,257.5891
B_crinitus,1,688, cls_1 ,0.6125,1.0465,25088.925,63.9
B_crinitus,1,689, cls_1 ,3.3686,1.0861,11153.714,95.85
B_crinitus,1,697, cls_1 ,0.8166,1.1265,25091.3774,63.9
B_crinitus,1,701, cls_1 ,6.2269,1.1182,6274.0282,127.8
B_crinitus,1,704, cls_1 ,0.7146,1.0631,2515.0983,95.85
B_crinitus,1,709, cls_1 ,0.4083,1.0537,6276.9707,127.8
B_crinitus,1,711, cls_1 ,8.5747,1.1935,110.3224,127.8
B_crinitus,1,713, cls_1 ,42.2612,1.0675,1402.8261,271.1047
B_crinitus,1,715, cls_1 ,9.5955,1.0443,21.8622,159.75
B_crinitus,1,724, cls_1 ,0.7146,1.0631,11156.0327,95.85
B_crinitus,1,727, cls_1 ,0.7146,1.1197,695.4675,194.3443
B_crinitus,1,728, cls_1 ,0.1021,1,154.8652,71.4424
B_crinitus,1,729, cls_1 ,5.9207,1.1172,705.5553,71.4424
B_crinitus,1,730, cls_1 ,20.0077,1.095,88.305,142.8847
B_crinitus,1,731, cls_1 ,9.3914,1.1638,2451.1852,142.8847
B_crinitus,1,732, cls_1 ,0.5104,1.0688,1550.4186,115.1974
B_crinitus,1,733, cls_1 ,0.7146,1.0631,20075.0185,71.4424
B_crinitus,1,734, cls_1 ,0.7146,1.0932,25095.6906,63.9
B_crinitus,1,736, cls_1 ,0.9187,1.0889,2015.3743,71.4424
B_crinitus,1,737, cls_1 ,2.6541,1.1116,24.6386,232.5995
B_crinitus,1,739, cls_1 ,0.9187,1.112,14.9923,575.9868
B_crinitus,1,748, cls_1 ,0.8166,1.1847,76.5552,63.9
B_crinitus,1,749, cls_1 ,5.9207,1.0585,32.4477,232.5995
B_crinitus,1,750, cls_1 ,1.0208,1.022,402.0534,63.9
B_crinitus,1,752, cls_1 ,1.0208,1.1722,20095.587,71.4424
B_crinitus,1,753, cls_1 ,44.4049,1.1948,20099.846,71.4424
B_crinitus,1,754, cls_1 ,0.6125,1.0465,100.7576,71.4424
B_crinitus,1,757, cls_1 ,0.6125,1.1125,73.1045,63.9
B_crinitus,1,758, cls_1 ,1.0208,1.0509,595.56,202.0695
B_crinitus,1,761, cls_1 ,0.5104,1.1638,85.0604,71.4424
B_crinitus,1,765, cls_1 ,0.7146,1.1434,12552.6106,90.3682
B_crinitus,1,767, cls_1 ,0.3062,1.0914,79.8396,71.4424
B_crinitus,1,769, cls_1 ,21.0285,1.0697,11203.7199,71.4424
B_crinitus,1,776, cls_1 ,2.0416,1.23,134.0689,90.3682
B_crinitus,1,780, cls_1 ,3.6749,1.0547,405.22,90.3682
B_crinitus,1,785, cls_1 ,19.1911,1.102,39.4418,115.1974
B_crinitus,1,786, cls_1 ,1.1229,1.0402,18.0268,71.4424
B_crinitus,1,791, cls_1 ,9.6976,1.1068,34.0474,71.4424
B_crinitus,1,792, cls_1 ,0.1021,1,150.9313,71.4424
B_crinitus,1,794, cls_1 ,1.225,1.1495,19.29,71.4424
B_crinitus,1,799, cls_1 ,2.9603,1.2644,793.2664,71.4424
B_crinitus,1,801, cls_1 ,5.8186,1.0991,336.9103,71.4424
B_crinitus,1,805, cls_1 ,488.6582,1.1734,312.0394,63.9
B_crinitus,1,806, cls_1 ,1.0208,1.0764,299.742,135.5524
B_crinitus,1,808, cls_1 ,3.777,1.1582,25090.1365,63.9
B_crinitus,1,809, cls_1 ,0.6125,1.0465,54.8975,101.0348
B_crinitus,1,812, cls_1 ,0.2042,1.0909,20072.1582,71.4424
B_crinitus,1,814, cls_1 ,0.9187,1.063,10045.7887,101.0348
B_crinitus,1,816, cls_1 ,2.2458,1.0318,7.8373,748.6124
B_crinitus,1,820, cls_1 ,0.1021,1,11153.7495,63.9
B_crinitus,1,824, cls_1 ,0.6125,1.0465,3465.6327,172.056
B_crinitus,1,825, cls_1 ,16.3328,1.0339,65.393,63.9
B_crinitus,1,826, cls_1 ,27.3575,1.0769,20.9088,101.0348
B_crinitus,1,829, cls_1 ,0.6125,1.1125,20072.5028,63.9
B_crinitus,1,831, cls_1 ,0.7146,1.1197,5027.2609,142.8847
B_crinitus,1,832, cls_1 ,2.0416,1.1518,25101.4176,63.9
B_crinitus,1,833, cls_1 ,1.225,1.0982,2470.2795,204.5798
B_crinitus,1,838, cls_1 ,0.7146,1.0631,14.5238,115.1974
B_crinitus,1,839, cls_1 ,1.327,1.1398,4032.2328,159.75
B_crinitus,1,840, cls_1 ,0.4083,1.0537,37.7697,131.7332
B_crinitus,1,841, cls_1 ,0.7146,1.1649,31.9544,63.9
B_crinitus,1,847, cls_1 ,2.0416,1.1622,11156.0824,95.85
B_crinitus,1,848, cls_1 ,1.1229,1.1888,660.7329,90.3682
B_crinitus,1,849, cls_1 ,0.6125,1.1125,8.3236,511.2
B_crinitus,1,850, cls_1 ,0.4083,1.1346,5907.3101,115.1974
B_crinitus,1,851, cls_1 ,0.5104,1.105,126.6354,204.5798
B_crinitus,1,852, cls_1 ,1.4291,1.1154,11.5887,63.9
B_crinitus,1,853, cls_1 ,0.4083,1.0537,529.4467,63.9
B_crinitus,1,858, cls_1 ,0.6125,1.0819,20074.2963,63.9
B_crinitus,1,859, cls_1 ,0.5104,1.0688,5907.9738,63.9
B_crinitus,1,860, cls_1 ,14.3933,1.0747,86.7432,63.9
B_crinitus,1,863, cls_1 ,42.9758,1.0533,273.0461,249.5375
B_crinitus,1,864, cls_1 ,0.5104,1.1362,339.0383,90.3682
B_crinitus,1,868, cls_1 ,1.225,1.1337,2515.0288,159.75
B_crinitus,1,871, cls_1 ,1.4291,1.0805,392.6602,223.65
B_crinitus,1,874, cls_1 ,0.1021,1,230.3293,186.2989
B_crinitus,1,875, cls_1 ,0.5104,1.1362,316.3641,223.65
B_crinitus,1,876, cls_1 ,304.3012,1.1927,220.7485,63.9
B_crinitus,1,877, cls_1 ,0.9187,1.112,182.3378,127.8
B_crinitus,1,879, cls_1 ,5.0019,1.0659,10.9757,131.7332
B_crinitus,1,880, cls_1 ,4.2874,1.1305,11153.4253,95.85
B_crinitus,1,885, cls_1 ,3.4707,1.1299,120.0738,142.8847
B_crinitus,1,886, cls_1 ,3.0624,1.126,17.7193,63.9
B_crinitus,1,889, cls_1 ,0.7146,1.0283,13.0796,131.7332
B_crinitus,1,893, cls_1 ,0.5104,1.105,14.1921,95.85
B_crinitus,1,894, cls_1 ,70.3333,1.1178,8.6818,314.671
B_crinitus,1,900, cls_1 ,0.7146,1.0932,365.7577,115.1974
B_crinitus,1,901, cls_1 ,0.6125,1.0465,112.689,95.85
B_crinitus,1,903, cls_1 ,0.1021,1,1575.7641,101.0348
B_crinitus,1,905, cls_1 ,2.0416,1.0592,17.3754,115.1974
B_crinitus,1,906, cls_1 ,0.7146,1.0631,4021.5151,115.1974
B_crinitus,1,912, cls_1 ,0.8166,1.1265,12.1965,142.8847
B_crinitus,1,913, cls_1 ,0.9187,1.0338,115.1938,95.85
B_crinitus,1,914, cls_1 ,34.7073,1.0936,929.8624,63.9
B_crinitus,1,915, cls_1 ,0.7146,1.0631,143.4048,142.8847
B_crinitus,1,916, cls_1 ,0.2042,1.0155,8.9018,71.4424
B_crinitus,1,917, cls_1 ,0.1021,1,933.9607,63.9
B_crinitus,1,920, cls_1 ,0.1021,1,17.9717,63.9
B_crinitus,1,921, cls_1 ,13.6788,1.0494,10.5068,115.1974
B_crinitus,1,922, cls_1 ,0.6125,1.0465,9.6568,71.4424
B_crinitus,1,923, cls_1 ,0.3062,1.0358,11156.7899,95.85
B_crinitus,1,927, cls_1 ,0.8166,1.0769,14.4963,71.4424
B_crinitus,1,928, cls_1 ,0.1021,1,289.2673,90.3682
B_crinitus,1,929, cls_1 ,0.5104,1.0688,825.5991,63.9
B_crinitus,1,933, cls_1 ,0.1021,1,263.5206,90.3682
B_crinitus,1,934, cls_1 ,0.5104,1.1362,77.2098,249.5375
B_crinitus,1,941, cls_1 ,1.1229,1.0654,13.4149,71.4424
B_crinitus,1,943, cls_1 ,0.8166,1.1031,460.3211,101.0348
B_crinitus,1,944, cls_1 ,1.7354,1.1084,143.2105,202.0695
B_crinitus,1,945, cls_1 ,3.4707,1.0721,11.9825,243.324
B_crinitus,1,946, cls_1 ,0.1021,1,62.0001,321.0935
B_crinitus,1,951, cls_1 ,0.6125,1.1125,282.046,101.0348
B_crinitus,1,952, cls_1 ,0.7146,1.0932,170.4353,162.9137
B_crinitus,1,957, cls_1 ,9.3914,1.105,814.2631,131.7332
B_crinitus,1,961, cls_1 ,5.0019,1.0918,14.9313,447.3
B_crinitus,1,967, cls_1 ,2.0416,1.0903,24.5758,328.9454
B_crinitus,1,968, cls_1 ,0.7146,1.0932,1367.7506,131.7332
B_crinitus,1,971, cls_1 ,0.2042,1.0155,4021.3287,95.85
B_crinitus,1,972, cls_1 ,0.5104,1.0261,132.7403,325.8273
B_crinitus,1,974, cls_1 ,0.6125,1.0465,2460.0362,71.4424
B_crinitus,1,975, cls_1 ,0.2042,1.0155,793.7466,63.9
B_crinitus,1,977, cls_1 ,26.3367,1.0919,78.7022,578.6391
B_crinitus,1,979, cls_1 ,1.225,1.1495,20077.5856,71.4424
B_crinitus,1,981, cls_1 ,2.9603,1.0643,147.3702,135.5524
B_crinitus,1,982, cls_1 ,0.1021,1,984.0065,71.4424
B_crinitus,1,985, cls_1 ,0.6125,1.0465,9.5331,445.012
B_crinitus,1,986, cls_1 ,2.2458,1.0937,187.7887,135.5524
B_crinitus,1,987, cls_1 ,0.1021,1,2021.4331,71.4424
B_crinitus,1,988, cls_1 ,0.9187,1.112,639.94,71.4424
B_crinitus,1,990, cls_1 ,0.5104,1.105,94.889,63.9
B_crinitus,1,993, cls_1 ,40.9342,1.0374,168.3632,549.6886
B_crinitus,1,995, cls_1 ,1.0208,1.1388,101.2825,63.9
B_crinitus,1,996, cls_1 ,0.6125,1.1395,111.1404,135.5524
B_crinitus,1,998, cls_1 ,1.1229,1.0654,20075.6068,71.4424
B_crinitus,1,999, cls_1 ,0.1021,1,14.4239,95.85
B_crinitus,1,1000, cls_1 ,0.1021,1,1248.5809,63.9
B_crinitus,1,1001, cls_1 ,0.1021,1,684.6122,71.4424
B_crinitus,1,1002, cls_1 ,0.8166,1.1031,974.4346,63.9
B_crinitus,1,1003, cls_1 ,1.9395,1.096,38.5987,95.85
B_crinitus,1,1005, cls_1 ,0.9187,1.0338,109.3646,159.75
B_crinitus,1,1007, cls_1 ,6.9415,1.1073,24.2746,314.671
B_crinitus,1,1008, cls_1 ,0.1021,1,396.7233,71.4424
B_crinitus,1,1009, cls_1 ,1.4291,1.0386,511.3215,131.7332
B_crinitus,1,1010, cls_1 ,2.9603,1.021,251.4944,142.8847
B_crinitus,1,1011, cls_1 ,7.2477,1.1715,877.0415,63.9
B_crinitus,1,1012, cls_1 ,60.8398,1.1582,29.9625,63.9
B_crinitus,1,1014, cls_1 ,306.2407,1.2025,330.4696,63.9
B_crinitus,1,1016, cls_1 ,0.7146,1.0631,145.0158,186.2989
B_crinitus,1,1018, cls_1 ,0.6125,1.0819,52.7459,232.5995
B_crinitus,1,1022, cls_1 ,0.1021,1,406.304,63.9
B_crinitus,1,1023, cls_1 ,0.8166,1.0473,55.7898,115.1974
B_crinitus,1,1024, cls_1 ,0.2042,1.0155,20.2699,63.9
B_crinitus,1,1025, cls_1 ,0.8166,1.1031,182.0979,63.9
B_crinitus,1,1026, cls_1 ,0.2042,1.0909,234.8692,63.9
B_crinitus,1,1027, cls_1 ,0.4083,1.0537,247.0392,95.85
B_crinitus,1,1028, cls_1 ,163.3284,1.1604,26.3978,63.9
B_crinitus,1,1030, cls_1 ,6868.7759,1.2586,576.9024,63.9
B_crinitus,1,1031, cls_1 ,0.7146,1.0283,147.8802,63.9
B_crinitus,1,1033, cls_1 ,0.9187,1.1328,25.9798,294.5644
B_crinitus,1,1034, cls_1 ,0.1021,1,21.1431,63.9
B_crinitus,1,1035, cls_1 ,0.2042,1.0155,173.217,90.3682
B_crinitus,1,1036, cls_1 ,1.9395,1.1099,5028.3144,115.1974
B_crinitus,1,1037, cls_1 ,0.5104,1.0261,1652.8565,249.5375
B_crinitus,1,1041, cls_1 ,7.9623,1.1577,448.3057,90.3682
B_crinitus,1,1042, cls_1 ,0.1021,1,18.8736,71.4424
B_crinitus,1,1043, cls_1 ,0.8166,1.0473,708.8629,115.1974
B_crinitus,1,1045, cls_1 ,0.1021,1,1208.8605,63.9
B_crinitus,1,1046, cls_1 ,0.8166,1.0769,165.9598,204.5798
B_crinitus,1,1058, cls_1 ,0.8166,1.0769,25098.434,63.9
B_crinitus,1,1062, cls_1 ,0.6125,1.0465,2249.4576,63.9
B_crinitus,1,1065, cls_1 ,0.1021,1,160.2566,63.9
B_crinitus,1,1068, cls_1 ,0.5104,1.1362,209.62,90.3682
B_crinitus,1,1069, cls_1 ,2.0416,1.1172,110.9486,271.1047
B_crinitus,1,1070, cls_1 ,3.3686,1.0635,785.09,63.9
B_crinitus,1,1073, cls_1 ,0.6125,1.0465,408.0528,63.9
B_crinitus,1,1077, cls_1 ,6.5331,1.0491,43.562,575.9868
B_crinitus,1,1078, cls_1 ,0.7146,1.0631,109.5479,357.2119
B_crinitus,1,1080, cls_1 ,0.8166,1.0473,61.7377,257.5891
B_crinitus,1,1081, cls_1 ,9.2893,1.125,43.1802,415.35
B_crinitus,1,1085, cls_1 ,111.982,1.2012,366.2711,115.1974
B_crinitus,1,1089, cls_1 ,0.5104,1.0261,136.1311,271.1047
B_crinitus,1,1090, cls_1 ,2.1437,1.054,44.2882,384.7289
B_crinitus,1,1091, cls_1 ,0.1021,1,5585.3523,71.4424
B_crinitus,1,1094, cls_1 ,0.7146,1.1197,460.9876,194.3443
B_crinitus,1,1095, cls_1 ,0.8166,1.0769,4024.1928,71.4424
B_crinitus,1,1097, cls_1 ,15.7204,1.0798,297.9822,115.1974
B_crinitus,1,1098, cls_1 ,0.7146,1.0283,11158.7457,95.85
B_crinitus,1,1099, cls_1 ,8.6768,1.0671,77.4645,202.0695
B_crinitus,1,1100, cls_1 ,3.879,1.0608,256.453,115.1974
B_crinitus,1,1105, cls_1 ,23.9889,1.1739,172.3773,63.9
B_crinitus,1,1107, cls_1 ,1.327,1.0467,232.1795,127.8
B_crinitus,1,1110, cls_1 ,54.5109,1.1566,346.9702,63.9
B_crinitus,1,1114, cls_1 ,0.8166,1.0769,16832.9306,63.9
B_crinitus,1,1115, cls_1 ,1.225,1.0306,45.5739,71.4424
B_crinitus,1,1119, cls_1 ,0.5104,1.0688,145.6876,63.9
B_crinitus,1,1120, cls_1 ,0.3062,1.0358,49.3345,71.4424
B_crinitus,1,1122, cls_1 ,0.4083,1.0537,25097.7834,63.9
B_crinitus,1,1126, cls_1 ,5.0019,1.1469,137.4988,63.9
B_crinitus,1,1128, cls_1 ,0.1021,1,71.363,71.4424
B_crinitus,1,1130, cls_1 ,2.9603,1.0769,91.9965,159.75
B_crinitus,1,1131, cls_1 ,1.0208,1.0764,10045.9855,101.0348
B_crinitus,1,1132, cls_1 ,1.8374,1.0706,31.2948,204.5798
B_crinitus,1,1133, cls_1 ,0.7146,1.0932,25097.6394,63.9
B_crinitus,1,1136, cls_1 ,1.4291,1.0805,43.0267,214.3271
B_crinitus,1,1148, cls_1 ,1.5312,1.0728,217.5595,142.8847
B_crinitus,1,1150, cls_1 ,11.6371,1.1316,41.2804,204.5798
B_crinitus,1,1154, cls_1 ,0.1021,1,777.0887,63.9
B_crinitus,1,1158, cls_1 ,14.0871,1.0898,32.879,71.4424
B_crinitus,1,1162, cls_1 ,64.5147,1.1531,982.0824,223.65
B_crinitus,1,1164, cls_1 ,0.6125,1.0465,26.5945,186.2989
B_crinitus,1,1165, cls_1 ,404.1357,1.2054,119.8355,63.9
B_crinitus,1,1166, cls_1 ,0.7146,1.0631,77.1964,63.9
B_crinitus,1,1174, cls_1 ,6.7373,1.138,87.4035,71.4424
B_crinitus,1,1178, cls_1 ,1.4291,1.1154,72.5864,63.9
B_crinitus,1,1182, cls_1 ,2.6541,1.0622,36.2999,186.2989
B_crinitus,1,1185, cls_1 ,0.1021,1,632.4898,71.4424
B_crinitus,1,1187, cls_1 ,41.3425,1.1192,198.4842,172.056
B_crinitus,1,1188, cls_1 ,1.6333,1.0657,60.3715,301.4157
B_crinitus,1,1189, cls_1 ,0.7146,1.0283,52.4102,71.4424
B_crinitus,1,1193, cls_1 ,1.0208,1.022,3371.3123,142.8847
B_crinitus,1,1194, cls_1 ,15.9245,1.1696,256.8407,71.4424
B_crinitus,1,1197, cls_1 ,0.1021,1,313.946,63.9
B_crinitus,1,1199, cls_1 ,11.2288,1.1235,1003.1547,63.9
B_crinitus,1,1203, cls_1 ,0.5104,1.105,107.501,159.75
B_crinitus,1,1204, cls_1 ,0.5104,1.0688,104.111,159.75
B_crinitus,1,1205, cls_1 ,0.4083,1.0975,31.5608,95.85
B_crinitus,1,1206, cls_1 ,2.4499,1.0706,172.4141,95.85
B_crinitus,1,1208, cls_1 ,1.9395,1.0471,16829.753,63.9
B_crinitus,1,1210, cls_1 ,0.8166,1.0131,3965.0353,131.7332
B_crinitus,1,1212, cls_1 ,0.7146,1.0631,37.3631,63.9
B_crinitus,1,1213, cls_1 ,1.5312,1.053,91.5459,71.4424
B_crinitus,1,1217, cls_1 ,0.4083,1.0537,65.6659,63.9
B_crinitus,1,1219, cls_1 ,1.1229,1.1085,67.7628,63.9
B_crinitus,1,1220, cls_1 ,36.7489,1.1259,123.0867,71.4424
B_crinitus,1,1221, cls_1 ,0.5104,1.105,143.9039,285.7695
B_crinitus,1,1222, cls_1 ,0.8166,1.1265,75.6954,63.9
B_crinitus,1,1224, cls_1 ,0.5104,1.0261,18.1089,274.8443
B_crinitus,1,1227, cls_1 ,0.5104,1.0261,73.8315,71.4424
B_crinitus,1,1229, cls_1 ,7.3498,1.0691,117.8896,95.85
B_crinitus,1,1233, cls_1 ,2.6541,1.0884,17.5281,232.5995
B_crinitus,1,1236, cls_1 ,0.7146,1.0932,13464.9106,71.4424
B_crinitus,1,1237, cls_1 ,53.5921,1.0685,85.6511,71.4424
B_crinitus,1,1239, cls_1 ,0.7146,1.0283,37.2875,328.9454
B_crinitus,1,1243, cls_1 ,0.7146,1.1649,72.8917,172.056
B_crinitus,1,1254, cls_1 ,7.656,1.0977,28.7509,162.9137
B_crinitus,1,1259, cls_1 ,1.4291,1.1309,607.911,223.65
B_crinitus,1,1260, cls_1 ,2.8582,1.0545,6737.1144,101.0348
B_crinitus,1,1262, cls_1 ,1.4291,1.1154,437.2861,90.3682
B_crinitus,1,1272, cls_1 ,0.4083,1.0537,807.0229,294.5644
B_crinitus,1,1275, cls_1 ,6.329,1.1594,16.3928,162.9137
B_crinitus,1,1276, cls_1 ,1.5312,1.1506,806.7472,71.4424
B_crinitus,1,1278, cls_1 ,2.2458,1.0937,63.3114,271.1047
B_crinitus,1,1279, cls_1 ,0.7146,1.0631,13.5638,415.35
B_crinitus,1,1280, cls_1 ,32.9719,1.1987,8436.2124,90.3682
B_crinitus,1,1284, cls_1 ,9.7997,1.1152,148.242,289.3196
B_crinitus,1,1285, cls_1 ,3.3686,1.0965,828.7747,71.4424
B_crinitus,1,1286, cls_1 ,1.327,1.0689,116.2206,191.7
B_crinitus,1,1288, cls_1 ,0.5104,1.0261,16827.9759,63.9
B_crinitus,1,1289, cls_1 ,2.3478,1.1557,1003.1895,63.9
B_crinitus,1,1290, cls_1 ,15.21,1.0697,4220.0328,127.8
B_crinitus,1,1291, cls_1 ,0.1021,1,71.227,339.6332
B_crinitus,1,1295, cls_1 ,1.6333,1.1154,247.6459,71.4424
B_crinitus,1,1300, cls_1 ,3.2666,1.119,146.8843,159.75
B_crinitus,1,1301, cls_1 ,0.7146,1.1197,10.0089,384.7289
B_crinitus,1,1302, cls_1 ,46.8548,1.1067,459.8769,263.4664
B_crinitus,1,1303, cls_1 ,1.1229,1.1602,687.4411,263.4664
B_crinitus,1,1304, cls_1 ,1.6333,1.046,28.7123,142.8847
B_crinitus,1,1305, cls_1 ,3.5728,1.1957,2715.8748,95.85
B_crinitus,1,1306, cls_1 ,2.0416,1.1518,42.4221,115.1974
B_crinitus,1,1307, cls_1 ,2.6541,1.1222,13.8375,142.8847
B_crinitus,1,1309, cls_1 ,3.9811,1.1524,4232.5886,95.85
B_crinitus,1,1310, cls_1 ,0.4083,1.0975,2117.9542,131.7332
B_crinitus,1,1311, cls_1 ,3.2666,1.0894,9.8399,131.7332
B_crinitus,1,1312, cls_1 ,0.6125,1.0465,199.1462,142.8847
B_crinitus,1,1313, cls_1 ,4.7978,1.1325,79.9029,63.9
B_crinitus,1,1315, cls_1 ,0.4083,1,254.9206,131.7332
B_crinitus,1,1316, cls_1 ,0.1021,1,178.4004,289.3196
B_crinitus,1,1317, cls_1 ,0.6125,1.0465,9.4458,497.0254
B_crinitus,1,1320, cls_1 ,0.1021,1,42.8252,115.1974
B_crinitus,1,1322, cls_1 ,38.7905,1.2031,18.7708,90.3682
B_crinitus,1,1323, cls_1 ,5.7165,1.0862,2603.3603,142.8847
B_crinitus,1,1324, cls_1 ,0.5104,1.0688,4217.9187,101.0348
B_crinitus,1,1325, cls_1 ,0.2042,1.0155,30.9909,63.9
B_crinitus,1,1326, cls_1 ,3.1645,1.0817,9.9222,191.7
B_crinitus,1,1329, cls_1 ,0.5104,1.0688,1879.2071,71.4424
B_crinitus,1,1330, cls_1 ,0.1021,1,273.5826,142.8847
B_crinitus,1,1332, cls_1 ,0.1021,1,7488.1063,95.85
B_crinitus,1,1333, cls_1 ,1.0208,1.0764,45.4925,364.286
B_crinitus,1,1336, cls_1 ,0.3062,1.0358,389.378,142.8847
B_crinitus,1,1338, cls_1 ,0.2042,1.0155,1507.2921,63.9
B_crinitus,1,1339, cls_1 ,0.7146,1.1434,3751.6264,135.5524
B_crinitus,1,1340, cls_1 ,0.1021,1,10.4808,131.7332
B_crinitus,1,1343, cls_1 ,0.5104,1.0688,1830.2583,95.85
B_crinitus,1,1344, cls_1 ,1.5312,1.0728,7486.9491,95.85
B_crinitus,1,1345, cls_1 ,28.3783,1.1248,33.5374,71.4424
B_crinitus,1,1346, cls_1 ,0.7146,1.1197,43.2006,95.85
B_crinitus,1,1348, cls_1 ,0.5104,1.0688,388.3299,71.4424
B_crinitus,1,1349, cls_1 ,1.0208,1.022,7485.4473,63.9
B_crinitus,1,1350, cls_1 ,15.8224,1.0951,40.8206,202.0695
B_crinitus,1,1351, cls_1 ,2.1437,1.0988,5183.2169,115.1974
B_crinitus,1,1354, cls_1 ,1.327,1.089,16.2765,131.7332
B_crinitus,1,1358, cls_1 ,4.2874,1.1155,31.114,63.9
B_crinitus,1,1359, cls_1 ,2.4499,1.109,61.2387,364.286
B_crinitus,1,1360, cls_1 ,0.3062,1.0358,590.8057,71.4424
B_crinitus,1,1364, cls_1 ,2.2458,1.1066,13467.4383,71.4424
B_crinitus,1,1365, cls_1 ,0.2042,1.0155,103.0281,364.286
B_crinitus,1,1369, cls_1 ,0.4083,1.0537,10.9558,325.8273
B_crinitus,1,1370, cls_1 ,0.4083,1,45.6574,63.9
B_crinitus,1,1372, cls_1 ,0.1021,1,16827.151,63.9
B_crinitus,1,1374, cls_1 ,0.3062,1.0358,20.5305,63.9
B_crinitus,1,1377, cls_1 ,0.1021,1,9.6387,71.4424
B_crinitus,1,1378, cls_1 ,0.8166,1.0473,7.5406,404.1391
B_crinitus,1,1382, cls_1 ,0.4083,1.0537,9.9622,71.4424
B_crinitus,1,1383, cls_1 ,6.8394,1.0831,96.4054,364.286
B_crinitus,1,1384, cls_1 ,11.2288,1.0976,11.64,71.4424
B_crinitus,1,1385, cls_1 ,1.5312,1.0311,349.0043,314.671
B_crinitus,1,1386, cls_1 ,1.4291,1.0386,3966.0458,131.7332
B_crinitus,1,1387, cls_1 ,0.5104,1.0688,12.9083,172.056
B_crinitus,1,1388, cls_1 ,0.5104,1.0261,1058.9864,255.6
B_crinitus,1,1390, cls_1 ,0.1021,1,9.9784,71.4424
B_crinitus,1,1391, cls_1 ,1.9395,1.096,16836.768,63.9
B_crinitus,1,1394, cls_1 ,770.7059,1.2212,334.4374,90.3682
B_crinitus,1,1397, cls_1 ,0.1021,1,54.0285,71.4424
B_crinitus,1,1398, cls_1 ,0.4083,1.0537,193.418,90.3682
B_crinitus,1,1399, cls_1 ,0.3062,1.0358,22.013,71.4424
B_crinitus,1,1403, cls_1 ,0.6125,1.0819,7.3139,243.324
B_crinitus,1,1405, cls_1 ,0.6125,1.0819,41.3766,71.4424
B_crinitus,1,1406, cls_1 ,0.5104,1.105,10.7029,186.2989
B_crinitus,1,1407, cls_1 ,0.8166,1.1031,384.3138,90.3682
B_crinitus,1,1409, cls_1 ,0.5104,1.0688,10.2291,488.741
B_crinitus,1,1410, cls_1 ,10.9226,1.1807,14.8972,90.3682
B_crinitus,1,1411, cls_1 ,0.3062,1.0358,4211.9422,63.9
B_crinitus,1,1416, cls_1 ,1.5312,1.0909,7.4955,243.324
B_crinitus,1,1419, cls_1 ,0.7146,1.1649,14.5572,63.9
B_crinitus,1,1421, cls_1 ,0.2042,1.0909,13464.099,63.9
B_crinitus,1,1425, cls_1 ,0.5104,1.0688,10.4614,63.9
B_crinitus,1,1429, cls_1 ,2.6541,1.1116,43.0246,127.8
B_crinitus,1,1430, cls_1 ,6.4311,1.1428,14.6748,115.1974
B_crinitus,1,1431, cls_1 ,0.3062,1.0358,2590.7042,162.9137
B_crinitus,1,1432, cls_1 ,0.2042,1.0909,16827.3664,63.9
B_crinitus,1,1435, cls_1 ,0.3062,1.0914,3380.3229,142.8847
B_crinitus,1,1439, cls_1 ,0.4083,1.0537,587.8885,115.1974
B_crinitus,1,1440, cls_1 ,0.5104,1.0688,16826.3546,63.9
B_crinitus,1,1442, cls_1 ,0.6125,1.0819,1871.6701,191.7
B_crinitus,1,1445, cls_1 ,2.7562,1.0844,32.8981,115.1974
B_crinitus,1,1447, cls_1 ,21.1306,1.1403,127.2312,127.8
B_crinitus,1,1454, cls_1 ,0.6125,1.0819,16.0952,115.1974
B_crinitus,1,1455, cls_1 ,0.8166,1.0769,947.6279,271.1047
B_crinitus,1,1462, cls_1 ,1.0208,1.1561,13463.2664,71.4424
B_crinitus,1,1464, cls_1 ,2.2458,1.1409,8.3971,131.7332
B_crinitus,1,1468, cls_1 ,0.5104,1.0688,11.6433,71.4424
B_crinitus,1,1469, cls_1 ,5.4103,1.1327,6.371,95.85
B_crinitus,1,1470, cls_1 ,4.0832,1.0665,13471.729,63.9
B_crinitus,1,1476, cls_1 ,0.1021,1,5.3248,142.8847
B_crinitus,1,1477, cls_1 ,0.2042,1.0155,10.3263,71.4424
B_crinitus,1,1478, cls_1 ,3.879,1.1683,4219.8566,63.9
B_crinitus,1,1479, cls_1 ,56.3483,1.0877,253.4303,186.2989
B_crinitus,1,1481, cls_1 ,0.5104,1.0688,192.1304,191.7
B_crinitus,1,1483, cls_1 ,1.0208,1.1561,6.8357,159.75
B_crinitus,1,1487, cls_1 ,1.7354,1.1084,123.1713,191.7
B_crinitus,1,1490, cls_1 ,0.1021,1,6.1183,159.75
B_crinitus,1,1491, cls_1 ,5.104,1.0815,4.7228,180.7365
B_crinitus,1,1503, cls_1 ,4.6957,1.0627,17.9152,319.5
B_crinitus,1,1505, cls_1 ,0.5104,1.105,5.2591,589.1289
B_crinitus,1,1507, cls_1 ,12.658,1.1159,952.687,90.3682
B_crinitus,1,1509, cls_1 ,4.0832,1.0863,3745.2777,135.5524
B_crinitus,1,1511, cls_1 ,0.3062,1.0358,4.4896,361.473
B_crinitus,1,1513, cls_1 ,0.6125,1.0465,111.8527,186.2989
B_crinitus,1,1515, cls_1 ,3.1645,1.0575,1985.0579,90.3682
B_crinitus,1,1518, cls_1 ,0.5104,1.0261,27.6457,95.85
B_crinitus,1,1519, cls_1 ,1.1229,1.088,1380.6156,223.65
B_crinitus,1,1521, cls_1 ,0.9187,1.112,3.6141,505.1739
B_crinitus,1,1522, cls_1 ,1.8374,1.1532,525.168,90.3682
B_crinitus,1,1524, cls_1 ,9.1872,1.0617,274.3344,162.9137
B_crinitus,1,1525, cls_1 ,7.1456,1.0789,3373.5901,142.8847
B_crinitus,1,1526, cls_1 ,0.3062,1.0358,24.3721,95.85
B_crinitus,1,1527, cls_1 ,0.1021,1,4207.2286,127.8
B_crinitus,1,1529, cls_1 ,5.104,1.0545,5.2221,428.6542
B_crinitus,1,1530, cls_1 ,0.7146,1.0631,13.4404,243.324
B_crinitus,1,1531, cls_1 ,2.1437,1.0701,5179.7118,115.1974
B_crinitus,1,1535, cls_1 ,0.9187,1.0338,8.4697,416.577
B_crinitus,1,1538, cls_1 ,1.225,1.1337,13460.9582,71.4424
B_crinitus,1,1539, cls_1 ,1.1229,1.0402,399.5023,339.6332
B_crinitus,1,1540, cls_1 ,0.5104,1.0261,16826.2464,63.9
B_crinitus,1,1541, cls_1 ,0.4083,1.0975,8419.7228,90.3682
B_crinitus,1,1543, cls_1 ,0.2042,1.0155,2698.8142,131.7332
B_crinitus,1,1544, cls_1 ,293.3786,1.119,131.8068,63.9
B_crinitus,1,1546, cls_1 ,1.1229,1.0402,5.0045,415.35
B_crinitus,1,1547, cls_1 ,1.327,1.0467,8412.9257,90.3682
B_crinitus,1,1548, cls_1 ,0.4083,1.0537,1054.828,255.6
B_crinitus,1,1549, cls_1 ,1.7354,1.1084,2699.5809,159.75
B_crinitus,1,1550, cls_1 ,0.7146,1.0631,8.9678,172.056
B_crinitus,1,1551, cls_1 ,1.1229,1.1443,16841.6884,63.9
B_crinitus,1,1552, cls_1 ,0.4083,1.0537,30.3468,63.9
B_crinitus,1,1553, cls_1 ,0.8166,1.1031,5178.794,115.1974
B_crinitus,1,1554, cls_1 ,0.4083,1.0537,29.1941,426.2662
B_crinitus,1,1555, cls_1 ,0.5104,1.0261,13469.6785,71.4424
B_crinitus,1,1557, cls_1 ,1.1229,1.1085,16867.2337,63.9
B_crinitus,1,1558, cls_1 ,12.0455,1.1,1351.614,204.5798
B_crinitus,1,1559, cls_1 ,1.1229,1.1271,16826.0469,63.9
B_crinitus,1,1561, cls_1 ,0.2042,1.0155,27.9358,63.9
B_crinitus,1,1562, cls_1 ,0.5104,1.0688,18.2853,159.75
B_crinitus,1,1563, cls_1 ,9.9018,1.1048,7.3924,172.056
B_crinitus,1,1564, cls_1 ,0.5104,1.0261,2703.2404,71.4424
B_crinitus,1,1565, cls_1 ,25.3159,1.0677,47.66,159.75
B_crinitus,1,1566, cls_1 ,0.1021,1,826.5536,90.3682
B_crinitus,1,1567, cls_1 ,1.4291,1.1154,210.4259,249.5375
B_crinitus,1,1568, cls_1 ,18.2724,1.2126,19.3925,115.1974
B_crinitus,1,1570, cls_1 ,102.6927,1.1829,16832.1932,63.9
B_crinitus,1,1571, cls_1 ,11.433,1.1731,8418.4848,90.3682
B_crinitus,1,1572, cls_1 ,3.2666,1.1365,1694.7825,71.4424
B_crinitus,1,1573, cls_1 ,3.0624,1.0475,157.0528,223.65
B_crinitus,1,1574, cls_1 ,0.4083,1,1013.2344,63.9
B_crinitus,1,1577, cls_1 ,3.6749,1.1396,6730.4649,101.0348
B_crinitus,1,1578, cls_1 ,3.4707,1.0605,116.1398,101.0348
B_crinitus,1,1579, cls_1 ,9.7997,1.0424,197.6897,101.0348
B_crinitus,1,1581, cls_1 ,1.4291,1.1589,58.6105,115.1974
B_crinitus,1,1583, cls_1 ,0.8166,1.1031,2694.4007,159.75
B_crinitus,1,1585, cls_1 ,15.312,1.0691,5179.4578,115.1974
B_crinitus,1,1586, cls_1 ,22.3556,1.0915,304.6178,71.4424
B_crinitus,1,1587, cls_1 ,8.6768,1.0464,240.3398,204.5798
B_crinitus,1,1588, cls_1 ,2.8582,1.0924,3749.9337,101.0348
B_crinitus,1,1589, cls_1 ,1.5312,1.1228,309.3377,159.75
B_crinitus,1,1590, cls_1 ,0.5104,1.1638,66.4372,159.75
B_crinitus,1,1591, cls_1 ,0.7146,1.0283,42.461,115.1974
B_crinitus,1,1592, cls_1 ,1.7354,1.1482,404.3145,159.75
B_crinitus,1,1593, cls_1 ,6.8394,1.0964,498.9297,101.0348
B_crinitus,1,1595, cls_1 ,1.0208,1.0764,1359.1852,159.75
B_crinitus,1,1600, cls_1 ,1.1229,1.1271,26.3046,115.1974
B_crinitus,1,1604, cls_1 ,2.0416,1.1409,5179.9182,115.1974
B_crinitus,1,1605, cls_1 ,1.9395,1.0471,118.8455,255.6
B_crinitus,1,1606, cls_1 ,7.8602,1.0401,13473.685,71.4424
B_crinitus,1,1609, cls_1 ,1.4291,1.0987,21.6067,544.0889
B_crinitus,1,1610, cls_1 ,0.5104,1.0261,269.6603,71.4424
B_crinitus,1,1611, cls_1 ,6.2269,1.1513,14.7784,90.3682
B_crinitus,1,1612, cls_1 ,1.8374,1.0529,3.6361,373.9652
B_crinitus,1,1616, cls_1 ,0.5104,1.0688,78.1394,63.9
B_crinitus,1,1617, cls_1 ,10.3101,1.0378,7.7613,214.3271
B_crinitus,1,1618, cls_1 ,0.5104,1.105,6.398,71.4424
B_crinitus,1,1619, cls_1 ,0.7146,1.1197,2695.5809,159.75
B_crinitus,1,1620, cls_1 ,0.5104,1.0688,6732.9113,101.0348
B_crinitus,1,1621, cls_1 ,0.4083,1,1168.8004,101.0348
B_crinitus,1,1623, cls_1 ,3.777,1.1894,1983.9141,95.85
B_crinitus,1,1624, cls_1 ,1.0208,1.0993,465.2232,159.75
B_crinitus,1,1625, cls_1 ,4.4915,1.0766,62.348,63.9
B_crinitus,1,1626, cls_1 ,10.8205,1.1902,598.7093,95.85
B_crinitus,1,1627, cls_1 ,0.4083,1.0537,6.8559,90.3682
B_crinitus,1,1628, cls_1 ,0.5104,1.0261,6.6655,71.4424
B_crinitus,1,1630, cls_1 ,2.3478,1.1137,16831.0473,63.9
B_crinitus,1,1631, cls_1 ,0.7146,1.1197,58.9966,263.4664
B_crinitus,1,1633, cls_1 ,2.6541,1.1116,303.8711,127.8
B_crinitus,1,1635, cls_1 ,13.7808,1.1575,108.6053,63.9
B_crinitus,1,1636, cls_1 ,2.552,1.0663,18.798,90.3682
B_crinitus,1,1637, cls_1 ,1.327,1.1242,61.7439,388.6885
B_crinitus,1,1640, cls_1 ,0.3062,1.0358,377.4096,127.8
B_crinitus,1,1641, cls_1 ,4.7978,1.1039,4.7186,194.3443
B_crinitus,1,1642, cls_1 ,0.6125,1.0465,297.4566,180.7365
B_crinitus,1,1643, cls_1 ,1.327,1.1073,79.9822,71.4424
B_crinitus,1,1644, cls_1 ,0.5104,1.0688,16828.3127,63.9
B_crinitus,1,1646, cls_1 ,0.7146,1.0932,1044.3655,159.75
B_crinitus,1,1648, cls_1 ,0.2042,1.0155,84.432,325.8273
B_crinitus,1,1649, cls_1 ,0.9187,1.063,254.1343,180.7365
B_crinitus,1,1651, cls_1 ,1.9395,1.0471,21.043,186.2989
B_crinitus,1,1652, cls_1 ,0.2042,1.0909,239.6402,63.9
B_crinitus,1,1653, cls_1 ,4.8999,1.1431,221.8403,63.9
B_crinitus,1,1655, cls_1 ,2.2458,1.1066,55.4156,71.4424
B_crinitus,1,1656, cls_1 ,0.7146,1.1197,205.127,63.9
B_crinitus,1,1657, cls_1 ,0.1021,1,179.484,71.4424
B_crinitus,1,1659, cls_1 ,2.1437,1.1354,226.5555,63.9
B_crinitus,1,1660, cls_1 ,17.0474,1.0725,107.0295,257.5891
B_crinitus,1,1661, cls_1 ,7.7581,1.0964,153.4436,63.9
B_crinitus,1,1662, cls_1 ,0.6125,1.0047,165.9669,131.7332
B_crinitus,1,1663, cls_1 ,0.7146,1.0283,260.2717,204.5798
B_crinitus,1,1664, cls_1 ,0.9187,1.063,39.7592,274.8443
B_crinitus,1,1665, cls_1 ,38.0759,1.0606,727.5627,63.9
B_crinitus,1,1667, cls_1 ,3.6749,1.1471,56.0407,294.5644
B_crinitus,1,1668, cls_1 ,1.8374,1.0706,131.4798,63.9
B_crinitus,1,1670, cls_1 ,0.1021,1,75.8655,568.8536
B_crinitus,1,1671, cls_1 ,0.8166,1.0473,6.2764,389.9995
B_crinitus,1,1672, cls_1 ,3.6749,1.0874,61.3522,127.8
B_crinitus,1,1673, cls_1 ,0.5104,1.0688,4.4147,255.6
B_crinitus,1,1675, cls_1 ,2.3478,1.0272,1872.7287,191.7
B_crinitus,1,1677, cls_1 ,0.4083,1.0537,118.6501,63.9
B_crinitus,1,1682, cls_1 ,7.1456,1.0921,72.9437,101.0348
B_crinitus,1,1684, cls_1 ,4.5936,1.0835,26.8704,63.9
B_crinitus,1,1685, cls_1 ,2.9603,1.1557,92.3274,63.9
B_crinitus,1,1686, cls_1 ,0.6125,1.0819,87.8198,101.0348
B_crinitus,1,1688, cls_1 ,0.3062,1.0358,40.1619,90.3682
B_crinitus,1,1689, cls_1 ,15.5162,1.1861,35.3471,90.3682
B_crinitus,1,1691, cls_1 ,2.552,1.0663,83.5599,447.3
B_crinitus,1,1692, cls_1 ,3.879,1.1096,43.8899,301.4157
B_crinitus,1,1693, cls_1 ,0.4083,1,31.9849,63.9
B_crinitus,1,1694, cls_1 ,5.8186,1.1425,39.5221,159.75
B_crinitus,1,1695, cls_1 ,5.104,1.1964,44.9617,71.4424
B_crinitus,1,1696, cls_1 ,1.1229,1.0402,33.1917,127.8
B_crinitus,1,1698, cls_1 ,0.5104,1.105,56.9019,115.1974
B_crinitus,1,1700, cls_1 ,20.9265,1.1388,128.2768,71.4424
B_crinitus,1,1701, cls_1 ,1.9395,1.0647,21.133,63.9
B_crinitus,1,1702, cls_1 ,1.9395,1.1469,47.3237,135.5524
B_crinitus,1,1705, cls_1 ,7.8602,1.1548,48.1287,101.0348
B_crinitus,1,1706, cls_1 ,5.5123,1.1181,18.4571,135.5524
B_crinitus,1,1708, cls_1 ,2.3478,1.0889,32.2198,159.75
B_crinitus,1,1709, cls_1 ,4.3895,1.1131,36.797,257.5891
B_crinitus,1,1710, cls_1 ,13.8829,1.0586,6.0374,388.6885
B_crinitus,1,1711, cls_1 ,0.9187,1.0889,23.3475,383.4
B_crinitus,1,1713, cls_1 ,10.5143,1.036,1984.0897,186.2989
B_crinitus,1,1714, cls_1 ,2.6541,1.0477,20.4909,63.9
B_crinitus,1,1716, cls_1 ,2.552,1.1883,26.1141,159.75
B_crinitus,1,1717, cls_1 ,0.9187,1.063,24.5736,204.5798
B_crinitus,1,1718, cls_1 ,28.2762,1.0885,51.3102,63.9
B_crinitus,1,1719, cls_1 ,12.4538,1.0578,16.8196,204.5798
B_crinitus,1,1721, cls_1 ,0.6125,1.1125,18.283,71.4424
B_crinitus,1,1722, cls_1 ,0.5104,1.0688,3366.2863,142.8847
B_crinitus,1,1723, cls_1 ,0.6125,1.1395,21.0254,71.4424
B_crinitus,1,1724, cls_1 ,0.6125,1.0047,27.2722,364.286
B_crinitus,1,1725, cls_1 ,0.4083,1.0537,15.7448,71.4424
B_crinitus,1,1726, cls_1 ,11.7392,1.2099,94.6987,63.9
B_crinitus,1,1727, cls_1 ,0.2042,1.0155,46.103,90.3682
B_crinitus,1,1728, cls_1 ,1.6333,1.1296,19.8074,543.15
B_crinitus,1,1730, cls_1 ,0.1021,1,16827.6553,63.9
B_crinitus,1,1732, cls_1 ,8.4727,1.0993,20.5924,63.9
B_crinitus,1,1733, cls_1 ,1.4291,1.1154,16824.5164,63.9
B_crinitus,1,1734, cls_1 ,0.1021,1,41.3919,90.3682
B_crinitus,1,1735, cls_1 ,0.6125,1.1125,13.7552,101.0348
B_crinitus,1,1736, cls_1 ,4.0832,1.0557,11.4413,319.5
B_crinitus,1,1737, cls_1 ,0.7146,1.0283,67.0002,186.2989
B_crinitus,1,1738, cls_1 ,0.9187,1.112,61.6263,101.0348
B_crinitus,1,1741, cls_1 ,4.8999,1.1017,27.3269,186.2989
B_crinitus,1,1742, cls_1 ,1.225,1.0556,25.0121,71.4424
B_crinitus,1,1744, cls_1 ,4.3895,1.0881,27.9627,101.0348
B_crinitus,1,1745, cls_1 ,44.6091,1.1278,67.462,71.4424
B_crinitus,1,1746, cls_1 ,1.1229,1.0654,49.3813,63.9
B_crinitus,1,1747, cls_1 ,1.225,1.0982,13.3707,543.15
B_crinitus,1,1749, cls_1 ,0.1021,1,16826.9318,63.9
B_crinitus,1,1751, cls_1 ,0.8166,1.0131,30.8003,90.3682
B_crinitus,1,1752, cls_1 ,1.327,1.1073,32.7362,63.9
B_crinitus,1,1753, cls_1 ,0.5104,1.0261,12.4145,101.0348
B_crinitus,1,1754, cls_1 ,0.6125,1.0819,10.5056,194.3443
B_crinitus,1,1756, cls_1 ,3.9811,1.1655,21.1129,71.4424
B_crinitus,1,1758, cls_1 ,8.5747,1.1035,74.655,225.9206
B_crinitus,1,1759, cls_1 ,0.4083,1.0537,20.7519,71.4424
B_crinitus,1,1760, cls_1 ,10.4122,1.1139,36.5044,127.8
B_crinitus,1,1761, cls_1 ,38.0759,1.1815,6738.4595,63.9
B_crinitus,1,1762, cls_1 ,0.8166,1.1265,501.8461,131.7332
B_crinitus,1,1763, cls_1 ,16.1287,1.166,1879.2694,191.7
B_crinitus,1,1764, cls_1 ,0.8166,1.0131,14.7339,415.35
B_crinitus,1,1765, cls_1 ,1.1229,1.088,1088.1474,63.9
B_crinitus,1,1766, cls_1 ,2.0416,1.0225,20.6384,180.7365
B_crinitus,1,1767, cls_1 ,6.8394,1.0687,311.9261,131.7332
B_crinitus,1,1768, cls_1 ,1.225,1.1167,11.0136,225.9206
B_crinitus,1,1769, cls_1 ,9.4935,1.0587,11.8055,505.1739
B_crinitus,1,1770, cls_1 ,0.4083,1.0537,13.4018,372.5978
B_crinitus,1,1771, cls_1 ,0.9187,1.063,19.4714,159.75
B_crinitus,1,1772, cls_1 ,1.5312,1.0909,8.6945,384.7289
B_crinitus,1,1774, cls_1 ,5.7165,1.133,41.3433,63.9
B_crinitus,1,1775, cls_1 ,7.9623,1.0543,10.1555,505.1739
B_crinitus,1,1776, cls_1 ,0.6125,1.1125,11.2727,225.9206
B_crinitus,1,1777, cls_1 ,8.7789,1.1213,20.4244,90.3682
B_crinitus,1,1779, cls_1 ,0.6125,1.1125,16.953,115.1974
B_crinitus,1,1780, cls_1 ,0.9187,1.0889,19.7327,115.1974
B_crinitus,1,1781, cls_1 ,0.6125,1.0465,112.4791,63.9
B_crinitus,1,1782, cls_1 ,1.8374,1.102,14.8589,225.9206
B_crinitus,1,1783, cls_1 ,0.6125,1.0047,16.118,255.6
B_crinitus,1,1784, cls_1 ,4.7978,1.1257,8.8874,243.324
B_crinitus,1,1788, cls_1 ,3.0624,1.1166,38.5397,71.4424
B_crinitus,1,1789, cls_1 ,0.3062,1.0914,20.2105,90.3682
B_crinitus,1,1790, cls_1 ,3.2666,1.1096,55.4934,101.0348
B_crinitus,1,1791, cls_1 ,0.2042,1.0155,71.4813,71.4424
B_crinitus,1,1792, cls_1 ,12.8621,1.1492,13.5629,115.1974
B_crinitus,1,1793, cls_1 ,13.7808,1.1659,17.5029,71.4424
B_crinitus,1,1795, cls_1 ,1.1229,1.088,12.5821,214.3271
B_crinitus,1,1796, cls_1 ,0.2042,1.0155,63.5698,71.4424
B_crinitus,1,1797, cls_1 ,9.5955,1.0873,38.7575,159.75
B_crinitus,1,1798, cls_1 ,1.327,1.0689,8.5397,614.5705
B_crinitus,1,1800, cls_1 ,1.1229,1.0654,27.6267,159.75
B_crinitus,1,1802, cls_1 ,1.4291,1.1154,8.7699,127.8
B_crinitus,1,1803, cls_1 ,3.777,1.052,11.8221,90.3682
B_crinitus,1,1805, cls_1 ,0.9187,1.112,6.8939,386.0533
B_crinitus,1,1806, cls_1 ,1.5312,1.1075,49.5078,186.2989
B_crinitus,1,1807, cls_1 ,4.2874,1.0813,4.5894,1084.8895
B_crinitus,1,1808, cls_1 ,0.3062,1.0914,8.0323,357.2119
B_crinitus,1,1809, cls_1 ,7.5539,1.0438,8.7997,351.45
B_crinitus,1,1812, cls_1 ,5.4103,1.0672,7.6381,357.2119
B_crinitus,1,1813, cls_1 ,7.2477,1.0775,22.8876,63.9
B_crinitus,1,1814, cls_1 ,0.8166,1.0473,9.058,319.5
B_crinitus,1,1815, cls_1 ,4.8999,1.0856,7.2543,142.8847
B_crinitus,1,1816, cls_1 ,0.1021,1,13.4607,90.3682
B_crinitus,1,1817, cls_1 ,1.327,1.089,29.1581,225.9206
B_crinitus,1,1818, cls_1 ,4.8999,1.1431,13.1667,204.5798
B_crinitus,1,1819, cls_1 ,6.6352,1.1057,21.5133,63.9
B_crinitus,1,1821, cls_1 ,1.4291,1.0386,21.9585,230.3947
B_crinitus,1,1822, cls_1 ,3.2666,1.0667,7.6787,316.2889
B_crinitus,1,1823, cls_1 ,0.6125,1.0465,7.7576,486.6479
B_crinitus,1,1825, cls_1 ,5.5123,1.1367,17.345,95.85
B_crinitus,1,1828, cls_1 ,0.8166,1.0131,11.6269,95.85
B_crinitus,1,1832, cls_1 ,12.3517,1.1062,9.1217,142.8847
B_crinitus,1,1834, cls_1 ,0.5104,1.0261,14.4345,142.8847
B_crinitus,1,1835, cls_1 ,4.1853,1.0741,9.1758,95.85
B_crinitus,1,1836, cls_1 ,0.9187,1.0338,18.2779,95.85
B_crinitus,1,1837, cls_1 ,0.6125,1.0819,9.3195,357.2119
B_crinitus,1,1844, cls_1 ,1.225,1.1495,9.3538,71.4424
B_crinitus,1,1845, cls_1 ,0.2042,1.0909,12.0426,63.9
B_crinitus,1,1847, cls_1 ,0.7146,1.0283,3.7722,891.1702
B_crinitus,1,1848, cls_1 ,0.1021,1,11.8902,63.9
B_crinitus,1,1849, cls_1 ,0.4083,1.0537,10.4849,115.1974
B_crinitus,1,1851, cls_1 ,0.5104,1.105,9.9122,115.1974
B_crinitus,1,1852, cls_1 ,2.4499,1.0706,8.6222,565.2532
B_crinitus,1,1853, cls_1 ,1.4291,1.0805,8.3322,186.2989
B_crinitus,1,1854, cls_1 ,0.4083,1,5.5709,1086.7698
B_crinitus,1,1857, cls_1 ,0.2042,1.0155,15.7426,202.0695
B_crinitus,1,1858, cls_1 ,1.5312,1.1075,13.9281,159.75
B_crinitus,1,1859, cls_1 ,0.7146,1.1197,31.014,159.75
B_crinitus,1,1860, cls_1 ,1.5312,1.1372,6.3627,63.9
B_crinitus,1,1862, cls_1 ,1.327,1.1398,6.676,344.112
B_crinitus,1,1865, cls_1 ,0.4083,1.0537,9.0263,63.9
B_crinitus,1,1866, cls_1 ,1.1229,1.0402,6.2261,90.3682
B_crinitus,1,1867, cls_1 ,0.1021,1,1133.1001,71.4424
B_crinitus,1,1868, cls_1 ,576.8555,1.1228,3.7337,71.4424
B_crinitus,1,1869, cls_1 ,0.1021,1,1133.0329,71.4424
B_crinitus,1,1870, cls_1 ,1.327,1.1073,2.9502,891.1702
B_crinitus,1,1872, cls_1 ,0.8166,1.0769,3.876,352.8993
B_crinitus,1,1879, cls_1 ,1.1229,1.088,3.6862,352.8993
B_crinitus,1,1880, cls_1 ,0.2042,1.0155,567.6493,101.0348
B_crinitus,1,2, cls_3 ,1.4291,1.0805,52432.8763,71.4424
B_crinitus,1,3, cls_3 ,3.0624,1.1066,52431.2462,90.3682
B_crinitus,1,4, cls_3 ,0.1021,1,104862.3313,63.9
B_crinitus,1,6, cls_3 ,42816.0297,1.3456,1574.86,63.9
B_crinitus,1,13, cls_3 ,2.7562,1.1868,83887.2252,71.4424
B_crinitus,1,16, cls_3 ,6.6352,1.1544,104859.1202,63.9
B_crinitus,1,18, cls_3 ,0.1021,1,83887.2447,71.4424
B_crinitus,1,22, cls_3 ,0.1021,1,83887.4529,71.4424
B_crinitus,1,25, cls_3 ,2.1437,1.0366,83887.1838,71.4424
B_crinitus,1,30, cls_3 ,1.225,1.1167,41944.0486,101.0348
B_crinitus,1,32, cls_3 ,0.1021,1,83887.8979,71.4424
B_crinitus,1,34, cls_3 ,0.5104,1.0688,3440.0413,71.4424
B_crinitus,1,39, cls_3 ,0.8166,1.0131,10231.7272,71.4424
B_crinitus,1,44, cls_3 ,0.2042,1.0155,83887.4849,71.4424
B_crinitus,1,51, cls_3 ,0.1021,1,83887.2088,71.4424
B_crinitus,1,74, cls_3 ,0.2042,1.0155,41943.9633,101.0348
B_crinitus,1,75, cls_3 ,0.7146,1.0631,3355.8988,357.2119
B_crinitus,1,98, cls_3 ,0.9187,1.063,23302.4854,135.5524
B_crinitus,1,123, cls_3 ,0.1021,1,104859.1397,63.9
B_crinitus,1,141, cls_3 ,0.1021,1,104858.863,63.9
B_crinitus,1,177, cls_3 ,0.1021,1,7920.765,71.4424
B_crinitus,1,181, cls_3 ,0.1021,1,104860.0286,63.9
B_crinitus,1,182, cls_3 ,1.8374,1.0869,14471.0968,71.4424
B_crinitus,1,184, cls_3 ,1.4291,1.1154,104859.6476,63.9
B_crinitus,1,189, cls_3 ,0.9187,1.0338,83888.5558,71.4424
B_crinitus,1,198, cls_3 ,66.6584,1.2542,4338.0356,71.4424
B_crinitus,1,211, cls_3 ,1.6333,1.199,83902.4002,71.4424
B_crinitus,1,215, cls_3 ,2.552,1.1462,83893.2862,71.4424
B_crinitus,1,219, cls_3 ,0.1021,1,4165.6097,71.4424
B_crinitus,1,226, cls_3 ,2.0416,1.0754,1873.7081,159.75
B_crinitus,1,230, cls_3 ,0.1021,1,779.5449,71.4424
B_crinitus,1,232, cls_3 ,0.3062,1.0358,330.1162,71.4424
B_crinitus,1,233, cls_3 ,1.7354,1.1226,987.4566,101.0348
B_crinitus,1,234, cls_3 ,1.1229,1.1085,52429.9061,90.3682
B_crinitus,1,236, cls_3 ,2.0416,1.1042,391.2029,71.4424
B_crinitus,1,237, cls_3 ,0.1021,1,800.9342,71.4424
B_crinitus,1,240, cls_3 ,7.9623,1.1618,991.9319,63.9
B_crinitus,1,243, cls_3 ,19.7015,1.1028,690.9023,71.4424
B_crinitus,1,251, cls_3 ,13.4746,1.198,1661.8518,63.9
B_crinitus,1,252, cls_3 ,0.7146,1.0283,11651.9776,191.7
B_crinitus,1,255, cls_3 ,1.7354,1.0769,16778.2089,159.75
B_crinitus,1,259, cls_3 ,1.5312,1.0728,83890.1778,71.4424
B_crinitus,1,263, cls_3 ,1.9395,1.0471,6564.129,127.8
B_crinitus,1,265, cls_3 ,1.327,1.089,14467.6272,135.5524
B_crinitus,1,267, cls_3 ,6.2269,1.1057,52431.2366,90.3682
B_crinitus,1,269, cls_3 ,2.4499,1.0706,23302.3564,135.5524
B_crinitus,1,274, cls_3 ,90.8514,1.2071,492.9683,95.85
B_crinitus,1,282, cls_3 ,0.4083,1.0537,1006.3979,63.9
B_crinitus,1,285, cls_3 ,1.5312,1.1075,2492.5064,63.9
B_crinitus,1,291, cls_3 ,1.7354,1.1226,104860.275,63.9
B_crinitus,1,293, cls_3 ,0.1021,1,83890.613,71.4424
B_crinitus,1,294, cls_3 ,0.8166,1.0769,83887.5807,71.4424
B_crinitus,1,295, cls_3 ,5.7165,1.1008,214.252,95.85
B_crinitus,1,314, cls_3 ,1.0208,1.0993,104861.2405,63.9
B_crinitus,1,315, cls_3 ,0.1021,1,83887.3415,71.4424
B_crinitus,1,328, cls_3 ,6.7373,1.1328,1265.7537,71.4424
B_crinitus,1,332, cls_3 ,13.4746,1.1508,46607.373,95.85
B_crinitus,1,343, cls_3 ,611.2565,1.2509,732.6994,63.9
B_crinitus,1,345, cls_3 ,12.8621,1.1182,5837.4365,71.4424
B_crinitus,1,359, cls_3 ,0.9187,1.1328,8391.4573,71.4424
B_crinitus,1,363, cls_3 ,1.8374,1.102,2918.9697,71.4424
B_crinitus,1,364, cls_3 ,4.1853,1.0532,104874.8019,63.9
B_crinitus,1,366, cls_3 ,1.225,1.0306,2862.4088,71.4424
B_crinitus,1,368, cls_3 ,6.1248,1.2126,1763.4938,71.4424
B_crinitus,1,369, cls_3 ,0.1021,1,2745.7375,71.4424
B_crinitus,1,370, cls_3 ,3.879,1.0716,2060.9833,101.0348
B_crinitus,1,371, cls_3 ,1.1229,1.0402,104859.0766,63.9
B_crinitus,1,375, cls_3 ,3.3686,1.1567,169.8976,172.056
B_crinitus,1,376, cls_3 ,19.3952,1.0911,16796.2742,71.4424
B_crinitus,1,379, cls_3 ,1.1229,1.0402,83887.1415,71.4424
B_crinitus,1,380, cls_3 ,7.7581,1.033,693.5056,101.0348
B_crinitus,1,382, cls_3 ,0.8166,1.0473,52438.8197,90.3682
B_crinitus,1,387, cls_3 ,2.2458,1.0651,8128.5756,90.3682
B_crinitus,1,388, cls_3 ,0.7146,1.0283,83887.3224,71.4424
B_crinitus,1,390, cls_3 ,5.8186,1.0601,1263.6049,63.9
B_crinitus,1,392, cls_3 ,1.8374,1.0335,104858.8949,63.9
B_crinitus,1,393, cls_3 ,0.1021,1,629.0005,101.0348
B_crinitus,1,394, cls_3 ,46.5486,1.1407,5224.393,63.9
B_crinitus,1,395, cls_3 ,6.4311,1.0891,639.1269,71.4424
B_crinitus,1,397, cls_3 ,0.6125,1.0819,32273.8598,115.1974
B_crinitus,1,398, cls_3 ,44.8132,1.1069,83891.7819,71.4424
B_crinitus,1,399, cls_3 ,127.9066,1.2163,1224.2256,63.9
B_crinitus,1,404, cls_3 ,0.1021,1,52432.7913,71.4424
B_crinitus,1,406, cls_3 ,4.2874,1.0717,2149.4891,162.9137
B_crinitus,1,407, cls_3 ,84.3183,1.151,4078.9505,71.4424
B_crinitus,1,408, cls_3 ,0.1021,1,2079.8923,63.9
B_crinitus,1,409, cls_3 ,0.1021,1,83891.1925,71.4424
B_crinitus,1,410, cls_3 ,0.4083,1.0537,1803.0713,63.9
B_crinitus,1,418, cls_3 ,1.6333,1.046,1465.9594,285.7695
B_crinitus,1,420, cls_3 ,1.4291,1.1589,646.4312,71.4424
B_crinitus,1,423, cls_3 ,1.9395,1.0809,11653.1607,191.7
B_crinitus,1,430, cls_3 ,0.2042,1.0909,479.0107,71.4424
B_crinitus,1,431, cls_3 ,11.6371,1.0988,821.6564,71.4424
B_crinitus,1,433, cls_3 ,0.5104,1.0261,184.2342,71.4424
B_crinitus,1,434, cls_3 ,1.0208,1.0993,392.3336,142.8847
B_crinitus,1,436, cls_3 ,1.225,1.0306,1232.1945,71.4424
B_crinitus,1,438, cls_3 ,1.0208,1.0764,83887.2875,71.4424
B_crinitus,1,439, cls_3 ,1.0208,1.0509,814.703,63.9
B_crinitus,1,440, cls_3 ,32.9719,1.1445,702.4063,127.8
B_crinitus,1,441, cls_3 ,5.0019,1.0918,730.5358,95.85
B_crinitus,1,444, cls_3 ,2.3478,1.0752,415.583,95.85
B_crinitus,1,447, cls_3 ,2.8582,1.0545,487.2778,63.9
B_crinitus,1,448, cls_3 ,0.7146,1.0631,1206.7113,63.9
B_crinitus,1,452, cls_3 ,0.4083,1.0975,104861.807,63.9
B_crinitus,1,454, cls_3 ,0.2042,1.0155,501.9364,71.4424
B_crinitus,1,455, cls_3 ,2.7562,1.1075,754.9899,115.1974
B_crinitus,1,457, cls_3 ,9.6976,1.1208,83894.6614,71.4424
B_crinitus,1,458, cls_3 ,0.5104,1.0688,1115.3058,63.9
B_crinitus,1,459, cls_3 ,4.7978,1.0605,104858.9555,63.9
B_crinitus,1,466, cls_3 ,2.9603,1.0769,83892.7698,71.4424
B_crinitus,1,467, cls_3 ,0.2042,1.0155,5749.9534,63.9
B_crinitus,1,468, cls_3 ,7.4519,1.088,52438.5176,90.3682
B_crinitus,1,469, cls_3 ,0.5104,1.105,10233.4667,63.9
B_crinitus,1,471, cls_3 ,2.8582,1.0806,371.61,90.3682
B_crinitus,1,474, cls_3 ,10.9226,1.2243,3561.4034,95.85
B_crinitus,1,481, cls_3 ,2.1437,1.085,236.0996,101.0348
B_crinitus,1,484, cls_3 ,2.7562,1.0583,52431.9826,90.3682
B_crinitus,1,485, cls_3 ,0.9187,1.063,1235.6944,386.0533
B_crinitus,1,491, cls_3 ,0.9187,1.0338,2835.246,388.6885
B_crinitus,1,495, cls_3 ,25.8263,1.1633,809.0294,63.9
B_crinitus,1,496, cls_3 ,7.1456,1.0718,32268.1406,101.0348
B_crinitus,1,497, cls_3 ,0.6125,1.0465,41944.1823,101.0348
B_crinitus,1,514, cls_3 ,2.8582,1.068,104866.9358,63.9
B_crinitus,1,524, cls_3 ,39.1988,1.1501,1009.2193,71.4424
B_crinitus,1,532, cls_3 ,1.327,1.1073,104862.8566,63.9
B_crinitus,1,533, cls_3 ,0.5104,1.105,104858.9994,63.9
B_crinitus,1,536, cls_3 ,37.8718,1.1845,41958.795,63.9
B_crinitus,1,538, cls_3 ,1.0208,1.022,2824.2582,243.324
B_crinitus,1,545, cls_3 ,8.7789,1.1557,83895.4323,63.9
B_crinitus,1,547, cls_3 ,3.4707,1.0934,943.0997,131.7332
B_crinitus,1,548, cls_3 ,3.5728,1.1001,132.8478,395.1997
B_crinitus,1,554, cls_3 ,3.879,1.0608,1005.857,71.4424
B_crinitus,1,565, cls_3 ,3.2666,1.0784,1193.0178,71.4424
B_crinitus,1,578, cls_3 ,0.7146,1.0932,231.7883,71.4424
B_crinitus,1,579, cls_3 ,0.6125,1.1395,670.6141,101.0348
B_crinitus,1,580, cls_3 ,0.7146,1.0932,4723.0512,115.1974
B_crinitus,1,585, cls_3 ,3.879,1.0716,3384.7082,71.4424
B_crinitus,1,591, cls_3 ,11.3309,1.145,83913.715,71.4424
B_crinitus,1,592, cls_3 ,2.1437,1.1354,26239.5063,63.9
B_crinitus,1,595, cls_3 ,1.225,1.0982,254.1289,159.75
B_crinitus,1,597, cls_3 ,4.8999,1.0938,681.6538,71.4424
B_crinitus,1,599, cls_3 ,1.8374,1.2031,12342.6644,71.4424
B_crinitus,1,601, cls_3 ,9.4935,1.104,3108.5352,115.1974
B_crinitus,1,604, cls_3 ,0.1021,1,1264.7336,71.4424
B_crinitus,1,605, cls_3 ,0.1021,1,83887.4061,71.4424
B_crinitus,1,606, cls_3 ,1.1229,1.0654,26221.9957,71.4424
B_crinitus,1,607, cls_3 ,5.0019,1.1796,83888.3445,71.4424
B_crinitus,1,609, cls_3 ,1.1229,1.0402,1671.9113,63.9
B_crinitus,1,610, cls_3 ,1.0208,1.0993,52433.9345,90.3682
B_crinitus,1,615, cls_3 ,0.7146,1.1845,401.03,159.75
B_crinitus,1,616, cls_3 ,0.1021,1,83887.3795,71.4424
B_crinitus,1,617, cls_3 ,0.8166,1.0473,46613.1111,95.85
B_crinitus,1,618, cls_3 ,0.7146,1.0283,83889.9766,63.9
B_crinitus,1,619, cls_3 ,0.1021,1,13110.6662,63.9
B_crinitus,1,620, cls_3 ,1.327,1.0689,1085.0788,409.1596
B_crinitus,1,621, cls_3 ,0.1021,1,83887.4271,71.4424
B_crinitus,1,623, cls_3 ,0.8166,1.1477,5825.8006,271.1047
B_crinitus,1,626, cls_3 ,0.6125,1.1125,16780.8495,63.9
B_crinitus,1,629, cls_3 ,38.8926,1.2249,46779.0831,63.9
B_crinitus,1,631, cls_3 ,0.5104,1.105,432.2002,159.75
B_crinitus,1,632, cls_3 ,0.5104,1.0688,52524.7457,63.9
B_crinitus,1,633, cls_3 ,0.1021,1,104859.0422,63.9
B_crinitus,1,640, cls_3 ,0.8166,1.167,83888.3442,71.4424
B_crinitus,1,644, cls_3 ,0.2042,1.0155,104858.8949,63.9
B_crinitus,1,645, cls_3 ,1.1229,1.0654,52440.4574,90.3682
B_crinitus,1,647, cls_3 ,4.1853,1.0838,1058.915,225.9206
B_crinitus,1,648, cls_3 ,1.6333,1.1783,104859.1021,63.9
B_crinitus,1,652, cls_3 ,0.7146,1.0932,12442.0597,63.9
B_crinitus,1,658, cls_3 ,172.8219,1.1558,18109.1386,63.9
B_crinitus,1,660, cls_3 ,1.1229,1.0654,12338.8293,186.2989
B_crinitus,1,661, cls_3 ,0.7146,1.0631,386.2842,225.9206
B_crinitus,1,665, cls_3 ,0.9187,1.063,52429.5804,90.3682
B_crinitus,1,666, cls_3 ,1.9395,1.0809,11651.0953,191.7
B_crinitus,1,669, cls_3 ,0.6125,1.1395,16777.7368,159.75
B_crinitus,1,675, cls_3 ,0.4083,1.0975,104860.9399,63.9
B_crinitus,1,685, cls_3 ,1.4291,1.0987,104861.279,63.9
B_crinitus,1,691, cls_3 ,0.9187,1.1519,23304.3985,135.5524
B_crinitus,1,692, cls_3 ,85.0328,1.0834,52430.9366,90.3682
B_crinitus,1,695, cls_3 ,0.4083,1.0975,104859.1595,63.9
B_crinitus,1,699, cls_3 ,3.1645,1.0927,46605.6199,95.85
B_crinitus,1,702, cls_3 ,2.3478,1.0445,104861.8229,63.9
B_crinitus,1,703, cls_3 ,0.1021,1,3591.3712,71.4424
B_crinitus,1,705, cls_3 ,3.0624,1.1519,20973.7501,142.8847
B_crinitus,1,706, cls_3 ,2.4499,1.0706,83894.7405,71.4424
B_crinitus,1,708, cls_3 ,2.4499,1.1311,2470.2809,71.4424
B_crinitus,1,712, cls_3 ,2.1437,1.2167,20973.5471,142.8847
B_crinitus,1,714, cls_3 ,0.1021,1,83887.3411,71.4424
B_crinitus,1,716, cls_3 ,0.3062,1.0358,694.9582,71.4424
B_crinitus,1,718, cls_3 ,0.5104,1.0688,276.7572,90.3682
B_crinitus,1,719, cls_3 ,5.4103,1.0992,104862.8593,63.9
B_crinitus,1,720, cls_3 ,1.6333,1.046,41946.4882,101.0348
B_crinitus,1,722, cls_3 ,3.1645,1.0927,463.7051,90.3682
B_crinitus,1,723, cls_3 ,0.7146,1.0932,1154.9605,71.4424
B_crinitus,1,735, cls_3 ,0.1021,1,1473.1816,71.4424
B_crinitus,1,741, cls_3 ,16.3328,1.1382,2180.391,71.4424
B_crinitus,1,743, cls_3 ,0.8166,1.0473,1009.5821,95.85
B_crinitus,1,744, cls_3 ,2.6541,1.151,3476.0402,159.75
B_crinitus,1,747, cls_3 ,0.3062,1.0358,104859.5524,63.9
B_crinitus,1,756, cls_3 ,0.6125,1.1125,104859.5409,63.9
B_crinitus,1,759, cls_3 ,0.5104,1.0688,1714.4316,71.4424
B_crinitus,1,760, cls_3 ,19.2932,1.0735,46607.1034,63.9
B_crinitus,1,768, cls_3 ,0.8166,1.1031,383.7013,71.4424
B_crinitus,1,770, cls_3 ,1.225,1.078,5144.4427,172.056
B_crinitus,1,775, cls_3 ,22.866,1.1955,690.7664,63.9
B_crinitus,1,781, cls_3 ,2.1437,1.1354,431.7113,71.4424
B_crinitus,1,784, cls_3 ,0.1021,1,104860.18,63.9
B_crinitus,1,788, cls_3 ,51.9588,1.1665,105306.5654,63.9
B_crinitus,1,793, cls_3 ,1.0208,1.022,104859.1921,63.9
B_crinitus,1,795, cls_3 ,0.1021,1,83901.5481,71.4424
B_crinitus,1,796, cls_3 ,7.1456,1.1514,663.6521,63.9
B_crinitus,1,800, cls_3 ,2.2458,1.0492,104859.594,63.9
B_crinitus,1,802, cls_3 ,0.2042,1.0155,10534.3901,63.9
B_crinitus,1,813, cls_3 ,5.9207,1.1931,4665.4313,71.4424
B_crinitus,1,830, cls_3 ,0.2042,1.0909,1627.8078,71.4424
B_crinitus,1,842, cls_3 ,0.1021,1,2082.6503,101.0348
B_crinitus,1,846, cls_3 ,1.4291,1.0805,104859.97,63.9
B_crinitus,1,856, cls_3 ,7.656,1.0653,83887.9512,71.4424
B_crinitus,1,857, cls_3 ,0.5104,1.0261,104860.7498,63.9
B_crinitus,1,861, cls_3 ,0.1021,1,8045.8838,63.9
B_crinitus,1,865, cls_3 ,0.5104,1.0261,46606.1859,71.4424
B_crinitus,1,870, cls_3 ,1.4291,1.0606,104860.0011,63.9
B_crinitus,1,884, cls_3 ,0.2042,1.0155,104861.2856,63.9
B_crinitus,1,887, cls_3 ,1.6333,1.0836,24674.7962,131.7332
B_crinitus,1,890, cls_3 ,1.4291,1.0805,41963.6294,101.0348
B_crinitus,1,892, cls_3 ,2.1437,1.0701,16778.2922,159.75
B_crinitus,1,899, cls_3 ,1.5312,1.0909,83896.761,71.4424
B_crinitus,1,902, cls_3 ,0.1021,1,104859.3413,63.9
B_crinitus,1,931, cls_3 ,8.6768,1.1406,4198.3128,101.0348
B_crinitus,1,937, cls_3 ,5.104,1.0815,9322.5494,214.3271
B_crinitus,1,940, cls_3 ,1.7354,1.0769,104860.3032,63.9
B_crinitus,1,950, cls_3 ,2.7562,1.0844,83888.0626,71.4424
B_crinitus,1,953, cls_3 ,1.225,1.0556,10490.4811,159.75
B_crinitus,1,954, cls_3 ,0.2042,1.0155,83887.5817,71.4424
B_crinitus,1,956, cls_3 ,1.6333,1.046,677.4602,63.9
B_crinitus,1,959, cls_3 ,2.1437,1.0988,1297.1054,191.7
B_crinitus,1,963, cls_3 ,1.327,1.089,1517.9187,202.0695
B_crinitus,1,964, cls_3 ,1.225,1.1167,83887.323,71.4424
B_crinitus,1,969, cls_3 ,2.4499,1.0706,1076.9294,63.9
B_crinitus,1,970, cls_3 ,0.2042,1.0155,6453.3854,186.2989
B_crinitus,1,973, cls_3 ,0.1021,1,83887.5519,71.4424
B_crinitus,1,976, cls_3 ,0.3062,1.0914,104859.266,63.9
B_crinitus,1,980, cls_3 ,0.7146,1.0631,32264.9771,71.4424
B_crinitus,1,984, cls_3 ,1.9395,1.0278,1237.1526,191.7
B_crinitus,1,989, cls_3 ,0.7146,1.0932,10230.622,204.5798
B_crinitus,1,991, cls_3 ,0.6125,1.0819,6170.2844,232.5995
B_crinitus,1,994, cls_3 ,0.1021,1,5827.3566,71.4424
B_crinitus,1,1004, cls_3 ,15.6183,1.121,11363.3705,63.9
B_crinitus,1,1006, cls_3 ,0.8166,1.1031,26215.1797,127.8
B_crinitus,1,1013, cls_3 ,10.5143,1.1216,32304.6424,63.9
B_crinitus,1,1015, cls_3 ,1.5312,1.1631,83887.9904,71.4424
B_crinitus,1,1017, cls_3 ,0.8166,1.1031,5826.9582,115.1974
B_crinitus,1,1020, cls_3 ,0.3062,1.0358,83887.507,71.4424
B_crinitus,1,1029, cls_3 ,1.1229,1.0402,16779.3702,159.75
B_crinitus,1,1039, cls_3 ,0.5104,1.0688,2590.6242,95.85
B_crinitus,1,1040, cls_3 ,1.1229,1.0402,5115.9084,95.85
B_crinitus,1,1044, cls_3 ,0.4083,1.0537,20973.3929,71.4424
B_crinitus,1,1047, cls_3 ,6.7373,1.148,41944.2737,95.85
B_crinitus,1,1048, cls_3 ,1.5312,1.0728,26216.52,127.8
B_crinitus,1,1050, cls_3 ,0.6125,1.0819,24673.875,71.4424
B_crinitus,1,1051, cls_3 ,8.3706,1.089,104862.1082,63.9
B_crinitus,1,1054, cls_3 ,2.7562,1.0844,11346.8987,63.9
B_crinitus,1,1057, cls_3 ,0.5104,1.105,24680.1806,95.85
B_crinitus,1,1059, cls_3 ,1.0208,1.0993,83897.8244,63.9
B_crinitus,1,1063, cls_3 ,1.1229,1.0402,104864.8699,63.9
B_crinitus,1,1067, cls_3 ,0.2042,1.0155,104858.9503,63.9
B_crinitus,1,1074, cls_3 ,1.7354,1.1226,104861.7961,63.9
B_crinitus,1,1083, cls_3 ,0.4083,1,1916.5443,95.85
B_crinitus,1,1084, cls_3 ,0.2042,1.0909,104859.0033,63.9
B_crinitus,1,1086, cls_3 ,45.6299,1.129,104925.5564,63.9
B_crinitus,1,1088, cls_3 ,4.5936,1.0921,10243.7072,194.3443
B_crinitus,1,1106, cls_3 ,0.6125,1.0819,83887.3249,71.4424
B_crinitus,1,1111, cls_3 ,0.3062,1.0358,104859.1453,63.9
B_crinitus,1,1113, cls_3 ,0.6125,1.0819,32264.5879,115.1974
B_crinitus,1,1118, cls_3 ,0.7146,1.0631,104861.0086,63.9
B_crinitus,1,1129, cls_3 ,0.5104,1.0688,23304.8482,63.9
B_crinitus,1,1134, cls_3 ,0.1021,1,52429.7863,90.3682
B_crinitus,1,1135, cls_3 ,0.4083,1.0975,104858.9716,63.9
B_crinitus,1,1140, cls_3 ,6.6352,1.0994,46604.6492,95.85
B_crinitus,1,1149, cls_3 ,0.1021,1,52429.8788,90.3682
B_crinitus,1,1169, cls_3 ,26.1325,1.2119,104971.1293,63.9
B_crinitus,1,1190, cls_3 ,0.1021,1,104859.0298,63.9
B_crinitus,1,1191, cls_3 ,0.5104,1.0688,104858.9166,63.9
B_crinitus,1,1216, cls_3 ,5.6144,1.1096,104860.1406,63.9
B_crinitus,1,1242, cls_3 ,1.9395,1.0809,23305.5777,127.8
B_crinitus,1,1246, cls_3 ,0.1021,1,104859.4047,63.9
B_crinitus,1,1247, cls_3 ,9.7997,1.1152,3061.9152,373.9652
B_crinitus,1,1267, cls_3 ,0.2042,1.0155,11652.6296,71.4424
B_crinitus,1,1268, cls_3 ,0.7146,1.1649,10486.5404,71.4424
B_crinitus,1,1281, cls_3 ,1.6333,1.1672,20972.1572,142.8847
B_crinitus,1,1292, cls_3 ,0.8166,1.0473,83887.6522,71.4424
B_crinitus,1,1331, cls_3 ,0.1021,1,83887.1299,71.4424
B_crinitus,1,1335, cls_3 ,0.1021,1,83888.1173,71.4424
B_crinitus,1,1341, cls_3 ,1.9395,1.0809,52430.2758,90.3682
B_crinitus,1,1352, cls_3 ,0.1021,1,104861.3852,63.9
B_crinitus,1,1357, cls_3 ,7.2477,1.1632,26228.3034,63.9
B_crinitus,1,1363, cls_3 ,4.2874,1.0905,83888.0493,71.4424
B_crinitus,1,1368, cls_3 ,0.9187,1.0338,52430.2717,90.3682
B_crinitus,1,1375, cls_3 ,1.0208,1.022,104877.3026,63.9
B_crinitus,1,1376, cls_3 ,1.5312,1.0909,83889.5287,71.4424
B_crinitus,1,1380, cls_3 ,0.3062,1.0358,83888.208,71.4424
B_crinitus,1,1389, cls_3 ,4.2874,1.1376,83906.1945,63.9
B_crinitus,1,1392, cls_3 ,1.1229,1.088,32266.2511,115.1974
B_crinitus,1,1393, cls_3 ,0.1021,1,83887.1144,71.4424
B_crinitus,1,1395, cls_3 ,1.6333,1.0657,2026.2175,90.3682
B_crinitus,1,1396, cls_3 ,37.7697,1.2001,105017.5179,63.9
B_crinitus,1,1400, cls_3 ,0.9187,1.0889,1029.526,186.2989
B_crinitus,1,1401, cls_3 ,0.6125,1.0465,104860.0217,63.9
B_crinitus,1,1402, cls_3 ,3.879,1.118,46611.462,63.9
B_crinitus,1,1412, cls_3 ,0.5104,1.0688,83888.1603,71.4424
B_crinitus,1,1413, cls_3 ,31.9511,1.1455,5827.639,271.1047
B_crinitus,1,1414, cls_3 ,1.4291,1.0805,7914.6833,232.5995
B_crinitus,1,1415, cls_3 ,2.3478,1.1557,6563.8652,63.9
B_crinitus,1,1417, cls_3 ,3.5728,1.1094,471.3705,321.0935
B_crinitus,1,1420, cls_3 ,4.8999,1.1662,250.6856,1054.834
B_crinitus,1,1422, cls_3 ,0.8166,1.1031,4326.1654,303.1043
B_crinitus,1,1423, cls_3 ,4.5936,1.1732,46604.4913,95.85
B_crinitus,1,1424, cls_3 ,1.225,1.0556,11651.499,191.7
B_crinitus,1,1426, cls_3 ,4.6957,1.0526,104863.8499,63.9
B_crinitus,1,1427, cls_3 ,0.3062,1.0914,104859.3746,63.9
B_crinitus,1,1433, cls_3 ,1.4291,1.0805,680.2498,71.4424
B_crinitus,1,1434, cls_3 ,78.6018,1.2133,46679.6326,71.4424
B_crinitus,1,1436, cls_3 ,1.8374,1.0529,843.2498,71.4424
B_crinitus,1,1437, cls_3 ,1.0208,1.0509,2896.0345,101.0348
B_crinitus,1,1443, cls_3 ,10.8205,1.1146,104867.1322,63.9
B_crinitus,1,1444, cls_3 ,1.225,1.0556,5839.4736,95.85
B_crinitus,1,1446, cls_3 ,2.8582,1.1141,11337.6859,101.0348
B_crinitus,1,1448, cls_3 ,4.8999,1.1093,23302.3418,135.5524
B_crinitus,1,1451, cls_3 ,6.329,1.1545,1421.1204,186.2989
B_crinitus,1,1452, cls_3 ,1.7354,1.059,104867.6308,63.9
B_crinitus,1,1453, cls_3 ,0.3062,1.0358,104860.2248,63.9
B_crinitus,1,1457, cls_3 ,0.7146,1.0631,1734.7243,255.6
B_crinitus,1,1459, cls_3 ,4.4915,1.1701,4943.9358,63.9
B_crinitus,1,1460, cls_3 ,2.0416,1.0903,5129.1748,63.9
B_crinitus,1,1461, cls_3 ,1.0208,1.1199,104859.9078,63.9
B_crinitus,1,1467, cls_3 ,0.6125,1.0465,11662.6222,63.9
B_crinitus,1,1471, cls_3 ,42.7716,1.158,46610.9905,63.9
B_crinitus,1,1473, cls_3 ,0.5104,1.0688,1301.1269,101.0348
B_crinitus,1,1474, cls_3 ,1.327,1.0467,4386.6587,63.9
B_crinitus,1,1475, cls_3 ,0.1021,1,83889.8212,71.4424
B_crinitus,1,1480, cls_3 ,0.5104,1.0688,3848.9332,333.5678
B_crinitus,1,1482, cls_3 ,5.0019,1.1796,402.809,186.2989
B_crinitus,1,1484, cls_3 ,0.7146,1.1197,736.4241,115.1974
B_crinitus,1,1486, cls_3 ,0.4083,1.0537,10230.7158,204.5798
B_crinitus,1,1488, cls_3 ,7.0435,1.0583,2085.2174,101.0348
B_crinitus,1,1489, cls_3 ,0.1021,1,104859.1063,63.9
B_crinitus,1,1493, cls_3 ,0.7146,1.0631,23329.0888,127.8
B_crinitus,1,1494, cls_3 ,244.7884,1.1553,807.6783,63.9
B_crinitus,1,1495, cls_3 ,7.8602,1.112,104867.1182,63.9
B_crinitus,1,1496, cls_3 ,1.225,1.1641,83894.8727,71.4424
B_crinitus,1,1497, cls_3 ,0.8166,1.1031,1190.5622,159.75
B_crinitus,1,1498, cls_3 ,0.7146,1.0932,2372.6296,63.9
B_crinitus,1,1499, cls_3 ,2.552,1.0799,26215.2401,127.8
B_crinitus,1,1500, cls_3 ,0.6125,1.0465,2874.7496,90.3682
B_crinitus,1,1502, cls_3 ,0.7146,1.1434,8390.0885,90.3682
B_crinitus,1,1504, cls_3 ,3.4707,1.2047,6877.6885,159.75
B_crinitus,1,1506, cls_3 ,1.7354,1.0769,83887.5022,71.4424
B_crinitus,1,1508, cls_3 ,0.3062,1.0914,4155.2465,63.9
B_crinitus,1,1512, cls_3 ,0.4083,1,8561.5577,63.9
B_crinitus,1,1514, cls_3 ,0.8166,1.1265,3856.9104,223.65
B_crinitus,1,1516, cls_3 ,0.8166,1.0473,16778.0289,159.75
B_crinitus,1,1517, cls_3 ,0.1021,1,713.1694,63.9
B_crinitus,1,1523, cls_3 ,0.3062,1.0358,8389.2916,225.9206
B_crinitus,1,1532, cls_3 ,1.7354,1.1358,5178.801,287.55
B_crinitus,1,1533, cls_3 ,0.6125,1.1125,104859.5442,63.9
B_crinitus,1,1534, cls_3 ,0.8166,1.0769,24673.8893,63.9
B_crinitus,1,1536, cls_3 ,0.1021,1,24675.5656,63.9
B_crinitus,1,1537, cls_3 ,1.327,1.0689,46604.1629,95.85
B_crinitus,1,1556, cls_3 ,0.1021,1,83887.6656,71.4424
B_crinitus,1,1569, cls_3 ,1.327,1.0467,10235.8321,204.5798
B_crinitus,1,1575, cls_3 ,3.0624,1.0609,52430.0214,90.3682
B_crinitus,1,1576, cls_3 ,0.6125,1.1395,52430.1465,90.3682
B_crinitus,1,1584, cls_3 ,1.7354,1.0933,104859.5317,63.9
B_crinitus,1,1594, cls_3 ,1.1229,1.0402,13107.5448,180.7365
B_crinitus,1,1598, cls_3 ,0.6125,1.0465,52429.5578,90.3682
B_crinitus,1,1602, cls_3 ,1.4291,1.0606,52432.4781,90.3682
B_crinitus,1,1666, cls_3 ,0.5104,1.105,794.8494,202.0695
B_crinitus,1,1687, cls_3 ,22.2535,1.0888,83888.9659,71.4424
B_crinitus,1,1699, cls_3 ,1.327,1.0467,1900.4827,255.6
B_crinitus,1,1715, cls_3 ,1.9395,1.0471,32268.4003,115.1974
B_crinitus,1,1778, cls_3 ,0.1021,1,83887.1406,71.4424
B_crinitus,1,1786, cls_3 ,1.4291,1.0386,104859.0424,63.9
B_crinitus,1,1855, cls_3 ,1.4291,1.1154,32264.3255,115.1974
B_crinitus,1,1864, cls_3 ,0.1021,1,83887.2695,71.4424
B_crinitus,1,1871, cls_3 ,0.7146,1.0283,41944.0185,101.0348
B_crinitus,1,1875, cls_3 ,1.1229,1.088,3957.3037,162.9137
B_crinitus,1,1884, cls_3 ,0.7146,1.0932,563.109,702.9
B_crinitus,1,1889, cls_3 ,0.7146,1.0631,104858.8408,63.9
B_crinitus,1,1894, cls_3 ,0.2042,1.0909,83887.1299,71.4424
B_crinitus,1,5, cls_2 ,0.7146,1.0631,2.5615,71.4424
B_crinitus,1,7, cls_2 ,1.225,1.0982,1.5751,71.4424
B_crinitus,1,31, cls_2 ,3.2666,1.0894,0.1064,2211.0231
B_crinitus,1,35, cls_2 ,1.9395,1.1469,2.488,191.7
B_crinitus,1,36, cls_2 ,0.7146,1.0932,7.0397,131.7332
B_crinitus,1,38, cls_2 ,1.9395,1.0809,44.3424,63.9
B_crinitus,1,41, cls_2 ,17.762,1.1185,5.6321,63.9
B_crinitus,1,45, cls_2 ,1.1229,1.0654,0.6249,135.5524
B_crinitus,1,46, cls_2 ,0.6125,1.0819,0.9796,316.2889
B_crinitus,1,53, cls_2 ,0.3062,1.0914,1.2182,135.5524
B_crinitus,1,54, cls_2 ,4.8999,1.1093,1.024,316.2889
B_crinitus,1,64, cls_2 ,0.6125,1.1395,0.9743,243.324
B_crinitus,1,73, cls_2 ,0.7146,1.0631,0.3461,257.5891
B_crinitus,1,78, cls_2 ,0.8166,1.0473,0.3855,257.5891
B_crinitus,1,82, cls_2 ,0.6125,1.0465,3.2197,115.1974
B_crinitus,1,86, cls_2 ,0.9187,1.1519,3.0109,95.85
B_crinitus,1,89, cls_2 ,1.7354,1.1815,2.0109,95.85
B_crinitus,1,90, cls_2 ,1.8374,1.1415,7.0079,115.1974
B_crinitus,1,91, cls_2 ,0.1021,1,62.0088,63.9
B_crinitus,1,97, cls_2 ,25.0097,1.1901,9.9285,63.9
B_crinitus,1,102, cls_2 ,2.8582,1.1241,0.5899,451.8412
B_crinitus,1,115, cls_2 ,1.1229,1.1271,64.1726,63.9
B_crinitus,1,122, cls_2 ,1.0208,1.022,20.1878,101.0348
B_crinitus,1,125, cls_2 ,0.1021,1,6.7446,101.0348
B_crinitus,1,130, cls_2 ,0.2042,1.0155,8.621,90.3682
B_crinitus,1,132, cls_2 ,2.552,1.0926,9.1231,127.8
B_crinitus,1,133, cls_2 ,4.0832,1.1627,18.5747,71.4424
B_crinitus,1,134, cls_2 ,2.8582,1.1426,1.1691,159.75
B_crinitus,1,135, cls_2 ,0.7146,1.0631,1.0097,63.9
B_crinitus,1,136, cls_2 ,0.6125,1.1395,0.8256,352.8993
B_crinitus,1,138, cls_2 ,2.0416,1.1814,0.3557,860.2801
B_crinitus,1,139, cls_2 ,2.4499,1.1509,0.6233,352.8993
B_crinitus,1,140, cls_2 ,0.6125,1.1125,9.742,71.4424
B_crinitus,1,143, cls_2 ,0.1021,1,2.6282,63.9
B_crinitus,1,144, cls_2 ,0.2042,1.0155,2.0013,186.2989
B_crinitus,1,145, cls_2 ,0.3062,1.1369,2.1526,63.9
B_crinitus,1,146, cls_2 ,1.1229,1.0654,2.6435,214.3271
B_crinitus,1,149, cls_2 ,0.9187,1.1695,16.6401,95.85
B_crinitus,1,152, cls_2 ,1.4291,1.0805,1.4203,186.2989
B_crinitus,1,155, cls_2 ,1.4291,1.0987,1.1067,115.1974
B_crinitus,1,156, cls_2 ,1.5312,1.0909,1.7013,159.75
B_crinitus,1,158, cls_2 ,0.3062,1.0358,3.6607,63.9
B_crinitus,1,160, cls_2 ,1.1229,1.1271,10.7445,63.9
B_crinitus,1,165, cls_2 ,2.3478,1.1557,1.3914,101.0348
B_crinitus,1,166, cls_2 ,3.2666,1.1674,12.7274,71.4424
B_crinitus,1,167, cls_2 ,3.0624,1.1166,11.1096,101.0348
B_crinitus,1,168, cls_2 ,3.5728,1.171,9.4931,63.9
B_crinitus,1,169, cls_2 ,1.327,1.1679,3.1565,202.0695
B_crinitus,1,170, cls_2 ,3.879,1.192,5.18,95.85
B_crinitus,1,171, cls_2 ,0.8166,1.0769,1.5418,115.1974
B_crinitus,1,175, cls_2 ,0.7146,1.1434,8.9959,71.4424
B_crinitus,1,180, cls_2 ,0.6125,1.1125,10.7414,71.4424
B_crinitus,1,193, cls_2 ,7.1456,1.1371,0.6792,325.8273
B_crinitus,1,199, cls_2 ,1.225,1.0556,39.8812,63.9
B_crinitus,1,201, cls_2 ,4.5936,1.0835,25.9623,63.9
B_crinitus,1,203, cls_2 ,11.5351,1.1692,12.9463,63.9
B_crinitus,1,206, cls_2 ,2.1437,1.1239,0.9144,325.8273
B_crinitus,1,214, cls_2 ,0.7146,1.0932,5.8678,159.75
B_crinitus,1,222, cls_2 ,2.0416,1.1518,0.3794,558.8967
B_crinitus,1,223, cls_2 ,11.7392,1.1846,25.5046,63.9
B_crinitus,1,229, cls_2 ,10.208,1.0644,31.0698,63.9
B_crinitus,1,239, cls_2 ,0.3062,1.0914,1.4985,63.9
B_crinitus,1,241, cls_2 ,0.3062,1.0358,1.2073,63.9
B_crinitus,1,244, cls_2 ,2.1437,1.0175,8.94,115.1974
B_crinitus,1,245, cls_2 ,2.4499,1.0706,1.3748,287.55
B_crinitus,1,248, cls_2 ,1.6333,1.0836,1.0543,202.0695
B_crinitus,1,249, cls_2 ,0.6125,1.0819,0.5646,115.1974
B_crinitus,1,262, cls_2 ,1.7354,1.1599,0.7001,400.3324
B_crinitus,1,266, cls_2 ,3.6749,1.0547,0.5587,202.0695
B_crinitus,1,271, cls_2 ,1.4291,1.0606,0.6872,607.05
B_crinitus,1,273, cls_2 ,10.208,1.236,6.6437,63.9
B_crinitus,1,292, cls_2 ,2.2458,1.0937,4.6537,95.85
B_crinitus,1,298, cls_2 ,4.8999,1.1491,6.6778,63.9
B_crinitus,1,303, cls_2 ,1.4291,1.0606,2.6513,63.9
B_crinitus,1,304, cls_2 ,0.6125,1.1395,5.3544,63.9
B_crinitus,1,307, cls_2 ,2.0416,1.0903,14.876,63.9
B_crinitus,1,308, cls_2 ,2.3478,1.1982,26.7636,63.9
B_crinitus,1,318, cls_2 ,5.5123,1.159,0.7081,357.2119
B_crinitus,1,323, cls_2 ,0.3062,1.0358,8.4284,63.9
B_crinitus,1,330, cls_2 ,0.4083,1.0975,0.7157,528.8666
B_crinitus,1,336, cls_2 ,1.9395,1.1578,7.5811,127.8
B_crinitus,1,339, cls_2 ,1.4291,1.1589,5.9517,127.8
B_crinitus,1,360, cls_2 ,22.6618,1.1719,7.3833,63.9
B_crinitus,1,362, cls_2 ,2.3478,1.1823,56.4902,63.9
B_crinitus,1,377, cls_2 ,0.3062,1.0358,0.1858,1897.7332
B_crinitus,1,389, cls_2 ,0.1021,1,56.3148,63.9
B_crinitus,1,400, cls_2 ,0.6125,1.1125,0.3435,2846.9584
B_crinitus,1,416, cls_2 ,0.7146,1.1434,0.6356,1287.9457
B_crinitus,1,424, cls_2 ,1.1229,1.0654,0.205,1066.3836
B_crinitus,1,428, cls_2 ,0.6125,1.0819,0.8544,131.7332
B_crinitus,1,437, cls_2 ,1.1229,1.0402,0.5624,131.7332
B_crinitus,1,475, cls_2 ,5.9207,1.1172,0.6969,127.8
B_crinitus,1,476, cls_2 ,0.8166,1.0769,3.8153,127.8
B_crinitus,1,490, cls_2 ,0.9187,1.0889,12.6135,131.7332
B_crinitus,1,501, cls_2 ,8.7789,1.1634,28.9948,115.1974
B_crinitus,1,513, cls_2 ,0.7146,1.0932,22.3698,352.8993
B_crinitus,1,527, cls_2 ,21.8452,1.1419,357.1143,90.3682
B_crinitus,1,528, cls_2 ,1.9395,1.0471,0.6028,255.6
B_crinitus,1,529, cls_2 ,1.327,1.089,0.8474,255.6
B_crinitus,1,539, cls_2 ,283.9873,1.1898,73.5523,63.9
B_crinitus,1,549, cls_2 ,1.225,1.078,108.6776,71.4424
B_crinitus,1,550, cls_2 ,0.9187,1.063,5.1882,63.9
B_crinitus,1,551, cls_2 ,0.6125,1.1125,0.505,642.1871
B_crinitus,1,555, cls_2 ,0.6125,1.0819,1.0054,434.567
B_crinitus,1,556, cls_2 ,0.4083,1.0537,2.7397,71.4424
B_crinitus,1,560, cls_2 ,1.6333,1.1429,3.7094,95.85
B_crinitus,1,562, cls_2 ,2.2458,1.1609,1.3058,101.0348
B_crinitus,1,564, cls_2 ,1.225,1.078,1.3328,142.8847
B_crinitus,1,566, cls_2 ,2.4499,1.0843,1.48,71.4424
B_crinitus,1,567, cls_2 ,0.6125,1.0465,1.6726,249.5375
B_crinitus,1,568, cls_2 ,0.1021,1,1.5777,71.4424
B_crinitus,1,572, cls_2 ,0.5104,1.1362,6.4591,63.9
B_crinitus,1,573, cls_2 ,0.3062,1.0358,5.2303,71.4424
B_crinitus,1,574, cls_2 ,0.5104,1.1362,350.8851,71.4424
B_crinitus,1,582, cls_2 ,0.2042,1.0155,6.0409,63.9
B_crinitus,1,584, cls_2 ,1.4291,1.0606,3.5445,95.85
B_crinitus,1,586, cls_2 ,2.1437,1.054,1.0042,214.3271
B_crinitus,1,588, cls_2 ,3.3686,1.1965,161.9077,63.9
B_crinitus,1,589, cls_2 ,1.225,1.0306,80.3219,63.9
B_crinitus,1,590, cls_2 ,0.5104,1.0261,4.7697,63.9
B_crinitus,1,593, cls_2 ,0.7146,1.0631,1.3748,159.75
B_crinitus,1,602, cls_2 ,29.297,1.2087,290.8418,63.9
B_crinitus,1,608, cls_2 ,0.7146,1.1197,1.534,159.75
B_crinitus,1,611, cls_2 ,0.1021,1,89.7933,63.9
B_crinitus,1,612, cls_2 ,0.1021,1,129.8847,63.9
B_crinitus,1,622, cls_2 ,0.5104,1.0261,423.1822,63.9
B_crinitus,1,627, cls_2 ,2.1437,1.0701,3.785,395.1997
B_crinitus,1,630, cls_2 ,7.5539,1.1213,0.521,793.6215
B_crinitus,1,634, cls_2 ,20.8244,1.1099,14.3747,101.0348
B_crinitus,1,637, cls_2 ,0.8166,1.0769,2.3567,127.8
B_crinitus,1,639, cls_2 ,0.1021,1,3.8908,63.9
B_crinitus,1,641, cls_2 ,0.3062,1.0914,4.9048,63.9
B_crinitus,1,643, cls_2 ,14.3933,1.1474,29.5588,63.9
B_crinitus,1,649, cls_2 ,1.6333,1.0836,17.8936,63.9
B_crinitus,1,650, cls_2 ,0.7146,1.0631,56.3954,63.9
B_crinitus,1,654, cls_2 ,2.552,1.1462,0.5988,285.7695
B_crinitus,1,655, cls_2 ,0.8166,1.1847,13.3305,271.1047
B_crinitus,1,656, cls_2 ,0.7146,1.1197,358.9605,90.3682
B_crinitus,1,662, cls_2 ,0.1021,1,12.7006,63.9
B_crinitus,1,663, cls_2 ,3.6749,1.1981,286.7991,63.9
B_crinitus,1,664, cls_2 ,2.3478,1.1017,309.8716,95.85
B_crinitus,1,668, cls_2 ,22.0493,1.2392,14.0069,63.9
B_crinitus,1,671, cls_2 ,1.8374,1.0529,0.628,285.7695
B_crinitus,1,672, cls_2 ,1.4291,1.1154,17.9842,63.9
B_crinitus,1,673, cls_2 ,0.2042,1.0155,11.544,63.9
B_crinitus,1,674, cls_2 ,0.5104,1.105,14.1102,63.9
B_crinitus,1,678, cls_2 ,0.4083,1.0975,12.965,71.4424
B_crinitus,1,680, cls_2 ,0.8166,1.1477,33.8289,63.9
B_crinitus,1,682, cls_2 ,0.1021,1,19.6249,63.9
B_crinitus,1,683, cls_2 ,2.0416,1.0903,21.5623,63.9
B_crinitus,1,684, cls_2 ,0.1021,1,14.6153,95.85
B_crinitus,1,686, cls_2 ,1.327,1.1543,159.3171,135.5524
B_crinitus,1,690, cls_2 ,0.5104,1.1362,66.6544,63.9
B_crinitus,1,693, cls_2 ,0.4083,1.0975,2.2232,528.8666
B_crinitus,1,694, cls_2 ,0.1021,1,21.7789,63.9
B_crinitus,1,696, cls_2 ,3.6749,1.0663,36.4354,63.9
B_crinitus,1,698, cls_2 ,16.7412,1.1209,2.196,101.0348
B_crinitus,1,700, cls_2 ,0.7146,1.0932,33.5402,263.4664
B_crinitus,1,707, cls_2 ,0.1021,1,9.9413,71.4424
B_crinitus,1,710, cls_2 ,1.0208,1.0764,29.3028,159.75
B_crinitus,1,717, cls_2 ,1.225,1.1778,703.6301,63.9
B_crinitus,1,721, cls_2 ,1.8374,1.0706,16.6906,101.0348
B_crinitus,1,725, cls_2 ,1.225,1.1167,32.8807,63.9
B_crinitus,1,726, cls_2 ,1.7354,1.1226,63.1913,63.9
B_crinitus,1,738, cls_2 ,2.4499,1.1311,113.5728,159.75
B_crinitus,1,740, cls_2 ,24.8055,1.2603,26.0824,63.9
B_crinitus,1,742, cls_2 ,0.9187,1.1328,12.4978,272.9809
B_crinitus,1,745, cls_2 ,0.1021,1,98.132,71.4424
B_crinitus,1,746, cls_2 ,0.7146,1.0631,2.7828,409.1596
B_crinitus,1,751, cls_2 ,0.5104,1.0688,49.9848,71.4424
B_crinitus,1,755, cls_2 ,1.7354,1.1482,1.4926,285.7695
B_crinitus,1,762, cls_2 ,0.8166,1.1265,62.9931,63.9
B_crinitus,1,763, cls_2 ,1.8374,1.102,14.0332,172.056
B_crinitus,1,764, cls_2 ,0.8166,1.1265,3.8489,71.4424
B_crinitus,1,766, cls_2 ,0.9187,1.0889,3.9573,71.4424
B_crinitus,1,771, cls_2 ,38.9947,1.2265,15.7098,63.9
B_crinitus,1,773, cls_2 ,0.7146,1.1197,9.4867,243.324
B_crinitus,1,774, cls_2 ,0.2042,1.0155,0.2328,1137.7072
B_crinitus,1,778, cls_2 ,0.6125,1.1395,10.8908,101.0348
B_crinitus,1,779, cls_2 ,1.0208,1.1561,102.4636,63.9
B_crinitus,1,783, cls_2 ,0.8166,1.1477,28.233,101.0348
B_crinitus,1,787, cls_2 ,0.3062,1.0914,0.1769,447.3
B_crinitus,1,789, cls_2 ,7.2477,1.1589,62.7872,63.9
B_crinitus,1,790, cls_2 ,0.8166,1.0769,51.1976,63.9
B_crinitus,1,798, cls_2 ,0.1021,1,34.4987,63.9
B_crinitus,1,803, cls_2 ,0.7146,1.0631,98.9354,63.9
B_crinitus,1,807, cls_2 ,4.6957,1.128,0.714,180.7365
B_crinitus,1,811, cls_2 ,0.4083,1.0537,50.3496,90.3682
B_crinitus,1,815, cls_2 ,0.6125,1.0819,32.4667,63.9
B_crinitus,1,817, cls_2 ,3.0624,1.0962,0.4083,344.112
B_crinitus,1,818, cls_2 ,4.1853,1.1017,0.4042,512.1975
B_crinitus,1,821, cls_2 ,22.2535,1.2395,6.2682,63.9
B_crinitus,1,827, cls_2 ,0.8166,1.1031,0.3071,505.1739
B_crinitus,1,828, cls_2 ,0.6125,1.0465,0.1535,447.3
B_crinitus,1,834, cls_2 ,0.8166,1.0769,1.9177,180.7365
B_crinitus,1,836, cls_2 ,1.0208,1.1722,2.9413,586.524
B_crinitus,1,837, cls_2 ,0.4083,1.0975,12.894,63.9
B_crinitus,1,845, cls_2 ,1.327,1.1073,0.6855,95.85
B_crinitus,1,854, cls_2 ,0.5104,1.105,56.001,63.9
B_crinitus,1,862, cls_2 ,0.1021,1,2.5859,95.85
B_crinitus,1,867, cls_2 ,0.8166,1.1031,0.2661,505.1739
B_crinitus,1,869, cls_2 ,0.8166,1.0769,0.8307,101.0348
B_crinitus,1,873, cls_2 ,4.7978,1.1257,2.8729,115.1974
B_crinitus,1,881, cls_2 ,1.4291,1.1454,3.345,71.4424
B_crinitus,1,882, cls_2 ,0.7146,1.0631,5.6482,95.85
B_crinitus,1,883, cls_2 ,1.327,1.089,45.9775,71.4424
B_crinitus,1,888, cls_2 ,0.7146,1.0932,9.6798,71.4424
B_crinitus,1,895, cls_2 ,0.1021,1,7.5005,71.4424
B_crinitus,1,896, cls_2 ,1.225,1.1337,6.4425,71.4424
B_crinitus,1,897, cls_2 ,0.7146,1.1197,8.3866,71.4424
B_crinitus,1,898, cls_2 ,1.225,1.1337,1.8916,316.2889
B_crinitus,1,907, cls_2 ,0.8166,1.1031,7.2751,115.1974
B_crinitus,1,908, cls_2 ,3.9811,1.1717,5.3749,63.9
B_crinitus,1,909, cls_2 ,1.0208,1.1199,8.9818,71.4424
B_crinitus,1,910, cls_2 ,0.7146,1.1197,6.3658,95.85
B_crinitus,1,918, cls_2 ,0.2042,1.0155,7.3842,63.9
B_crinitus,1,919, cls_2 ,2.1437,1.085,4.2538,131.7332
B_crinitus,1,924, cls_2 ,0.4083,1.0975,3.8066,63.9
B_crinitus,1,925, cls_2 ,0.7146,1.0283,3.9097,63.9
B_crinitus,1,926, cls_2 ,2.3478,1.1823,2.5242,159.75
B_crinitus,1,930, cls_2 ,1.8374,1.0869,5.6902,301.4157
B_crinitus,1,932, cls_2 ,0.6125,1.0465,2.9622,71.4424
B_crinitus,1,935, cls_2 ,0.4083,1.1346,5.5792,63.9
B_crinitus,1,936, cls_2 ,0.9187,1.112,5.1822,101.0348
B_crinitus,1,938, cls_2 ,0.9187,1.0889,2.5537,63.9
B_crinitus,1,939, cls_2 ,0.8166,1.1031,11.9949,63.9
B_crinitus,1,942, cls_2 ,0.2042,1.0155,6.1717,63.9
B_crinitus,1,947, cls_2 ,0.2042,1.0909,6.9862,63.9
B_crinitus,1,949, cls_2 ,1.5312,1.1506,2.7272,101.0348
B_crinitus,1,955, cls_2 ,1.0208,1.0764,34.2521,186.2989
B_crinitus,1,958, cls_2 ,0.5104,1.0688,1.3476,63.9
B_crinitus,1,960, cls_2 ,0.9187,1.1328,240.8372,71.4424
B_crinitus,1,965, cls_2 ,122.5984,1.1847,14.6114,63.9
B_crinitus,1,966, cls_2 ,0.1021,1,2.1697,63.9
B_crinitus,1,992, cls_2 ,0.8166,1.0769,21.9815,63.9
B_crinitus,1,997, cls_2 ,1.1229,1.1271,135.9021,63.9
B_crinitus,1,1032, cls_2 ,0.1021,1,92.7623,115.1974
B_crinitus,1,1038, cls_2 ,1.0208,1.1388,0.4875,671.7103
B_crinitus,1,1049, cls_2 ,1.7354,1.0769,0.5839,671.7103
B_crinitus,1,1061, cls_2 ,1.5312,1.1862,0.3059,2759.5628
B_crinitus,1,1064, cls_2 ,2.6541,1.1597,0.2102,2759.5628
B_crinitus,1,1066, cls_2 ,1.4291,1.1589,1.8707,63.9
B_crinitus,1,1071, cls_2 ,2.3478,1.2266,2.5841,115.1974
B_crinitus,1,1072, cls_2 ,4.0832,1.197,302.9329,63.9
B_crinitus,1,1075, cls_2 ,0.3062,1.0358,5.3261,63.9
B_crinitus,1,1076, cls_2 ,0.7146,1.1434,4.0703,142.8847
B_crinitus,1,1092, cls_2 ,2.6541,1.0884,6.2819,101.0348
B_crinitus,1,1093, cls_2 ,1.5312,1.0909,10.1297,115.1974
B_crinitus,1,1096, cls_2 ,0.9187,1.1519,4.7637,101.0348
B_crinitus,1,1101, cls_2 ,2.1437,1.1239,18.3554,63.9
B_crinitus,1,1102, cls_2 ,1.0208,1.1388,6.953,63.9
B_crinitus,1,1104, cls_2 ,3.5728,1.0904,14.2992,63.9
B_crinitus,1,1108, cls_2 ,1.5312,1.1372,8.0378,63.9
B_crinitus,1,1109, cls_2 ,1.0208,1.0764,6.7204,71.4424
B_crinitus,1,1112, cls_2 ,1.7354,1.0933,8.1318,115.1974
B_crinitus,1,1116, cls_2 ,0.9187,1.112,13.3476,63.9
B_crinitus,1,1117, cls_2 ,0.7146,1.1434,4.6016,127.8
B_crinitus,1,1121, cls_2 ,3.0624,1.1066,5.6504,63.9
B_crinitus,1,1123, cls_2 ,0.6125,1.1637,6.3529,63.9
B_crinitus,1,1124, cls_2 ,1.327,1.089,1.1413,204.5798
B_crinitus,1,1125, cls_2 ,2.1437,1.1117,3.3784,95.85
B_crinitus,1,1127, cls_2 ,3.9811,1.1233,5.1663,115.1974
B_crinitus,1,1137, cls_2 ,3.0624,1.1436,0.9557,287.55
B_crinitus,1,1138, cls_2 ,0.5104,1.0688,2.2193,142.8847
B_crinitus,1,1141, cls_2 ,0.6125,1.0819,1.0758,204.5798
B_crinitus,1,1143, cls_2 ,0.4083,1.1346,5.372,71.4424
B_crinitus,1,1144, cls_2 ,0.3062,1.0358,9.2027,63.9
B_crinitus,1,1156, cls_2 ,0.9187,1.112,1.6912,101.0348
B_crinitus,1,1160, cls_2 ,0.7146,1.1434,0.7439,287.55
B_crinitus,1,1161, cls_2 ,0.4083,1.0537,4.6826,63.9
B_crinitus,1,1167, cls_2 ,1.5312,1.0728,2.4414,63.9
B_crinitus,1,1168, cls_2 ,0.5104,1.0261,2.1215,95.85
B_crinitus,1,1170, cls_2 ,0.3062,1.0358,5.5119,63.9
B_crinitus,1,1171, cls_2 ,1.225,1.0556,1.1799,191.7
B_crinitus,1,1173, cls_2 ,0.8166,1.1031,1.6095,95.85
B_crinitus,1,1175, cls_2 ,3.6749,1.1153,1.3126,115.1974
B_crinitus,1,1176, cls_2 ,0.5104,1.0688,2.0869,63.9
B_crinitus,1,1179, cls_2 ,1.225,1.0556,0.8155,191.7
B_crinitus,1,1181, cls_2 ,0.1021,1,2.3612,63.9
B_crinitus,1,1184, cls_2 ,0.9187,1.0338,1.176,172.056
B_crinitus,1,1192, cls_2 ,0.9187,1.112,0.5599,804.4804
B_crinitus,1,1195, cls_2 ,0.8166,1.0473,3.5532,63.9
B_crinitus,1,1196, cls_2 ,0.2042,1.0155,0.625,95.85
B_crinitus,1,1198, cls_2 ,0.3062,1.0358,1.1683,172.056
B_crinitus,1,1200, cls_2 ,0.3062,1.0358,0.5382,95.85
B_crinitus,1,1202, cls_2 ,0.1021,1,3.7584,63.9
B_crinitus,1,1207, cls_2 ,1.6333,1.1554,0.73,172.056
B_crinitus,1,1209, cls_2 ,1.4291,1.0987,3.3232,115.1974
B_crinitus,1,1218, cls_2 ,0.5104,1.0688,0.9216,71.4424
B_crinitus,1,1223, cls_2 ,5.4103,1.12,9.7591,63.9
B_crinitus,1,1228, cls_2 ,3.6749,1.1319,2.1769,115.1974
B_crinitus,1,1230, cls_2 ,0.2042,1.0155,1.5145,71.4424
B_crinitus,1,1234, cls_2 ,1.8374,1.1292,0.3063,683.7599
B_crinitus,1,1235, cls_2 ,3.5728,1.1427,14.3174,63.9
B_crinitus,1,1238, cls_2 ,0.9187,1.063,0.5067,409.1596
B_crinitus,1,1240, cls_2 ,2.552,1.2165,1.6967,214.3271
B_crinitus,1,1248, cls_2 ,0.5104,1.105,0.6757,257.5891
B_crinitus,1,1251, cls_2 ,0.8166,1.1477,7.1092,63.9
B_crinitus,1,1255, cls_2 ,1.5312,1.1075,0.6516,63.9
B_crinitus,1,1257, cls_2 ,0.2042,1.0155,3.1624,71.4424
B_crinitus,1,1261, cls_2 ,1.1229,1.0654,0.1883,2584.595
B_crinitus,1,1263, cls_2 ,2.4499,1.1509,5.2908,63.9
B_crinitus,1,1269, cls_2 ,0.8166,1.167,1.482,71.4424
B_crinitus,1,1270, cls_2 ,0.1021,1,4.038,63.9
B_crinitus,1,1282, cls_2 ,0.8166,1.1265,0.169,646.9382
B_crinitus,1,1293, cls_2 ,0.2042,1.0155,68.0829,63.9
B_crinitus,1,1294, cls_2 ,27.4596,1.2428,3.9922,63.9
B_crinitus,1,1296, cls_2 ,1.1229,1.1271,2.4353,63.9
B_crinitus,1,1297, cls_2 ,0.9187,1.1695,2.9398,63.9
B_crinitus,1,1299, cls_2 ,0.3062,1.0358,67.814,63.9
B_crinitus,1,1342, cls_2 ,0.8166,1.1031,4.6627,63.9
B_crinitus,1,1353, cls_2 ,1.8374,1.1292,2.1537,63.9
B_crinitus,1,1355, cls_2 ,1.1229,1.1271,54.2883,71.4424
B_crinitus,1,1373, cls_2 ,0.5104,1.0688,2.8455,63.9
B_crinitus,1,1379, cls_2 ,0.9187,1.063,0.067,1967.7154
B_crinitus,1,1381, cls_2 ,0.2042,1.0155,2.4879,63.9
B_crinitus,1,1404, cls_2 ,1.0208,1.0509,3.4155,172.056
B_crinitus,1,1408, cls_2 ,9.3914,1.1742,1.0097,172.056
B_crinitus,1,1428, cls_2 ,0.7146,1.0631,0.217,1309.95
B_crinitus,1,1456, cls_2 ,4.2874,1.0992,2.0404,180.7365
B_crinitus,1,1463, cls_2 ,7.2477,1.1201,1.5355,159.75
B_crinitus,1,1466, cls_2 ,2.2458,1.0799,4.5373,159.75
B_crinitus,1,1492, cls_2 ,2.2458,1.1701,0.1527,1404.7104
B_crinitus,1,1501, cls_2 ,1.9395,1.123,0.5671,225.9206
B_crinitus,1,1510, cls_2 ,0.5104,1.1362,0.6455,225.9206
B_crinitus,1,1669, cls_2 ,0.6125,1.1125,0.2899,63.9
B_crinitus,1,1678, cls_2 ,0.1021,1,1.5393,63.9
B_crinitus,1,1890, cls_2 ,0.1021,1,0.022,10943.7495
B_crinitus,1,56, cls_6 ,1.225,1.078,1.0152,225.9206
B_crinitus,1,65, cls_6 ,4.2874,1.0616,0.2855,404.1391
B_crinitus,1,69, cls_6 ,2.9603,1.0509,0.879,225.9206
B_crinitus,1,81, cls_6 ,2.3478,1.0889,0.8912,257.5891
B_crinitus,1,85, cls_6 ,20.1098,1.1375,0.4098,294.5644
B_crinitus,1,94, cls_6 ,1.9395,1.0809,3.0771,90.3682
B_crinitus,1,99, cls_6 ,1.4291,1.0386,0.0583,2303.9473
B_crinitus,1,105, cls_6 ,0.3062,1.0358,4.5846,90.3682
B_crinitus,1,113, cls_6 ,0.8166,1.0473,2.6094,90.3682
B_crinitus,1,114, cls_6 ,1.0208,1.0509,1.8923,172.056
B_crinitus,1,117, cls_6 ,0.8166,1.0769,2.9369,90.3682
B_crinitus,1,126, cls_6 ,1.225,1.0556,2.5756,90.3682
B_crinitus,1,128, cls_6 ,0.8166,1.0769,1.3207,131.7332
B_crinitus,1,277, cls_6 ,0.1021,1,1.4414,225.9206
B_crinitus,1,278, cls_6 ,0.4083,1.0537,1.7937,186.2989
B_crinitus,1,283, cls_6 ,3.5728,1.1001,5.8532,131.7332
B_crinitus,1,286, cls_6 ,0.7146,1.0631,5.471,115.1974
B_crinitus,1,287, cls_6 ,6.9415,1.1073,3.4031,115.1974
B_crinitus,1,301, cls_6 ,6.1248,1.1138,4.9959,127.8
B_crinitus,1,327, cls_6 ,5.6144,1.0802,4.1127,127.8
B_crinitus,1,823, cls_6 ,0.1021,1,0.3984,249.5375
B_crinitus,1,844, cls_6 ,1.0208,1.0509,0.349,249.5375
B_crinitus,1,962, cls_6 ,72.8853,1.1688,1.8311,95.85
B_crinitus,1,978, cls_6 ,1.327,1.0467,1.842,646.9382
B_crinitus,1,1019, cls_6 ,0.7146,1.0631,79.5677,95.85
B_crinitus,1,1053, cls_6 ,2.1437,1.0988,28.656,159.75
B_crinitus,1,1055, cls_6 ,15.4141,1.1121,0.3831,1022.8991
B_crinitus,1,1056, cls_6 ,2.1437,1.085,3.3011,487.6956
B_crinitus,1,1159, cls_6 ,1.9395,1.1469,0.2811,159.75
B_crinitus,1,1180, cls_6 ,0.4083,1.0975,0.873,159.75
B_crinitus,1,1183, cls_6 ,1.225,1.078,0.2294,1346.8356
B_crinitus,1,1319, cls_6 ,10.1059,1.1123,0.3703,339.6332
B_crinitus,1,1356, cls_6 ,1.1229,1.0654,0.744,115.1974
B_crinitus,1,1366, cls_6 ,0.6125,1.0465,1.1684,115.1974
B_crinitus,1,1367, cls_6 ,3.0624,1.2076,1.0141,339.6332
B_crinitus,1,1418, cls_6 ,36.2385,1.0876,0.5195,142.8847
B_crinitus,1,1438, cls_6 ,0.6125,1.0465,17.833,142.8847
B_crinitus,1,1441, cls_6 ,1.5312,1.0728,0.4692,488.741
B_crinitus,1,1449, cls_6 ,0.8166,1.0473,2.4179,204.5798
B_crinitus,1,1458, cls_6 ,0.8166,1.0473,3.9433,204.5798
B_crinitus,1,1472, cls_6 ,7.2477,1.0556,0.1552,232.5995
B_crinitus,1,1485, cls_6 ,0.5104,1.105,1.3953,232.5995
B_crinitus,1,1596, cls_6 ,2.3478,1.1823,8.2685,71.4424
B_crinitus,1,1601, cls_6 ,3.879,1.0916,1.7178,162.9137
B_crinitus,1,1603, cls_6 ,1.0208,1.1561,10.2364,71.4424
B_crinitus,1,1607, cls_6 ,0.1021,1,11.5783,95.85
B_crinitus,1,1608, cls_6 ,19.4973,1.1502,23.7111,90.3682
B_crinitus,1,1614, cls_6 ,0.1021,1,0.1462,1626.6284
B_crinitus,1,1615, cls_6 ,1.327,1.1679,6.6019,90.3682
B_crinitus,1,1622, cls_6 ,11.3309,1.0872,20.3774,71.4424
B_crinitus,1,1629, cls_6 ,4.3895,1.1131,1.5278,162.9137
B_crinitus,1,1632, cls_6 ,0.1021,1,9.2237,90.3682
B_crinitus,1,1638, cls_6 ,10.1059,1.2371,25.4287,71.4424
B_crinitus,1,1645, cls_6 ,0.7146,1.0283,7.1479,172.056
B_crinitus,1,1647, cls_6 ,3.5728,1.08,0.1878,862.65
B_crinitus,1,1654, cls_6 ,17.864,1.0684,24.938,90.3682
B_crinitus,1,1658, cls_6 ,0.5104,1.105,2.1294,257.5891
B_crinitus,1,1674, cls_6 ,2.6541,1.0884,0.1797,571.539
B_crinitus,1,1676, cls_6 ,0.3062,1.0358,20.8686,71.4424
B_crinitus,1,1679, cls_6 ,0.1021,1,5.9102,71.4424
B_crinitus,1,1681, cls_6 ,1.8374,1.2118,4.0382,71.4424
B_crinitus,1,1683, cls_6 ,1.0208,1.022,1.4469,384.7289
B_crinitus,1,1690, cls_6 ,0.5104,1.105,0.2549,571.539
B_crinitus,1,1697, cls_6 ,1.225,1.1641,4.0106,71.4424
B_crinitus,1,1703, cls_6 ,2.4499,1.0706,0.0629,1891.5371
B_crinitus,1,1704, cls_6 ,0.7146,1.0283,0.673,500.0966
B_crinitus,1,1707, cls_6 ,0.6125,1.0819,0.2045,862.65
B_crinitus,1,1720, cls_6 ,2.7562,1.1376,1.1311,90.3682
B_crinitus,1,1729, cls_6 ,3.0624,1.0734,0.1013,729.9719
B_crinitus,1,1731, cls_6 ,0.2042,1.0155,1.5474,71.4424
B_crinitus,1,1739, cls_6 ,0.6125,1.0465,3.6635,90.3682
B_crinitus,1,1740, cls_6 ,0.3062,1.0358,5.25,71.4424
B_crinitus,1,1748, cls_6 ,2.3478,1.1904,1.1598,71.4424
B_crinitus,1,1750, cls_6 ,1.6333,1.1889,0.2965,388.6885
B_crinitus,1,1755, cls_6 ,1.7354,1.0395,0.6356,243.324
B_crinitus,1,1757, cls_6 ,2.1437,1.085,0.4833,316.2889
B_crinitus,1,1773, cls_6 ,5.2061,1.0796,0.082,1172.1775
B_crinitus,1,1785, cls_6 ,0.6125,1.0465,0.0972,1172.1775
B_crinitus,1,1787, cls_6 ,0.6125,1.1855,0.6642,314.671
B_crinitus,1,1794, cls_6 ,2.0416,1.0754,0.2874,357.2119
B_crinitus,1,1799, cls_6 ,3.3686,1.1639,0.5853,255.6
B_crinitus,1,1801, cls_6 ,0.6125,1.1125,0.9073,255.6
B_crinitus,1,1804, cls_6 ,3.4707,1.0721,0.7059,314.671
B_crinitus,1,1820, cls_6 ,4.8999,1.1166,21.0951,90.3682
B_crinitus,1,1826, cls_6 ,0.7146,1.1434,1.2781,115.1974
B_crinitus,1,1827, cls_6 ,0.2042,1.0155,10.8186,71.4424
B_crinitus,1,1829, cls_6 ,16.1287,1.1559,7.1185,90.3682
B_crinitus,1,1830, cls_6 ,1.5312,1.1506,0.6519,115.1974
B_crinitus,1,1831, cls_6 ,1.8374,1.102,6.678,71.4424
B_crinitus,1,1833, cls_6 ,1.0208,1.0993,0.3427,186.2989
B_crinitus,1,1838, cls_6 ,0.2042,1.0155,6.1564,135.5524
B_crinitus,1,1839, cls_6 ,20.6202,1.1937,3.483,63.9
B_crinitus,1,1841, cls_6 ,0.1021,1,1.2644,71.4424
B_crinitus,1,1843, cls_6 ,0.2042,1.0909,3.1195,71.4424
B_crinitus,1,1846, cls_6 ,14.5975,1.2113,0.111,1151.9736
B_crinitus,1,1850, cls_6 ,1.327,1.0689,0.8565,71.4424
B_crinitus,1,1856, cls_6 ,0.1021,1,2.7917,71.4424
B_crinitus,1,1863, cls_6 ,1.0208,1.0509,51.1065,63.9
B_crinitus,1,1873, cls_6 ,2.3478,1.0752,1.703,434.567
B_crinitus,1,1876, cls_6 ,8.1664,1.1467,4.9179,115.1974
B_crinitus,1,1877, cls_6 ,2.1437,1.0701,1.57,101.0348
B_crinitus,1,1878, cls_6 ,1.4291,1.1948,2.262,101.0348
B_crinitus,1,1881, cls_6 ,5.4103,1.0583,10.349,115.1974
B_crinitus,1,1882, cls_6 ,3.2666,1.0543,11.9666,63.9
B_crinitus,1,1883, cls_6 ,4.3895,1.0968,13.1034,63.9
B_crinitus,1,1885, cls_6 ,2.6541,1.0884,1.7936,214.3271
B_crinitus,1,1887, cls_6 ,2.1437,1.0988,1.0197,101.0348
B_crinitus,1,1888, cls_6 ,0.2042,1.0909,2.3062,71.4424
B_crinitus,1,1891, cls_6 ,0.6125,1.1395,1.3962,71.4424
B_crinitus,1,1892, cls_6 ,0.2042,1.0155,1.2962,194.3443
B_crinitus,1,1893, cls_6 ,0.4083,1.0537,4.6105,63.9
B_crinitus,1,1895, cls_6 ,0.8166,1.1265,1.9451,63.9
B_crinitus,1,1896, cls_6 ,0.4083,1.0537,0.3293,428.6542
B_crinitus,1,62, cls_5 ,0.2042,1.0155,0.0914,115.1974
B_crinitus,1,67, cls_5 ,0.1021,1,0.171,115.1974
B_crinitus,1,119, cls_5 ,0.4083,1.0975,0.0143,646.1488
B_crinitus,1,213, cls_5 ,0.8166,1.0473,0.0139,4665.1377
B_crinitus,1,367, cls_5 ,2.4499,1.0401,0.0176,4888.4544
B_crinitus,1,386, cls_5 ,0.6125,1.0819,4.2392,71.4424
B_crinitus,1,391, cls_5 ,2.1437,1.085,1.2448,71.4424
B_crinitus,1,531, cls_5 ,30.0116,1.3369,4.1305,71.4424
B_crinitus,1,540, cls_5 ,0.7146,1.1197,30.5309,101.0348
B_crinitus,1,541, cls_5 ,1.7354,1.1599,2.7597,127.8
B_crinitus,1,544, cls_5 ,1.1229,1.1602,8.0066,71.4424
B_crinitus,1,546, cls_5 ,3.5728,1.2275,2.6846,71.4424
B_crinitus,1,552, cls_5 ,0.8166,1.1031,1.1798,191.7
B_crinitus,1,561, cls_5 ,1.327,1.1242,0.2754,325.8273
B_crinitus,1,563, cls_5 ,0.9187,1.1328,0.1898,223.65
B_crinitus,1,569, cls_5 ,0.1021,1,0.2458,223.65
B_crinitus,1,772, cls_5 ,0.7146,1.0283,0.0431,1331.5908
B_crinitus,1,777, cls_5 ,2.3478,1.0604,0.2445,383.4
B_crinitus,1,782, cls_5 ,1.6333,1.1672,60.095,71.4424
B_crinitus,1,797, cls_5 ,0.4083,1.1346,0.2415,314.671
B_crinitus,1,804, cls_5 ,1.6333,1.2177,5.0986,71.4424
B_crinitus,1,810, cls_5 ,2.3478,1.0752,0.2432,383.4
B_crinitus,1,819, cls_5 ,0.7146,1.1434,0.0787,743.138
B_crinitus,1,822, cls_5 ,1.7354,1.1084,0.1065,314.671
B_crinitus,1,835, cls_5 ,1.4291,1.2055,4.0383,71.4424
B_crinitus,1,843, cls_5 ,0.5104,1.105,0.1291,883.6933
B_crinitus,1,855, cls_5 ,0.6125,1.1637,2.1504,71.4424
B_crinitus,1,866, cls_5 ,0.4083,1.1667,1.7285,71.4424
B_crinitus,1,872, cls_5 ,1.8374,1.0529,0.0773,1054.834
B_crinitus,1,878, cls_5 ,0.4083,1.1346,0.6842,135.5524
B_crinitus,1,891, cls_5 ,0.3062,1.0914,0.9865,135.5524
B_crinitus,1,904, cls_5 ,1.1229,1.2141,0.3243,135.5524
B_crinitus,1,911, cls_5 ,0.7146,1.0283,0.0777,914.9088
B_crinitus,1,948, cls_5 ,0.1021,1,0.1854,319.5
B_crinitus,1,983, cls_5 ,0.1021,1,0.0486,1279.5965
B_crinitus,1,1021, cls_5 ,4.4915,1.228,0.809,90.3682
B_crinitus,1,1052, cls_5 ,0.4083,1.0975,0.0381,1936.3387
B_crinitus,1,1079, cls_5 ,0.5104,1.1362,7.412,71.4424
B_crinitus,1,1087, cls_5 ,0.9187,1.2282,1.8466,71.4424
B_crinitus,1,1103, cls_5 ,4.2874,1.2292,0.1744,364.286
B_crinitus,1,1139, cls_5 ,1.0208,1.0764,0.2361,420.2366
B_crinitus,1,1142, cls_5 ,0.5104,1.0688,1.2349,131.7332
B_crinitus,1,1145, cls_5 ,0.6125,1.1395,0.6041,202.0695
B_crinitus,1,1146, cls_5 ,0.1021,1,0.2757,294.5644
B_crinitus,1,1147, cls_5 ,1.1229,1.1271,0.4198,319.5
B_crinitus,1,1151, cls_5 ,1.327,1.1679,1.5062,71.4424
B_crinitus,1,1152, cls_5 ,1.1229,1.1602,0.9775,131.7332
B_crinitus,1,1153, cls_5 ,0.5104,1.0688,0.1957,249.5375
B_crinitus,1,1155, cls_5 ,0.1021,1,3.4349,71.4424
B_crinitus,1,1157, cls_5 ,0.1021,1,0.1979,294.5644
B_crinitus,1,1163, cls_5 ,0.9187,1.112,0.0421,2137.0705
B_crinitus,1,1172, cls_5 ,2.8582,1.1596,0.2184,319.5
B_crinitus,1,1177, cls_5 ,1.0208,1.022,0.1177,249.5375
B_crinitus,1,1186, cls_5 ,1.8374,1.2201,2.9257,90.3682
B_crinitus,1,1201, cls_5 ,1.6333,1.1672,2.9143,90.3682
B_crinitus,1,1211, cls_5 ,0.6125,1.0465,0.0336,767.4653
B_crinitus,1,1214, cls_5 ,0.5104,1.105,0.0582,664.8364
B_crinitus,1,1215, cls_5 ,1.1229,1.1271,2.4861,90.3682
B_crinitus,1,1225, cls_5 ,2.8582,1.2331,0.8685,101.0348
B_crinitus,1,1226, cls_5 ,1.1229,1.1888,2.5217,71.4424
B_crinitus,1,1231, cls_5 ,0.7146,1.1197,1.157,115.1974
B_crinitus,1,1232, cls_5 ,0.1021,1,2.8125,71.4424
B_crinitus,1,1241, cls_5 ,0.4083,1.0975,1.3604,115.1974
B_crinitus,1,1244, cls_5 ,0.5104,1.105,3.1698,101.0348
B_crinitus,1,1245, cls_5 ,1.5312,1.175,4.2577,71.4424
B_crinitus,1,1249, cls_5 ,2.4499,1.1931,3.0782,71.4424
B_crinitus,1,1250, cls_5 ,1.1229,1.1888,3.4079,63.9
B_crinitus,1,1252, cls_5 ,1.6333,1.2177,6.1597,63.9
B_crinitus,1,1253, cls_5 ,0.8166,1.1031,3.2147,63.9
B_crinitus,1,1256, cls_5 ,1.0208,1.0764,7.4078,71.4424
B_crinitus,1,1258, cls_5 ,0.9187,1.1328,6.1482,63.9
B_crinitus,1,1264, cls_5 ,0.2042,1.0155,1.3404,101.0348
B_crinitus,1,1265, cls_5 ,1.9395,1.1578,6.5681,71.4424
B_crinitus,1,1266, cls_5 ,0.5104,1.0688,7.1662,63.9
B_crinitus,1,1271, cls_5 ,0.2042,1.0155,0.8874,101.0348
B_crinitus,1,1273, cls_5 ,1.0208,1.1388,4.3333,71.4424
B_crinitus,1,1277, cls_5 ,1.1229,1.1443,5.0185,63.9
B_crinitus,1,1283, cls_5 ,0.7146,1.1197,0.999,101.0348
B_crinitus,1,1287, cls_5 ,0.4083,1.0537,0.1661,428.6542
B_crinitus,1,1298, cls_5 ,0.7146,1.1434,0.8669,101.0348
B_crinitus,1,1308, cls_5 ,0.5104,1.1362,0.5282,172.056
B_crinitus,1,1321, cls_5 ,1.225,1.1778,0.3889,172.056
B_crinitus,1,1334, cls_5 ,0.1021,1,4.6895,63.9
B_crinitus,1,1337, cls_5 ,1.8374,1.1415,4.9787,63.9
B_crinitus,1,1362, cls_5 ,3.3686,1.1841,5.8855,63.9
B_crinitus,1,1371, cls_5 ,2.3478,1.2129,11.8921,63.9
B_crinitus,1,1450, cls_5 ,0.5104,1.0261,0.0129,1649.3752
B_crinitus,1,1465, cls_5 ,0.4083,1.0537,0.0147,1649.3752
B_crinitus,1,1520, cls_5 ,0.4083,1,0.0188,1997.3222
B_crinitus,1,1528, cls_5 ,0.6125,1.0465,0.0209,3306.3233
B_crinitus,1,1542, cls_5 ,0.8166,1.0131,0.0388,1062.0672
B_crinitus,1,1545, cls_5 ,0.5104,1.0261,0.0144,2782.5864
B_crinitus,1,1560, cls_5 ,1.1229,1.088,0.0579,528.8666
B_crinitus,1,1580, cls_5 ,0.3062,1.0914,0.0756,528.8666
B_crinitus,1,1582, cls_5 ,0.6125,1.0819,0.0674,600.286
B_crinitus,1,1597, cls_5 ,0.4083,1.0537,0.0223,1373.85
B_crinitus,1,1599, cls_5 ,0.7146,1.0932,0.0189,1373.85
B_crinitus,1,1613, cls_5 ,0.6125,1.0465,0.0343,995.0771
B_crinitus,1,1634, cls_5 ,0.6125,1.0819,0.0232,3230.9018
B_crinitus,1,1639, cls_5 ,1.225,1.0306,0.3649,257.5891
B_crinitus,1,1650, cls_5 ,2.1437,1.1239,0.301,257.5891
B_crinitus,1,1680, cls_5 ,0.7146,1.0631,0.3383,274.8443
B_crinitus,1,1712, cls_5 ,2.2458,1.1066,0.02,1747.9307
B_crinitus,1,1743, cls_5 ,0.8166,1.0473,0.0124,3789.1407
B_crinitus,1,1810, cls_5 ,1.0208,1.022,0.0405,2531.9241
B_crinitus,1,1811, cls_5 ,0.9187,1.063,0.0186,2111.8442
B_crinitus,1,1840, cls_5 ,2.1437,1.1117,0.0589,1347.972
B_crinitus,1,1842, cls_5 ,1.225,1.0982,0.029,3494.8393
B_crinitus,1,1861, cls_5 ,0.9187,1.0889,0.1438,1010.3477
B_crinitus,1,1874, cls_5 ,1.1229,1.0115,0.1804,1010.3477
B_crinitus,1,1886, cls_5 ,40.1175,1.1218,0.0151,1616.872
B_crinitus,1,124, cls_4 ,0.8166,1.1031,0.0015,5344.0613
B_crinitus,1,365, cls_4 ,0.6125,1.1125,0.004,4337.6758
B_crinitus,1,477, cls_4 ,0.5104,1.105,3.1727,115.1974
B_crinitus,1,482, cls_4 ,4.1853,1.1721,0.4151,115.1974
B_crinitus,1,492, cls_4 ,0.5104,1.1362,1.8365,63.9
B_crinitus,1,493, cls_4 ,0.4083,1.1346,1.4543,63.9
B_crinitus,1,498, cls_4 ,0.1021,1,1.4347,71.4424
B_crinitus,1,510, cls_4 ,0.8166,1.0473,0.5211,115.1974
B_crinitus,1,518, cls_4 ,1.8374,1.0869,0.0508,1000.1932
B_crinitus,1,558, cls_4 ,0.2042,1.0155,2.187,63.9
B_crinitus,1,559, cls_4 ,0.7146,1.0932,2.1386,63.9
B_crinitus,1,575, cls_4 ,0.8166,1.0473,1.537,71.4424
B_crinitus,1,614, cls_4 ,2.3478,1.2057,0.032,1205.6628
B_crinitus,1,1060, cls_4 ,0.5104,1.0261,0.0017,8757.1564
B_crinitus,1,1082, cls_4 ,0.5104,1.0261,0.009,2883.4764
B_crinitus,1,1274, cls_4 ,0.7146,1.0283,0.0528,790.3993
B_crinitus,1,1314, cls_4 ,0.1021,1,1.3758,63.9
B_crinitus,1,1318, cls_4 ,0.5104,1.0261,0.3874,63.9
B_crinitus,1,1327, cls_4 ,7.7581,1.1475,0.3242,319.5
B_crinitus,1,1328, cls_4 ,0.5104,1.0261,0.3704,271.1047
B_crinitus,1,1347, cls_4 ,0.6125,1.0465,0.2461,271.1047
B_crinitus,1,1361, cls_4 ,2.9603,1.1856,0.7721,319.5
B_crinitus,1,1824, cls_4 ,0.7146,1.0932,0.0005,15539.5617
B_crinitus,2,1, cls_3 ,0.8166,1.0769,3105.938,63.9
B_crinitus,2,3, cls_3 ,1266.3055,1.2844,299.3898,63.9
B_crinitus,2,5, cls_3 ,0.1021,1,3106.089,63.9
B_crinitus,2,6, cls_3 ,0.1021,1,482.3539,162.9137
B_crinitus,2,8, cls_3 ,7.2477,1.0842,2492.3986,71.4424
B_crinitus,2,11, cls_3 ,10.3101,1.0859,40.1672,186.2989
B_crinitus,2,12, cls_3 ,15.7204,1.139,1704.2889,63.9
B_crinitus,2,18, cls_3 ,690.9812,1.2655,141.0046,63.9
B_crinitus,2,23, cls_3 ,6.6352,1.1591,3114.2936,63.9
B_crinitus,2,26, cls_3 ,0.2042,1.0155,140.5962,142.8847
B_crinitus,2,29, cls_3 ,3227.7775,1.3117,2788.1891,63.9
B_crinitus,2,31, cls_3 ,14.6996,1.2165,651.3505,90.3682
B_crinitus,2,35, cls_3 ,0.3062,1.0914,127.5113,101.0348
B_crinitus,2,37, cls_3 ,0.9187,1.0889,69.9803,131.7332
B_crinitus,2,39, cls_3 ,0.2042,1.0155,213.6467,71.4424
B_crinitus,2,43, cls_3 ,1.4291,1.0606,601.0461,71.4424
B_crinitus,2,47, cls_3 ,1.327,1.089,1703.3004,63.9
B_crinitus,2,50, cls_3 ,0.6125,1.0465,351.2884,90.3682
B_crinitus,2,58, cls_3 ,14.0871,1.0898,1272.9383,63.9
B_crinitus,2,66, cls_3 ,0.9187,1.0889,7942.6348,63.9
B_crinitus,2,71, cls_3 ,10.1059,1.1454,597.5413,101.0348
B_crinitus,2,72, cls_3 ,0.7146,1.0631,2525.3301,71.4424
B_crinitus,2,74, cls_3 ,0.9187,1.0338,500.0959,204.5798
B_crinitus,2,83, cls_3 ,0.7146,1.0932,6330.8293,71.4424
B_crinitus,2,84, cls_3 ,0.1021,1,6326.9513,71.4424
B_crinitus,2,95, cls_3 ,1.0208,1.0509,775.5975,142.8847
B_crinitus,2,100, cls_3 ,0.3062,1.0358,2487.8611,71.4424
B_crinitus,2,106, cls_3 ,0.9187,1.0889,981.4671,115.1974
B_crinitus,2,108, cls_3 ,1.7354,1.059,255.2627,101.0348
B_crinitus,2,113, cls_3 ,3.0624,1.0851,1102.2501,71.4424
B_crinitus,2,124, cls_3 ,3.777,1.0846,727.1142,135.5524
B_crinitus,2,127, cls_3 ,1.6333,1.0243,3112.762,63.9
B_crinitus,2,130, cls_3 ,0.3062,1.0914,7907.5982,63.9
B_crinitus,2,131, cls_3 ,0.1021,1,1697.6664,63.9
B_crinitus,2,133, cls_3 ,9.6976,1.1605,441.3197,172.056
B_crinitus,2,134, cls_3 ,0.6125,1.1125,520.0824,115.1974
B_crinitus,2,135, cls_3 ,23.6826,1.162,5889.1022,63.9
B_crinitus,2,136, cls_3 ,2.2458,1.1066,245.4974,71.4424
B_crinitus,2,143, cls_3 ,0.1021,1,86.4144,115.1974
B_crinitus,2,148, cls_3 ,0.2042,1.0155,6326.8075,71.4424
B_crinitus,2,149, cls_3 ,25.8263,1.2048,3521.9531,71.4424
B_crinitus,2,150, cls_3 ,15.4141,1.1494,238.4709,115.1974
B_crinitus,2,151, cls_3 ,0.9187,1.063,76.9796,115.1974
B_crinitus,2,153, cls_3 ,11.0247,1.1738,5654.6573,63.9
B_crinitus,2,165, cls_3 ,2.552,1.1642,3158.4649,63.9
B_crinitus,2,177, cls_3 ,1.0208,1.0993,7908.3876,63.9
B_crinitus,2,179, cls_3 ,14.3933,1.237,1264.1727,63.9
B_crinitus,2,180, cls_3 ,0.8166,1.0769,314.537,71.4424
B_crinitus,2,182, cls_3 ,0.7146,1.0283,3955.642,90.3682
B_crinitus,2,184, cls_3 ,2.9603,1.1202,249.6602,257.5891
B_crinitus,2,193, cls_3 ,10139.0188,1.3224,9269.715,63.9
B_crinitus,2,199, cls_3 ,2.0416,1.1294,7908.6038,63.9
B_crinitus,2,212, cls_3 ,1.7354,1.0933,745.0857,95.85
B_crinitus,2,216, cls_3 ,1.4291,1.0606,124.8345,180.7365
B_crinitus,2,219, cls_3 ,2.2458,1.1301,700.3589,63.9
B_crinitus,2,220, cls_3 ,2.552,1.0799,7909.1351,63.9
B_crinitus,2,224, cls_3 ,0.3062,1.0358,7908.3705,63.9
B_crinitus,2,225, cls_3 ,0.5104,1.0688,404.3652,131.7332
B_crinitus,2,226, cls_3 ,0.4083,1.0537,131.4802,135.5524
B_crinitus,2,227, cls_3 ,0.8166,1.0769,1254.4364,95.85
B_crinitus,2,229, cls_3 ,1.6333,1.1672,3517.4641,95.85
B_crinitus,2,231, cls_3 ,0.7146,1.0631,221.2277,63.9
B_crinitus,2,232, cls_3 ,1.4291,1.1154,109.109,135.5524
B_crinitus,2,236, cls_3 ,0.1021,1,7907.8259,63.9
B_crinitus,2,242, cls_3 ,0.2042,1.0155,396.5585,63.9
B_crinitus,2,246, cls_3 ,2.7562,1.1376,551.9541,243.324
B_crinitus,2,248, cls_3 ,5.2061,1.062,1699.6504,63.9
B_crinitus,2,251, cls_3 ,1.1229,1.0654,3978.8423,159.75
B_crinitus,2,254, cls_3 ,2.2458,1.0937,268.2716,127.8
B_crinitus,2,255, cls_3 ,1.8374,1.116,2488.9875,71.4424
B_crinitus,2,260, cls_3 ,2.6541,1.1222,7908.8235,63.9
B_crinitus,2,269, cls_3 ,3.0624,1.1747,7910.5435,63.9
B_crinitus,2,270, cls_3 ,0.1021,1,10.7984,872.6504
B_crinitus,2,271, cls_3 ,9.2893,1.0958,119.3629,225.9206
B_crinitus,2,274, cls_3 ,0.1021,1,7909.9087,63.9
B_crinitus,2,275, cls_3 ,1.5312,1.1228,3167.1674,101.0348
B_crinitus,2,282, cls_3 ,0.4083,1.0975,445.8472,95.85
B_crinitus,2,284, cls_3 ,2.4499,1.0971,6329.7055,71.4424
B_crinitus,2,286, cls_3 ,0.1021,1,6332.7183,71.4424
B_crinitus,2,287, cls_3 ,0.5104,1.105,863.6217,63.9
B_crinitus,2,289, cls_3 ,0.4083,1.0537,552.8097,63.9
B_crinitus,2,291, cls_3 ,0.4083,1.0975,3114.6498,63.9
B_crinitus,2,295, cls_3 ,0.4083,1.0537,7908.8883,63.9
B_crinitus,2,298, cls_3 ,5.104,1.1193,7913.2252,63.9
B_crinitus,2,299, cls_3 ,6.2269,1.1611,55.7933,172.056
B_crinitus,2,302, cls_3 ,1.1229,1.088,6329.5873,71.4424
B_crinitus,2,307, cls_3 ,15.312,1.2253,82.2997,101.0348
B_crinitus,2,310, cls_3 ,0.3062,1.0358,19869.0539,71.4424
B_crinitus,2,313, cls_3 ,0.8166,1.0473,8.4069,872.6504
B_crinitus,2,316, cls_3 ,0.7146,1.0283,888.0256,127.8
B_crinitus,2,319, cls_3 ,0.9187,1.1328,3112.7344,63.9
B_crinitus,2,320, cls_3 ,2.7562,1.0963,2504.7081,71.4424
B_crinitus,2,325, cls_3 ,0.2042,1.0909,1700.7875,63.9
B_crinitus,2,326, cls_3 ,0.8166,1.0473,194.4666,131.7332
B_crinitus,2,334, cls_3 ,0.2042,1.0909,93.894,101.0348
B_crinitus,2,335, cls_3 ,1.7354,1.059,9936.1809,101.0348
B_crinitus,2,337, cls_3 ,0.2042,1.0155,24833.2989,63.9
B_crinitus,2,341, cls_3 ,3.4707,1.1808,3111.6029,63.9
B_crinitus,2,344, cls_3 ,11.2288,1.1313,72.1113,345.5921
B_crinitus,2,348, cls_3 ,0.7146,1.0283,1985.3246,127.8
B_crinitus,2,349, cls_3 ,0.2042,1.0155,51.5136,415.35
B_crinitus,2,350, cls_3 ,4.2874,1.0717,1365.348,71.4424
B_crinitus,2,358, cls_3 ,1.6333,1.1554,82.2286,101.0348
B_crinitus,2,359, cls_3 ,4.2874,1.1376,69.2171,294.5644
B_crinitus,2,363, cls_3 ,1.4291,1.1154,360.963,101.0348
B_crinitus,2,365, cls_3 ,0.2042,1.0155,1863.9733,131.7332
B_crinitus,2,366, cls_3 ,0.5104,1.0688,68.539,479.25
B_crinitus,2,374, cls_3 ,2.1437,1.1845,73.1443,465.199
B_crinitus,2,383, cls_3 ,0.4083,1.0537,27.2794,71.4424
B_crinitus,2,384, cls_3 ,0.1021,1,61.4508,63.9
B_crinitus,2,388, cls_3 ,1.8374,1.116,50.5227,63.9
B_crinitus,2,389, cls_3 ,14.4954,1.1582,335.6408,115.1974
B_crinitus,2,390, cls_3 ,1.5312,1.0311,1990.3552,225.9206
B_crinitus,2,391, cls_3 ,0.5104,1.105,10.7361,1272.3965
B_crinitus,2,392, cls_3 ,1.0208,1.0993,21.9264,524.019
B_crinitus,2,395, cls_3 ,0.4083,1.0537,23.6923,71.4424
B_crinitus,2,397, cls_3 ,1.327,1.1073,26.4264,115.1974
B_crinitus,2,401, cls_3 ,0.1021,1,29.391,333.5678
B_crinitus,2,402, cls_3 ,0.8166,1.1031,11.053,314.671
B_crinitus,2,403, cls_3 ,0.1021,1,16.1231,63.9
B_crinitus,2,409, cls_3 ,1.5312,1.1506,13.0974,63.9
B_crinitus,2,411, cls_3 ,0.7146,1.1197,34.8211,71.4424
B_crinitus,2,412, cls_3 ,1.327,1.1242,767.2738,289.3196
B_crinitus,2,422, cls_3 ,4.3895,1.1051,29.5403,71.4424
B_crinitus,2,426, cls_3 ,2.1437,1.1462,6651.8321,71.4424
B_crinitus,2,427, cls_3 ,0.7146,1.0932,11.3295,186.2989
B_crinitus,2,429, cls_3 ,1.327,1.1242,29.1247,500.0966
B_crinitus,2,430, cls_3 ,1.327,1.0467,119.7117,257.5891
B_crinitus,2,433, cls_3 ,0.6125,1.0819,1385.6913,159.75
B_crinitus,2,438, cls_3 ,1.0208,1.0764,12.0474,186.2989
B_crinitus,2,439, cls_3 ,0.6125,1.1125,268.1803,71.4424
B_crinitus,2,441, cls_3 ,0.7146,1.0932,12.359,90.3682
B_crinitus,2,444, cls_3 ,3.2666,1.0998,1774.7285,135.5524
B_crinitus,2,445, cls_3 ,1363.2817,1.321,6456.7416,63.9
B_crinitus,2,449, cls_3 ,0.1021,1,244.316,71.4424
B_crinitus,2,451, cls_3 ,0.9187,1.063,1144.7803,159.75
B_crinitus,2,452, cls_3 ,1.1229,1.0654,12.477,90.3682
B_crinitus,2,454, cls_3 ,5.7165,1.1208,63.8632,63.9
B_crinitus,2,459, cls_3 ,0.7146,1.1845,41.0614,115.1974
B_crinitus,2,460, cls_3 ,2.8582,1.1426,66.1486,728.5721
B_crinitus,2,461, cls_3 ,0.7146,1.0631,1918.2689,101.0348
B_crinitus,2,466, cls_3 ,2.4499,1.0843,41.8901,225.9206
B_crinitus,2,468, cls_3 ,7.9623,1.1053,14.5003,294.5644
B_crinitus,2,469, cls_3 ,0.7146,1.0631,8997.1283,71.4424
B_crinitus,2,470, cls_3 ,11.1267,1.1667,72.4191,63.9
B_crinitus,2,472, cls_3 ,0.7146,1.0283,1377.1768,101.0348
B_crinitus,2,474, cls_3 ,0.4083,1,888.8759,194.3443
B_crinitus,2,477, cls_3 ,0.1021,1,198.0596,71.4424
B_crinitus,2,479, cls_3 ,0.7146,1.0932,8090.8847,63.9
B_crinitus,2,480, cls_3 ,3.5728,1.1643,500.7199,63.9
B_crinitus,2,481, cls_3 ,1.0208,1.0764,27.5603,191.7
B_crinitus,2,482, cls_3 ,4.8999,1.1768,46.5293,90.3682
B_crinitus,2,483, cls_3 ,0.6125,1.0047,6211.7238,63.9
B_crinitus,2,489, cls_3 ,0.7146,1.1197,48.2494,225.9206
B_crinitus,2,491, cls_3 ,1.1229,1.1271,5523.7593,63.9
B_crinitus,2,495, cls_3 ,147.506,1.1687,209.4875,63.9
B_crinitus,2,497, cls_3 ,2.552,1.1462,447.3417,71.4424
B_crinitus,2,501, cls_3 ,0.7146,1.1197,2987.1853,71.4424
B_crinitus,2,502, cls_3 ,0.5104,1.0688,1541.6887,71.4424
B_crinitus,2,503, cls_3 ,0.1021,1,40.594,90.3682
B_crinitus,2,505, cls_3 ,4.8999,1.0585,407.6533,71.4424
B_crinitus,2,506, cls_3 ,0.4083,1.0975,61.4426,526.9329
B_crinitus,2,507, cls_3 ,2.6541,1.168,19867.2496,71.4424
B_crinitus,2,510, cls_3 ,0.1021,1,2717.8763,71.4424
B_crinitus,2,512, cls_3 ,0.2042,1.0155,198.7053,95.85
B_crinitus,2,517, cls_3 ,6.5331,1.0491,12.7129,191.7
B_crinitus,2,519, cls_3 ,0.4083,1.0537,187.5586,71.4424
B_crinitus,2,520, cls_3 ,0.8166,1.1031,114.5825,443.8636
B_crinitus,2,521, cls_3 ,1.0208,1.0764,784.4818,71.4424
B_crinitus,2,522, cls_3 ,0.8166,1.0473,2891.8945,71.4424
B_crinitus,2,524, cls_3 ,2.7562,1.0583,21.554,191.7
B_crinitus,2,527, cls_3 ,0.1021,1,129.4878,71.4424
B_crinitus,2,528, cls_3 ,27.2554,1.0917,273.2811,607.05
B_crinitus,2,531, cls_3 ,16.0266,1.1565,563.1,63.9
B_crinitus,2,532, cls_3 ,0.9187,1.112,7643.9278,115.1974
B_crinitus,2,535, cls_3 ,1.5312,1.0909,23.2246,71.4424
B_crinitus,2,536, cls_3 ,1.0208,1.0764,22.5065,159.75
B_crinitus,2,537, cls_3 ,4.0832,1.0443,24.0436,131.7332
B_crinitus,2,538, cls_3 ,0.7146,1.1197,44.7294,389.9995
B_crinitus,2,541, cls_3 ,0.1021,1,19866.0892,71.4424
B_crinitus,2,546, cls_3 ,0.1021,1,21.0521,63.9
B_crinitus,2,548, cls_3 ,1.327,1.0467,254.0237,63.9
B_crinitus,2,549, cls_3 ,3.6749,1.1153,18.7606,63.9
B_crinitus,2,550, cls_3 ,5.5123,1.1245,35.3026,63.9
B_crinitus,2,551, cls_3 ,0.6125,1.0819,24.5255,131.7332
B_crinitus,2,553, cls_3 ,4.0832,1.1627,19866.2305,71.4424
B_crinitus,2,554, cls_3 ,0.1021,1,1187.9067,115.1974
B_crinitus,2,556, cls_3 ,0.6125,1.0819,1713.0218,90.3682
B_crinitus,2,559, cls_3 ,0.5104,1.105,29.7377,526.9329
B_crinitus,2,560, cls_3 ,20.416,1.1595,114.0232,101.0348
B_crinitus,2,561, cls_3 ,4.5936,1.116,7645.3643,115.1974
B_crinitus,2,565, cls_3 ,0.6125,1.0465,17.6989,172.056
B_crinitus,2,569, cls_3 ,1.1229,1.088,31.6051,162.9137
B_crinitus,2,570, cls_3 ,2.9603,1.1202,47.0955,131.7332
B_crinitus,2,572, cls_3 ,0.1021,1,688.0875,131.7332
B_crinitus,2,574, cls_3 ,1.8374,1.0529,46.4147,63.9
B_crinitus,2,576, cls_3 ,0.1021,1,18.4393,71.4424
B_crinitus,2,577, cls_3 ,7.656,1.1532,67.31,63.9
B_crinitus,2,578, cls_3 ,15.0058,1.1038,24834.9678,63.9
B_crinitus,2,584, cls_3 ,0.6125,1.0465,12420.6496,90.3682
B_crinitus,2,585, cls_3 ,0.1021,1,3382.0804,63.9
B_crinitus,2,586, cls_3 ,1.327,1.0689,40.4677,71.4424
B_crinitus,2,587, cls_3 ,0.9187,1.0338,24.6293,127.8
B_crinitus,2,589, cls_3 ,16.6391,1.1015,97.1471,389.9995
B_crinitus,2,592, cls_3 ,1.225,1.0556,35.6666,115.1974
B_crinitus,2,597, cls_3 ,1.0208,1.0993,10.9219,373.9652
B_crinitus,2,598, cls_3 ,7.9623,1.0997,294.0367,131.7332
B_crinitus,2,601, cls_3 ,21.8452,1.2388,1518.6346,63.9
B_crinitus,2,602, cls_3 ,6.4311,1.1714,36.7138,63.9
B_crinitus,2,603, cls_3 ,3.2666,1.0667,31.905,63.9
B_crinitus,2,611, cls_3 ,2.7562,1.0963,185.9557,115.1974
B_crinitus,2,614, cls_3 ,8.0643,1.1564,1368.5689,71.4424
B_crinitus,2,615, cls_3 ,0.9187,1.0338,1350.0347,101.0348
B_crinitus,2,616, cls_3 ,3.5728,1.1001,13.9667,186.2989
B_crinitus,2,617, cls_3 ,14.3933,1.228,14.8193,71.4424
B_crinitus,2,619, cls_3 ,1.0208,1.0764,297.8411,194.3443
B_crinitus,2,620, cls_3 ,0.8166,1.0769,12.9119,223.65
B_crinitus,2,627, cls_3 ,4.6957,1.0899,93.8933,63.9
B_crinitus,2,630, cls_3 ,0.1021,1,2700.6625,71.4424
B_crinitus,2,631, cls_3 ,0.9187,1.063,11041.7859,95.85
B_crinitus,2,634, cls_3 ,0.6125,1.0819,575.9088,71.4424
B_crinitus,2,639, cls_3 ,6.2269,1.1182,176.6309,63.9
B_crinitus,2,641, cls_3 ,4.1853,1.0838,127.7982,63.9
B_crinitus,2,643, cls_3 ,0.2042,1.0155,15.8903,63.9
B_crinitus,2,646, cls_3 ,0.1021,1,21.7724,101.0348
B_crinitus,2,649, cls_3 ,0.6125,1.0819,16.1871,63.9
B_crinitus,2,651, cls_3 ,7.656,1.1035,753.9133,135.5524
B_crinitus,2,652, cls_3 ,7.0435,1.2044,679.7236,131.7332
B_crinitus,2,653, cls_3 ,3.3686,1.1413,14.0937,115.1974
B_crinitus,2,655, cls_3 ,0.8166,1.1265,3356.4586,63.9
B_crinitus,2,656, cls_3 ,0.4083,1.0975,79.7136,90.3682
B_crinitus,2,657, cls_3 ,5.3082,1.1465,59.2386,95.85
B_crinitus,2,658, cls_3 ,3.777,1.1367,3434.1949,71.4424
B_crinitus,2,659, cls_3 ,1.4291,1.0606,2760.4068,63.9
B_crinitus,2,662, cls_3 ,1.6333,1.1154,21.6341,162.9137
B_crinitus,2,663, cls_3 ,1.1229,1.1085,808.4845,63.9
B_crinitus,2,665, cls_3 ,0.9187,1.063,318.5748,71.4424
B_crinitus,2,667, cls_3 ,0.5104,1.0688,24832.6811,63.9
B_crinitus,2,669, cls_3 ,0.2042,1.0155,62.1054,90.3682
B_crinitus,2,670, cls_3 ,1.4291,1.1154,18.4409,71.4424
B_crinitus,2,673, cls_3 ,2.9603,1.0998,32.4875,71.4424
B_crinitus,2,674, cls_3 ,0.2042,1.0155,19867.0459,71.4424
B_crinitus,2,676, cls_3 ,0.3062,1.0358,118.3486,131.7332
B_crinitus,2,677, cls_3 ,0.2042,1.0155,1354.274,63.9
B_crinitus,2,678, cls_3 ,1.8374,1.0529,2681.7736,71.4424
B_crinitus,2,680, cls_3 ,1.8374,1.0706,24.4548,294.5644
B_crinitus,2,682, cls_3 ,9.0851,1.1742,34.6009,63.9
B_crinitus,2,685, cls_3 ,0.1021,1,1042.7557,115.1974
B_crinitus,2,686, cls_3 ,6.9415,1.095,49.0671,90.3682
B_crinitus,2,690, cls_3 ,0.1021,1,1246.5422,63.9
B_crinitus,2,691, cls_3 ,3.2666,1.119,118.0523,71.4424
B_crinitus,2,697, cls_3 ,0.3062,1.0358,2485.0308,63.9
B_crinitus,2,698, cls_3 ,1.5312,1.1631,3351.9074,63.9
B_crinitus,2,700, cls_3 ,10.0039,1.1464,19.8692,71.4424
B_crinitus,2,701, cls_3 ,1.9395,1.0809,13.5372,115.1974
B_crinitus,2,702, cls_3 ,0.7146,1.1197,124.3888,451.8412
B_crinitus,2,705, cls_3 ,0.1021,1,104.7058,71.4424
B_crinitus,2,706, cls_3 ,1.225,1.078,17.4205,71.4424
B_crinitus,2,707, cls_3 ,0.1021,1,24833.2686,63.9
B_crinitus,2,709, cls_3 ,1.8374,1.0706,20.3249,294.5644
B_crinitus,2,711, cls_3 ,3.0624,1.0851,277.9296,223.65
B_crinitus,2,714, cls_3 ,1.7354,1.0933,196.1073,71.4424
B_crinitus,2,715, cls_3 ,0.8166,1.1031,1787.6331,71.4424
B_crinitus,2,716, cls_3 ,0.3062,1.0914,24832.802,63.9
B_crinitus,2,719, cls_3 ,1.7354,1.0769,47.7588,225.9206
B_crinitus,2,721, cls_3 ,1.6333,1.1154,76.4599,63.9
B_crinitus,2,722, cls_3 ,1.9395,1.1578,101.3235,194.3443
B_crinitus,2,723, cls_3 ,0.1021,1,3984.7696,71.4424
B_crinitus,2,728, cls_3 ,1.5312,1.1228,8896.9221,63.9
B_crinitus,2,729, cls_3 ,0.1021,1,5848.4626,71.4424
B_crinitus,2,733, cls_3 ,43.5883,1.2292,144.0144,63.9
B_crinitus,2,734, cls_3 ,2.7562,1.118,164.0138,63.9
B_crinitus,2,737, cls_3 ,5.6144,1.157,29.857,90.3682
B_crinitus,2,738, cls_3 ,8.4727,1.0993,1431.3696,71.4424
B_crinitus,2,739, cls_3 ,0.8166,1.1265,1348.627,101.0348
B_crinitus,2,740, cls_3 ,0.8166,1.0131,752.6019,135.5524
B_crinitus,2,743, cls_3 ,0.4083,1.1346,7645.6521,71.4424
B_crinitus,2,744, cls_3 ,1.7354,1.1084,817.822,223.65
B_crinitus,2,746, cls_3 ,2.552,1.1159,25.819,71.4424
B_crinitus,2,747, cls_3 ,1.9395,1.1099,16.57,71.4424
B_crinitus,2,748, cls_3 ,3627.4217,1.3018,25207.3236,63.9
B_crinitus,2,750, cls_3 ,1.225,1.0306,43.4579,63.9
B_crinitus,2,751, cls_3 ,0.6125,1.0819,56.125,639
B_crinitus,2,753, cls_3 ,0.1021,1,20.2517,142.8847
B_crinitus,2,754, cls_3 ,1.0208,1.0764,10.5471,230.3947
B_crinitus,2,758, cls_3 ,3.879,1.0716,4450.5167,90.3682
B_crinitus,2,759, cls_3 ,0.9187,1.0338,1988.6651,225.9206
B_crinitus,2,760, cls_3 ,0.7146,1.1197,17.2506,127.8
B_crinitus,2,761, cls_3 ,0.1021,1,13.5493,90.3682
B_crinitus,2,764, cls_3 ,0.8166,1.0473,842.8001,127.8
B_crinitus,2,765, cls_3 ,0.2042,1.0909,18.5573,142.8847
B_crinitus,2,766, cls_3 ,2.6541,1.1222,14.4967,71.4424
B_crinitus,2,768, cls_3 ,1.0208,1.0993,313.7826,172.056
B_crinitus,2,770, cls_3 ,1.6333,1.1154,19866.0603,71.4424
B_crinitus,2,771, cls_3 ,0.1021,1,55.1257,142.8847
B_crinitus,2,772, cls_3 ,0.5104,1.0261,17.0097,230.3947
B_crinitus,2,773, cls_3 ,1.327,1.1242,18.3317,71.4424
B_crinitus,2,774, cls_3 ,7.4519,1.1645,9934.4546,101.0348
B_crinitus,2,777, cls_3 ,0.5104,1.105,15.2536,71.4424
B_crinitus,2,779, cls_3 ,0.7146,1.0631,24832.2876,63.9
B_crinitus,2,780, cls_3 ,0.7146,1.0932,267.9927,214.3271
B_crinitus,2,785, cls_3 ,1.327,1.1242,17.1343,71.4424
B_crinitus,2,786, cls_3 ,4.7978,1.1739,5520.0116,135.5524
B_crinitus,2,788, cls_3 ,0.1021,1,1677.8058,90.3682
B_crinitus,2,789, cls_3 ,2.1437,1.0701,164.0665,294.5644
B_crinitus,2,790, cls_3 ,0.2042,1.0155,17.3152,159.75
B_crinitus,2,793, cls_3 ,0.6125,1.0819,2741.8358,115.1974
B_crinitus,2,794, cls_3 ,1.5312,1.0909,19869.7313,71.4424
B_crinitus,2,797, cls_3 ,1.1229,1.0402,11.8931,127.8
B_crinitus,2,798, cls_3 ,0.1021,1,13.6984,131.7332
B_crinitus,2,800, cls_3 ,0.6125,1.0819,12.4101,127.8
B_crinitus,2,801, cls_3 ,0.5104,1.0688,12.4135,127.8
B_crinitus,2,802, cls_3 ,0.8166,1.0769,589.7583,194.3443
B_crinitus,2,803, cls_3 ,1.0208,1.0993,8892.8533,63.9
B_crinitus,2,806, cls_3 ,1.225,1.078,19.9692,101.0348
B_crinitus,2,808, cls_3 ,3.1645,1.1482,541.9548,63.9
B_crinitus,2,809, cls_3 ,0.1021,1,19.8285,71.4424
B_crinitus,2,810, cls_3 ,0.2042,1.0155,12.8311,142.8847
B_crinitus,2,811, cls_3 ,0.9187,1.0338,1786.0675,142.8847
B_crinitus,2,813, cls_3 ,4.5936,1.116,1692.6841,90.3682
B_crinitus,2,816, cls_3 ,0.5104,1.1885,20.7489,71.4424
B_crinitus,2,819, cls_3 ,1.5312,1.175,1503.3583,71.4424
B_crinitus,2,825, cls_3 ,0.1021,1,8890.9934,63.9
B_crinitus,2,828, cls_3 ,1.8374,1.0869,858.6869,63.9
B_crinitus,2,838, cls_3 ,0.2042,1.0155,140.2895,63.9
B_crinitus,2,841, cls_3 ,0.7146,1.0283,724.7992,63.9
B_crinitus,2,845, cls_3 ,0.1021,1,793.4359,131.7332
B_crinitus,2,846, cls_3 ,13.5767,1.2018,8900.9493,63.9
B_crinitus,2,850, cls_3 ,0.7146,1.0283,143.2148,71.4424
B_crinitus,2,856, cls_3 ,4.0832,1.1043,72.5416,90.3682
B_crinitus,2,860, cls_3 ,0.3062,1.0358,10.6516,257.5891
B_crinitus,2,861, cls_3 ,0.7146,1.0283,11.959,131.7332
B_crinitus,2,863, cls_3 ,0.7146,1.0283,3962.0045,63.9
B_crinitus,2,872, cls_3 ,0.1021,1,11.2354,172.056
B_crinitus,2,874, cls_3 ,0.8166,1.0473,71.3974,970.1443
B_crinitus,2,878, cls_3 ,0.7146,1.0932,11.0391,172.056
B_crinitus,2,881, cls_3 ,2.7562,1.1281,11.7685,131.7332
B_crinitus,2,889, cls_3 ,1.4291,1.1589,1349.7697,63.9
B_crinitus,2,890, cls_3 ,5.8186,1.148,1492.7062,95.85
B_crinitus,2,892, cls_3 ,0.1021,1,8890.5449,63.9
B_crinitus,2,896, cls_3 ,0.1021,1,117.7344,63.9
B_crinitus,2,904, cls_3 ,1.225,1.1907,11045.4948,95.85
B_crinitus,2,905, cls_3 ,0.3062,1.0358,9938.0096,71.4424
B_crinitus,2,906, cls_3 ,0.9187,1.063,139.3786,230.3947
B_crinitus,2,910, cls_3 ,0.8166,1.1265,1002.4169,90.3682
B_crinitus,2,911, cls_3 ,10.5143,1.1816,1356.147,71.4424
B_crinitus,2,913, cls_3 ,0.4083,1.0975,19870.2435,71.4424
B_crinitus,2,914, cls_3 ,0.1021,1,24831.8505,63.9
B_crinitus,2,918, cls_3 ,0.7146,1.0283,19866.5123,71.4424
B_crinitus,2,921, cls_3 ,0.4083,1.1346,24832.7501,63.9
B_crinitus,2,923, cls_3 ,0.7146,1.0283,541.0581,159.75
B_crinitus,2,924, cls_3 ,0.2042,1.0155,9.9973,429.8433
B_crinitus,2,925, cls_3 ,7.0435,1.1863,1250.2869,63.9
B_crinitus,2,928, cls_3 ,0.8166,1.0769,2045.2696,95.85
B_crinitus,2,938, cls_3 ,1.1229,1.1085,55.7691,63.9
B_crinitus,2,943, cls_3 ,13.985,1.2196,24841.5408,63.9
B_crinitus,2,945, cls_3 ,0.7146,1.0932,24832.254,63.9
B_crinitus,2,948, cls_3 ,1.6333,1.1154,3351.8356,63.9
B_crinitus,2,949, cls_3 ,2.2458,1.0799,8902.7503,63.9
B_crinitus,2,951, cls_3 ,0.1021,1,2675.9418,71.4424
B_crinitus,2,952, cls_3 ,1.225,1.0556,3345.4309,63.9
B_crinitus,2,953, cls_3 ,0.1021,1,12.1609,71.4424
B_crinitus,2,964, cls_3 ,0.7146,1.0932,11.5263,71.4424
B_crinitus,2,965, cls_3 ,6.5331,1.1412,13.6087,486.6479
B_crinitus,2,966, cls_3 ,0.6125,1.0465,7112.8002,71.4424
B_crinitus,2,970, cls_3 ,0.3062,1.0914,1031.9768,95.85
B_crinitus,2,973, cls_3 ,0.2042,1.0155,44.0088,63.9
B_crinitus,2,980, cls_3 ,0.5104,1.105,234.5752,71.4424
B_crinitus,2,983, cls_3 ,0.7146,1.0932,106.9533,63.9
B_crinitus,2,984, cls_3 ,0.2042,1.0909,7113.2579,71.4424
B_crinitus,2,989, cls_3 ,0.5104,1.0688,1696.1932,63.9
B_crinitus,2,991, cls_3 ,2.1437,1.1117,85.6949,162.9137
B_crinitus,2,992, cls_3 ,1.0208,1.1722,660.2868,71.4424
B_crinitus,2,995, cls_3 ,5.104,1.1325,3344.4534,63.9
B_crinitus,2,996, cls_3 ,0.7146,1.1197,11.9251,225.9206
B_crinitus,2,997, cls_3 ,0.1021,1,29.4733,71.4424
B_crinitus,2,1001, cls_3 ,1.225,1.0306,34.0921,71.4424
B_crinitus,2,1002, cls_3 ,2.6541,1.1003,113.5842,294.5644
B_crinitus,2,1007, cls_3 ,0.7146,1.0932,3349.7776,63.9
B_crinitus,2,1008, cls_3 ,8.3706,1.2054,1683.6567,63.9
B_crinitus,2,1022, cls_3 ,2.8582,1.1336,16.0505,63.9
B_crinitus,2,1023, cls_3 ,0.7146,1.0283,24832.4007,63.9
B_crinitus,2,1032, cls_3 ,0.4083,1.0537,674.1363,249.5375
B_crinitus,2,1035, cls_3 ,6.8394,1.1313,19865.9958,71.4424
B_crinitus,2,1037, cls_3 ,25.2138,1.1655,2819.7009,115.1974
B_crinitus,2,1040, cls_3 ,0.7146,1.0932,13.8948,202.0695
B_crinitus,2,1042, cls_3 ,0.7146,1.0932,210.9527,63.9
B_crinitus,2,1043, cls_3 ,2.4499,1.1689,595.4375,272.9809
B_crinitus,2,1045, cls_3 ,0.7146,1.0932,423.4927,180.7365
B_crinitus,2,1051, cls_3 ,0.7146,1.0283,378.5703,172.056
B_crinitus,2,1053, cls_3 ,0.1021,1,23.0834,63.9
B_crinitus,2,1054, cls_3 ,4.6957,1.1762,36.4785,71.4424
B_crinitus,2,1057, cls_3 ,0.9187,1.1695,14.0056,202.0695
B_crinitus,2,1058, cls_3 ,0.8166,1.0769,26.1686,404.1391
B_crinitus,2,1059, cls_3 ,1.8374,1.1292,87.0699,95.85
B_crinitus,2,1061, cls_3 ,1.8374,1.0869,116.5816,63.9
B_crinitus,2,1069, cls_3 ,0.6125,1.0819,30.5867,90.3682
B_crinitus,2,1071, cls_3 ,4.3895,1.0881,260.1674,71.4424
B_crinitus,2,1074, cls_3 ,0.9187,1.1519,35.815,71.4424
B_crinitus,2,1077, cls_3 ,3.0624,1.1598,466.463,172.056
B_crinitus,2,1081, cls_3 ,3.1645,1.113,124.1707,95.85
B_crinitus,2,1087, cls_3 ,0.4083,1.0537,39.5011,90.3682
B_crinitus,2,1088, cls_3 ,1.4291,1.0386,1004.5239,71.4424
B_crinitus,2,1095, cls_3 ,0.1021,1,543.4729,71.4424
B_crinitus,2,1100, cls_3 ,4.0832,1.1126,88.5263,63.9
B_crinitus,2,1101, cls_3 ,0.8166,1.0473,28.5401,230.3947
B_crinitus,2,1102, cls_3 ,0.8166,1.1265,59.0522,90.3682
B_crinitus,2,1104, cls_3 ,0.1021,1,114.1284,63.9
B_crinitus,2,1105, cls_3 ,1.9395,1.0809,275.7525,71.4424
B_crinitus,2,1106, cls_3 ,2.552,1.1554,3960.8992,90.3682
B_crinitus,2,1108, cls_3 ,0.7146,1.0631,30.3559,159.75
B_crinitus,2,1109, cls_3 ,0.9187,1.0338,159.215,63.9
B_crinitus,2,1112, cls_3 ,6.9415,1.1298,60.892,71.4424
B_crinitus,2,1115, cls_3 ,1.7354,1.0395,103.1195,415.35
B_crinitus,2,1120, cls_3 ,0.9187,1.0889,9.9239,71.4424
B_crinitus,2,1121, cls_3 ,43.4862,1.2106,1387.0021,63.9
B_crinitus,2,1122, cls_3 ,1.5312,1.1075,38.7287,214.3271
B_crinitus,2,1126, cls_3 ,0.7146,1.0283,49.1814,71.4424
B_crinitus,2,1128, cls_3 ,1.0208,1.0509,20.164,159.75
B_crinitus,2,1130, cls_3 ,5.2061,1.0877,12419.4196,90.3682
B_crinitus,2,1131, cls_3 ,2.7562,1.0718,8893.1504,63.9
B_crinitus,2,1137, cls_3 ,0.3062,1.0914,10.8931,71.4424
B_crinitus,2,1138, cls_3 ,27.1533,1.263,8912.5832,63.9
B_crinitus,2,1139, cls_3 ,1.9395,1.0647,1837.3282,142.8847
B_crinitus,2,1148, cls_3 ,0.5104,1.105,24841.486,63.9
B_crinitus,2,1152, cls_3 ,13.1684,1.1981,24831.9871,63.9
B_crinitus,2,1157, cls_3 ,1.0208,1.0509,337.9936,416.577
B_crinitus,2,1161, cls_3 ,0.6125,1.0819,3963.3325,95.85
B_crinitus,2,1165, cls_3 ,7.9623,1.0752,161.8514,223.65
B_crinitus,2,1171, cls_3 ,0.8166,1.1031,21.8275,71.4424
B_crinitus,2,1172, cls_3 ,0.1021,1,8892.0554,63.9
B_crinitus,2,1179, cls_3 ,11.6371,1.1683,25.0325,142.8847
B_crinitus,2,1180, cls_3 ,1.327,1.1543,17.8274,71.4424
B_crinitus,2,1181, cls_3 ,0.2042,1.0155,8890.0311,63.9
B_crinitus,2,1183, cls_3 ,2.3478,1.1557,2233.4185,127.8
B_crinitus,2,1186, cls_3 ,0.1021,1,7117.3731,71.4424
B_crinitus,2,1189, cls_3 ,1.8374,1.1532,9.7889,474.9709
B_crinitus,2,1190, cls_3 ,2.6541,1.1597,22.6297,1048.0379
B_crinitus,2,1201, cls_3 ,1.327,1.1073,300.5039,127.8
B_crinitus,2,1209, cls_3 ,2.8582,1.2157,2099.7455,131.7332
B_crinitus,2,1210, cls_3 ,1.4291,1.1154,8917.6542,63.9
B_crinitus,2,1215, cls_3 ,3.0624,1.1519,1053.1493,127.8
B_crinitus,2,1219, cls_3 ,2.552,1.1554,8890.9902,63.9
B_crinitus,2,1220, cls_3 ,7.8602,1.1275,263.5733,71.4424
B_crinitus,2,1221, cls_3 ,2.4499,1.0971,1444.9819,63.9
B_crinitus,2,1222, cls_3 ,0.9187,1.0889,19870.9,71.4424
B_crinitus,2,1223, cls_3 ,0.3062,1.0914,183.3589,63.9
B_crinitus,2,1227, cls_3 ,2.0416,1.0754,3430.0846,127.8
B_crinitus,2,1229, cls_3 ,6.5331,1.1073,8897.1153,63.9
B_crinitus,2,1232, cls_3 ,1.0208,1.0509,8924.5693,63.9
B_crinitus,2,1233, cls_3 ,1.225,1.0556,443.7561,63.9
B_crinitus,2,1236, cls_3 ,2.6541,1.2183,21.1311,63.9
B_crinitus,2,1239, cls_3 ,1.4291,1.1154,7132.3922,63.9
B_crinitus,2,1247, cls_3 ,0.1021,1,22.2182,63.9
B_crinitus,2,1248, cls_3 ,1.225,1.078,15.8531,71.4424
B_crinitus,2,1249, cls_3 ,0.3062,1.0358,8.5756,230.3947
B_crinitus,2,1250, cls_3 ,1.6333,1.0657,7180.2116,63.9
B_crinitus,2,1251, cls_3 ,2.6541,1.0758,2757.7353,63.9
B_crinitus,2,1252, cls_3 ,0.1021,1,223.5336,63.9
B_crinitus,2,1262, cls_3 ,0.1021,1,8.9009,159.75
B_crinitus,2,1263, cls_3 ,0.1021,1,12417.9445,90.3682
B_crinitus,2,1264, cls_3 ,0.1021,1,14.5383,71.4424
B_crinitus,2,1267, cls_3 ,0.7146,1.1649,19.3795,71.4424
B_crinitus,2,1268, cls_3 ,0.3062,1.0914,9.5646,135.5524
B_crinitus,2,1272, cls_3 ,0.3062,1.0914,2100.656,71.4424
B_crinitus,2,1273, cls_3 ,0.1021,1,877.6255,71.4424
B_crinitus,2,1276, cls_3 ,1.0208,1.022,12.1751,63.9
B_crinitus,2,1277, cls_3 ,3.0624,1.0734,493.206,186.2989
B_crinitus,2,1278, cls_3 ,4.1853,1.093,3954.7681,95.85
B_crinitus,2,1279, cls_3 ,0.4083,1.0975,1432.0419,71.4424
B_crinitus,2,1281, cls_3 ,1.327,1.1543,10.5848,186.2989
B_crinitus,2,1283, cls_3 ,0.1021,1,13.6306,63.9
B_crinitus,2,1284, cls_3 ,0.1021,1,1129.3883,71.4424
B_crinitus,2,1286, cls_3 ,1.1229,1.1085,11.9792,63.9
B_crinitus,2,1289, cls_3 ,0.4083,1.0537,601.7173,71.4424
B_crinitus,2,1290, cls_3 ,13.3725,1.1357,12262.7158,95.85
B_crinitus,2,1293, cls_3 ,0.1021,1,9.2656,232.5995
B_crinitus,2,1295, cls_3 ,1.5312,1.0909,3959.6751,95.85
B_crinitus,2,1296, cls_3 ,38.4843,1.1218,24832.035,63.9
B_crinitus,2,1298, cls_3 ,0.7146,1.0932,9.6034,232.5995
B_crinitus,2,1302, cls_3 ,2.0416,1.0592,24832.6488,63.9
B_crinitus,2,1310, cls_3 ,0.7146,1.0283,3973.7106,159.75
B_crinitus,2,1311, cls_3 ,0.1021,1,8936.1119,63.9
B_crinitus,2,1312, cls_3 ,4.1853,1.1536,992.5447,191.7
B_crinitus,2,1326, cls_3 ,2.3478,1.0445,8889.8708,63.9
B_crinitus,2,1328, cls_3 ,1.9395,1.096,10.0276,289.3196
B_crinitus,2,1329, cls_3 ,1.1229,1.1085,3583.7962,101.0348
B_crinitus,2,1334, cls_3 ,1.1229,1.088,2227.408,127.8
B_crinitus,2,1339, cls_3 ,0.5104,1.105,8.332,373.9652
B_crinitus,2,1343, cls_3 ,2.1437,1.0701,676.1489,232.5995
B_crinitus,2,1346, cls_3 ,0.3062,1.0358,10.1876,543.15
B_crinitus,2,1347, cls_3 ,1.225,1.1641,12.3831,63.9
B_crinitus,2,1349, cls_3 ,0.8166,1.1031,64.1044,131.7332
B_crinitus,2,1350, cls_3 ,1.1229,1.1271,11.5805,186.2989
B_crinitus,2,1352, cls_3 ,1.8374,1.1415,12.6213,95.85
B_crinitus,2,1356, cls_3 ,1.4291,1.0606,129.6184,131.7332
B_crinitus,2,1364, cls_3 ,0.5104,1.1638,14.0286,63.9
B_crinitus,2,1366, cls_3 ,4.0832,1.1043,8889.8998,63.9
B_crinitus,2,1367, cls_3 ,0.2042,1.0155,7.9971,373.9652
B_crinitus,2,1372, cls_3 ,25.7242,1.0761,43.6739,272.9809
B_crinitus,2,1373, cls_3 ,0.8166,1.0769,3560.5314,101.0348
B_crinitus,2,1374, cls_3 ,0.1021,1,11.7424,135.5524
B_crinitus,2,1375, cls_3 ,0.8166,1.0769,15.8015,63.9
B_crinitus,2,1376, cls_3 ,1.9395,1.0471,102.6104,223.65
B_crinitus,2,1381, cls_3 ,6.6352,1.1544,20.8257,95.85
B_crinitus,2,1383, cls_3 ,0.7146,1.1197,30.3263,63.9
B_crinitus,2,1388, cls_3 ,7.3498,1.2194,23.9954,63.9
B_crinitus,2,1392, cls_3 ,0.4083,1.0537,16.2044,63.9
B_crinitus,2,1393, cls_3 ,0.7146,1.0631,17.2062,63.9
B_crinitus,2,1395, cls_3 ,0.1021,1,30.2047,63.9
B_crinitus,2,1403, cls_3 ,2.4499,1.1601,4447.1417,90.3682
B_crinitus,2,1404, cls_3 ,0.1021,1,8890.295,63.9
B_crinitus,2,1408, cls_3 ,1.327,1.1543,23.8926,142.8847
B_crinitus,2,1420, cls_3 ,0.7146,1.0932,966.7205,194.3443
B_crinitus,2,1423, cls_3 ,4.0832,1.1357,46.4902,71.4424
B_crinitus,2,1429, cls_3 ,15.9245,1.1125,25.7884,71.4424
B_crinitus,2,1434, cls_3 ,0.8166,1.1265,28.0873,71.4424
B_crinitus,2,1439, cls_3 ,0.3062,1.0358,15.2934,90.3682
B_crinitus,2,1441, cls_3 ,2.1437,1.0988,1371.793,162.9137
B_crinitus,2,1444, cls_3 ,1.225,1.0982,24833.2911,63.9
B_crinitus,2,1445, cls_3 ,0.1021,1,9.9741,759.4428
B_crinitus,2,1446, cls_3 ,2.0416,1.1409,34.0909,272.9809
B_crinitus,2,1448, cls_3 ,2.6541,1.1222,14.2554,63.9
B_crinitus,2,1449, cls_3 ,0.9187,1.0889,7112.7724,71.4424
B_crinitus,2,1451, cls_3 ,0.3062,1.0358,14.5621,448.4396
B_crinitus,2,1452, cls_3 ,0.1021,1,14.3834,448.4396
B_crinitus,2,1461, cls_3 ,0.4083,1.0975,19.0386,63.9
B_crinitus,2,1468, cls_3 ,4.4915,1.1585,8930.2903,63.9
B_crinitus,2,1475, cls_3 ,4.8999,1.077,6211.2684,127.8
B_crinitus,2,1491, cls_3 ,16.537,1.109,8902.3066,63.9
B_crinitus,2,1497, cls_3 ,0.8166,1.0769,16.8376,830.7
B_crinitus,2,1499, cls_3 ,4.4915,1.0857,8916.2646,63.9
B_crinitus,2,1501, cls_3 ,2.7562,1.0583,11040.1064,95.85
B_crinitus,2,1504, cls_3 ,0.2042,1.0155,882.5408,63.9
B_crinitus,2,1507, cls_3 ,0.2042,1.0155,8983.1076,63.9
B_crinitus,2,1511, cls_3 ,13.0663,1.1277,2761.3763,63.9
B_crinitus,2,1513, cls_3 ,0.1021,1,7145.6706,71.4424
B_crinitus,2,1515, cls_3 ,10.208,1.0703,9941.3832,101.0348
B_crinitus,2,1519, cls_3 ,13.0663,1.1167,11050.7998,95.85
B_crinitus,2,1523, cls_3 ,8.881,1.0947,622.1258,63.9
B_crinitus,2,1524, cls_3 ,21.4369,1.0856,454.9414,63.9
B_crinitus,2,1529, cls_3 ,0.5104,1.0688,17.8979,620.3568
B_crinitus,2,1532, cls_3 ,0.5104,1.0688,28.3177,629.342
B_crinitus,2,1536, cls_3 ,0.8166,1.0473,16.4555,620.3568
B_crinitus,2,1538, cls_3 ,0.2042,1.0155,211.7528,71.4424
B_crinitus,2,1540, cls_3 ,1.6333,1.046,992.5389,191.7
B_crinitus,2,1542, cls_3 ,2.3478,1.1137,12418.1045,90.3682
B_crinitus,2,1545, cls_3 ,1.9395,1.0647,8888.6804,63.9
B_crinitus,2,1548, cls_3 ,6.329,1.0907,1230.4875,172.056
B_crinitus,2,1554, cls_3 ,1.4291,1.0386,806.594,162.9137
B_crinitus,2,1556, cls_3 ,2.2458,1.0651,110.9934,142.8847
B_crinitus,2,1557, cls_3 ,7.0435,1.1482,8905.8396,63.9
B_crinitus,2,1566, cls_3 ,2.7562,1.1075,22.849,325.8273
B_crinitus,2,1571, cls_3 ,5.6144,1.1288,1053.431,127.8
B_crinitus,2,1572, cls_3 ,133.623,1.1878,113.1441,63.9
B_crinitus,2,1573, cls_3 ,0.4083,1.0975,198.248,63.9
B_crinitus,2,1574, cls_3 ,0.1021,1,78.7382,204.5798
B_crinitus,2,1578, cls_3 ,1.9395,1.1578,187.0756,71.4424
B_crinitus,2,1579, cls_3 ,1.327,1.1543,3991.4377,63.9
B_crinitus,2,1581, cls_3 ,0.5104,1.0688,20.4004,325.8273
B_crinitus,2,1582, cls_3 ,0.3062,1.0358,219.1375,63.9
B_crinitus,2,1583, cls_3 ,0.3062,1.0358,181.3686,204.5798
B_crinitus,2,1585, cls_3 ,0.1021,1,7648.3621,115.1974
B_crinitus,2,1587, cls_3 ,0.3062,1.0914,24832.6268,63.9
B_crinitus,2,1588, cls_3 ,0.1021,1,328.7646,71.4424
B_crinitus,2,1592, cls_3 ,8.5747,1.1237,4462.9145,71.4424
B_crinitus,2,1597, cls_3 ,0.7146,1.1197,11037.2913,95.85
B_crinitus,2,1598, cls_3 ,1.327,1.0467,8888.9257,63.9
B_crinitus,2,1600, cls_3 ,5.0019,1.1694,131.5938,115.1974
B_crinitus,2,1602, cls_3 ,2.552,1.1265,2743.9263,115.1974
B_crinitus,2,1614, cls_3 ,7.4519,1.1726,77.8545,142.8847
B_crinitus,2,1617, cls_3 ,7.3498,1.1856,133.0516,127.8
B_crinitus,2,1619, cls_3 ,17.1495,1.2257,587.1747,71.4424
B_crinitus,2,1623, cls_3 ,3.3686,1.0861,106.7496,351.45
B_crinitus,2,1624, cls_3 ,3.1645,1.1031,137.8903,63.9
B_crinitus,2,1627, cls_3 ,8.9831,1.1238,135.266,63.9
B_crinitus,2,1628, cls_3 ,2.7562,1.1281,4443.2187,172.056
B_crinitus,2,1630, cls_3 ,0.6125,1.1125,167.7702,63.9
B_crinitus,2,1633, cls_3 ,0.6125,1.0819,424.2769,71.4424
B_crinitus,2,1634, cls_3 ,0.5104,1.0688,179.7524,63.9
B_crinitus,2,1637, cls_3 ,1101.1397,1.2707,3655.2054,63.9
B_crinitus,2,1638, cls_3 ,0.1021,1,1208.3049,71.4424
B_crinitus,2,1640, cls_3 ,0.9187,1.063,404.2225,101.0348
B_crinitus,2,1644, cls_3 ,2.552,1.0517,200.3962,90.3682
B_crinitus,2,1645, cls_3 ,0.2042,1.0155,114.374,71.4424
B_crinitus,2,1646, cls_3 ,0.9187,1.112,1438.369,159.75
B_crinitus,2,1647, cls_3 ,3.5728,1.0691,114.471,71.4424
B_crinitus,2,1648, cls_3 ,0.2042,1.0155,346.7466,63.9
B_crinitus,2,1649, cls_3 ,3.3686,1.1246,310.315,71.4424
B_crinitus,2,1651, cls_3 ,3.4707,1.1032,50.6027,762.1264
B_crinitus,2,1653, cls_3 ,0.4083,1.0537,1205.0409,95.85
B_crinitus,2,1654, cls_3 ,13140.7906,1.3397,1278.8959,63.9
B_crinitus,2,1655, cls_3 ,0.8166,1.0131,164.5995,71.4424
B_crinitus,2,1656, cls_3 ,0.6125,1.0819,146.6866,71.4424
B_crinitus,2,1657, cls_3 ,0.7146,1.0631,79.3812,71.4424
B_crinitus,2,1661, cls_3 ,0.8166,1.0473,5153.5287,159.75
B_crinitus,2,1662, cls_3 ,3.5728,1.1001,39.6581,95.85
B_crinitus,2,1663, cls_3 ,9.2893,1.1061,2133.7773,63.9
B_crinitus,2,1664, cls_3 ,28.9908,1.1837,196.1244,71.4424
B_crinitus,2,1665, cls_3 ,9.9018,1.1512,32186.2533,63.9
B_crinitus,2,1666, cls_3 ,1.225,1.0556,348.7073,63.9
B_crinitus,2,1667, cls_3 ,48.9985,1.2223,98.8399,95.85
B_crinitus,2,1668, cls_3 ,0.8166,1.1031,134.9711,90.3682
B_crinitus,2,1669, cls_3 ,2.2458,1.0651,30.3364,95.85
B_crinitus,2,1670, cls_3 ,3.777,1.1124,2704.7705,63.9
B_crinitus,2,1671, cls_3 ,1.5312,1.0909,268.0243,115.1974
B_crinitus,2,1674, cls_3 ,2.4499,1.1311,1043.9538,63.9
B_crinitus,2,1675, cls_3 ,3.5728,1.0904,366.3549,90.3682
B_crinitus,2,1677, cls_3 ,26.6429,1.176,8066.6867,63.9
B_crinitus,2,1678, cls_3 ,1.327,1.0467,25.786,162.9137
B_crinitus,2,1679, cls_3 ,3.6749,1.0972,14336.7556,63.9
B_crinitus,2,1681, cls_3 ,1.327,1.0689,2714.7334,63.9
B_crinitus,2,1682, cls_3 ,0.9187,1.1695,1324.59,63.9
B_crinitus,2,1683, cls_3 ,4.1853,1.1994,16173.0589,63.9
B_crinitus,2,1684, cls_3 ,2.2458,1.1409,24.2713,294.5644
B_crinitus,2,1686, cls_3 ,0.1021,1,254.1701,90.3682
B_crinitus,2,1687, cls_3 ,0.5104,1.0688,157.4136,63.9
B_crinitus,2,1689, cls_3 ,0.4083,1.0537,170.4179,63.9
B_crinitus,2,1690, cls_3 ,2.552,1.1046,245.6786,135.5524
B_crinitus,2,1692, cls_3 ,47.1611,1.1367,36.0001,115.1974
B_crinitus,2,1695, cls_3 ,2.3478,1.146,60.6645,71.4424
B_crinitus,2,1698, cls_3 ,9.0851,1.2194,2176.5575,71.4424
B_crinitus,2,1699, cls_3 ,1.225,1.0556,605.0266,127.8
B_crinitus,2,1701, cls_3 ,1.1229,1.0654,101.9506,90.3682
B_crinitus,2,1702, cls_3 ,1.0208,1.0509,23.6054,499.075
B_crinitus,2,1703, cls_3 ,19.4973,1.1526,28.2384,71.4424
B_crinitus,2,1704, cls_3 ,1.9395,1.123,25782.9594,71.4424
B_crinitus,2,1705, cls_3 ,1.9395,1.096,55.6049,127.8
B_crinitus,2,1706, cls_3 ,1.327,1.0689,96.8312,95.85
B_crinitus,2,1707, cls_3 ,3.4707,1.1214,57.2798,578.6391
B_crinitus,2,1708, cls_3 ,0.1021,1,59.0436,90.3682
B_crinitus,2,1710, cls_3 ,4.2874,1.0905,58.4606,115.1974
B_crinitus,2,1714, cls_3 ,0.4083,1.1346,1360.9404,90.3682
B_crinitus,2,1715, cls_3 ,2.0416,1.1042,2717.9538,63.9
B_crinitus,2,1717, cls_3 ,3.1645,1.1224,1368.5138,63.9
B_crinitus,2,1721, cls_3 ,0.7146,1.0932,278.1112,135.5524
B_crinitus,2,1722, cls_3 ,8.3706,1.1261,84.6251,257.5891
B_crinitus,2,1724, cls_3 ,48.9985,1.1868,32195.8188,63.9
B_crinitus,2,1725, cls_3 ,27.0513,1.1477,32185.5606,63.9
B_crinitus,2,1729, cls_3 ,0.8166,1.0769,618.9155,95.85
B_crinitus,2,1731, cls_3 ,7.2477,1.1833,344.3071,90.3682
B_crinitus,2,1736, cls_3 ,0.9187,1.1328,54.99,271.1047
B_crinitus,2,1740, cls_3 ,0.1021,1,80.135,63.9
B_crinitus,2,1741, cls_3 ,3.2666,1.1674,166.3257,194.3443
B_crinitus,2,1742, cls_3 ,8.9831,1.2009,16104.2507,90.3682
B_crinitus,2,1743, cls_3 ,1.9395,1.0647,32185.641,63.9
B_crinitus,2,1744, cls_3 ,10.1059,1.1337,118.584,63.9
B_crinitus,2,1745, cls_3 ,0.4083,1.0537,34.5406,448.4396
B_crinitus,2,1748, cls_3 ,0.6125,1.0819,93.2509,63.9
B_crinitus,2,1750, cls_3 ,1.5312,1.1228,2719.6093,63.9
B_crinitus,2,1753, cls_3 ,15.312,1.2323,96.3469,271.1047
B_crinitus,2,1760, cls_3 ,6.329,1.0836,5152.318,159.75
B_crinitus,2,1761, cls_3 ,0.7146,1.0631,356.5438,127.8
B_crinitus,2,1763, cls_3 ,1.225,1.0982,25754.3455,63.9
B_crinitus,2,1776, cls_3 ,0.3062,1.0358,4029.4579,63.9
B_crinitus,2,1777, cls_3 ,3.1645,1.0817,1129.4572,63.9
B_crinitus,2,1795, cls_3 ,2.1437,1.1117,82.5552,135.5524
B_crinitus,2,1802, cls_3 ,1.5312,1.0909,127.3449,135.5524
B_crinitus,2,1811, cls_3 ,2.2458,1.0799,5151.811,159.75
B_crinitus,2,1812, cls_3 ,1.1229,1.0654,32185.0145,63.9
B_crinitus,2,1818, cls_3 ,0.2042,1.0155,2761.9454,63.9
B_crinitus,2,1822, cls_3 ,0.8166,1.0769,2781.6248,63.9
B_crinitus,2,1824, cls_3 ,0.1021,1,765.9539,71.4424
B_crinitus,2,1825, cls_3 ,0.7146,1.0631,697.7607,159.75
B_crinitus,2,1830, cls_3 ,33.5844,1.1357,841.6913,63.9
B_crinitus,2,1836, cls_3 ,0.4083,1.0537,380.2512,63.9
B_crinitus,2,1841, cls_3 ,1.6333,1.1672,646.8955,63.9
B_crinitus,2,1848, cls_3 ,2.7562,1.1467,3024.7308,63.9
B_crinitus,2,1850, cls_3 ,0.7146,1.0631,25750.0291,71.4424
B_crinitus,2,1852, cls_3 ,27.1533,1.065,5164.1924,63.9
B_crinitus,2,1858, cls_3 ,0.5104,1.105,7574.4811,131.7332
B_crinitus,2,1859, cls_3 ,4.7978,1.1257,431.8499,63.9
B_crinitus,2,1860, cls_3 ,1.5312,1.1228,32189.4883,63.9
B_crinitus,2,1861, cls_3 ,3.1645,1.1637,6450.7934,63.9
B_crinitus,2,1863, cls_3 ,1.225,1.0556,228.3809,159.75
B_crinitus,2,1864, cls_3 ,0.1021,1,4917.4865,63.9
B_crinitus,2,1865, cls_3 ,1.225,1.078,954.9527,225.9206
B_crinitus,2,1867, cls_3 ,0.3062,1.0358,315.3091,63.9
B_crinitus,2,1869, cls_3 ,0.1021,1,350.9154,63.9
B_crinitus,2,1870, cls_3 ,1.327,1.0219,1302.7655,63.9
B_crinitus,2,1872, cls_3 ,9.9018,1.1436,1047.8258,63.9
B_crinitus,2,1874, cls_3 ,2.552,1.1642,1816.4023,63.9
B_crinitus,2,1876, cls_3 ,1.9395,1.0809,16168.8876,63.9
B_crinitus,2,1877, cls_3 ,1.0208,1.1388,32186.2927,63.9
B_crinitus,2,1878, cls_3 ,0.4083,1.0975,1997.3339,63.9
B_crinitus,2,1879, cls_3 ,0.6125,1.1395,673.3171,95.85
B_crinitus,2,1880, cls_3 ,0.4083,1,1060.4772,63.9
B_crinitus,2,1881, cls_3 ,1.225,1.078,2629.0207,223.65
B_crinitus,2,1882, cls_3 ,88.2994,1.1736,14313.9994,63.9
B_crinitus,2,1883, cls_3 ,0.9187,1.063,5151.1487,159.75
B_crinitus,2,1884, cls_3 ,0.3062,1.0358,25747.9646,71.4424
B_crinitus,2,1891, cls_3 ,0.9187,1.0338,9905.7179,115.1974
B_crinitus,2,1897, cls_3 ,0.1021,1,16092.981,90.3682
B_crinitus,2,1898, cls_3 ,0.7146,1.0932,7574.6495,131.7332
B_crinitus,2,1902, cls_3 ,1.0208,1.0993,32185.3698,63.9
B_crinitus,2,1909, cls_3 ,1.7354,1.1358,32189.7591,63.9
B_crinitus,2,1914, cls_3 ,1.8374,1.116,521.33,95.85
B_crinitus,2,1916, cls_3 ,2.6541,1.1116,12881.9926,90.3682
B_crinitus,2,1920, cls_3 ,0.1021,1,6448.415,71.4424
B_crinitus,2,1921, cls_3 ,1.8374,1.0706,32184.3928,63.9
B_crinitus,2,1922, cls_3 ,0.9187,1.1328,355.7131,71.4424
B_crinitus,2,1924, cls_3 ,4.2874,1.1155,2868.195,71.4424
B_crinitus,2,1930, cls_3 ,1.1229,1.1602,244.396,71.4424
B_crinitus,2,1931, cls_3 ,0.6125,1.0465,516.2311,63.9
B_crinitus,2,1932, cls_3 ,1.327,1.1242,309.4698,63.9
B_crinitus,2,1933, cls_3 ,0.7146,1.0932,259.5882,63.9
B_crinitus,2,1936, cls_3 ,0.5104,1.0261,1774.0778,272.9809
B_crinitus,2,1937, cls_3 ,1.1229,1.1888,138.7967,90.3682
B_crinitus,2,1939, cls_3 ,3.1645,1.1847,224.5788,71.4424
B_crinitus,2,1940, cls_3 ,1.4291,1.0987,16093.4949,90.3682
B_crinitus,2,1942, cls_3 ,0.5104,1.0261,25747.6761,71.4424
B_crinitus,2,1943, cls_3 ,1.9395,1.096,5153.7773,127.8
B_crinitus,2,1944, cls_3 ,1.6333,1.1429,156.2711,90.3682
B_crinitus,2,1949, cls_3 ,1.1229,1.0402,25748.2574,71.4424
B_crinitus,2,1950, cls_3 ,1.0208,1.022,32184.6878,63.9
B_crinitus,2,1951, cls_3 ,1.8374,1.1415,12880.0098,71.4424
B_crinitus,2,1952, cls_3 ,5.3082,1.1407,511.9952,294.5644
B_crinitus,2,1954, cls_3 ,1.0208,1.1561,25759.18,71.4424
B_crinitus,2,1961, cls_3 ,0.7146,1.1434,183.7269,333.5678
B_crinitus,2,1962, cls_3 ,5.3082,1.1465,1745.7925,71.4424
B_crinitus,2,1967, cls_3 ,1.225,1.1167,2634.5797,71.4424
B_crinitus,2,1972, cls_3 ,0.3062,1.1369,1613.6665,71.4424
B_crinitus,2,1975, cls_3 ,1.4291,1.0805,14305.8519,95.85
B_crinitus,2,1976, cls_3 ,1.1229,1.088,7154.635,63.9
B_crinitus,2,1977, cls_3 ,0.1021,1,2116.1492,63.9
B_crinitus,2,1978, cls_3 ,0.2042,1.0155,4035.886,71.4424
B_crinitus,2,1979, cls_3 ,2.4499,1.1204,173.6044,159.75
B_crinitus,2,1982, cls_3 ,1.225,1.0556,2022.959,101.0348
B_crinitus,2,1984, cls_3 ,1.0208,1.0509,5151.7464,63.9
B_crinitus,2,1992, cls_3 ,0.6125,1.0047,14305.7961,95.85
B_crinitus,2,1995, cls_3 ,102.0802,1.1916,32208.1468,63.9
B_crinitus,2,1996, cls_3 ,7.4519,1.0943,533.0088,71.4424
B_crinitus,2,2002, cls_3 ,8.881,1.0834,3822.3999,63.9
B_crinitus,2,2003, cls_3 ,0.4083,1.0537,12876.9876,63.9
B_crinitus,2,2004, cls_3 ,0.8166,1.0473,566.7194,159.75
B_crinitus,2,2008, cls_3 ,0.8166,1.0769,32184.0249,63.9
B_crinitus,2,2009, cls_3 ,0.3062,1.0358,32184.649,63.9
B_crinitus,2,2011, cls_3 ,0.2042,1.0909,32184.7966,63.9
B_crinitus,2,2012, cls_3 ,8.3706,1.1308,5153.6276,159.75
B_crinitus,2,2013, cls_3 ,11.2288,1.111,2112.5863,249.5375
B_crinitus,2,2014, cls_3 ,1.225,1.078,534.8587,319.5
B_crinitus,2,2016, cls_3 ,0.9187,1.1328,128.098,543.15
B_crinitus,2,2018, cls_3 ,0.7146,1.0283,9904.7851,115.1974
B_crinitus,2,2019, cls_3 ,13.2704,1.1723,3825.2238,63.9
B_crinitus,2,2024, cls_3 ,0.7146,1.1197,3221.7264,63.9
B_crinitus,2,2025, cls_3 ,0.3062,1.0914,7156.1836,63.9
B_crinitus,2,2029, cls_3 ,6.329,1.0432,493.1934,71.4424
B_crinitus,2,2030, cls_3 ,1.1229,1.0654,25748.0654,71.4424
B_crinitus,2,2031, cls_3 ,0.1021,1,32183.9214,63.9
B_crinitus,2,2036, cls_3 ,1.225,1.1641,136.6352,483.4912
B_crinitus,2,2038, cls_3 ,1.0208,1.1199,32187.6983,63.9
B_crinitus,2,2043, cls_3 ,0.9187,1.0889,32185.0944,63.9
B_crinitus,2,2044, cls_3 ,1.6333,1.0243,25747.8648,71.4424
B_crinitus,2,2046, cls_3 ,0.8166,1.0131,410.9386,542.2095
B_crinitus,2,2047, cls_3 ,0.6125,1.0465,16092.3717,90.3682
B_crinitus,2,2048, cls_3 ,34.299,1.1606,6457.4232,142.8847
B_crinitus,2,2049, cls_3 ,1.8374,1.0869,16092.3521,90.3682
B_crinitus,2,2051, cls_3 ,1.1229,1.1085,5154.7909,159.75
B_crinitus,2,2052, cls_3 ,2.4499,1.1311,295.1374,95.85
B_crinitus,2,2053, cls_3 ,1.1229,1.0654,25749.5206,71.4424
B_crinitus,2,2056, cls_3 ,0.6125,1.0465,543.0171,101.0348
B_crinitus,2,2057, cls_3 ,4.3895,1.0968,3140.6051,131.7332
B_crinitus,2,2059, cls_3 ,0.2042,1.0155,5153.6364,95.85
B_crinitus,2,2060, cls_3 ,3.6749,1.0874,25775.7089,71.4424
B_crinitus,2,2061, cls_3 ,0.2042,1.0155,25749.9984,71.4424
B_crinitus,2,2062, cls_3 ,1.9395,1.0647,25748.5696,71.4424
B_crinitus,2,2064, cls_3 ,0.9187,1.1328,25747.326,71.4424
B_crinitus,2,2065, cls_3 ,14.2912,1.1083,12881.6472,71.4424
B_crinitus,2,2068, cls_3 ,0.6125,1.0819,320.2472,63.9
B_crinitus,2,2070, cls_3 ,0.7146,1.1197,369.5674,71.4424
B_crinitus,2,2072, cls_3 ,0.3062,1.0358,490.9606,63.9
B_crinitus,2,2073, cls_3 ,0.5104,1.0261,961.2144,316.2889
B_crinitus,2,2075, cls_3 ,0.1021,1,4442.8585,63.9
B_crinitus,2,2077, cls_3 ,0.3062,1.0358,25748.0179,63.9
B_crinitus,2,2084, cls_3 ,6.329,1.209,4441.5383,172.056
B_crinitus,2,2085, cls_3 ,0.8166,1.0473,897.7389,172.056
B_crinitus,2,2087, cls_3 ,0.7146,1.0932,25748.4146,71.4424
B_crinitus,2,2094, cls_3 ,0.1021,1,25750.1541,71.4424
B_crinitus,2,2099, cls_3 ,1.7354,1.2011,2430.5118,159.75
B_crinitus,2,2113, cls_3 ,1.0208,1.1199,2112.1341,159.75
B_crinitus,2,2120, cls_3 ,0.5104,1.0688,14304.6484,95.85
B_crinitus,2,2125, cls_3 ,0.2042,1.0155,7152.6422,135.5524
B_crinitus,2,2128, cls_3 ,5.5123,1.0739,1245.999,71.4424
B_crinitus,2,2129, cls_3 ,0.6125,1.0465,32183.1235,63.9
B_crinitus,2,2136, cls_3 ,0.6125,1.0465,6437.2741,142.8847
B_crinitus,2,2141, cls_3 ,0.1021,1,32183.8395,63.9
B_crinitus,2,2143, cls_3 ,3.4707,1.1299,1623.8103,63.9
B_crinitus,2,2144, cls_3 ,0.9187,1.1328,25746.7534,71.4424
B_crinitus,2,2151, cls_3 ,0.6125,1.0819,2111.0754,249.5375
B_crinitus,2,2152, cls_3 ,0.6125,1.0819,14304.5764,95.85
B_crinitus,2,2154, cls_3 ,0.1021,1,25746.9107,71.4424
B_crinitus,2,2160, cls_3 ,1.0208,1.0993,3797.5735,63.9
B_crinitus,2,2167, cls_3 ,1.1229,1.0654,32185.6353,63.9
B_crinitus,2,2168, cls_3 ,0.1021,1,32183.4253,63.9
B_crinitus,2,2170, cls_3 ,0.8166,1.1477,3480.4334,186.2989
B_crinitus,2,2176, cls_3 ,0.9187,1.0338,32183.5268,63.9
B_crinitus,2,2179, cls_3 ,0.1021,1,25746.4784,71.4424
B_crinitus,2,2180, cls_3 ,1.8374,1.0869,32183.4417,63.9
B_crinitus,2,2188, cls_3 ,0.6125,1.0465,32187.1222,63.9
B_crinitus,2,2195, cls_3 ,5.0019,1.1214,25756.1129,71.4424
B_crinitus,2,2203, cls_3 ,2.552,1.0663,2017.017,71.4424
B_crinitus,2,2207, cls_3 ,1.0208,1.022,16096.5146,90.3682
B_crinitus,2,2211, cls_3 ,8.2685,1.1618,32192.1576,63.9
B_crinitus,2,2217, cls_3 ,1.4291,1.0606,14311.0354,71.4424
B_crinitus,2,2223, cls_3 ,1.7354,1.1482,1066.8114,101.0348
B_crinitus,2,2228, cls_3 ,1.5312,1.1228,3229.1044,63.9
B_crinitus,2,2229, cls_3 ,0.6125,1.0819,5153.3102,101.0348
B_crinitus,2,2230, cls_3 ,1.327,1.0689,16097.0246,63.9
B_crinitus,2,2234, cls_3 ,0.7146,1.1197,659.6417,63.9
B_crinitus,2,2242, cls_3 ,4.7978,1.096,14306.2387,95.85
B_crinitus,2,2250, cls_3 ,3.3686,1.1063,25747.0502,71.4424
B_crinitus,2,2255, cls_3 ,1.4291,1.1309,32183.4308,63.9
B_crinitus,2,2257, cls_3 ,0.4083,1.1346,6443.5569,71.4424
B_crinitus,2,2258, cls_3 ,5.104,1.1387,1612.6219,71.4424
B_crinitus,2,2268, cls_3 ,0.3062,1.0358,3491.7002,71.4424
B_crinitus,2,2274, cls_3 ,0.9187,1.1519,32183.4444,63.9
B_crinitus,2,2275, cls_3 ,1.0208,1.0509,9903.2671,115.1974
B_crinitus,2,2278, cls_3 ,0.8166,1.1265,584.0956,225.9206
B_crinitus,2,2280, cls_3 ,5.9207,1.1664,25747.8362,71.4424
B_crinitus,2,2284, cls_3 ,0.1021,1,32183.3017,63.9
B_crinitus,2,2287, cls_3 ,0.8166,1.1265,209.7726,71.4424
B_crinitus,2,2288, cls_3 ,0.4083,1.0537,623.4645,63.9
B_crinitus,2,2291, cls_3 ,0.1021,1,32183.8081,63.9
B_crinitus,2,2292, cls_3 ,1.327,1.089,194.1769,71.4424
B_crinitus,2,2293, cls_3 ,0.2042,1.0909,1775.9414,71.4424
B_crinitus,2,2295, cls_3 ,0.8166,1.1031,595.4802,63.9
B_crinitus,2,2296, cls_3 ,0.7146,1.0631,32183.1558,63.9
B_crinitus,2,2299, cls_3 ,0.7146,1.0631,6437.0983,142.8847
B_crinitus,2,2300, cls_3 ,2.8582,1.1513,6438.8178,131.7332
B_crinitus,2,2303, cls_3 ,14.2912,1.1156,502.2025,71.4424
B_crinitus,2,2309, cls_3 ,0.9187,1.0889,32251.5128,63.9
B_crinitus,2,2315, cls_3 ,27.97,1.163,25752.0524,63.9
B_crinitus,2,2318, cls_3 ,0.5104,1.0261,14303.8401,95.85
B_crinitus,2,2325, cls_3 ,0.1021,1,457.1387,159.75
B_crinitus,2,2326, cls_3 ,18.4765,1.1916,32216.6862,63.9
B_crinitus,2,2332, cls_3 ,1.225,1.0306,696.9611,63.9
B_crinitus,2,2333, cls_3 ,2.6541,1.1222,14341.0367,71.4424
B_crinitus,2,2334, cls_3 ,4.8999,1.1607,16091.8845,90.3682
B_crinitus,2,2335, cls_3 ,0.8166,1.0473,25746.5167,71.4424
B_crinitus,2,2345, cls_3 ,0.6125,1.0465,25748.8631,71.4424
B_crinitus,2,2346, cls_3 ,0.1021,1,32184.935,63.9
B_crinitus,2,2348, cls_3 ,3.1645,1.1709,25748.652,71.4424
B_crinitus,2,2354, cls_3 ,2.8582,1.1241,1788.5518,271.1047
B_crinitus,2,2359, cls_3 ,0.1021,1,14303.8614,95.85
B_crinitus,2,2361, cls_3 ,1.327,1.0467,7574.0273,131.7332
B_crinitus,2,2371, cls_3 ,0.6125,1.0465,32183.5003,63.9
B_crinitus,2,2377, cls_3 ,1.6333,1.1001,25746.5131,71.4424
B_crinitus,2,2380, cls_3 ,0.1021,1,25747.0234,71.4424
B_crinitus,2,2391, cls_3 ,0.5104,1.0688,8046.3623,63.9
B_crinitus,2,2399, cls_3 ,0.1021,1,9904.0356,63.9
B_crinitus,2,2401, cls_3 ,0.6125,1.0819,16091.7435,90.3682
B_crinitus,2,2409, cls_3 ,3.4707,1.1459,4951.576,162.9137
B_crinitus,2,2423, cls_3 ,0.2042,1.0155,32182.8204,63.9
B_crinitus,2,2430, cls_3 ,0.3062,1.0358,3479.4821,194.3443
B_crinitus,2,2, cls_1 ,17.9661,1.1429,79311.1413,63.9
B_crinitus,2,4, cls_1 ,3.4707,1.1299,4888.1565,159.75
B_crinitus,2,7, cls_1 ,32383.4281,1.3199,1969.041,63.9
B_crinitus,2,10, cls_1 ,0.1021,1,747.2641,511.2
B_crinitus,2,14, cls_1 ,0.7146,1.0631,18666.824,131.7332
B_crinitus,2,15, cls_1 ,0.5104,1.0261,12691.3318,131.7332
B_crinitus,2,17, cls_1 ,1.4291,1.0606,10940.4671,131.7332
B_crinitus,2,20, cls_1 ,1.6333,1.1554,39658.775,90.3682
B_crinitus,2,22, cls_1 ,313.7947,1.2346,310.7481,63.9
B_crinitus,2,25, cls_1 ,0.9187,1.112,372.4124,63.9
B_crinitus,2,27, cls_1 ,1.5312,1.1228,802.9366,63.9
B_crinitus,2,32, cls_1 ,0.1021,1,393.3294,71.4424
B_crinitus,2,33, cls_1 ,0.2042,1.0155,216.5403,63.9
B_crinitus,2,38, cls_1 ,0.5104,1.0261,387.7907,71.4424
B_crinitus,2,40, cls_1 ,36.9531,1.1198,19839.3908,101.0348
B_crinitus,2,41, cls_1 ,2.2458,1.0492,147.8332,71.4424
B_crinitus,2,44, cls_1 ,2.552,1.0799,2995.2717,230.3947
B_crinitus,2,45, cls_1 ,46.4465,1.166,95.8835,71.4424
B_crinitus,2,48, cls_1 ,3.4707,1.1534,18662.039,131.7332
B_crinitus,2,49, cls_1 ,0.9187,1.063,141.2015,90.3682
B_crinitus,2,51, cls_1 ,0.7146,1.0631,403.9137,90.3682
B_crinitus,2,52, cls_1 ,0.1021,1,155.8213,325.8273
B_crinitus,2,53, cls_1 ,1.0208,1.0993,39655.4142,90.3682
B_crinitus,2,54, cls_1 ,0.5104,1.105,1299.8248,191.7
B_crinitus,2,55, cls_1 ,0.1021,1,1285.272,95.85
B_crinitus,2,56, cls_1 ,0.1021,1,79312.7143,63.9
B_crinitus,2,57, cls_1 ,0.2042,1.0909,1235.6056,289.3196
B_crinitus,2,59, cls_1 ,13.7808,1.1958,79317.7022,63.9
B_crinitus,2,60, cls_1 ,0.4083,1.0537,63471.0438,63.9
B_crinitus,2,61, cls_1 ,6.5331,1.1193,7946.5279,95.85
B_crinitus,2,62, cls_1 ,0.9187,1.112,12222.8045,71.4424
B_crinitus,2,63, cls_1 ,4.7978,1.0605,37.9181,428.6542
B_crinitus,2,64, cls_1 ,3.777,1.0635,636.0342,159.75
B_crinitus,2,65, cls_1 ,8.4727,1.1099,79313.5314,63.9
B_crinitus,2,67, cls_1 ,5.2061,1.1367,9947.0913,71.4424
B_crinitus,2,68, cls_1 ,31.3386,1.1419,90.9976,115.1974
B_crinitus,2,69, cls_1 ,0.9187,1.063,1589.4355,194.3443
B_crinitus,2,70, cls_1 ,0.9187,1.063,2145.8346,115.1974
B_crinitus,2,73, cls_1 ,1.225,1.078,8813.0356,191.7
B_crinitus,2,75, cls_1 ,1.9395,1.0809,39655.4612,90.3682
B_crinitus,2,76, cls_1 ,5.0019,1.1214,35252.8331,95.85
B_crinitus,2,77, cls_1 ,1.225,1.1337,12692.2113,115.1974
B_crinitus,2,78, cls_1 ,3.3686,1.1567,63449.0409,71.4424
B_crinitus,2,79, cls_1 ,10.4122,1.085,63469.0236,71.4424
B_crinitus,2,81, cls_1 ,7.2477,1.1089,24403.4807,115.1974
B_crinitus,2,85, cls_1 ,0.5104,1.0261,5474.0387,101.0348
B_crinitus,2,88, cls_1 ,2.3478,1.1017,79.1786,115.1974
B_crinitus,2,89, cls_1 ,1.0208,1.1199,35252.0493,95.85
B_crinitus,2,90, cls_1 ,0.5104,1.0688,31730.2165,101.0348
B_crinitus,2,91, cls_1 ,5.0019,1.0996,564.0619,71.4424
B_crinitus,2,92, cls_1 ,0.5104,1.0688,3276.956,127.8
B_crinitus,2,94, cls_1 ,20.2119,1.1444,6367.5891,71.4424
B_crinitus,2,96, cls_1 ,18.9869,1.2001,200.2889,63.9
B_crinitus,2,101, cls_1 ,0.2042,1.0155,55.4657,63.9
B_crinitus,2,102, cls_1 ,1.0208,1.0509,12259.501,71.4424
B_crinitus,2,103, cls_1 ,3.6749,1.1543,63459.1263,71.4424
B_crinitus,2,105, cls_1 ,1.0208,1.0509,3146.4507,316.2889
B_crinitus,2,107, cls_1 ,0.2042,1.0155,17658.8055,63.9
B_crinitus,2,109, cls_1 ,0.1021,1,56.8966,71.4424
B_crinitus,2,110, cls_1 ,0.4083,1,58.2906,63.9
B_crinitus,2,111, cls_1 ,0.4083,1.0537,68.2599,127.8
B_crinitus,2,114, cls_1 ,0.5104,1.0261,454.8504,90.3682
B_crinitus,2,116, cls_1 ,0.8166,1.0473,12691.0329,159.75
B_crinitus,2,117, cls_1 ,0.4083,1,12700.7837,115.1974
B_crinitus,2,118, cls_1 ,7.1456,1.1045,63.1179,63.9
B_crinitus,2,120, cls_1 ,9.1872,1.1169,1985.8677,63.9
B_crinitus,2,121, cls_1 ,0.1021,1,70.319,63.9
B_crinitus,2,123, cls_1 ,0.1021,1,135.9088,63.9
B_crinitus,2,125, cls_1 ,0.2042,1.0155,79312.4344,63.9
B_crinitus,2,126, cls_1 ,0.8166,1.1031,31730.5028,101.0348
B_crinitus,2,129, cls_1 ,0.5104,1.0261,71.4455,214.3271
B_crinitus,2,132, cls_1 ,0.5104,1.105,1124.709,90.3682
B_crinitus,2,137, cls_1 ,0.7146,1.0631,24405.0926,115.1974
B_crinitus,2,138, cls_1 ,0.7146,1.1197,364.9121,101.0348
B_crinitus,2,139, cls_1 ,1.4291,1.1309,1435.6275,63.9
B_crinitus,2,140, cls_1 ,2.9603,1.1202,19864.6585,63.9
B_crinitus,2,141, cls_1 ,3.1645,1.1031,102.2041,159.75
B_crinitus,2,146, cls_1 ,2.552,1.1806,56.7119,223.65
B_crinitus,2,147, cls_1 ,10.8205,1.0964,200.3815,272.9809
B_crinitus,2,152, cls_1 ,0.7146,1.1197,4964.3566,186.2989
B_crinitus,2,154, cls_1 ,0.8166,1.0769,124.7802,159.75
B_crinitus,2,155, cls_1 ,0.7146,1.0932,363.4907,101.0348
B_crinitus,2,156, cls_1 ,0.1021,1,568.3885,101.0348
B_crinitus,2,157, cls_1 ,6.6352,1.0994,3194.1596,63.9
B_crinitus,2,159, cls_1 ,11.433,1.1608,439.0142,71.4424
B_crinitus,2,162, cls_1 ,2.7562,1.1376,24403.8539,115.1974
B_crinitus,2,164, cls_1 ,1.0208,1.1199,79310.8014,63.9
B_crinitus,2,166, cls_1 ,64.3106,1.1213,274.1557,71.4424
B_crinitus,2,167, cls_1 ,1.4291,1.0987,196.121,194.3443
B_crinitus,2,168, cls_1 ,5.7165,1.1444,2540.4189,101.0348
B_crinitus,2,169, cls_1 ,10.3101,1.1318,24414.2956,90.3682
B_crinitus,2,170, cls_1 ,2.6541,1.1116,145.3188,127.8
B_crinitus,2,171, cls_1 ,29.195,1.152,3938.1545,63.9
B_crinitus,2,173, cls_1 ,5.4103,1.1064,215.7622,71.4424
B_crinitus,2,174, cls_1 ,1.6333,1.0243,588.8064,95.85
B_crinitus,2,176, cls_1 ,16.3328,1.1897,125.4886,115.1974
B_crinitus,2,178, cls_1 ,1.7354,1.059,1885.3968,71.4424
B_crinitus,2,181, cls_1 ,19.1911,1.074,437.4915,135.5524
B_crinitus,2,185, cls_1 ,0.8166,1.1265,72.8183,115.1974
B_crinitus,2,187, cls_1 ,2.0416,1.0417,1276.2269,71.4424
B_crinitus,2,188, cls_1 ,0.3062,1.0358,66.5396,63.9
B_crinitus,2,190, cls_1 ,1.1229,1.0402,155.4316,142.8847
B_crinitus,2,192, cls_1 ,22.9681,1.1609,15963.5847,63.9
B_crinitus,2,194, cls_1 ,0.8166,1.1265,85.0175,63.9
B_crinitus,2,196, cls_1 ,0.3062,1.0914,12701.7738,95.85
B_crinitus,2,197, cls_1 ,0.2042,1.0155,8576.97,63.9
B_crinitus,2,198, cls_1 ,102.8969,1.1853,610.0504,63.9
B_crinitus,2,201, cls_1 ,13.7808,1.1328,18666.5643,71.4424
B_crinitus,2,202, cls_1 ,0.3062,1.0358,31725.7043,63.9
B_crinitus,2,204, cls_1 ,3.0624,1.0851,2997.2548,191.7
B_crinitus,2,205, cls_1 ,1.5312,1.0728,309.4563,131.7332
B_crinitus,2,206, cls_1 ,2.4499,1.0706,2095.5569,131.7332
B_crinitus,2,207, cls_1 ,0.1021,1,79310.1021,63.9
B_crinitus,2,208, cls_1 ,1.6333,1.1154,103.8183,159.75
B_crinitus,2,209, cls_1 ,0.9187,1.063,289.1196,127.8
B_crinitus,2,210, cls_1 ,45.6299,1.1495,2024.495,101.0348
B_crinitus,2,211, cls_1 ,12.0455,1.139,206.7665,131.7332
B_crinitus,2,213, cls_1 ,0.6125,1.0465,213.1003,71.4424
B_crinitus,2,215, cls_1 ,0.9187,1.063,5501.6862,115.1974
B_crinitus,2,222, cls_1 ,2.2458,1.0937,355.4649,186.2989
B_crinitus,2,228, cls_1 ,0.9187,1.0889,79310.9666,63.9
B_crinitus,2,233, cls_1 ,1.8374,1.0706,148.6633,135.5524
B_crinitus,2,234, cls_1 ,1.327,1.089,486.6863,71.4424
B_crinitus,2,235, cls_1 ,4.3895,1.079,216.8415,115.1974
B_crinitus,2,239, cls_1 ,0.5104,1.0261,17625.0714,135.5524
B_crinitus,2,240, cls_1 ,3.6749,1.0972,145.9066,101.0348
B_crinitus,2,245, cls_1 ,2.9603,1.1103,1970.5408,63.9
B_crinitus,2,247, cls_1 ,0.7146,1.0283,487.303,71.4424
B_crinitus,2,249, cls_1 ,0.7146,1.0932,63449.3548,71.4424
B_crinitus,2,250, cls_1 ,1.1229,1.1271,79309.5002,63.9
B_crinitus,2,252, cls_1 ,26.6429,1.1094,521.0632,131.7332
B_crinitus,2,256, cls_1 ,0.4083,1.0975,4696.854,71.4424
B_crinitus,2,257, cls_1 ,3.1645,1.0817,31727.7235,90.3682
B_crinitus,2,258, cls_1 ,10.4122,1.085,342.3233,71.4424
B_crinitus,2,259, cls_1 ,0.8166,1.0769,431.9915,71.4424
B_crinitus,2,262, cls_1 ,0.8166,1.1031,234.5755,71.4424
B_crinitus,2,265, cls_1 ,1.327,1.1398,2389.8803,71.4424
B_crinitus,2,266, cls_1 ,0.2042,1.0155,2562.3509,63.9
B_crinitus,2,267, cls_1 ,40.4238,1.1735,980.2751,63.9
B_crinitus,2,268, cls_1 ,2.6541,1.1116,1242.0311,63.9
B_crinitus,2,272, cls_1 ,1.9395,1.0471,208.551,159.75
B_crinitus,2,273, cls_1 ,0.5104,1.105,945.9054,90.3682
B_crinitus,2,276, cls_1 ,0.5104,1.0688,9353.1928,127.8
B_crinitus,2,278, cls_1 ,16.3328,1.1353,15885.4924,63.9
B_crinitus,2,279, cls_1 ,1.1229,1.0654,39656.3782,90.3682
B_crinitus,2,280, cls_1 ,0.4083,1,4303.6916,63.9
B_crinitus,2,281, cls_1 ,0.1021,1,355.3681,63.9
B_crinitus,2,283, cls_1 ,0.7146,1.0631,12218.8067,162.9137
B_crinitus,2,285, cls_1 ,0.6125,1.1125,556.022,63.9
B_crinitus,2,292, cls_1 ,0.6125,1.1125,284.1473,115.1974
B_crinitus,2,294, cls_1 ,0.6125,1.1125,735.0809,71.4424
B_crinitus,2,296, cls_1 ,4.7978,1.1257,39660.3137,90.3682
B_crinitus,2,297, cls_1 ,0.1021,1,4926.2574,63.9
B_crinitus,2,301, cls_1 ,1.6333,1.0836,211.705,159.75
B_crinitus,2,303, cls_1 ,0.2042,1.0155,467.929,71.4424
B_crinitus,2,304, cls_1 ,0.2042,1.0155,1114.9339,95.85
B_crinitus,2,305, cls_1 ,1.327,1.1543,4402.0112,131.7332
B_crinitus,2,311, cls_1 ,18.4765,1.1149,575.8482,63.9
B_crinitus,2,312, cls_1 ,1.0208,1.1199,450.0038,159.75
B_crinitus,2,321, cls_1 ,5.2061,1.0796,2647.531,63.9
B_crinitus,2,322, cls_1 ,1.5312,1.0728,286.2747,71.4424
B_crinitus,2,327, cls_1 ,0.4083,1.0537,433.1576,162.9137
B_crinitus,2,328, cls_1 ,1.0208,1.1388,1154.2146,95.85
B_crinitus,2,329, cls_1 ,1.8374,1.0529,959.8369,135.5524
B_crinitus,2,330, cls_1 ,6.7373,1.0979,12690.1991,159.75
B_crinitus,2,332, cls_1 ,1.8374,1.1642,1041.563,127.8
B_crinitus,2,336, cls_1 ,8.9831,1.2039,1734.8347,63.9
B_crinitus,2,338, cls_1 ,0.7146,1.0932,2720.7167,95.85
B_crinitus,2,339, cls_1 ,2.4499,1.0706,10122.1392,63.9
B_crinitus,2,342, cls_1 ,83.3996,1.1683,17652.813,63.9
B_crinitus,2,343, cls_1 ,0.2042,1.0909,24441.9434,71.4424
B_crinitus,2,345, cls_1 ,1.327,1.0467,346.0837,135.5524
B_crinitus,2,347, cls_1 ,1.1229,1.088,881.3262,71.4424
B_crinitus,2,352, cls_1 ,0.5104,1.105,35267.978,95.85
B_crinitus,2,355, cls_1 ,1.327,1.0219,946.3288,63.9
B_crinitus,2,356, cls_1 ,0.2042,1.0909,526.0073,71.4424
B_crinitus,2,357, cls_1 ,2.8582,1.0924,747.8791,71.4424
B_crinitus,2,360, cls_1 ,6.5331,1.1306,939.022,90.3682
B_crinitus,2,361, cls_1 ,1.8374,1.0529,217.6145,95.85
B_crinitus,2,362, cls_1 ,1.6333,1.0836,176.6027,95.85
B_crinitus,2,364, cls_1 ,0.5104,1.0261,1417.6788,71.4424
B_crinitus,2,367, cls_1 ,2.0416,1.0903,268.2341,63.9
B_crinitus,2,368, cls_1 ,1.0208,1.0509,1004.301,416.577
B_crinitus,2,369, cls_1 ,1.1229,1.1443,3969.5063,285.7695
B_crinitus,2,370, cls_1 ,1.1229,1.088,463.8397,63.9
B_crinitus,2,371, cls_1 ,0.1021,1,18662.7043,131.7332
B_crinitus,2,372, cls_1 ,1.225,1.0982,7739.3406,159.75
B_crinitus,2,375, cls_1 ,0.1021,1,63447.6223,71.4424
B_crinitus,2,376, cls_1 ,2.8582,1.1241,160.8529,115.1974
B_crinitus,2,377, cls_1 ,1.8374,1.0869,340.2877,95.85
B_crinitus,2,379, cls_1 ,5.0019,1.1409,6488.6278,71.4424
B_crinitus,2,380, cls_1 ,0.1021,1,739.8712,63.9
B_crinitus,2,382, cls_1 ,0.1021,1,463.1461,63.9
B_crinitus,2,385, cls_1 ,0.7146,1.0283,1019.5143,63.9
B_crinitus,2,396, cls_1 ,1.225,1.0982,3251.5648,71.4424
B_crinitus,2,398, cls_1 ,1.7354,1.0395,3274.7139,142.8847
B_crinitus,2,405, cls_1 ,8.6768,1.097,12202.6753,162.9137
B_crinitus,2,406, cls_1 ,0.6125,1.0465,6477.1316,223.65
B_crinitus,2,413, cls_1 ,0.9187,1.0338,78.6773,257.5891
B_crinitus,2,414, cls_1 ,18.2724,1.1657,3587.0344,63.9
B_crinitus,2,417, cls_1 ,1.225,1.0306,131.5297,71.4424
B_crinitus,2,421, cls_1 ,0.1021,1,79309.9415,63.9
B_crinitus,2,423, cls_1 ,0.2042,1.0909,152.9603,63.9
B_crinitus,2,424, cls_1 ,0.3062,1.0358,477.9391,63.9
B_crinitus,2,425, cls_1 ,4.1853,1.0741,207.7051,63.9
B_crinitus,2,428, cls_1 ,6.329,1.1496,4350.0247,101.0348
B_crinitus,2,431, cls_1 ,0.3062,1.0914,79311.5462,63.9
B_crinitus,2,432, cls_1 ,4.7978,1.1987,212.5846,63.9
B_crinitus,2,436, cls_1 ,0.4083,1.0537,1414.1987,406.6571
B_crinitus,2,437, cls_1 ,1.225,1.0982,713.6396,127.8
B_crinitus,2,443, cls_1 ,1.0208,1.0509,19828.6502,127.8
B_crinitus,2,447, cls_1 ,0.3062,1.0358,79309.6449,63.9
B_crinitus,2,448, cls_1 ,0.7146,1.0283,24410.8879,101.0348
B_crinitus,2,456, cls_1 ,54.6129,1.2115,536.0852,63.9
B_crinitus,2,458, cls_1 ,1.327,1.0689,8822.3841,63.9
B_crinitus,2,462, cls_1 ,0.8166,1.0769,7937.5293,63.9
B_crinitus,2,464, cls_1 ,1.9395,1.0647,39655.0591,90.3682
B_crinitus,2,467, cls_1 ,0.5104,1.0688,79315.2834,63.9
B_crinitus,2,473, cls_1 ,0.1021,1,79312.0202,63.9
B_crinitus,2,476, cls_1 ,1.6333,1.0836,2210.4016,95.85
B_crinitus,2,478, cls_1 ,0.2042,1.0155,18664.8193,95.85
B_crinitus,2,484, cls_1 ,0.1021,1,91.0919,71.4424
B_crinitus,2,485, cls_1 ,0.6125,1.0819,31733.1866,95.85
B_crinitus,2,486, cls_1 ,2.8582,1.0924,827.6156,95.85
B_crinitus,2,487, cls_1 ,0.1021,1,63449.6539,71.4424
B_crinitus,2,493, cls_1 ,12.0455,1.1127,35550.0652,71.4424
B_crinitus,2,496, cls_1 ,0.1021,1,63448.1783,71.4424
B_crinitus,2,499, cls_1 ,9.0851,1.1272,79313.8194,63.9
B_crinitus,2,504, cls_1 ,1.327,1.0689,19830.5436,127.8
B_crinitus,2,508, cls_1 ,2.8582,1.1426,3736.5025,159.75
B_crinitus,2,511, cls_1 ,2.1437,1.0701,2677.9952,71.4424
B_crinitus,2,513, cls_1 ,0.6125,1.1395,79309.6431,63.9
B_crinitus,2,518, cls_1 ,1.0208,1.0993,9917.133,101.0348
B_crinitus,2,525, cls_1 ,11.2288,1.0726,40.307,325.8273
B_crinitus,2,529, cls_1 ,1.1229,1.0654,63449.1198,71.4424
B_crinitus,2,533, cls_1 ,0.3062,1.0914,63449.1548,71.4424
B_crinitus,2,539, cls_1 ,1.225,1.1167,2024.2732,101.0348
B_crinitus,2,540, cls_1 ,0.6125,1.1125,625.27,186.2989
B_crinitus,2,545, cls_1 ,271.9418,1.2367,1179.7794,71.4424
B_crinitus,2,552, cls_1 ,0.9187,1.063,4408.088,135.5524
B_crinitus,2,555, cls_1 ,0.7146,1.0631,4886.0267,90.3682
B_crinitus,2,562, cls_1 ,4.1853,1.1257,7055.203,63.9
B_crinitus,2,563, cls_1 ,2.552,1.0517,8576.4147,90.3682
B_crinitus,2,568, cls_1 ,1.1229,1.1085,79310.0267,63.9
B_crinitus,2,573, cls_1 ,2.1437,1.1565,19828.6647,127.8
B_crinitus,2,575, cls_1 ,3.9811,1.0468,171.988,127.8
B_crinitus,2,580, cls_1 ,1.5312,1.0909,24406.1291,115.1974
B_crinitus,2,588, cls_1 ,0.7146,1.0631,620.8605,63.9
B_crinitus,2,593, cls_1 ,0.1021,1,6357.8343,63.9
B_crinitus,2,595, cls_1 ,0.4083,1.0537,848.7629,63.9
B_crinitus,2,596, cls_1 ,0.7146,1.1434,755.6683,101.0348
B_crinitus,2,599, cls_1 ,1.1229,1.1271,12693.5332,71.4424
B_crinitus,2,604, cls_1 ,0.1021,1,63447.8151,71.4424
B_crinitus,2,607, cls_1 ,2.2458,1.0651,40.8358,325.8273
B_crinitus,2,608, cls_1 ,0.7146,1.0631,493.3781,71.4424
B_crinitus,2,610, cls_1 ,3.6749,1.0874,56.1513,71.4424
B_crinitus,2,622, cls_1 ,1.327,1.0467,479.0736,71.4424
B_crinitus,2,635, cls_1 ,0.1021,1,12690.3035,159.75
B_crinitus,2,636, cls_1 ,0.1021,1,65.9107,71.4424
B_crinitus,2,637, cls_1 ,1.1229,1.1085,79311.9138,63.9
B_crinitus,2,642, cls_1 ,0.6125,1.0465,5988.162,232.5995
B_crinitus,2,644, cls_1 ,1.1229,1.0402,12690.8894,159.75
B_crinitus,2,645, cls_1 ,0.9187,1.0889,68.7975,159.75
B_crinitus,2,648, cls_1 ,3.3686,1.0965,3745.1019,191.7
B_crinitus,2,661, cls_1 ,0.4083,1.0975,1252.3029,191.7
B_crinitus,2,664, cls_1 ,0.8166,1.0473,106.8656,63.9
B_crinitus,2,668, cls_1 ,2.0416,1.0903,354.7694,159.75
B_crinitus,2,671, cls_1 ,0.6125,1.0465,15863.9338,142.8847
B_crinitus,2,681, cls_1 ,2.9603,1.1297,24404.1444,115.1974
B_crinitus,2,683, cls_1 ,1.9395,1.0647,104.4187,63.9
B_crinitus,2,688, cls_1 ,3.6749,1.1396,145.5218,172.056
B_crinitus,2,689, cls_1 ,3.4707,1.1534,86.3853,63.9
B_crinitus,2,694, cls_1 ,0.5104,1.0688,24403.7298,71.4424
B_crinitus,2,695, cls_1 ,0.1021,1,63448.333,71.4424
B_crinitus,2,696, cls_1 ,1.5312,1.1372,49.1816,63.9
B_crinitus,2,699, cls_1 ,1.1229,1.1085,515.8276,135.5524
B_crinitus,2,703, cls_1 ,45.3236,1.1568,1000.4635,172.056
B_crinitus,2,704, cls_1 ,1.1229,1.0402,54.0363,63.9
B_crinitus,2,708, cls_1 ,0.4083,1.0975,454.0321,101.0348
B_crinitus,2,710, cls_1 ,0.1021,1,24404.5362,71.4424
B_crinitus,2,712, cls_1 ,0.7146,1.0631,28.611,180.7365
B_crinitus,2,724, cls_1 ,0.1021,1,7739.8466,159.75
B_crinitus,2,725, cls_1 ,1.6333,1.0657,79314.0698,63.9
B_crinitus,2,726, cls_1 ,0.4083,1.0537,872.1156,71.4424
B_crinitus,2,731, cls_1 ,7.656,1.0917,2740.0034,172.056
B_crinitus,2,732, cls_1 ,4.2874,1.1376,38.5663,180.7365
B_crinitus,2,742, cls_1 ,0.5104,1.0261,376.2846,159.75
B_crinitus,2,749, cls_1 ,3.5728,1.1502,6355.3871,63.9
B_crinitus,2,752, cls_1 ,0.5104,1.105,31726.2056,101.0348
B_crinitus,2,755, cls_1 ,0.1021,1,63448.0263,71.4424
B_crinitus,2,756, cls_1 ,1.9395,1.0278,832.2667,63.9
B_crinitus,2,762, cls_1 ,0.5104,1.0688,78.0595,287.55
B_crinitus,2,763, cls_1 ,3.9811,1.1233,79309.7398,63.9
B_crinitus,2,769, cls_1 ,2.2458,1.1066,63449.059,71.4424
B_crinitus,2,776, cls_1 ,0.6125,1.1125,1140.6294,71.4424
B_crinitus,2,783, cls_1 ,0.3062,1.0358,63450.1527,71.4424
B_crinitus,2,792, cls_1 ,12.0455,1.139,72.6199,63.9
B_crinitus,2,796, cls_1 ,0.2042,1.0155,1242.6661,71.4424
B_crinitus,2,799, cls_1 ,4.2874,1.1808,63457.5007,63.9
B_crinitus,2,805, cls_1 ,0.1021,1,239.9051,63.9
B_crinitus,2,807, cls_1 ,1.0208,1.0764,1330.7649,71.4424
B_crinitus,2,812, cls_1 ,0.1021,1,79310.3117,63.9
B_crinitus,2,814, cls_1 ,0.6125,1.0465,505.9542,95.85
B_crinitus,2,815, cls_1 ,0.3062,1.0358,251.5357,63.9
B_crinitus,2,817, cls_1 ,31.0324,1.1333,6349.9136,63.9
B_crinitus,2,821, cls_1 ,0.2042,1.0155,56.6613,63.9
B_crinitus,2,822, cls_1 ,1.7354,1.059,63455.6583,71.4424
B_crinitus,2,823, cls_1 ,2.8582,1.1513,39668.5747,63.9
B_crinitus,2,826, cls_1 ,2.7562,1.0583,3969.8591,223.65
B_crinitus,2,827, cls_1 ,0.1021,1,79310.6729,63.9
B_crinitus,2,829, cls_1 ,3.0624,1.2193,79313.8674,63.9
B_crinitus,2,831, cls_1 ,0.5104,1.0688,79319.0794,63.9
B_crinitus,2,832, cls_1 ,1.4291,1.0386,74.4684,63.9
B_crinitus,2,836, cls_1 ,9.9018,1.2128,24433.4634,115.1974
B_crinitus,2,837, cls_1 ,0.8166,1.1031,22.8384,223.65
B_crinitus,2,840, cls_1 ,6.7373,1.1328,27.7794,63.9
B_crinitus,2,843, cls_1 ,1.327,1.1679,2638.0025,71.4424
B_crinitus,2,844, cls_1 ,258.0589,1.2466,1226.1995,63.9
B_crinitus,2,847, cls_1 ,0.6125,1.0819,63451.223,71.4424
B_crinitus,2,849, cls_1 ,0.7146,1.0283,1377.5565,131.7332
B_crinitus,2,851, cls_1 ,1.9395,1.0647,35250.8001,95.85
B_crinitus,2,853, cls_1 ,0.8166,1.0769,341.4533,127.8
B_crinitus,2,854, cls_1 ,0.2042,1.0155,19832.1635,127.8
B_crinitus,2,855, cls_1 ,0.2042,1.0909,444.7124,71.4424
B_crinitus,2,857, cls_1 ,0.1021,1,12697.6067,71.4424
B_crinitus,2,858, cls_1 ,14.9037,1.0968,3174.7247,127.8
B_crinitus,2,865, cls_1 ,1.225,1.078,37.8237,63.9
B_crinitus,2,868, cls_1 ,1.1229,1.0654,513.7043,71.4424
B_crinitus,2,869, cls_1 ,0.6125,1.0819,63448.9028,71.4424
B_crinitus,2,870, cls_1 ,0.2042,1.0155,63449.2608,71.4424
B_crinitus,2,876, cls_1 ,5.5123,1.174,79363.6493,63.9
B_crinitus,2,877, cls_1 ,2.2458,1.1066,1025.3071,131.7332
B_crinitus,2,879, cls_1 ,0.1021,1,702.0284,71.4424
B_crinitus,2,880, cls_1 ,0.3062,1.0358,474.2286,71.4424
B_crinitus,2,885, cls_1 ,0.2042,1.0155,8815.4785,191.7
B_crinitus,2,887, cls_1 ,0.3062,1.0358,946.4829,63.9
B_crinitus,2,888, cls_1 ,3.4707,1.187,127.8339,95.85
B_crinitus,2,893, cls_1 ,0.8166,1.0473,18664.2122,63.9
B_crinitus,2,897, cls_1 ,0.3062,1.0914,456.7031,71.4424
B_crinitus,2,898, cls_1 ,2.4499,1.0843,733.1335,63.9
B_crinitus,2,899, cls_1 ,0.4083,1.0975,44.3485,63.9
B_crinitus,2,900, cls_1 ,4.3895,1.1609,49.2607,63.9
B_crinitus,2,903, cls_1 ,1.0208,1.1561,1189.4123,71.4424
B_crinitus,2,912, cls_1 ,0.8166,1.0769,79312.0959,63.9
B_crinitus,2,915, cls_1 ,0.6125,1.0465,31.5884,95.85
B_crinitus,2,916, cls_1 ,0.5104,1.0688,3017.0229,63.9
B_crinitus,2,917, cls_1 ,0.3062,1.0914,1075.2231,127.8
B_crinitus,2,920, cls_1 ,0.8166,1.0769,543.2753,63.9
B_crinitus,2,926, cls_1 ,1.225,1.1495,15863.8922,142.8847
B_crinitus,2,927, cls_1 ,0.1021,1,63450.5051,71.4424
B_crinitus,2,929, cls_1 ,0.6125,1.1125,38.2245,63.9
B_crinitus,2,930, cls_1 ,0.2042,1.0155,2593.5885,63.9
B_crinitus,2,931, cls_1 ,0.1021,1,1963.3912,63.9
B_crinitus,2,932, cls_1 ,0.8166,1.1477,1987.8689,115.1974
B_crinitus,2,934, cls_1 ,20.6202,1.1426,3934.8567,63.9
B_crinitus,2,935, cls_1 ,0.2042,1.0155,442.2692,63.9
B_crinitus,2,936, cls_1 ,0.1021,1,392.5051,63.9
B_crinitus,2,939, cls_1 ,0.1021,1,9407.7302,63.9
B_crinitus,2,940, cls_1 ,1.4291,1.0805,3983.5597,159.75
B_crinitus,2,944, cls_1 ,13.985,1.1698,79367.4229,63.9
B_crinitus,2,950, cls_1 ,4.7978,1.163,57.053,63.9
B_crinitus,2,954, cls_1 ,0.1021,1,39659.9305,90.3682
B_crinitus,2,956, cls_1 ,1.5312,1.1075,79315.0803,63.9
B_crinitus,2,957, cls_1 ,0.2042,1.0155,10945.0323,95.85
B_crinitus,2,958, cls_1 ,0.1021,1,79310.9503,63.9
B_crinitus,2,960, cls_1 ,0.7146,1.0631,847.832,142.8847
B_crinitus,2,963, cls_1 ,0.1021,1,63448.0256,71.4424
B_crinitus,2,971, cls_1 ,4.0832,1.0557,79309.7054,63.9
B_crinitus,2,972, cls_1 ,1.0208,1.0509,79313.3773,63.9
B_crinitus,2,974, cls_1 ,0.7146,1.0631,35254.1694,95.85
B_crinitus,2,975, cls_1 ,0.4083,1.0975,56.6166,325.8273
B_crinitus,2,979, cls_1 ,0.3062,1.0358,63453.804,71.4424
B_crinitus,2,993, cls_1 ,0.4083,1.1346,1136.573,95.85
B_crinitus,2,994, cls_1 ,0.2042,1.0155,41.6644,71.4424
B_crinitus,2,998, cls_1 ,1.6333,1.046,15869.7052,142.8847
B_crinitus,2,999, cls_1 ,7.1456,1.1689,43.2144,71.4424
B_crinitus,2,1000, cls_1 ,0.1021,1,46.445,71.4424
B_crinitus,2,1004, cls_1 ,0.1021,1,15.0279,101.0348
B_crinitus,2,1005, cls_1 ,1.5312,1.053,3576.1961,159.75
B_crinitus,2,1006, cls_1 ,0.1021,1,812.4498,71.4424
B_crinitus,2,1011, cls_1 ,0.7146,1.0932,15878.6241,63.9
B_crinitus,2,1013, cls_1 ,1.1229,1.088,1305.5424,71.4424
B_crinitus,2,1014, cls_1 ,1.1229,1.1085,428.5099,294.5644
B_crinitus,2,1016, cls_1 ,0.3062,1.0358,14.5075,101.0348
B_crinitus,2,1017, cls_1 ,0.1021,1,442.1315,71.4424
B_crinitus,2,1018, cls_1 ,0.2042,1.0155,1225.2879,71.4424
B_crinitus,2,1019, cls_1 ,0.6125,1.0819,2147.4716,71.4424
B_crinitus,2,1020, cls_1 ,0.7146,1.0283,7739.3486,186.2989
B_crinitus,2,1021, cls_1 ,0.3062,1.0358,579.5576,131.7332
B_crinitus,2,1024, cls_1 ,13.2704,1.1853,39.3221,63.9
B_crinitus,2,1026, cls_1 ,0.2042,1.0155,79309.9015,63.9
B_crinitus,2,1027, cls_1 ,1.6333,1.1554,786.1256,63.9
B_crinitus,2,1028, cls_1 ,4.2874,1.1376,50.6397,255.6
B_crinitus,2,1033, cls_1 ,4.6957,1.0899,4673.8842,90.3682
B_crinitus,2,1034, cls_1 ,2.4499,1.1689,8053.2551,63.9
B_crinitus,2,1038, cls_1 ,13.5767,1.1618,2347.2116,71.4424
B_crinitus,2,1041, cls_1 ,3.879,1.0916,555.6321,63.9
B_crinitus,2,1046, cls_1 ,0.1021,1,63448.3984,71.4424
B_crinitus,2,1047, cls_1 ,1.225,1.0306,59.9503,63.9
B_crinitus,2,1048, cls_1 ,0.4083,1.0537,516.5506,101.0348
B_crinitus,2,1049, cls_1 ,1.6333,1.0657,869.5971,63.9
B_crinitus,2,1050, cls_1 ,0.1021,1,46.3214,71.4424
B_crinitus,2,1052, cls_1 ,1.7354,1.0769,8604.3391,71.4424
B_crinitus,2,1055, cls_1 ,5.104,1.1774,2178.7851,101.0348
B_crinitus,2,1056, cls_1 ,0.4083,1.0537,184.1237,159.75
B_crinitus,2,1060, cls_1 ,0.6125,1.0819,105.8629,294.5644
B_crinitus,2,1064, cls_1 ,0.2042,1.0155,324.4686,63.9
B_crinitus,2,1066, cls_1 ,1.5312,1.0909,1656.5042,172.056
B_crinitus,2,1072, cls_1 ,1.225,1.1337,168.352,71.4424
B_crinitus,2,1073, cls_1 ,0.1021,1,328.6647,63.9
B_crinitus,2,1076, cls_1 ,1.9395,1.0809,33.6414,223.65
B_crinitus,2,1078, cls_1 ,32.7678,1.2029,426.7768,63.9
B_crinitus,2,1080, cls_1 ,7.2477,1.097,73.7943,159.75
B_crinitus,2,1083, cls_1 ,0.1021,1,79312.6578,63.9
B_crinitus,2,1085, cls_1 ,5.4103,1.0917,176.7494,71.4424
B_crinitus,2,1089, cls_1 ,0.5104,1.0688,2437.0171,63.9
B_crinitus,2,1090, cls_1 ,3.0624,1.0851,125.8801,127.8
B_crinitus,2,1091, cls_1 ,0.1021,1,170.5246,71.4424
B_crinitus,2,1093, cls_1 ,0.4083,1.0975,98.4824,127.8
B_crinitus,2,1094, cls_1 ,0.3062,1.0358,59.6936,63.9
B_crinitus,2,1096, cls_1 ,595.8424,1.2156,12706.6079,63.9
B_crinitus,2,1097, cls_1 ,3.777,1.1036,250.0512,71.4424
B_crinitus,2,1098, cls_1 ,1.225,1.1778,94.6205,232.5995
B_crinitus,2,1099, cls_1 ,0.4083,1.1346,205.9146,71.4424
B_crinitus,2,1107, cls_1 ,22.1514,1.1936,49.4258,63.9
B_crinitus,2,1111, cls_1 ,0.6125,1.0465,20.2719,63.9
B_crinitus,2,1113, cls_1 ,0.5104,1.0261,170.9894,71.4424
B_crinitus,2,1114, cls_1 ,1.4291,1.0606,371.596,131.7332
B_crinitus,2,1117, cls_1 ,0.3062,1.0914,575.4647,71.4424
B_crinitus,2,1118, cls_1 ,0.8166,1.1031,222.8312,135.5524
B_crinitus,2,1125, cls_1 ,1.225,1.0306,78.6797,63.9
B_crinitus,2,1127, cls_1 ,0.7146,1.0283,19.2131,63.9
B_crinitus,2,1129, cls_1 ,0.5104,1.0261,1232.2617,101.0348
B_crinitus,2,1132, cls_1 ,0.4083,1.0537,1834.5033,63.9
B_crinitus,2,1133, cls_1 ,0.9187,1.112,250.3056,131.7332
B_crinitus,2,1135, cls_1 ,0.1021,1,15879.0022,142.8847
B_crinitus,2,1136, cls_1 ,1.327,1.0467,502.1969,63.9
B_crinitus,2,1141, cls_1 ,0.2042,1.0909,98.7627,95.85
B_crinitus,2,1142, cls_1 ,0.5104,1.0261,93.3797,95.85
B_crinitus,2,1145, cls_1 ,6.8394,1.0831,113.0842,71.4424
B_crinitus,2,1146, cls_1 ,0.9187,1.112,73.5462,127.8
B_crinitus,2,1147, cls_1 ,1.4291,1.0386,126.1128,186.2989
B_crinitus,2,1149, cls_1 ,0.8166,1.0769,24415.7556,115.1974
B_crinitus,2,1151, cls_1 ,0.3062,1.0358,511.9707,63.9
B_crinitus,2,1158, cls_1 ,0.2042,1.0155,123.6169,71.4424
B_crinitus,2,1159, cls_1 ,5.4103,1.1661,163.8704,71.4424
B_crinitus,2,1160, cls_1 ,0.2042,1.0909,36.0853,71.4424
B_crinitus,2,1164, cls_1 ,1.6333,1.0657,77.6371,95.85
B_crinitus,2,1166, cls_1 ,4.1853,1.0838,1225.7636,159.75
B_crinitus,2,1167, cls_1 ,2.8582,1.1336,68.0232,101.0348
B_crinitus,2,1168, cls_1 ,9.4935,1.1478,168.9075,127.8
B_crinitus,2,1169, cls_1 ,1.6333,1.046,41.4636,383.4
B_crinitus,2,1170, cls_1 ,2.2458,1.1301,25.0375,71.4424
B_crinitus,2,1173, cls_1 ,0.4083,1.1346,79368.1734,63.9
B_crinitus,2,1175, cls_1 ,0.4083,1.0975,3569.2235,63.9
B_crinitus,2,1176, cls_1 ,0.1021,1,244.9801,63.9
B_crinitus,2,1177, cls_1 ,1.225,1.0982,67.7602,95.85
B_crinitus,2,1184, cls_1 ,0.1021,1,5204.7546,63.9
B_crinitus,2,1192, cls_1 ,3.777,1.0267,382.0001,159.75
B_crinitus,2,1195, cls_1 ,1.327,1.1073,84.0457,101.0348
B_crinitus,2,1198, cls_1 ,0.3062,1.0358,35256.9974,95.85
B_crinitus,2,1202, cls_1 ,0.4083,1.0537,31729.8253,101.0348
B_crinitus,2,1203, cls_1 ,3.4707,1.1125,102.6983,71.4424
B_crinitus,2,1206, cls_1 ,0.6125,1.1637,5054.7744,71.4424
B_crinitus,2,1208, cls_1 ,2.0416,1.0903,68.4041,191.7
B_crinitus,2,1216, cls_1 ,0.1021,1,1900.7774,63.9
B_crinitus,2,1225, cls_1 ,1.327,1.0689,66.4087,191.7
B_crinitus,2,1231, cls_1 ,0.5104,1.0261,111.001,257.5891
B_crinitus,2,1234, cls_1 ,0.5104,1.105,1771.3979,63.9
B_crinitus,2,1235, cls_1 ,5.4103,1.1556,74.1514,63.9
B_crinitus,2,1240, cls_1 ,3.4707,1.1676,27.4287,243.324
B_crinitus,2,1241, cls_1 ,1.1229,1.0654,911.8391,90.3682
B_crinitus,2,1242, cls_1 ,16.7412,1.0699,7741.7701,142.8847
B_crinitus,2,1243, cls_1 ,1.327,1.0689,62.3572,257.5891
B_crinitus,2,1244, cls_1 ,0.1021,1,98.4606,71.4424
B_crinitus,2,1245, cls_1 ,2.9603,1.1202,60.6586,63.9
B_crinitus,2,1253, cls_1 ,4.4915,1.0671,1414.4111,90.3682
B_crinitus,2,1254, cls_1 ,0.6125,1.0819,97.1159,71.4424
B_crinitus,2,1255, cls_1 ,0.1021,1,989.3171,63.9
B_crinitus,2,1257, cls_1 ,2.8582,1.1241,105.9573,90.3682
B_crinitus,2,1258, cls_1 ,105.2447,1.2339,76.5166,63.9
B_crinitus,2,1259, cls_1 ,2.3478,1.146,35.8815,172.056
B_crinitus,2,1265, cls_1 ,0.3062,1.0358,1704.5246,71.4424
B_crinitus,2,1266, cls_1 ,0.6125,1.0465,15.9977,642.9813
B_crinitus,2,1274, cls_1 ,42.9758,1.1967,64.5991,204.5798
B_crinitus,2,1275, cls_1 ,0.5104,1.0261,45.5673,63.9
B_crinitus,2,1282, cls_1 ,0.5104,1.105,20.0081,319.5
B_crinitus,2,1288, cls_1 ,2.3478,1.1017,9924.646,142.8847
B_crinitus,2,1291, cls_1 ,12.658,1.1539,130.6995,63.9
B_crinitus,2,1292, cls_1 ,0.8166,1.0769,25.7724,142.8847
B_crinitus,2,1297, cls_1 ,1.6333,1.0836,27.9665,172.056
B_crinitus,2,1299, cls_1 ,1.4291,1.1454,12691.6404,159.75
B_crinitus,2,1300, cls_1 ,0.3062,1.0358,62.7249,71.4424
B_crinitus,2,1301, cls_1 ,0.4083,1.0537,79311.1815,63.9
B_crinitus,2,1303, cls_1 ,0.8166,1.0769,315.7602,63.9
B_crinitus,2,1304, cls_1 ,1.4291,1.0805,21.7958,142.8847
B_crinitus,2,1305, cls_1 ,0.8166,1.0473,3967.3272,194.3443
B_crinitus,2,1306, cls_1 ,0.3062,1.0914,9917.807,63.9
B_crinitus,2,1307, cls_1 ,18.1703,1.0584,35282.6205,95.85
B_crinitus,2,1309, cls_1 ,0.3062,1.0358,85.6749,63.9
B_crinitus,2,1313, cls_1 ,0.7146,1.0932,5472.9235,63.9
B_crinitus,2,1314, cls_1 ,0.6125,1.0819,63449.4973,71.4424
B_crinitus,2,1315, cls_1 ,0.5104,1.0261,1459.6937,194.3443
B_crinitus,2,1316, cls_1 ,6.1248,1.1426,125.8538,565.2532
B_crinitus,2,1317, cls_1 ,2.6541,1.0758,8648.0335,194.3443
B_crinitus,2,1318, cls_1 ,0.3062,1.0358,9335.8222,63.9
B_crinitus,2,1319, cls_1 ,0.5104,1.0688,63450.6212,71.4424
B_crinitus,2,1320, cls_1 ,0.6125,1.0465,63448.9873,71.4424
B_crinitus,2,1321, cls_1 ,1.7354,1.059,1588.5777,202.0695
B_crinitus,2,1322, cls_1 ,1.1229,1.0402,5204.2385,63.9
B_crinitus,2,1323, cls_1 ,1.9395,1.1578,126.3042,63.9
B_crinitus,2,1324, cls_1 ,1.1229,1.1085,4959.4023,95.85
B_crinitus,2,1325, cls_1 ,0.5104,1.0688,2146.5777,95.85
B_crinitus,2,1327, cls_1 ,4.2874,1.1305,23.2684,180.7365
B_crinitus,2,1330, cls_1 ,1.0208,1.022,6477.4505,90.3682
B_crinitus,2,1331, cls_1 ,4.8999,1.1716,7739.9366,204.5798
B_crinitus,2,1335, cls_1 ,0.3062,1.0358,2680.6113,63.9
B_crinitus,2,1337, cls_1 ,1.8374,1.116,53.9904,142.8847
B_crinitus,2,1340, cls_1 ,2.9603,1.1557,79310.2184,63.9
B_crinitus,2,1341, cls_1 ,2.6541,1.1003,43.125,223.65
B_crinitus,2,1344, cls_1 ,5.3082,1.0691,219.1306,115.1974
B_crinitus,2,1345, cls_1 ,1.8374,1.0869,46.0266,142.8847
B_crinitus,2,1353, cls_1 ,0.2042,1.0155,79312.291,63.9
B_crinitus,2,1354, cls_1 ,21.1306,1.1982,47.4738,63.9
B_crinitus,2,1359, cls_1 ,2.6541,1.0477,56.39,159.75
B_crinitus,2,1360, cls_1 ,0.5104,1.0688,84.386,63.9
B_crinitus,2,1361, cls_1 ,0.8166,1.0473,16.8159,314.671
B_crinitus,2,1362, cls_1 ,2.2458,1.0651,149.2729,159.75
B_crinitus,2,1363, cls_1 ,1.8374,1.0529,66.8012,159.75
B_crinitus,2,1369, cls_1 ,0.1021,1,39.3287,142.8847
B_crinitus,2,1370, cls_1 ,1.225,1.0556,39.5222,159.75
B_crinitus,2,1371, cls_1 ,0.8166,1.0769,43.0001,115.1974
B_crinitus,2,1378, cls_1 ,4.1853,1.1331,11287.839,131.7332
B_crinitus,2,1379, cls_1 ,0.9187,1.112,1305.0457,71.4424
B_crinitus,2,1380, cls_1 ,0.5104,1.0688,68.1158,115.1974
B_crinitus,2,1384, cls_1 ,7.5539,1.1048,209.5086,131.7332
B_crinitus,2,1386, cls_1 ,3.9811,1.1069,140.2633,115.1974
B_crinitus,2,1387, cls_1 ,3.5728,1.0904,46.9002,194.3443
B_crinitus,2,1390, cls_1 ,1.7354,1.1084,129.3188,186.2989
B_crinitus,2,1391, cls_1 ,2.9603,1.0887,72.8624,162.9137
B_crinitus,2,1394, cls_1 ,0.7146,1.0283,79311.2453,63.9
B_crinitus,2,1396, cls_1 ,0.6125,1.0819,653.5731,159.75
B_crinitus,2,1397, cls_1 ,1.8374,1.0335,1279.1,180.7365
B_crinitus,2,1398, cls_1 ,1.225,1.0556,79312.5512,63.9
B_crinitus,2,1399, cls_1 ,0.6125,1.0819,79311.5362,63.9
B_crinitus,2,1402, cls_1 ,0.6125,1.0819,180.3616,71.4424
B_crinitus,2,1405, cls_1 ,1.5312,1.053,278.2004,271.1047
B_crinitus,2,1407, cls_1 ,11.6371,1.1316,981.7027,162.9137
B_crinitus,2,1409, cls_1 ,1.6333,1.1001,39656.5041,90.3682
B_crinitus,2,1410, cls_1 ,1.6333,1.1429,31.1839,344.112
B_crinitus,2,1413, cls_1 ,5.0019,1.1144,188.1792,71.4424
B_crinitus,2,1414, cls_1 ,1.0208,1.0764,18673.314,95.85
B_crinitus,2,1415, cls_1 ,438.843,1.228,549.0757,63.9
B_crinitus,2,1417, cls_1 ,1.225,1.0306,191.643,257.5891
B_crinitus,2,1425, cls_1 ,0.8166,1.0473,12204.064,162.9137
B_crinitus,2,1426, cls_1 ,0.5104,1.0688,7946.6082,90.3682
B_crinitus,2,1427, cls_1 ,1.6333,1.0243,2207.7911,127.8
B_crinitus,2,1428, cls_1 ,0.8166,1.0473,38.6847,71.4424
B_crinitus,2,1430, cls_1 ,0.8166,1.1265,4669.8776,263.4664
B_crinitus,2,1431, cls_1 ,2.1437,1.054,3977.9086,90.3682
B_crinitus,2,1433, cls_1 ,2.0416,1.0754,39.4677,71.4424
B_crinitus,2,1435, cls_1 ,1.1229,1.0654,24404.6978,115.1974
B_crinitus,2,1436, cls_1 ,0.6125,1.0465,3008.0347,95.85
B_crinitus,2,1437, cls_1 ,0.7146,1.0631,257.3738,180.7365
B_crinitus,2,1442, cls_1 ,36.1364,1.214,813.0632,90.3682
B_crinitus,2,1443, cls_1 ,1.225,1.1778,1203.7855,63.9
B_crinitus,2,1447, cls_1 ,0.7146,1.0631,11.5287,159.75
B_crinitus,2,1453, cls_1 ,1.5312,1.1075,276.2191,159.75
B_crinitus,2,1454, cls_1 ,1.327,1.0689,25.3455,232.5995
B_crinitus,2,1455, cls_1 ,8.7789,1.1065,3280.8436,71.4424
B_crinitus,2,1457, cls_1 ,0.2042,1.0155,507.7538,95.85
B_crinitus,2,1458, cls_1 ,0.4083,1.0975,11.5117,159.75
B_crinitus,2,1459, cls_1 ,6.4311,1.1529,20.2468,321.0935
B_crinitus,2,1462, cls_1 ,1.0208,1.0993,723.7731,63.9
B_crinitus,2,1463, cls_1 ,2.7562,1.0963,39675.1081,71.4424
B_crinitus,2,1464, cls_1 ,0.8166,1.1477,24412.6084,115.1974
B_crinitus,2,1465, cls_1 ,4.5936,1.1732,1422.6325,90.3682
B_crinitus,2,1466, cls_1 ,1.225,1.1778,651.7227,63.9
B_crinitus,2,1467, cls_1 ,2.4499,1.1601,24.1329,101.0348
B_crinitus,2,1469, cls_1 ,0.9187,1.0889,63450.401,71.4424
B_crinitus,2,1471, cls_1 ,0.6125,1.0819,289.1002,127.8
B_crinitus,2,1473, cls_1 ,0.7146,1.1197,4349.635,71.4424
B_crinitus,2,1474, cls_1 ,0.5104,1.1362,1588.6897,202.0695
B_crinitus,2,1476, cls_1 ,1.6333,1.0836,40.9065,95.85
B_crinitus,2,1477, cls_1 ,0.4083,1.0537,16.5701,71.4424
B_crinitus,2,1478, cls_1 ,0.4083,1.0537,13.0814,263.4664
B_crinitus,2,1479, cls_1 ,5.0019,1.164,2226.5729,115.1974
B_crinitus,2,1480, cls_1 ,4.8999,1.155,245.1795,90.3682
B_crinitus,2,1481, cls_1 ,0.8166,1.0769,239.9404,101.0348
B_crinitus,2,1482, cls_1 ,11.3309,1.1519,59.2645,90.3682
B_crinitus,2,1483, cls_1 ,0.7146,1.0283,24.0097,101.0348
B_crinitus,2,1484, cls_1 ,0.4083,1.0975,35269.1584,95.85
B_crinitus,2,1485, cls_1 ,3.6749,1.1319,3215.5895,131.7332
B_crinitus,2,1486, cls_1 ,0.9187,1.1519,3006.6249,71.4424
B_crinitus,2,1488, cls_1 ,4.4915,1.0944,8043.2488,71.4424
B_crinitus,2,1489, cls_1 ,1.225,1.1337,89.8921,249.5375
B_crinitus,2,1490, cls_1 ,0.6125,1.0819,15.4416,71.4424
B_crinitus,2,1492, cls_1 ,0.3062,1.0914,39656.3863,90.3682
B_crinitus,2,1493, cls_1 ,2.3478,1.0604,38.9085,71.4424
B_crinitus,2,1494, cls_1 ,1.9395,1.1469,31732.2279,71.4424
B_crinitus,2,1495, cls_1 ,0.2042,1.0155,1865.6642,63.9
B_crinitus,2,1496, cls_1 ,3.2666,1.1365,12.0409,263.4664
B_crinitus,2,1498, cls_1 ,275.7188,1.1649,4895.3233,63.9
B_crinitus,2,1500, cls_1 ,2.9603,1.0509,31733.9804,101.0348
B_crinitus,2,1502, cls_1 ,3.0624,1.126,30.3842,71.4424
B_crinitus,2,1503, cls_1 ,0.1021,1,79311.5248,63.9
B_crinitus,2,1506, cls_1 ,0.6125,1.0465,554.4761,202.0695
B_crinitus,2,1508, cls_1 ,10.7184,1.1705,1110.4707,63.9
B_crinitus,2,1510, cls_1 ,0.6125,1.1125,100.5838,95.85
B_crinitus,2,1514, cls_1 ,0.8166,1.0473,63454.9144,71.4424
B_crinitus,2,1516, cls_1 ,1.0208,1.1199,1717.7108,63.9
B_crinitus,2,1517, cls_1 ,193.4421,1.1737,64312.3741,71.4424
B_crinitus,2,1521, cls_1 ,1.9395,1.1578,39660.1293,90.3682
B_crinitus,2,1522, cls_1 ,0.9187,1,86.5493,95.85
B_crinitus,2,1526, cls_1 ,0.9187,1.112,472.7252,101.0348
B_crinitus,2,1527, cls_1 ,0.1021,1,46.4286,71.4424
B_crinitus,2,1528, cls_1 ,6.329,1.0685,11.7828,135.5524
B_crinitus,2,1530, cls_1 ,3.777,1.0635,35250.143,95.85
B_crinitus,2,1531, cls_1 ,13.6788,1.1124,50.0297,71.4424
B_crinitus,2,1534, cls_1 ,0.1021,1,765.9731,63.9
B_crinitus,2,1537, cls_1 ,0.6125,1.0819,290.8982,127.8
B_crinitus,2,1539, cls_1 ,0.6125,1.1125,12.1159,352.8993
B_crinitus,2,1541, cls_1 ,0.7146,1.0283,7742.5072,194.3443
B_crinitus,2,1543, cls_1 ,1.0208,1.1199,496.0278,95.85
B_crinitus,2,1544, cls_1 ,0.1021,1,13.3519,135.5524
B_crinitus,2,1547, cls_1 ,0.2042,1.0155,11.3644,194.3443
B_crinitus,2,1550, cls_1 ,0.6125,1.0047,13.144,321.0935
B_crinitus,2,1552, cls_1 ,2.8582,1.068,11.299,321.0935
B_crinitus,2,1558, cls_1 ,1.0208,1.0764,455.5829,101.0348
B_crinitus,2,1559, cls_1 ,0.3062,1.0358,89.8462,71.4424
B_crinitus,2,1567, cls_1 ,0.9187,1.063,100.5167,71.4424
B_crinitus,2,1568, cls_1 ,3.879,1.0916,24.4059,395.1997
B_crinitus,2,1586, cls_1 ,1.0208,1.1722,698.795,191.7
B_crinitus,2,1595, cls_1 ,1.6333,1.1001,93.2656,63.9
B_crinitus,2,1596, cls_1 ,0.1021,1,34.8876,63.9
B_crinitus,2,1603, cls_1 ,0.5104,1.0261,729.7558,71.4424
B_crinitus,2,1604, cls_1 ,2.3478,1.0445,536.2003,131.7332
B_crinitus,2,1605, cls_1 ,0.1021,1,30.4736,180.7365
B_crinitus,2,1606, cls_1 ,29.297,1.2436,47.8754,71.4424
B_crinitus,2,1608, cls_1 ,2.0416,1.0592,79325.0152,63.9
B_crinitus,2,1609, cls_1 ,1.1229,1.0654,280.5721,159.75
B_crinitus,2,1610, cls_1 ,2.8582,1.0806,20.9761,204.5798
B_crinitus,2,1613, cls_1 ,2.6541,1.0477,333.846,131.7332
B_crinitus,2,1621, cls_1 ,2.7562,1.0583,56.7006,172.056
B_crinitus,2,1622, cls_1 ,0.8166,1.1265,25.5565,63.9
B_crinitus,2,1629, cls_1 ,3.1645,1.1314,107.9832,271.1047
B_crinitus,2,1631, cls_1 ,0.4083,1.0537,419.3652,71.4424
B_crinitus,2,1632, cls_1 ,0.5104,1.0688,2198.3966,384.7289
B_crinitus,2,1636, cls_1 ,0.1021,1,20.1157,63.9
B_crinitus,2,1641, cls_1 ,0.4083,1.0975,24405.2698,115.1974
B_crinitus,2,1642, cls_1 ,0.1021,1,1985.8058,321.0935
B_crinitus,2,1650, cls_1 ,4.5936,1.1499,47.1125,361.473
B_crinitus,2,1652, cls_1 ,28.3783,1.1291,831.4925,95.85
B_crinitus,2,1658, cls_1 ,151.6913,1.2035,3281.4842,63.9
B_crinitus,2,1659, cls_1 ,0.4083,1.0975,285.0132,95.85
B_crinitus,2,1672, cls_1 ,1.5312,1.0311,63449.0629,71.4424
B_crinitus,2,1673, cls_1 ,0.6125,1.1125,34.5738,263.4664
B_crinitus,2,1676, cls_1 ,0.5104,1.0688,79311.5918,63.9
B_crinitus,2,1680, cls_1 ,0.6125,1.0819,1242.2004,71.4424
B_crinitus,2,1685, cls_1 ,4.2874,1.0395,2810.8304,232.5995
B_crinitus,2,1688, cls_1 ,0.1021,1,1593.773,71.4424
B_crinitus,2,1691, cls_1 ,1.1229,1.1443,24405.5425,115.1974
B_crinitus,2,1693, cls_1 ,1.9395,1.0471,1667.3825,202.0695
B_crinitus,2,1694, cls_1 ,0.8166,1.1265,79311.6015,63.9
B_crinitus,2,1696, cls_1 ,0.6125,1.0819,9334.9357,186.2989
B_crinitus,2,1697, cls_1 ,0.2042,1.0155,31726.6993,101.0348
B_crinitus,2,1700, cls_1 ,0.7146,1.0631,39658.562,90.3682
B_crinitus,2,1711, cls_1 ,1.4291,1.0805,686.6826,63.9
B_crinitus,2,1712, cls_1 ,2.7562,1.118,5591.1443,63.9
B_crinitus,2,1713, cls_1 ,0.6125,1.1395,63451.4212,71.4424
B_crinitus,2,1716, cls_1 ,0.5104,1.0261,79314.4261,63.9
B_crinitus,2,1718, cls_1 ,0.9187,1.112,1744.9361,63.9
B_crinitus,2,1719, cls_1 ,0.5104,1.0688,3970.1035,285.7695
B_crinitus,2,1720, cls_1 ,1.0208,1.0993,39660.7826,90.3682
B_crinitus,2,1723, cls_1 ,1.5312,1.1372,12206.8061,131.7332
B_crinitus,2,1726, cls_1 ,0.3062,1.0358,497.7696,71.4424
B_crinitus,2,1727, cls_1 ,24.8055,1.1477,1114.0758,95.85
B_crinitus,2,1728, cls_1 ,0.2042,1.0155,2645.8239,63.9
B_crinitus,2,1730, cls_1 ,0.6125,1.0465,63451.9098,71.4424
B_crinitus,2,1732, cls_1 ,0.4083,1.0975,7744.0045,101.0348
B_crinitus,2,1733, cls_1 ,0.5104,1.105,386.8076,101.0348
B_crinitus,2,1734, cls_1 ,0.1021,1,2585.6193,63.9
B_crinitus,2,1737, cls_1 ,19.089,1.1265,31747.7227,71.4424
B_crinitus,2,1738, cls_1 ,0.1021,1,79314.2668,63.9
B_crinitus,2,1747, cls_1 ,0.3062,1.0358,24410.2554,115.1974
B_crinitus,2,1749, cls_1 ,0.6125,1.1395,343.2043,159.75
B_crinitus,2,1751, cls_1 ,0.6125,1.1125,12696.9346,159.75
B_crinitus,2,1752, cls_1 ,3.777,1.0846,577.5603,63.9
B_crinitus,2,1754, cls_1 ,13.6788,1.1161,19873.258,63.9
B_crinitus,2,1757, cls_1 ,1.225,1.078,39663.1766,90.3682
B_crinitus,2,1759, cls_1 ,0.9187,1.0889,568.7105,71.4424
B_crinitus,2,1762, cls_1 ,0.2042,1.0155,79313.0749,63.9
B_crinitus,2,1764, cls_1 ,0.1021,1,348.7027,63.9
B_crinitus,2,1766, cls_1 ,3.879,1.1619,666.5395,63.9
B_crinitus,2,1767, cls_1 ,12.9642,1.1249,1915.3834,63.9
B_crinitus,2,1770, cls_1 ,0.1021,1,79313.1941,63.9
B_crinitus,2,1771, cls_1 ,0.3062,1.0358,15870.7469,142.8847
B_crinitus,2,1772, cls_1 ,21.641,1.1992,1659.4013,63.9
B_crinitus,2,1778, cls_1 ,7.0435,1.1619,6387.8745,63.9
B_crinitus,2,1780, cls_1 ,4.3895,1.0592,989.9492,63.9
B_crinitus,2,1782, cls_1 ,1.1229,1.0402,4916.8654,71.4424
B_crinitus,2,1783, cls_1 ,0.1021,1,604.793,63.9
B_crinitus,2,1784, cls_1 ,1.327,1.1242,63465.7204,71.4424
B_crinitus,2,1785, cls_1 ,0.7146,1.0932,35259.2564,95.85
B_crinitus,2,1786, cls_1 ,0.6125,1.0819,79319.6287,63.9
B_crinitus,2,1787, cls_1 ,0.9187,1.0338,5997.7317,162.9137
B_crinitus,2,1788, cls_1 ,6.2269,1.1299,31761.767,90.3682
B_crinitus,2,1789, cls_1 ,11.7392,1.1613,79371.0697,63.9
B_crinitus,2,1790, cls_1 ,0.7146,1.0932,63464.3168,71.4424
B_crinitus,2,1791, cls_1 ,1.9395,1.0471,4668.4566,263.4664
B_crinitus,2,1792, cls_1 ,0.2042,1.0909,63473.2893,71.4424
B_crinitus,2,1793, cls_1 ,0.4083,1.0537,35271.26,90.3682
B_crinitus,2,1794, cls_1 ,0.1021,1,2172.735,71.4424
B_crinitus,2,1796, cls_1 ,1.6333,1.0657,12758.8922,63.9
B_crinitus,2,1797, cls_1 ,3.9811,1.1384,15879.416,63.9
B_crinitus,2,1798, cls_1 ,2.552,1.1883,63478.1693,71.4424
B_crinitus,2,1799, cls_1 ,0.6125,1.0819,6115.7668,230.3947
B_crinitus,2,1800, cls_1 ,0.1021,1,31749.6386,95.85
B_crinitus,2,1801, cls_1 ,15.9245,1.1858,3226.7037,63.9
B_crinitus,2,1803, cls_1 ,0.1021,1,1745.0965,101.0348
B_crinitus,2,1804, cls_1 ,0.1021,1,8603.8382,63.9
B_crinitus,2,1805, cls_1 ,2.3478,1.1017,63482.8308,71.4424
B_crinitus,2,1806, cls_1 ,0.5104,1.0688,31755.1433,101.0348
B_crinitus,2,1807, cls_1 ,10.0039,1.1806,3267.0239,63.9
B_crinitus,2,1813, cls_1 ,4.6957,1.1061,63573.2264,63.9
B_crinitus,2,1814, cls_1 ,1.5312,1.1372,3164.4105,115.1974
B_crinitus,2,1816, cls_1 ,1.6333,1.0243,1662.4691,95.85
B_crinitus,2,1817, cls_1 ,0.7146,1.1649,937.888,101.0348
B_crinitus,2,1819, cls_1 ,0.3062,1.0358,10997.2787,172.056
B_crinitus,2,1820, cls_1 ,0.3062,1.0358,1244.6152,90.3682
B_crinitus,2,1821, cls_1 ,0.7146,1.0631,2433.9863,63.9
B_crinitus,2,1823, cls_1 ,0.5104,1.105,928.0353,90.3682
B_crinitus,2,1826, cls_1 ,1.1229,1.1443,506.1463,71.4424
B_crinitus,2,1827, cls_1 ,3.4707,1.1214,2465.8344,63.9
B_crinitus,2,1828, cls_1 ,275.0042,1.1917,1584.3411,95.85
B_crinitus,2,1829, cls_1 ,10.208,1.1406,706.6892,71.4424
B_crinitus,2,1831, cls_1 ,0.7146,1.0932,1442.235,172.056
B_crinitus,2,1832, cls_1 ,0.7146,1.1434,2047.2713,225.9206
B_crinitus,2,1833, cls_1 ,0.6125,1.1125,11623.7546,63.9
B_crinitus,2,1834, cls_1 ,0.4083,1.1346,1794.6919,127.8
B_crinitus,2,1835, cls_1 ,1.327,1.0689,1406.9495,63.9
B_crinitus,2,1837, cls_1 ,1.4291,1.1454,10819.0613,63.9
B_crinitus,2,1838, cls_1 ,0.6125,1.0047,2813.6305,95.85
B_crinitus,2,1839, cls_1 ,1.1229,1.088,8432.07,159.75
B_crinitus,2,1842, cls_1 ,1.0208,1.0993,421.6834,223.65
B_crinitus,2,1843, cls_1 ,1.1229,1.1085,570.4929,131.7332
B_crinitus,2,1844, cls_1 ,3523.1977,1.3026,7495.9428,63.9
B_crinitus,2,1846, cls_1 ,0.5104,1.105,594.8774,95.85
B_crinitus,2,1847, cls_1 ,3.879,1.1338,2323.5992,135.5524
B_crinitus,2,1851, cls_1 ,0.9187,1.1328,2759.2674,357.2119
B_crinitus,2,1854, cls_1 ,0.7146,1.0932,487.4099,115.1974
B_crinitus,2,1862, cls_1 ,1.1229,1.1271,4652.1377,90.3682
B_crinitus,2,1866, cls_1 ,0.7146,1.0283,1119.2025,63.9
B_crinitus,2,1868, cls_1 ,0.1021,1,513.1704,63.9
B_crinitus,2,1873, cls_1 ,0.8166,1.1031,1288.2842,71.4424
B_crinitus,2,1875, cls_1 ,1.0208,1.1388,4979.1751,135.5524
B_crinitus,2,1885, cls_1 ,0.7146,1.1434,63473.4984,71.4424
B_crinitus,2,1886, cls_1 ,0.6125,1.0465,7026.5569,71.4424
B_crinitus,2,1887, cls_1 ,0.3062,1.0358,8986.5919,63.9
B_crinitus,2,1888, cls_1 ,0.3062,1.0358,9108.146,71.4424
B_crinitus,2,1892, cls_1 ,9.0851,1.087,10946.7009,172.056
B_crinitus,2,1893, cls_1 ,0.1021,1,7151.4044,71.4424
B_crinitus,2,1894, cls_1 ,2.4499,1.1311,1491.6351,135.5524
B_crinitus,2,1895, cls_1 ,1.4291,1.0805,1998.1638,135.5524
B_crinitus,2,1896, cls_1 ,0.1021,1,7017.6418,71.4424
B_crinitus,2,1899, cls_1 ,0.6125,1.0819,39664.0878,63.9
B_crinitus,2,1900, cls_1 ,1.1229,1.1271,63453.0833,71.4424
B_crinitus,2,1901, cls_1 ,0.6125,1.0819,24413.0919,115.1974
B_crinitus,2,1904, cls_1 ,0.2042,1.0155,63452.9958,71.4424
B_crinitus,2,1905, cls_1 ,0.6125,1.1125,35254.6903,95.85
B_crinitus,2,1906, cls_1 ,1.1229,1.088,79318.1746,63.9
B_crinitus,2,1907, cls_1 ,0.9187,1.0338,17831.3236,135.5524
B_crinitus,2,1908, cls_1 ,0.1021,1,347.6554,127.8
B_crinitus,2,1910, cls_1 ,0.5104,1.0688,7250.6132,71.4424
B_crinitus,2,1911, cls_1 ,5.5123,1.0654,633.8623,95.85
B_crinitus,2,1912, cls_1 ,0.4083,1.0537,19839.7868,127.8
B_crinitus,2,1913, cls_1 ,2.552,1.0663,531.7296,95.85
B_crinitus,2,1915, cls_1 ,0.2042,1.0155,3906.4494,95.85
B_crinitus,2,1917, cls_1 ,30.8282,1.1377,3774.4113,71.4424
B_crinitus,2,1918, cls_1 ,5.4103,1.1064,285.3523,71.4424
B_crinitus,2,1919, cls_1 ,0.6125,1.0465,8602.6884,194.3443
B_crinitus,2,1925, cls_1 ,98.6095,1.209,12446.9205,63.9
B_crinitus,2,1926, cls_1 ,0.7146,1.0631,8679.8395,115.1974
B_crinitus,2,1927, cls_1 ,6.5331,1.1463,79517.2669,63.9
B_crinitus,2,1928, cls_1 ,1.1229,1.0654,1755.0124,319.5
B_crinitus,2,1929, cls_1 ,0.7146,1.0283,2838.1973,127.8
B_crinitus,2,1934, cls_1 ,2.552,1.0799,8815.8072,63.9
B_crinitus,2,1935, cls_1 ,69.7208,1.1388,20180.3363,95.85
B_crinitus,2,1945, cls_1 ,8.3706,1.1308,427.1411,71.4424
B_crinitus,2,1946, cls_1 ,0.1021,1,3154.4071,321.0935
B_crinitus,2,1947, cls_1 ,0.8166,1.1031,177.5588,71.4424
B_crinitus,2,1948, cls_1 ,5.7165,1.1144,1850.8562,63.9
B_crinitus,2,1953, cls_1 ,0.2042,1.0155,112.2665,63.9
B_crinitus,2,1956, cls_1 ,9.3914,1.0894,1050.5737,142.8847
B_crinitus,2,1957, cls_1 ,0.1021,1,110.6857,63.9
B_crinitus,2,1958, cls_1 ,0.4083,1.0537,154.1207,71.4424
B_crinitus,2,1959, cls_1 ,3.4707,1.0721,132.8045,71.4424
B_crinitus,2,1964, cls_1 ,0.4083,1.0537,1006.2097,63.9
B_crinitus,2,1968, cls_1 ,0.4083,1.1346,8660.7128,63.9
B_crinitus,2,1969, cls_1 ,0.5104,1.0261,6924.6384,71.4424
B_crinitus,2,1970, cls_1 ,5.2061,1.0526,872.2849,71.4424
B_crinitus,2,1971, cls_1 ,0.6125,1.0047,805.6774,63.9
B_crinitus,2,1973, cls_1 ,4.6957,1.1815,233.3106,159.75
B_crinitus,2,1974, cls_1 ,2.6541,1.151,553.7,63.9
B_crinitus,2,1983, cls_1 ,0.7146,1.0932,8657.866,63.9
B_crinitus,2,1985, cls_1 ,0.6125,1.0819,261.7258,127.8
B_crinitus,2,1986, cls_1 ,0.2042,1.0909,1804.616,142.8847
B_crinitus,2,1987, cls_1 ,5.104,1.126,1010.1246,63.9
B_crinitus,2,1988, cls_1 ,0.6125,1.0819,63470.3817,71.4424
B_crinitus,2,1990, cls_1 ,0.7146,1.0932,681.9668,63.9
B_crinitus,2,1991, cls_1 ,0.6125,1.0819,684.0328,232.5995
B_crinitus,2,1993, cls_1 ,2.8582,1.1141,3470.0689,101.0348
B_crinitus,2,1997, cls_1 ,0.9187,1.0338,1806.2671,303.1043
B_crinitus,2,1998, cls_1 ,0.5104,1.0261,455.5963,285.7695
B_crinitus,2,1999, cls_1 ,305.7303,1.1702,494.4291,63.9
B_crinitus,2,2000, cls_1 ,0.7146,1.0932,6011.0435,71.4424
B_crinitus,2,2001, cls_1 ,1.1229,1.0402,2729.8226,303.1043
B_crinitus,2,2005, cls_1 ,5.0019,1.1281,349.5551,63.9
B_crinitus,2,2006, cls_1 ,0.5104,1.0261,414.7321,71.4424
B_crinitus,2,2007, cls_1 ,6.329,1.1338,713.9116,63.9
B_crinitus,2,2010, cls_1 ,0.9187,1.1519,6925.9657,71.4424
B_crinitus,2,2015, cls_1 ,3.879,1.1096,474.2072,63.9
B_crinitus,2,2020, cls_1 ,0.3062,1.0358,267.4562,526.9329
B_crinitus,2,2021, cls_1 ,4.6957,1.1537,841.8241,71.4424
B_crinitus,2,2022, cls_1 ,17.864,1.0764,582.8703,159.75
B_crinitus,2,2023, cls_1 ,5.6144,1.1463,1115.4725,95.85
B_crinitus,2,2026, cls_1 ,0.1021,1,439.6313,63.9
B_crinitus,2,2027, cls_1 ,0.9187,1.0338,2667.5401,71.4424
B_crinitus,2,2028, cls_1 ,2.3478,1.1017,370.4268,243.324
B_crinitus,2,2032, cls_1 ,1274.574,1.2472,11374.9426,63.9
B_crinitus,2,2033, cls_1 ,0.6125,1.0465,1081.0332,115.1974
B_crinitus,2,2034, cls_1 ,6.0227,1.0653,704.5043,115.1974
B_crinitus,2,2035, cls_1 ,0.5104,1.0688,257.9684,172.056
B_crinitus,2,2037, cls_1 ,0.6125,1.0465,8645.907,63.9
B_crinitus,2,2039, cls_1 ,1.1229,1.1443,249.3175,180.7365
B_crinitus,2,2040, cls_1 ,0.1021,1,860.4518,63.9
B_crinitus,2,2041, cls_1 ,0.6125,1.1125,949.9692,115.1974
B_crinitus,2,2042, cls_1 ,11.7392,1.1024,706.895,255.6
B_crinitus,2,2045, cls_1 ,1.0208,1.0993,2582.0164,71.4424
B_crinitus,2,2050, cls_1 ,1.4291,1.1309,6917.5422,71.4424
B_crinitus,2,2054, cls_1 ,0.9187,1.1519,289.9675,159.75
B_crinitus,2,2055, cls_1 ,0.7146,1.1197,894.8766,127.8
B_crinitus,2,2058, cls_1 ,0.6125,1.1125,819.9214,63.9
B_crinitus,2,2063, cls_1 ,4.6957,1.0982,1741.8701,90.3682
B_crinitus,2,2066, cls_1 ,0.5104,1.0688,3183.775,63.9
B_crinitus,2,2067, cls_1 ,2.7562,1.1281,2671.8418,71.4424
B_crinitus,2,2071, cls_1 ,0.9187,1.063,514.0399,289.3196
B_crinitus,2,2076, cls_1 ,3.1645,1.0817,125.1315,63.9
B_crinitus,2,2078, cls_1 ,2.3478,1.146,789.4352,63.9
B_crinitus,2,2079, cls_1 ,0.9187,1.112,3463.2877,95.85
B_crinitus,2,2080, cls_1 ,2.8582,1.1241,970.1649,191.7
B_crinitus,2,2081, cls_1 ,1.0208,1.022,1398.7588,71.4424
B_crinitus,2,2082, cls_1 ,1.1229,1.0654,159.8911,90.3682
B_crinitus,2,2083, cls_1 ,8.6768,1.0735,259.0179,71.4424
B_crinitus,2,2088, cls_1 ,12.8621,1.1144,149.8216,63.9
B_crinitus,2,2089, cls_1 ,0.8166,1.0131,8683.156,63.9
B_crinitus,2,2090, cls_1 ,2.6541,1.0884,139.63,71.4424
B_crinitus,2,2091, cls_1 ,0.8166,1.0769,484.5251,95.85
B_crinitus,2,2092, cls_1 ,0.6125,1.0465,136.5808,194.3443
B_crinitus,2,2093, cls_1 ,5.7165,1.1498,1521.9209,63.9
B_crinitus,2,2095, cls_1 ,0.4083,1.0537,100.938,159.75
B_crinitus,2,2096, cls_1 ,0.7146,1.1197,775.7703,131.7332
B_crinitus,2,2097, cls_1 ,0.5104,1.105,8645.8298,63.9
B_crinitus,2,2098, cls_1 ,0.1021,1,81.9414,101.0348
B_crinitus,2,2102, cls_1 ,7.0435,1.1745,1412.2721,71.4424
B_crinitus,2,2104, cls_1 ,1.4291,1.0987,2048.5743,71.4424
B_crinitus,2,2105, cls_1 ,0.4083,1.0537,4329.1094,90.3682
B_crinitus,2,2106, cls_1 ,0.7146,1.0932,74.7491,142.8847
B_crinitus,2,2107, cls_1 ,2.4499,1.1854,79.7432,115.1974
B_crinitus,2,2108, cls_1 ,0.9187,1.112,545.3199,63.9
B_crinitus,2,2109, cls_1 ,0.5104,1.105,148.2192,115.1974
B_crinitus,2,2110, cls_1 ,12.4538,1.0735,74.7336,71.4424
B_crinitus,2,2111, cls_1 ,0.8166,1.0473,51.7285,95.85
B_crinitus,2,2112, cls_1 ,1.7354,1.0933,547.1137,95.85
B_crinitus,2,2114, cls_1 ,1.327,1.1543,188.8095,71.4424
B_crinitus,2,2115, cls_1 ,5.7165,1.1551,417.2981,135.5524
B_crinitus,2,2116, cls_1 ,9.2893,1.1649,70.0964,63.9
B_crinitus,2,2117, cls_1 ,2.1437,1.0988,65.9687,71.4424
B_crinitus,2,2118, cls_1 ,0.9187,1.0338,8639.4945,63.9
B_crinitus,2,2119, cls_1 ,0.5104,1.0688,124.8453,71.4424
B_crinitus,2,2121, cls_1 ,1.225,1.0306,716.4406,223.65
B_crinitus,2,2122, cls_1 ,6.4311,1.115,271.4096,71.4424
B_crinitus,2,2123, cls_1 ,0.9187,1.0889,1094.9887,172.056
B_crinitus,2,2124, cls_1 ,3.5728,1.1427,994.7472,90.3682
B_crinitus,2,2126, cls_1 ,2.1437,1.1354,109.8139,90.3682
B_crinitus,2,2127, cls_1 ,0.5104,1.105,769.4739,131.7332
B_crinitus,2,2130, cls_1 ,10.1059,1.1564,1227.8127,101.0348
B_crinitus,2,2131, cls_1 ,0.2042,1.0909,8713.4756,63.9
B_crinitus,2,2132, cls_1 ,8.3706,1.1353,384.1532,71.4424
B_crinitus,2,2133, cls_1 ,38.0759,1.1465,3895.2692,71.4424
B_crinitus,2,2134, cls_1 ,1.6333,1.0243,63.1226,115.1974
B_crinitus,2,2135, cls_1 ,2.2458,1.0937,54.3126,159.75
B_crinitus,2,2137, cls_1 ,0.7146,1.0932,1340.9822,162.9137
B_crinitus,2,2139, cls_1 ,1.6333,1.046,140.1618,95.85
B_crinitus,2,2140, cls_1 ,0.4083,1.1346,1592.8542,90.3682
B_crinitus,2,2142, cls_1 ,234.2742,1.1816,65.3308,71.4424
B_crinitus,2,2145, cls_1 ,1.5312,1.0728,357.5189,172.056
B_crinitus,2,2146, cls_1 ,5.104,1.1872,176.5463,172.056
B_crinitus,2,2147, cls_1 ,0.2042,1.0155,173.897,63.9
B_crinitus,2,2148, cls_1 ,0.2042,1.0909,481.941,71.4424
B_crinitus,2,2149, cls_1 ,0.1021,1,130.9553,101.0348
B_crinitus,2,2150, cls_1 ,1.4291,1.0386,23.8039,204.5798
B_crinitus,2,2153, cls_1 ,21.2327,1.1194,98.7906,63.9
B_crinitus,2,2155, cls_1 ,49.611,1.1323,66.4229,131.7332
B_crinitus,2,2156, cls_1 ,1.327,1.089,122.8376,95.85
B_crinitus,2,2157, cls_1 ,0.1021,1,3149.0209,63.9
B_crinitus,2,2158, cls_1 ,0.7146,1.0932,8700.0755,63.9
B_crinitus,2,2159, cls_1 ,0.4083,1.0537,3543.2312,63.9
B_crinitus,2,2161, cls_1 ,0.1021,1,2292.6628,127.8
B_crinitus,2,2162, cls_1 ,1.1229,1.0402,275.5442,95.85
B_crinitus,2,2163, cls_1 ,25.3159,1.0954,3031.2595,71.4424
B_crinitus,2,2164, cls_1 ,1.6333,1.1672,271.1874,95.85
B_crinitus,2,2165, cls_1 ,0.5104,1.0261,94.839,249.5375
B_crinitus,2,2166, cls_1 ,41.1383,1.1458,100.6288,71.4424
B_crinitus,2,2169, cls_1 ,4.2874,1.0616,54.8555,352.8993
B_crinitus,2,2171, cls_1 ,0.2042,1.0155,58.243,71.4424
B_crinitus,2,2172, cls_1 ,390.6611,1.2228,3909.0488,63.9
B_crinitus,2,2173, cls_1 ,1.327,1.089,53.8554,249.5375
B_crinitus,2,2174, cls_1 ,0.1021,1,43.4171,71.4424
B_crinitus,2,2175, cls_1 ,0.4083,1.0537,39.21,71.4424
B_crinitus,2,2177, cls_1 ,3.9811,1.1456,377.4027,63.9
B_crinitus,2,2178, cls_1 ,4.0832,1.0863,191.5227,63.9
B_crinitus,2,2181, cls_1 ,13.3725,1.0859,33.5384,186.2989
B_crinitus,2,2182, cls_1 ,1.0208,1.0764,1018.1674,115.1974
B_crinitus,2,2184, cls_1 ,0.8166,1.0473,59.2972,131.7332
B_crinitus,2,2185, cls_1 ,0.8166,1.0131,1583.0492,90.3682
B_crinitus,2,2186, cls_1 ,0.5104,1.0688,2520.7307,71.4424
B_crinitus,2,2187, cls_1 ,3.777,1.1036,275.2667,95.85
B_crinitus,2,2189, cls_1 ,0.5104,1.105,1186.2482,131.7332
B_crinitus,2,2190, cls_1 ,3.9811,1.1717,2474.5631,95.85
B_crinitus,2,2191, cls_1 ,0.2042,1.0155,336.6333,63.9
B_crinitus,2,2193, cls_1 ,1.1229,1.1085,108.8055,71.4424
B_crinitus,2,2194, cls_1 ,0.2042,1.0155,2724.3624,71.4424
B_crinitus,2,2196, cls_1 ,1.1229,1.0402,8654.6422,63.9
B_crinitus,2,2198, cls_1 ,0.2042,1.0909,44.182,63.9
B_crinitus,2,2199, cls_1 ,983.1349,1.2598,3431.3164,63.9
B_crinitus,2,2200, cls_1 ,0.3062,1.0358,3221.6877,63.9
B_crinitus,2,2201, cls_1 ,2.4499,1.0971,2784.4215,71.4424
B_crinitus,2,2202, cls_1 ,1.7354,1.0933,404.3913,135.5524
B_crinitus,2,2204, cls_1 ,4.2874,1.1232,472.0277,71.4424
B_crinitus,2,2205, cls_1 ,0.4083,1.0975,2199.6452,63.9
B_crinitus,2,2206, cls_1 ,0.6125,1.1125,32.2867,71.4424
B_crinitus,2,2208, cls_1 ,1.225,1.0982,4921.2288,63.9
B_crinitus,2,2209, cls_1 ,0.9187,1.0338,25.9286,127.8
B_crinitus,2,2210, cls_1 ,1.7354,1.0933,3327.2159,63.9
B_crinitus,2,2212, cls_1 ,1.8374,1.0335,36.4855,272.9809
B_crinitus,2,2214, cls_1 ,0.8166,1.0131,993.3802,63.9
B_crinitus,2,2215, cls_1 ,4.5936,1.1303,2350.9935,63.9
B_crinitus,2,2216, cls_1 ,0.6125,1.0819,117.5891,90.3682
B_crinitus,2,2218, cls_1 ,0.7146,1.1197,82.2751,677.0084
B_crinitus,2,2219, cls_1 ,3.6749,1.0547,102.6606,90.3682
B_crinitus,2,2220, cls_1 ,1.1229,1.088,140.7837,71.4424
B_crinitus,2,2224, cls_1 ,2.2458,1.1409,504.8552,162.9137
B_crinitus,2,2225, cls_1 ,1.7354,1.0933,64.5246,71.4424
B_crinitus,2,2226, cls_1 ,0.7146,1.0631,252.1126,101.0348
B_crinitus,2,2227, cls_1 ,0.5104,1.0261,1257.8837,95.85
B_crinitus,2,2232, cls_1 ,0.9187,1.0889,2484.8416,63.9
B_crinitus,2,2233, cls_1 ,0.4083,1.0975,1142.3564,71.4424
B_crinitus,2,2235, cls_1 ,0.3062,1.0914,365.1063,135.5524
B_crinitus,2,2236, cls_1 ,0.6125,1.0465,73.5205,95.85
B_crinitus,2,2237, cls_1 ,25.1117,1.0874,31.6794,159.75
B_crinitus,2,2238, cls_1 ,0.7146,1.0932,532.9907,159.75
B_crinitus,2,2239, cls_1 ,0.3062,1.0914,3266.727,63.9
B_crinitus,2,2240, cls_1 ,3.879,1.0608,127.152,71.4424
B_crinitus,2,2241, cls_1 ,6.8394,1.0687,62.8674,71.4424
B_crinitus,2,2243, cls_1 ,0.7146,1.0631,336.2892,71.4424
B_crinitus,2,2244, cls_1 ,11.2288,1.0831,23.2029,191.7
B_crinitus,2,2245, cls_1 ,0.1021,1,30.1448,63.9
B_crinitus,2,2247, cls_1 ,0.1021,1,297.8763,135.5524
B_crinitus,2,2248, cls_1 ,0.3062,1.0914,29.2311,63.9
B_crinitus,2,2249, cls_1 ,2.2458,1.0651,21.007,101.0348
B_crinitus,2,2251, cls_1 ,0.5104,1.105,18.0413,162.9137
B_crinitus,2,2252, cls_1 ,2.2458,1.1187,810.7791,71.4424
B_crinitus,2,2254, cls_1 ,12.9642,1.1453,38.398,101.0348
B_crinitus,2,2256, cls_1 ,0.3062,1.0358,175.8821,71.4424
B_crinitus,2,2259, cls_1 ,5.2061,1.062,16.0948,101.0348
B_crinitus,2,2260, cls_1 ,1.327,1.089,89.7413,172.056
B_crinitus,2,2263, cls_1 ,1.0208,1.0764,296.5601,90.3682
B_crinitus,2,2264, cls_1 ,0.3062,1.0358,184.0144,71.4424
B_crinitus,2,2267, cls_1 ,1.4291,1.0987,49.8891,131.7332
B_crinitus,2,2269, cls_1 ,1.6333,1.1001,44.68,101.0348
B_crinitus,2,2277, cls_1 ,0.1021,1,337.6717,63.9
B_crinitus,2,2279, cls_1 ,0.6125,1.0047,58.3609,131.7332
B_crinitus,2,2281, cls_1 ,1.1229,1.1271,2439.4905,63.9
B_crinitus,2,2289, cls_1 ,2.0416,1.0592,10.958,426.2662
B_crinitus,2,2290, cls_1 ,5.5123,1.0371,13.7471,607.05
B_crinitus,2,2297, cls_1 ,0.7146,1.0631,11.5218,426.2662
B_crinitus,2,2298, cls_1 ,0.8166,1.0473,20.5181,271.1047
B_crinitus,2,2301, cls_1 ,0.3062,1.0358,112.0317,159.75
B_crinitus,2,2302, cls_1 ,1.1229,1.088,1939.1066,71.4424
B_crinitus,2,2304, cls_1 ,1.0208,1.0993,153.0252,172.056
B_crinitus,2,2306, cls_1 ,1.5312,1.053,16.7645,271.1047
B_crinitus,2,2308, cls_1 ,364.8348,1.176,36.7599,71.4424
B_crinitus,2,2310, cls_1 ,0.8166,1.1265,755.7659,115.1974
B_crinitus,2,2312, cls_1 ,0.5104,1.105,11.4189,135.5524
B_crinitus,2,2314, cls_1 ,3.777,1.0635,9.6479,127.8
B_crinitus,2,2321, cls_1 ,0.5104,1.0688,7.7008,606.2086
B_crinitus,2,2322, cls_1 ,12.2496,1.1028,1938.672,71.4424
B_crinitus,2,2324, cls_1 ,0.6125,1.0465,10.6807,127.8
B_crinitus,2,2328, cls_1 ,15.7204,1.0839,8.2736,90.3682
B_crinitus,2,2329, cls_1 ,0.5104,1.0688,973.0001,101.0348
B_crinitus,2,2331, cls_1 ,21.0285,1.1383,283.9164,71.4424
B_crinitus,2,2338, cls_1 ,2.4499,1.0401,733.72,71.4424
B_crinitus,2,2339, cls_1 ,1.4291,1.0987,284.1742,101.0348
B_crinitus,2,2340, cls_1 ,0.6125,1.0819,104.4843,194.3443
B_crinitus,2,2343, cls_1 ,57.8795,1.1302,104.8894,63.9
B_crinitus,2,2347, cls_1 ,12.3517,1.0639,7.2315,271.1047
B_crinitus,2,2349, cls_1 ,0.6125,1.0465,786.8305,71.4424
B_crinitus,2,2350, cls_1 ,2.3478,1.0889,227.5733,63.9
B_crinitus,2,2352, cls_1 ,0.6125,1.0465,26.5442,90.3682
B_crinitus,2,2353, cls_1 ,0.1021,1,2415.843,63.9
B_crinitus,2,2355, cls_1 ,2.1437,1.1354,46.1098,303.1043
B_crinitus,2,2357, cls_1 ,0.8166,1.0473,249.0643,202.0695
B_crinitus,2,2358, cls_1 ,115.6569,1.2102,2115.7071,63.9
B_crinitus,2,2363, cls_1 ,1.4291,1.0805,51.9039,225.9206
B_crinitus,2,2365, cls_1 ,0.5104,1.0688,125.8557,135.5524
B_crinitus,2,2366, cls_1 ,154.9578,1.2021,152.116,63.9
B_crinitus,2,2367, cls_1 ,0.9187,1.063,1078.1909,95.85
B_crinitus,2,2368, cls_1 ,1.4291,1.0386,772.3391,115.1974
B_crinitus,2,2370, cls_1 ,1.5312,1.0311,293.7951,115.1974
B_crinitus,2,2372, cls_1 ,0.4083,1.0537,397.6376,63.9
B_crinitus,2,2373, cls_1 ,0.7146,1.1197,115.2076,90.3682
B_crinitus,2,2374, cls_1 ,0.6125,1.1125,501.7532,71.4424
B_crinitus,2,2375, cls_1 ,1.0208,1.0509,183.4143,95.85
B_crinitus,2,2376, cls_1 ,2.8582,1.068,87.8014,115.1974
B_crinitus,2,2381, cls_1 ,2.7562,1.1281,257.3126,63.9
B_crinitus,2,2382, cls_1 ,2.8582,1.1426,289.035,63.9
B_crinitus,2,2383, cls_1 ,0.5104,1.0261,167.2962,90.3682
B_crinitus,2,2384, cls_1 ,2.4499,1.1204,460.9402,90.3682
B_crinitus,2,2385, cls_1 ,2.2458,1.0799,2415.107,63.9
B_crinitus,2,2387, cls_1 ,0.6125,1.0819,54.0392,131.7332
B_crinitus,2,2388, cls_1 ,1.8374,1.0529,149.2858,101.0348
B_crinitus,2,2389, cls_1 ,0.4083,1.1667,133.6524,115.1974
B_crinitus,2,2393, cls_1 ,0.4083,1.0537,21.3617,294.5644
B_crinitus,2,2395, cls_1 ,2.6541,1.1003,269.0986,71.4424
B_crinitus,2,2397, cls_1 ,9.9018,1.1316,47.2334,194.3443
B_crinitus,2,2402, cls_1 ,1.225,1.078,244.1936,71.4424
B_crinitus,2,2403, cls_1 ,0.5104,1.105,166.2479,214.3271
B_crinitus,2,2404, cls_1 ,1.225,1.0556,315.5102,71.4424
B_crinitus,2,2405, cls_1 ,4.5936,1.0328,22.4201,194.3443
B_crinitus,2,2408, cls_1 ,0.2042,1.0909,10.2085,294.5644
B_crinitus,2,2410, cls_1 ,0.4083,1.0975,317.5093,71.4424
B_crinitus,2,2412, cls_1 ,2.6541,1.1222,45.254,90.3682
B_crinitus,2,2415, cls_1 ,6.1248,1.1138,303.645,63.9
B_crinitus,2,2416, cls_1 ,6.0227,1.0568,14.7141,474.9709
B_crinitus,2,2417, cls_1 ,0.3062,1.0358,17.7309,63.9
B_crinitus,2,2418, cls_1 ,0.2042,1.0155,130.6085,71.4424
B_crinitus,2,2419, cls_1 ,0.6125,1.0819,14.638,63.9
B_crinitus,2,2422, cls_1 ,0.9187,1.063,61.1002,71.4424
B_crinitus,2,2424, cls_1 ,6.5331,1.1512,31.0912,63.9
B_crinitus,2,2426, cls_1 ,1.1229,1.0402,141.3086,63.9
B_crinitus,2,2428, cls_1 ,0.9187,1.063,111.4978,127.8
B_crinitus,2,2429, cls_1 ,1.4291,1.1589,15.3677,159.75
B_crinitus,2,9, cls_2 ,0.3062,1.0358,0.1954,1294.6651
B_crinitus,2,13, cls_2 ,0.2042,1.0155,2.786,71.4424
B_crinitus,2,16, cls_2 ,0.2042,1.0909,0.9086,135.5524
B_crinitus,2,19, cls_2 ,1.327,1.1073,0.6873,71.4424
B_crinitus,2,21, cls_2 ,0.8166,1.0473,0.2783,1129.6031
B_crinitus,2,24, cls_2 ,3.5728,1.08,6.681,63.9
B_crinitus,2,28, cls_2 ,0.3062,1.0358,5.0807,90.3682
B_crinitus,2,30, cls_2 ,2.4499,1.1204,10.5258,63.9
B_crinitus,2,34, cls_2 ,1.225,1.0306,4.4819,71.4424
B_crinitus,2,36, cls_2 ,5.2061,1.1367,1.0686,191.7
B_crinitus,2,42, cls_2 ,0.8166,1.0473,5.179,71.4424
B_crinitus,2,46, cls_2 ,0.6125,1.0465,0.2142,888.3019
B_crinitus,2,80, cls_2 ,11.433,1.1576,1.0734,486.6479
B_crinitus,2,82, cls_2 ,1.9395,1.0809,0.903,639
B_crinitus,2,86, cls_2 ,4.2874,1.1863,0.2812,745.8803
B_crinitus,2,87, cls_2 ,2.1437,1.1117,0.6415,642.1871
B_crinitus,2,93, cls_2 ,4.7978,1.1039,6.3791,90.3682
B_crinitus,2,97, cls_2 ,4.6957,1.128,37.5876,101.0348
B_crinitus,2,98, cls_2 ,8.5747,1.1139,0.5647,457.4544
B_crinitus,2,99, cls_2 ,2.3478,1.0889,0.7655,772.7674
B_crinitus,2,104, cls_2 ,1.225,1.078,0.5017,709.4051
B_crinitus,2,112, cls_2 ,9.0851,1.1561,0.8905,406.6571
B_crinitus,2,115, cls_2 ,2.3478,1.1904,0.3588,862.65
B_crinitus,2,119, cls_2 ,37.7697,1.1772,10.5519,63.9
B_crinitus,2,122, cls_2 ,1.4291,1.1154,12.9682,90.3682
B_crinitus,2,128, cls_2 ,8.2685,1.1123,4.0219,115.1974
B_crinitus,2,142, cls_2 ,0.8166,1.0769,1.4729,357.2119
B_crinitus,2,144, cls_2 ,1.4291,1.0606,12.3682,159.75
B_crinitus,2,145, cls_2 ,18.1703,1.097,0.9703,486.6479
B_crinitus,2,158, cls_2 ,6.8394,1.1693,0.6678,457.4544
B_crinitus,2,160, cls_2 ,2.3478,1.1137,1.6646,344.112
B_crinitus,2,161, cls_2 ,0.9187,1.1695,0.3227,745.8803
B_crinitus,2,163, cls_2 ,4.6957,1.1413,0.3464,769.4579
B_crinitus,2,172, cls_2 ,1.4291,1.0987,4.7215,159.75
B_crinitus,2,175, cls_2 ,0.4083,1.0975,0.7879,901.9865
B_crinitus,2,183, cls_2 ,3.777,1.1209,0.5442,777.3771
B_crinitus,2,186, cls_2 ,4.8999,1.1431,2.8709,344.112
B_crinitus,2,189, cls_2 ,2.3478,1.1358,0.9244,607.05
B_crinitus,2,191, cls_2 ,3.1645,1.1561,11.8287,71.4424
B_crinitus,2,195, cls_2 ,1.5312,1.0728,95.3811,63.9
B_crinitus,2,200, cls_2 ,4.4915,1.1027,13.0921,71.4424
B_crinitus,2,203, cls_2 ,6.5331,1.0731,0.3377,862.65
B_crinitus,2,214, cls_2 ,8.5747,1.162,11.1384,71.4424
B_crinitus,2,217, cls_2 ,1.4291,1.0606,6.3151,131.7332
B_crinitus,2,218, cls_2 ,4.4915,1.206,21.1277,71.4424
B_crinitus,2,221, cls_2 ,5.104,1.0815,0.4439,587.3936
B_crinitus,2,237, cls_2 ,1.327,1.1543,4.8422,535.5796
B_crinitus,2,238, cls_2 ,32.4615,1.1527,2.5566,180.7365
B_crinitus,2,243, cls_2 ,1.9395,1.0647,0.4298,587.3936
B_crinitus,2,244, cls_2 ,2.8582,1.1141,0.9669,798.75
B_crinitus,2,261, cls_2 ,0.6125,1.0819,1.7134,230.3947
B_crinitus,2,263, cls_2 ,58.7982,1.1705,18.6831,63.9
B_crinitus,2,264, cls_2 ,1.225,1.0982,3.6479,486.6479
B_crinitus,2,277, cls_2 ,7.5539,1.1789,3.705,159.75
B_crinitus,2,288, cls_2 ,7.0435,1.1175,5.4459,71.4424
B_crinitus,2,290, cls_2 ,1.7354,1.0395,3.5041,159.75
B_crinitus,2,300, cls_2 ,6.6352,1.1118,1.2474,159.75
B_crinitus,2,306, cls_2 ,1.327,1.1242,3.4526,71.4424
B_crinitus,2,308, cls_2 ,0.9187,1.063,3.6398,162.9137
B_crinitus,2,309, cls_2 ,2.1437,1.1117,14.2531,71.4424
B_crinitus,2,314, cls_2 ,14.3933,1.1287,0.9159,471.7361
B_crinitus,2,315, cls_2 ,6.8394,1.1465,5.6801,63.9
B_crinitus,2,317, cls_2 ,1.225,1.0556,3.6453,71.4424
B_crinitus,2,318, cls_2 ,2.9603,1.1297,0.8042,223.65
B_crinitus,2,323, cls_2 ,69.1083,1.1734,44.9837,63.9
B_crinitus,2,324, cls_2 ,1.327,1.089,145.1818,63.9
B_crinitus,2,331, cls_2 ,3.0624,1.1951,0.8883,583.0328
B_crinitus,2,340, cls_2 ,0.8166,1.0473,5.0772,127.8
B_crinitus,2,346, cls_2 ,4.7978,1.139,10.4268,90.3682
B_crinitus,2,351, cls_2 ,2.4499,1.0971,0.4123,800.6647
B_crinitus,2,353, cls_2 ,0.1021,1,1.1995,257.5891
B_crinitus,2,354, cls_2 ,0.9187,1.0889,17.2991,63.9
B_crinitus,2,373, cls_2 ,1.225,1.078,18.363,186.2989
B_crinitus,2,378, cls_2 ,0.7146,1.0631,54.4929,115.1974
B_crinitus,2,381, cls_2 ,0.1021,1,8.4068,90.3682
B_crinitus,2,386, cls_2 ,27.5617,1.1339,21.0732,63.9
B_crinitus,2,387, cls_2 ,0.4083,1.0537,0.2499,2041.3025
B_crinitus,2,393, cls_2 ,0.6125,1.1125,0.6981,741.0747
B_crinitus,2,394, cls_2 ,4.1853,1.147,1.2037,285.7695
B_crinitus,2,404, cls_2 ,5.7165,1.1144,0.5102,263.4664
B_crinitus,2,407, cls_2 ,15.1079,1.1241,138.4519,71.4424
B_crinitus,2,408, cls_2 ,0.3062,1.0358,0.2676,400.3324
B_crinitus,2,415, cls_2 ,1.1229,1.088,0.2305,400.3324
B_crinitus,2,418, cls_2 ,1.4291,1.0987,55.1955,71.4424
B_crinitus,2,419, cls_2 ,2.0416,1.0903,1.6277,285.7695
B_crinitus,2,420, cls_2 ,2.2458,1.0937,8.8589,135.5524
B_crinitus,2,434, cls_2 ,0.8166,1.1031,173.8426,63.9
B_crinitus,2,435, cls_2 ,0.6125,1.0047,14.5077,115.1974
B_crinitus,2,440, cls_2 ,0.1021,1,47.1558,63.9
B_crinitus,2,442, cls_2 ,0.6125,1.0465,0.3558,1209.4668
B_crinitus,2,446, cls_2 ,13.3725,1.1454,3.1972,135.5524
B_crinitus,2,450, cls_2 ,0.1021,1,78.9795,63.9
B_crinitus,2,453, cls_2 ,0.8166,1.1031,1.6344,180.7365
B_crinitus,2,455, cls_2 ,20.8244,1.0848,40.5956,63.9
B_crinitus,2,457, cls_2 ,3.0624,1.0962,7.6455,194.3443
B_crinitus,2,463, cls_2 ,0.2042,1.0909,0.9728,180.7365
B_crinitus,2,465, cls_2 ,2.8582,1.1336,0.5775,232.5995
B_crinitus,2,471, cls_2 ,0.2042,1.0155,2.7345,243.324
B_crinitus,2,475, cls_2 ,0.7146,1.1197,0.9748,728.5721
B_crinitus,2,488, cls_2 ,2.2458,1.1301,3.5374,428.6542
B_crinitus,2,490, cls_2 ,6.7373,1.216,57.7459,63.9
B_crinitus,2,492, cls_2 ,1.4291,1.0606,16.7308,142.8847
B_crinitus,2,494, cls_2 ,1.4291,1.1309,18.8867,63.9
B_crinitus,2,498, cls_2 ,4.1853,1.1402,4.2508,243.324
B_crinitus,2,500, cls_2 ,0.7146,1.0932,3.8746,223.65
B_crinitus,2,509, cls_2 ,0.9187,1.0338,208.0881,63.9
B_crinitus,2,514, cls_2 ,1.0208,1.0993,17.3885,194.3443
B_crinitus,2,515, cls_2 ,0.2042,1.0155,167.0441,71.4424
B_crinitus,2,516, cls_2 ,83.7058,1.2688,14.4137,63.9
B_crinitus,2,523, cls_2 ,10.4122,1.0952,3.0756,558.8967
B_crinitus,2,526, cls_2 ,4.1853,1.0838,2.3815,586.524
B_crinitus,2,530, cls_2 ,1.8374,1.1292,11.747,63.9
B_crinitus,2,534, cls_2 ,0.3062,1.0914,10.0089,63.9
B_crinitus,2,542, cls_2 ,2.9603,1.0769,6.6978,225.9206
B_crinitus,2,543, cls_2 ,0.8166,1.0769,13.2329,71.4424
B_crinitus,2,544, cls_2 ,0.2042,1.0909,9.0717,71.4424
B_crinitus,2,547, cls_2 ,1.5312,1.175,9.0172,63.9
B_crinitus,2,557, cls_2 ,1.0208,1.0764,7.4081,71.4424
B_crinitus,2,558, cls_2 ,2.8582,1.0806,10.1036,63.9
B_crinitus,2,564, cls_2 ,61.6565,1.1826,31.8027,63.9
B_crinitus,2,566, cls_2 ,0.8166,1.2012,7.252,63.9
B_crinitus,2,567, cls_2 ,0.8166,1.1031,7.3607,63.9
B_crinitus,2,571, cls_2 ,0.1021,1,206.2872,63.9
B_crinitus,2,581, cls_2 ,1.0208,1.1199,17.8059,63.9
B_crinitus,2,582, cls_2 ,3.4707,1.1299,17.7859,204.5798
B_crinitus,2,583, cls_2 ,5.9207,1.2012,4.6539,101.0348
B_crinitus,2,590, cls_2 ,0.2042,1.0155,9.9453,63.9
B_crinitus,2,591, cls_2 ,1.327,1.1398,5.9819,95.85
B_crinitus,2,594, cls_2 ,1.327,1.089,211.2959,63.9
B_crinitus,2,600, cls_2 ,50.2235,1.1026,21.5681,63.9
B_crinitus,2,605, cls_2 ,2.7562,1.0963,3.2958,90.3682
B_crinitus,2,606, cls_2 ,0.1021,1,3.791,63.9
B_crinitus,2,609, cls_2 ,0.2042,1.0155,5.9123,63.9
B_crinitus,2,612, cls_2 ,35.4218,1.1157,0.596,101.0348
B_crinitus,2,613, cls_2 ,0.5104,1.105,6.41,63.9
B_crinitus,2,618, cls_2 ,1.5312,1.0909,2.8294,63.9
B_crinitus,2,623, cls_2 ,0.2042,1.0155,6.4356,63.9
B_crinitus,2,624, cls_2 ,0.7146,1.0283,3.2025,90.3682
B_crinitus,2,625, cls_2 ,0.1021,1,124.1793,63.9
B_crinitus,2,626, cls_2 ,2.3478,1.0752,1.9426,63.9
B_crinitus,2,628, cls_2 ,1.0208,1.1388,6.6146,71.4424
B_crinitus,2,629, cls_2 ,5.6144,1.207,88.8167,71.4424
B_crinitus,2,632, cls_2 ,1.1229,1.175,1.8247,285.7695
B_crinitus,2,633, cls_2 ,13.5767,1.1618,5.6616,249.5375
B_crinitus,2,638, cls_2 ,1.4291,1.1589,1.9858,127.8
B_crinitus,2,640, cls_2 ,9.6976,1.0631,99.1028,71.4424
B_crinitus,2,647, cls_2 ,0.3062,1.0914,4.5285,71.4424
B_crinitus,2,650, cls_2 ,0.5104,1.1362,2.7518,95.85
B_crinitus,2,654, cls_2 ,2.3478,1.1137,15.6915,71.4424
B_crinitus,2,660, cls_2 ,18.2724,1.144,42.3462,63.9
B_crinitus,2,666, cls_2 ,0.1021,1,92.6728,63.9
B_crinitus,2,672, cls_2 ,7.7581,1.0964,156.4475,63.9
B_crinitus,2,675, cls_2 ,0.1021,1,4.495,95.85
B_crinitus,2,679, cls_2 ,0.1021,1,35.0482,101.0348
B_crinitus,2,684, cls_2 ,0.9187,1.0338,7.3019,71.4424
B_crinitus,2,687, cls_2 ,1.327,1.1398,12.5911,71.4424
B_crinitus,2,692, cls_2 ,2.7562,1.118,19.9143,71.4424
B_crinitus,2,693, cls_2 ,3.6749,1.0972,0.878,301.4157
B_crinitus,2,713, cls_2 ,5.4103,1.1556,11.7868,63.9
B_crinitus,2,717, cls_2 ,1.8374,1.1532,11.6889,71.4424
B_crinitus,2,718, cls_2 ,33.1761,1.1943,1.919,202.0695
B_crinitus,2,720, cls_2 ,0.1021,1,24.4634,63.9
B_crinitus,2,727, cls_2 ,2.552,1.0926,0.4934,589.1289
B_crinitus,2,730, cls_2 ,0.1021,1,5.6822,71.4424
B_crinitus,2,735, cls_2 ,6.0227,1.0733,15.8509,115.1974
B_crinitus,2,736, cls_2 ,0.1021,1,7.9189,71.4424
B_crinitus,2,741, cls_2 ,1.5312,1.0909,21.6972,71.4424
B_crinitus,2,757, cls_2 ,1.5312,1.0728,3.0186,63.9
B_crinitus,2,767, cls_2 ,0.7146,1.0283,4.7249,63.9
B_crinitus,2,775, cls_2 ,0.2042,1.0909,38.0404,71.4424
B_crinitus,2,778, cls_2 ,4.8999,1.1017,2.8601,90.3682
B_crinitus,2,781, cls_2 ,0.9187,1.0889,1.4883,159.75
B_crinitus,2,784, cls_2 ,1.1229,1.1271,16.953,63.9
B_crinitus,2,791, cls_2 ,0.6125,1.0819,0.9228,172.056
B_crinitus,2,795, cls_2 ,0.6125,1.0819,7.2969,63.9
B_crinitus,2,804, cls_2 ,0.7146,1.1845,9.2215,63.9
B_crinitus,2,818, cls_2 ,1.0208,1.022,0.4536,998.1499
B_crinitus,2,824, cls_2 ,0.9187,1.0338,3.5223,115.1974
B_crinitus,2,833, cls_2 ,0.1021,1,164.5521,71.4424
B_crinitus,2,834, cls_2 ,0.3062,1.0358,0.8511,759.4428
B_crinitus,2,835, cls_2 ,2.552,1.0799,4.5023,95.85
B_crinitus,2,839, cls_2 ,0.7146,1.0283,2.2182,90.3682
B_crinitus,2,842, cls_2 ,0.1021,1,1.8772,95.85
B_crinitus,2,848, cls_2 ,0.8166,1.0473,6.4752,63.9
B_crinitus,2,852, cls_2 ,1.0208,1.1199,8.6549,202.0695
B_crinitus,2,859, cls_2 ,2.0416,1.1294,4.3675,63.9
B_crinitus,2,862, cls_2 ,0.9187,1.063,3.9489,131.7332
B_crinitus,2,864, cls_2 ,1.1229,1.1085,1.6114,90.3682
B_crinitus,2,866, cls_2 ,1.327,1.089,1.2901,429.8433
B_crinitus,2,867, cls_2 ,1.0208,1.0509,8.0361,131.7332
B_crinitus,2,871, cls_2 ,11.433,1.1544,22.6849,90.3682
B_crinitus,2,873, cls_2 ,1.5312,1.0728,12.9185,95.85
B_crinitus,2,875, cls_2 ,1.0208,1.0993,2.0443,115.1974
B_crinitus,2,882, cls_2 ,1.7354,1.1084,4.4823,287.55
B_crinitus,2,883, cls_2 ,0.7146,1.0631,4.5917,90.3682
B_crinitus,2,884, cls_2 ,1.0208,1.0764,9.2276,159.75
B_crinitus,2,886, cls_2 ,17.2516,1.1441,18.7423,90.3682
B_crinitus,2,891, cls_2 ,17.3536,1.1773,10.3175,63.9
B_crinitus,2,894, cls_2 ,1.4291,1.1154,1.5626,115.1974
B_crinitus,2,895, cls_2 ,6.4311,1.1577,2.6266,294.5644
B_crinitus,2,901, cls_2 ,1.7354,1.1226,1.615,131.7332
B_crinitus,2,902, cls_2 ,18.8848,1.1713,6.6006,142.8847
B_crinitus,2,907, cls_2 ,3.9811,1.0582,8.9447,63.9
B_crinitus,2,908, cls_2 ,8.2685,1.096,2.4652,159.75
B_crinitus,2,909, cls_2 ,0.5104,1.0261,0.8168,557.9828
B_crinitus,2,919, cls_2 ,2.7562,1.1467,13.3027,63.9
B_crinitus,2,922, cls_2 ,0.9187,1.112,0.6502,321.0935
B_crinitus,2,933, cls_2 ,6.5331,1.1865,9.3652,223.65
B_crinitus,2,937, cls_2 ,0.1021,1,0.4081,1091.9237
B_crinitus,2,941, cls_2 ,0.8166,1.0473,1.9411,294.5644
B_crinitus,2,942, cls_2 ,1.7354,1.1226,43.3232,63.9
B_crinitus,2,946, cls_2 ,4.3895,1.0968,4.8928,159.75
B_crinitus,2,947, cls_2 ,31.3386,1.1688,14.1695,63.9
B_crinitus,2,955, cls_2 ,0.9187,1.063,10.5793,159.75
B_crinitus,2,959, cls_2 ,0.3062,1.0914,3.0524,101.0348
B_crinitus,2,962, cls_2 ,8.6768,1.0856,2.4509,204.5798
B_crinitus,2,967, cls_2 ,0.2042,1.0155,8.2959,63.9
B_crinitus,2,968, cls_2 ,3.0624,1.1519,3.1707,63.9
B_crinitus,2,976, cls_2 ,5.9207,1.1108,63.5935,71.4424
B_crinitus,2,977, cls_2 ,2.2458,1.0651,7.3075,225.9206
B_crinitus,2,978, cls_2 ,0.6125,1.0819,6.8525,225.9206
B_crinitus,2,981, cls_2 ,28.2762,1.0991,4.1036,202.0695
B_crinitus,2,982, cls_2 ,2.3478,1.0889,0.3406,883.6933
B_crinitus,2,985, cls_2 ,1.5312,1.0311,0.5404,321.0935
B_crinitus,2,986, cls_2 ,2.9603,1.1297,5.7424,63.9
B_crinitus,2,987, cls_2 ,0.3062,1.0358,0.8968,127.8
B_crinitus,2,988, cls_2 ,0.9187,1.0889,8.9136,159.75
B_crinitus,2,990, cls_2 ,0.1021,1,0.9229,127.8
B_crinitus,2,1003, cls_2 ,1.0208,1.1388,6.5452,71.4424
B_crinitus,2,1009, cls_2 ,1.6333,1.046,0.3016,883.6933
B_crinitus,2,1010, cls_2 ,1.0208,1.022,1.2024,383.4
B_crinitus,2,1012, cls_2 ,0.6125,1.0819,9.337,63.9
B_crinitus,2,1029, cls_2 ,0.1021,1,77.9522,63.9
B_crinitus,2,1030, cls_2 ,2.6541,1.1322,2.996,63.9
B_crinitus,2,1031, cls_2 ,0.3062,1.0358,8.5307,63.9
B_crinitus,2,1036, cls_2 ,1.6333,1.1154,4.1179,274.8443
B_crinitus,2,1044, cls_2 ,0.8166,1.0769,1.5635,90.3682
B_crinitus,2,1062, cls_2 ,0.1021,1,2.7283,71.4424
B_crinitus,2,1063, cls_2 ,0.7146,1.1845,2.3773,90.3682
B_crinitus,2,1065, cls_2 ,0.5104,1.0688,4.2761,63.9
B_crinitus,2,1067, cls_2 ,1.0208,1.1199,0.532,243.324
B_crinitus,2,1068, cls_2 ,0.7146,1.0283,3.6276,63.9
B_crinitus,2,1070, cls_2 ,1.4291,1.2055,2.0364,95.85
B_crinitus,2,1075, cls_2 ,1.9395,1.1469,11.5491,71.4424
B_crinitus,2,1079, cls_2 ,2.552,1.0663,0.2927,984.2467
B_crinitus,2,1082, cls_2 ,5.2061,1.0796,5.2922,257.5891
B_crinitus,2,1086, cls_2 ,0.8166,1.1265,2.5716,95.85
B_crinitus,2,1092, cls_2 ,5.6144,1.186,5.403,71.4424
B_crinitus,2,1103, cls_2 ,0.5104,1.105,0.7359,243.324
B_crinitus,2,1110, cls_2 ,3.1645,1.2265,6.6629,71.4424
B_crinitus,2,1116, cls_2 ,0.2042,1.0155,10.2943,71.4424
B_crinitus,2,1119, cls_2 ,1.225,1.0306,0.5589,858.4983
B_crinitus,2,1123, cls_2 ,0.2042,1.0155,5.268,71.4424
B_crinitus,2,1124, cls_2 ,2.4499,1.1931,1.1174,71.4424
B_crinitus,2,1134, cls_2 ,0.9187,1.063,0.2737,1091.9237
B_crinitus,2,1140, cls_2 ,3.2666,1.1096,0.5683,230.3947
B_crinitus,2,1144, cls_2 ,2.3478,1.0752,1.0917,63.9
B_crinitus,2,1153, cls_2 ,0.1021,1,6.3184,63.9
B_crinitus,2,1154, cls_2 ,2.0416,1.1409,9.9211,71.4424
B_crinitus,2,1156, cls_2 ,0.9187,1.0889,1.0671,135.5524
B_crinitus,2,1162, cls_2 ,1.9395,1.1875,0.8963,194.3443
B_crinitus,2,1174, cls_2 ,0.4083,1.0537,2.7092,63.9
B_crinitus,2,1182, cls_2 ,1.1229,1.0654,3.6294,71.4424
B_crinitus,2,1185, cls_2 ,6.329,1.0836,5.8816,71.4424
B_crinitus,2,1187, cls_2 ,0.6125,1.1125,2.5172,71.4424
B_crinitus,2,1188, cls_2 ,0.2042,1.0909,1.1921,90.3682
B_crinitus,2,1191, cls_2 ,0.6125,1.0819,3.3391,63.9
B_crinitus,2,1193, cls_2 ,1.327,1.1679,1.4437,63.9
B_crinitus,2,1194, cls_2 ,0.1021,1,5.3755,63.9
B_crinitus,2,1196, cls_2 ,0.7146,1.0631,0.9075,230.3947
B_crinitus,2,1197, cls_2 ,0.1021,1,1.2403,71.4424
B_crinitus,2,1199, cls_2 ,1.4291,1.0805,2.6027,71.4424
B_crinitus,2,1204, cls_2 ,0.3062,1.0358,1.6596,71.4424
B_crinitus,2,1205, cls_2 ,0.5104,1.0261,0.4383,71.4424
B_crinitus,2,1207, cls_2 ,0.8166,1.1477,1.869,71.4424
B_crinitus,2,1211, cls_2 ,4.7978,1.1187,2.0734,131.7332
B_crinitus,2,1212, cls_2 ,0.1021,1,3.3662,63.9
B_crinitus,2,1213, cls_2 ,0.1021,1,3.2527,71.4424
B_crinitus,2,1217, cls_2 ,0.9187,1.0889,1.6693,63.9
B_crinitus,2,1224, cls_2 ,1.6333,1.0657,3.7386,159.75
B_crinitus,2,1226, cls_2 ,2.1437,1.0701,10.2736,71.4424
B_crinitus,2,1228, cls_2 ,0.7146,1.0932,5.5544,127.8
B_crinitus,2,1230, cls_2 ,6.6352,1.1057,1.2546,191.7
B_crinitus,2,1237, cls_2 ,1.0208,1.0764,0.218,1768.83
B_crinitus,2,1238, cls_2 ,2.552,1.1265,13.0838,71.4424
B_crinitus,2,1246, cls_2 ,5.0019,1.0835,4.6236,71.4424
B_crinitus,2,1256, cls_2 ,1.6333,1.1296,0.5389,471.7361
B_crinitus,2,1260, cls_2 ,4.2874,1.0616,2.0382,159.75
B_crinitus,2,1261, cls_2 ,0.5104,1.0261,0.8125,71.4424
B_crinitus,2,1269, cls_2 ,0.9187,1.063,0.2964,1000.7034
B_crinitus,2,1270, cls_2 ,1.8374,1.0869,2.0896,101.0348
B_crinitus,2,1271, cls_2 ,0.2042,1.0155,1.3644,71.4424
B_crinitus,2,1280, cls_2 ,0.8166,1.1031,0.6802,383.4
B_crinitus,2,1285, cls_2 ,0.4083,1.0975,0.2602,949.9418
B_crinitus,2,1287, cls_2 ,1.1229,1.0402,2.2678,101.0348
B_crinitus,2,1294, cls_2 ,0.4083,1.0537,0.2585,1145.3083
B_crinitus,2,1332, cls_2 ,0.9187,1.1328,1.58,90.3682
B_crinitus,2,1336, cls_2 ,0.1021,1,1.4516,101.0348
B_crinitus,2,1338, cls_2 ,1.1229,1.175,1.4105,90.3682
B_crinitus,2,1342, cls_2 ,0.2042,1.0155,2.4375,63.9
B_crinitus,2,1348, cls_2 ,0.9187,1.0889,0.6798,63.9
B_crinitus,2,1351, cls_2 ,3.9811,1.1069,4.2497,90.3682
B_crinitus,2,1355, cls_2 ,3.0624,1.135,5.381,63.9
B_crinitus,2,1358, cls_2 ,0.9187,1.1328,0.1887,1129.1512
B_crinitus,2,1365, cls_2 ,0.1021,1,11.6428,63.9
B_crinitus,2,1368, cls_2 ,1.1229,1.088,0.1592,1441.6497
B_crinitus,2,1377, cls_2 ,0.1021,1,1.5902,191.7
B_crinitus,2,1382, cls_2 ,6.0227,1.1784,4.3698,63.9
B_crinitus,2,1385, cls_2 ,0.1021,1,0.9905,71.4424
B_crinitus,2,1389, cls_2 ,0.4083,1.0537,0.3822,71.4424
B_crinitus,2,1400, cls_2 ,0.1021,1,0.5928,321.0935
B_crinitus,2,1401, cls_2 ,1.1229,1.1271,0.1545,1441.6497
B_crinitus,2,1411, cls_2 ,1.5312,1.053,15.5271,63.9
B_crinitus,2,1412, cls_2 ,10.7184,1.147,0.3068,714.4237
B_crinitus,2,1416, cls_2 ,0.2042,1.0155,0.3466,339.6332
B_crinitus,2,1419, cls_2 ,0.5104,1.0261,0.1583,1129.1512
B_crinitus,2,1422, cls_2 ,0.9187,1.1328,0.1711,745.8803
B_crinitus,2,1424, cls_2 ,1.327,1.0467,1.4074,186.2989
B_crinitus,2,1438, cls_2 ,2.1437,1.054,0.1671,339.6332
B_crinitus,2,1470, cls_2 ,1.4291,1.0987,0.1381,745.8803
B_crinitus,2,1520, cls_2 ,0.1021,1,1.112,63.9
B_crinitus,2,1525, cls_2 ,0.4083,1.0537,0.3603,63.9
B_crinitus,2,1549, cls_2 ,0.4083,1.0975,0.0924,1597.5
B_crinitus,2,1589, cls_2 ,0.1021,1,1.5984,63.9
B_crinitus,2,1593, cls_2 ,0.6125,1.0465,0.3557,63.9
B_crinitus,2,1611, cls_2 ,0.2042,1.0909,0.1478,314.671
B_crinitus,2,1616, cls_2 ,1.0208,1.022,0.1533,575.1
B_crinitus,2,1618, cls_2 ,1.5312,1.1075,0.1278,575.1
B_crinitus,2,1625, cls_2 ,7.656,1.1444,0.2901,319.5
B_crinitus,2,1639, cls_2 ,0.9187,1.0889,5.6041,63.9
B_crinitus,2,1643, cls_2 ,2.2458,1.1301,2.3535,63.9
B_crinitus,2,1660, cls_2 ,1.9395,1.123,0.8467,319.5
B_crinitus,2,1709, cls_2 ,2.3478,1.1017,0.0895,2668.7336
B_crinitus,2,1735, cls_2 ,1.7354,1.0769,0.2481,272.9809
B_crinitus,2,1746, cls_2 ,1.1229,1.0402,0.3354,272.9809
B_crinitus,2,1765, cls_2 ,3.2666,1.0543,0.1192,1900.4208
B_crinitus,2,1774, cls_2 ,2.1437,1.0366,4.5688,63.9
B_crinitus,2,1775, cls_2 ,1.8374,1.0706,5.3168,63.9
B_crinitus,2,1840, cls_2 ,1.7354,1.0769,0.0483,3079.4894
B_crinitus,2,1849, cls_2 ,1.7354,1.0933,3.0989,71.4424
B_crinitus,2,1853, cls_2 ,1.5312,1.0728,0.1289,1693.6514
B_crinitus,2,1856, cls_2 ,1.4291,1.0805,3.6676,71.4424
B_crinitus,2,1871, cls_2 ,6.8394,1.1365,0.4502,361.473
B_crinitus,2,1889, cls_2 ,2.2458,1.0492,0.6939,386.0533
B_crinitus,2,1890, cls_2 ,0.7146,1.0283,0.878,361.473
B_crinitus,2,1923, cls_2 ,19.2932,1.1582,0.4993,447.3
B_crinitus,2,1938, cls_2 ,2.7562,1.1376,4.1276,142.8847
B_crinitus,2,1941, cls_2 ,1.1229,1.1443,0.6149,372.5978
B_crinitus,2,1955, cls_2 ,0.7146,1.1434,0.5376,457.4544
B_crinitus,2,1960, cls_2 ,7.7581,1.0904,1.5467,142.8847
B_crinitus,2,1963, cls_2 ,3.3686,1.0635,1.6478,63.9
B_crinitus,2,1965, cls_2 ,1.327,1.0467,0.7707,372.5978
B_crinitus,2,1980, cls_2 ,3.1645,1.0575,1.4362,257.5891
B_crinitus,2,1981, cls_2 ,0.1021,1,9.5184,63.9
B_crinitus,2,1989, cls_2 ,0.1021,1,0.9144,90.3682
B_crinitus,2,1994, cls_2 ,0.7146,1.0631,0.1785,90.3682
B_crinitus,2,2017, cls_2 ,0.5104,1.105,0.0653,434.567
B_crinitus,2,2069, cls_2 ,10.4122,1.1462,0.8361,71.4424
B_crinitus,2,2074, cls_2 ,1.6333,1.0836,0.1329,1789.4852
B_crinitus,2,2100, cls_2 ,1.327,1.089,4.1532,95.85
B_crinitus,2,2101, cls_2 ,0.1021,1,21.956,71.4424
B_crinitus,2,2103, cls_2 ,0.6125,1.0465,0.1625,1278.3993
B_crinitus,2,2138, cls_2 ,0.6125,1.1125,0.0752,2303.9473
B_crinitus,2,2192, cls_2 ,3.1645,1.1709,1.9653,255.6
B_crinitus,2,2213, cls_2 ,12.1475,1.1451,0.5999,255.6
B_crinitus,2,2222, cls_2 ,1.0208,1.0993,0.0357,4588.0244
B_crinitus,2,2261, cls_2 ,2.4499,1.0843,3.3132,71.4424
B_crinitus,2,2265, cls_2 ,0.8166,1.0473,1.7583,162.9137
B_crinitus,2,2270, cls_2 ,4.3895,1.1051,2.0075,159.75
B_crinitus,2,2271, cls_2 ,0.2042,1.0155,6.6917,71.4424
B_crinitus,2,2272, cls_2 ,2.8582,1.1241,1.6599,162.9137
B_crinitus,2,2273, cls_2 ,2.2458,1.211,0.6126,384.7289
B_crinitus,2,2276, cls_2 ,0.6125,1.0465,1.1959,101.0348
B_crinitus,2,2282, cls_2 ,0.9187,1.063,1.0646,101.0348
B_crinitus,2,2283, cls_2 ,3.3686,1.1413,1.3898,249.5375
B_crinitus,2,2286, cls_2 ,1.225,1.1167,0.534,214.3271
B_crinitus,2,2294, cls_2 ,1.0208,1.0993,0.1963,700.7182
B_crinitus,2,2305, cls_2 ,0.9187,1.063,7.1479,95.85
B_crinitus,2,2307, cls_2 ,1.225,1.1167,0.3154,384.7289
B_crinitus,2,2311, cls_2 ,6.4311,1.1428,1.4155,95.85
B_crinitus,2,2313, cls_2 ,1.1229,1.0654,0.8849,249.5375
B_crinitus,2,2316, cls_2 ,0.2042,1.0155,0.4818,71.4424
B_crinitus,2,2317, cls_2 ,0.2042,1.0155,0.4769,71.4424
B_crinitus,2,2319, cls_2 ,0.6125,1.0465,3.2937,142.8847
B_crinitus,2,2320, cls_2 ,1.9395,1.0471,3.1343,95.85
B_crinitus,2,2323, cls_2 ,2.7562,1.0963,2.17,71.4424
B_crinitus,2,2327, cls_2 ,0.2042,1.0155,6.1768,71.4424
B_crinitus,2,2330, cls_2 ,1.9395,1.0278,3.9607,95.85
B_crinitus,2,2336, cls_2 ,1.6333,1.1154,0.1548,714.4237
B_crinitus,2,2337, cls_2 ,0.6125,1.0047,0.1035,998.1499
B_crinitus,2,2341, cls_2 ,1.1229,1.0654,2.6326,180.7365
B_crinitus,2,2342, cls_2 ,8.7789,1.1436,1.9511,95.85
B_crinitus,2,2351, cls_2 ,1.4291,1.0606,0.1695,714.4237
B_crinitus,2,2356, cls_2 ,0.7146,1.0932,9.8557,95.85
B_crinitus,2,2369, cls_2 ,0.7146,1.0932,0.0909,1378.3009
B_crinitus,2,2379, cls_2 ,0.7146,1.0631,0.1352,1178.2578
B_crinitus,2,2427, cls_2 ,0.4083,1.0537,0.0635,2222.765
B_crinitus,2,223, cls_4 ,1.1229,1.0654,5.1422,131.7332
B_crinitus,2,230, cls_4 ,5.8186,1.1311,9.5174,95.85
B_crinitus,2,241, cls_4 ,8.7789,1.1845,9.4944,63.9
B_crinitus,2,253, cls_4 ,6.5331,1.1463,20.3224,63.9
B_crinitus,2,293, cls_4 ,0.7146,1.1649,38.1462,63.9
B_crinitus,2,333, cls_4 ,1.4291,1.1309,17.0882,63.9
B_crinitus,2,399, cls_4 ,0.3062,1.0914,4.6853,63.9
B_crinitus,2,400, cls_4 ,1.7354,1.059,1.2863,63.9
B_crinitus,2,410, cls_4 ,0.2042,1.0909,4.8858,63.9
B_crinitus,2,416, cls_4 ,0.3062,1.1369,0.048,3135.9865
B_crinitus,2,745, cls_4 ,2.1437,1.1462,0.2709,301.4157
B_crinitus,2,782, cls_4 ,0.6125,1.1125,1.6222,71.4424
B_crinitus,2,787, cls_4 ,0.6125,1.1125,1.5141,71.4424
B_crinitus,2,961, cls_4 ,1.327,1.1398,0.589,364.286
B_crinitus,2,969, cls_4 ,1.6333,1.1672,0.5805,1544.2133
B_crinitus,2,1015, cls_4 ,0.9187,1.112,0.1855,2011.8355
B_crinitus,2,1025, cls_4 ,0.9187,1.112,1.4221,95.85
B_crinitus,2,1039, cls_4 ,0.6125,1.0819,1.8131,95.85
B_crinitus,2,1143, cls_4 ,125.0483,1.1902,5.2028,101.0348
B_crinitus,2,1150, cls_4 ,5.0019,1.0918,122.8013,90.3682
B_crinitus,2,1155, cls_4 ,0.2042,1.0155,14.393,90.3682
B_crinitus,2,1178, cls_4 ,0.5104,1.0688,24.4349,71.4424
B_crinitus,2,1200, cls_4 ,0.4083,1.0537,13.5756,71.4424
B_crinitus,2,1333, cls_4 ,0.5104,1.0688,18.9227,257.5891
B_crinitus,2,1406, cls_4 ,0.7146,1.1434,0.1234,2438.4779
B_crinitus,2,1450, cls_4 ,0.6125,1.0465,0.6024,274.8443
B_crinitus,2,1460, cls_4 ,0.6125,1.0465,1.1911,186.2989
B_crinitus,2,1472, cls_4 ,1.7354,1.0179,1.2231,186.2989
B_crinitus,2,1505, cls_4 ,3.777,1.1036,4.8864,127.8
B_crinitus,2,1509, cls_4 ,0.1021,1,14.6985,63.9
B_crinitus,2,1512, cls_4 ,5.5123,1.1181,4.1066,63.9
B_crinitus,2,1533, cls_4 ,1.0208,1.1561,5.4076,115.1974
B_crinitus,2,1535, cls_4 ,4.1853,1.1402,4.0396,115.1974
B_crinitus,2,1546, cls_4 ,2.2458,1.1187,2.7449,225.9206
B_crinitus,2,1551, cls_4 ,9.0851,1.2027,2.8655,101.0348
B_crinitus,2,1553, cls_4 ,0.5104,1.0688,34.6133,101.0348
B_crinitus,2,1555, cls_4 ,33.6865,1.1916,29.2891,71.4424
B_crinitus,2,1560, cls_4 ,0.6125,1.1637,7.9604,63.9
B_crinitus,2,1561, cls_4 ,0.6125,1.0819,26.7581,115.1974
B_crinitus,2,1562, cls_4 ,6.329,1.1041,3.9893,172.056
B_crinitus,2,1563, cls_4 ,0.6125,1.0819,2.076,202.0695
B_crinitus,2,1564, cls_4 ,1.0208,1.022,6.1185,172.056
B_crinitus,2,1569, cls_4 ,0.8166,1.0473,11.6971,90.3682
B_crinitus,2,1570, cls_4 ,2.4499,1.1601,97.5382,63.9
B_crinitus,2,1575, cls_4 ,1.6333,1.1296,36.7848,63.9
B_crinitus,2,1576, cls_4 ,0.8166,1.1265,7.2351,63.9
B_crinitus,2,1577, cls_4 ,8.5747,1.1658,19.8166,71.4424
B_crinitus,2,1584, cls_4 ,1.5312,1.1372,2.9518,71.4424
B_crinitus,2,1590, cls_4 ,0.3062,1.0358,68.6509,63.9
B_crinitus,2,1591, cls_4 ,20.5181,1.096,61.5232,63.9
B_crinitus,2,1594, cls_4 ,0.2042,1.0155,6.8905,71.4424
B_crinitus,2,1599, cls_4 ,1.0208,1.0993,3.754,71.4424
B_crinitus,2,1601, cls_4 ,0.7146,1.1197,6.4339,71.4424
B_crinitus,2,1607, cls_4 ,5.8186,1.0686,62.6028,63.9
B_crinitus,2,1612, cls_4 ,3.6749,1.1866,1.7694,115.1974
B_crinitus,2,1615, cls_4 ,0.7146,1.0283,79.194,71.4424
B_crinitus,2,1620, cls_4 ,2.6541,1.0884,0.631,289.3196
B_crinitus,2,1626, cls_4 ,0.4083,1.1667,1.6778,194.3443
B_crinitus,2,1635, cls_4 ,0.5104,1.0261,0.1394,1157.2782
B_crinitus,2,1739, cls_4 ,4.3895,1.2039,0.0962,328.9454
B_crinitus,2,1756, cls_4 ,0.6125,1.0819,0.8428,90.3682
B_crinitus,2,1768, cls_4 ,0.6125,1.0819,0.5392,303.1043
B_crinitus,2,1769, cls_4 ,0.3062,1.1369,1.9251,63.9
B_crinitus,2,1773, cls_4 ,0.4083,1.0975,1.3213,63.9
B_crinitus,2,1779, cls_4 ,0.4083,1.0537,0.1927,285.7695
B_crinitus,2,1808, cls_4 ,0.1021,1,3.6152,63.9
B_crinitus,2,1809, cls_4 ,1.4291,1.1454,0.3741,63.9
B_crinitus,2,1810, cls_4 ,1.225,1.078,0.1398,351.45
B_crinitus,2,1845, cls_4 ,0.3062,1.0914,0.0082,2387.501
B_crinitus,2,1903, cls_4 ,0.2042,1.0155,0.0036,2419.1446
B_crinitus,2,2086, cls_4 ,0.7146,1.0932,0.0024,3265.315
B_crinitus,2,2221, cls_4 ,0.4083,1.0537,0.0022,3265.315
B_crinitus,2,2411, cls_4 ,0.4083,1.0537,0.2976,321.0935
B_crinitus,2,2414, cls_4 ,3.0624,1.0177,0.0401,321.0935
B_crinitus,2,579, cls_5 ,0.7146,1.1845,0.1561,314.671
B_crinitus,2,621, cls_5 ,1.5312,1.0909,0.0737,314.671
B_crinitus,2,820, cls_5 ,0.2042,1.0909,1.0054,71.4424
B_crinitus,2,830, cls_5 ,0.5104,1.1885,0.4057,71.4424
B_crinitus,2,1084, cls_5 ,1.4291,1.0606,0.0091,2374.8545
B_crinitus,2,1163, cls_5 ,0.7146,1.0631,0.1491,319.5
B_crinitus,2,1214, cls_5 ,0.8166,1.0473,0.2239,223.65
B_crinitus,2,1218, cls_5 ,0.8166,1.0131,0.2382,223.65
B_crinitus,2,1308, cls_5 ,1.5312,1.1075,0.0278,717.987
B_crinitus,2,1357, cls_5 ,0.8166,1.0473,0.046,717.987
B_crinitus,2,1418, cls_5 ,0.9187,1.0889,1.5505,63.9
B_crinitus,2,1421, cls_5 ,0.6125,1.1125,2.2983,63.9
B_crinitus,2,1432, cls_5 ,0.9187,1.0338,0.0508,448.4396
B_crinitus,2,1440, cls_5 ,0.2042,1.0155,0.0805,448.4396
B_crinitus,2,1456, cls_5 ,0.6125,1.0465,0.0496,528.8666
B_crinitus,2,1487, cls_5 ,2.1437,1.0988,0.1021,434.567
B_crinitus,2,1518, cls_5 ,1.327,1.1073,0.133,434.567
B_crinitus,2,1580, cls_5 ,1.225,1.078,0.0117,1853.3754
B_crinitus,2,1755, cls_5 ,0.5104,1.0688,0.5884,131.7332
B_crinitus,2,1758, cls_5 ,1.0208,1.0509,0.2943,131.7332
B_crinitus,2,1815, cls_5 ,0.4083,1.0537,0.0006,9100.3113
B_crinitus,2,2231, cls_5 ,0.9187,1.0338,0.0016,2836.1812
B_crinitus,2,2262, cls_5 ,0.8166,1.0473,0.0006,5739.0952
B_crinitus,2,2285, cls_5 ,0.4083,1.0537,0.0029,2268.45
B_crinitus,2,2344, cls_5 ,0.3062,1.0914,0.0077,658.6661
B_crinitus,2,2360, cls_5 ,0.1021,1,0.209,71.4424
B_crinitus,2,2362, cls_5 ,0.1021,1,0.2094,71.4424
B_crinitus,2,2364, cls_5 ,0.4083,1.0537,0.003,1693.35
B_crinitus,2,2420, cls_5 ,0.1021,1,0.0026,1693.35
B_crinitus,2,1565, cls_6 ,0.4083,1.0975,0,25734.5301
B_crinitus,2,1781, cls_6 ,19.089,1.1826,0.002,10551.4361
B_crinitus,2,1855, cls_6 ,0.7146,1.0932,3.7536,63.9
B_crinitus,2,1857, cls_6 ,1.5312,1.053,1.7536,63.9
B_crinitus,2,1966, cls_6 ,0.7146,1.0631,0.0072,4315.616
B_crinitus,2,2183, cls_6 ,1.0208,1.0509,0.1249,274.8443
B_crinitus,2,2197, cls_6 ,0.8166,1.0769,0.1532,274.8443
B_crinitus,2,2246, cls_6 ,1.0208,1.0509,3.2903,115.1974
B_crinitus,2,2253, cls_6 ,4.2874,1.0905,2.7807,63.9
B_crinitus,2,2266, cls_6 ,0.8166,1.0769,10.573,63.9
B_crinitus,2,2378, cls_6 ,0.7146,1.1434,4.6036,95.85
B_crinitus,2,2386, cls_6 ,3.9811,1.069,1.2993,95.85
B_crinitus,2,2390, cls_6 ,0.2042,1.0909,4.5906,90.3682
B_crinitus,2,2392, cls_6 ,1.327,1.0467,4.1351,90.3682
B_crinitus,2,2394, cls_6 ,2.6541,1.0622,4.0528,90.3682
B_crinitus,2,2396, cls_6 ,2.7562,1.0963,8.806,71.4424
B_crinitus,2,2398, cls_6 ,3.4707,1.0934,6.0716,71.4424
B_crinitus,2,2400, cls_6 ,0.4083,1.0537,1.9019,159.75
B_crinitus,2,2406, cls_6 ,0.1021,1,6.1586,115.1974
B_crinitus,2,2407, cls_6 ,7.3498,1.1292,2.9146,115.1974
B_crinitus,2,2413, cls_6 ,4.3895,1.079,4.4234,131.7332
B_crinitus,2,2421, cls_6 ,0.5104,1.105,0.8265,457.4544
B_crinitus,2,2425, cls_6 ,5.9207,1.075,0.1265,908.7515
B_crinitus,3,1, cls_1 ,456.9112,1.2713,1346.6982,63.9
B_crinitus,3,3, cls_1 ,1.327,1.1242,1660.2286,63.9
B_crinitus,3,4, cls_1 ,259.0797,1.2223,5036.6284,63.9
B_crinitus,3,9, cls_1 ,10.5143,1.1258,1145.0186,63.9
B_crinitus,3,12, cls_1 ,0.9187,1.0889,197.0131,159.75
B_crinitus,3,15, cls_1 ,0.2042,1.0155,1148.1635,63.9
B_crinitus,3,18, cls_1 ,0.3062,1.0358,369.799,90.3682
B_crinitus,3,20, cls_1 ,0.6125,1.0047,90.4326,202.0695
B_crinitus,3,26, cls_1 ,6.5331,1.0574,1043.9802,63.9
B_crinitus,3,30, cls_1 ,0.7146,1.0283,478.5753,101.0348
B_crinitus,3,42, cls_1 ,120.4547,1.248,1183.4582,63.9
B_crinitus,3,48, cls_1 ,13.6788,1.1772,429.5184,71.4424
B_crinitus,3,55, cls_1 ,0.1021,1,1190.9308,63.9
B_crinitus,3,56, cls_1 ,5.7165,1.0529,891.1963,63.9
B_crinitus,3,64, cls_1 ,21.3348,1.1939,398.6689,63.9
B_crinitus,3,71, cls_1 ,1.9395,1.0471,248.5222,95.85
B_crinitus,3,72, cls_1 ,0.1021,1,303.7345,71.4424
B_crinitus,3,73, cls_1 ,0.6125,1.0465,1906.0287,90.3682
B_crinitus,3,84, cls_1 ,0.1021,1,1178.7066,63.9
B_crinitus,3,92, cls_1 ,0.2042,1.0909,418.7844,71.4424
B_crinitus,3,102, cls_1 ,0.9187,1.1519,155.4912,63.9
B_crinitus,3,105, cls_1 ,16852.5306,1.2668,375.0165,63.9
B_crinitus,3,109, cls_1 ,5.0019,1.0996,9453.9536,115.1974
B_crinitus,3,110, cls_1 ,261.7338,1.1804,2103.7932,63.9
B_crinitus,3,112, cls_1 ,6.4311,1.2073,209.9327,71.4424
B_crinitus,3,115, cls_1 ,0.9187,1.0889,386.9515,127.8
B_crinitus,3,122, cls_1 ,1.4291,1.1154,1226.1847,63.9
B_crinitus,3,137, cls_1 ,9.5955,1.0979,3044.167,115.1974
B_crinitus,3,140, cls_1 ,0.2042,1.0909,330.0725,90.3682
B_crinitus,3,143, cls_1 ,8.3706,1.1861,33337.9367,71.4424
B_crinitus,3,148, cls_1 ,0.5104,1.105,201.1784,71.4424
B_crinitus,3,149, cls_1 ,0.5104,1.0688,180.821,142.8847
B_crinitus,3,152, cls_1 ,0.5104,1.105,41298.6763,63.9
B_crinitus,3,154, cls_1 ,0.5104,1.0688,12763.9404,115.1974
B_crinitus,3,159, cls_1 ,0.1021,1,290.8573,71.4424
B_crinitus,3,161, cls_1 ,29.297,1.1345,1345.0357,63.9
B_crinitus,3,162, cls_1 ,0.5104,1.105,658.1928,63.9
B_crinitus,3,164, cls_1 ,0.1021,1,340.4014,115.1974
B_crinitus,3,169, cls_1 ,0.3062,1.0358,857.5737,63.9
B_crinitus,3,170, cls_1 ,4.0832,1.1206,1642.9696,90.3682
B_crinitus,3,171, cls_1 ,0.4083,1.0537,6363.4934,162.9137
B_crinitus,3,173, cls_1 ,0.9187,1.0338,455.6746,115.1974
B_crinitus,3,180, cls_1 ,0.4083,1.0537,758.5454,95.85
B_crinitus,3,186, cls_1 ,14.0871,1.2303,41606.7864,63.9
B_crinitus,3,188, cls_1 ,1.4291,1.0805,9717.4267,131.7332
B_crinitus,3,193, cls_1 ,0.1021,1,20646.9886,90.3682
B_crinitus,3,194, cls_1 ,3.6749,1.0547,624.2292,63.9
B_crinitus,3,195, cls_1 ,0.2042,1.0155,8268.8711,142.8847
B_crinitus,3,199, cls_1 ,0.1021,1,41275.671,63.9
B_crinitus,3,203, cls_1 ,0.2042,1.0155,1776.2029,63.9
B_crinitus,3,207, cls_1 ,0.2042,1.0155,20639.2273,90.3682
B_crinitus,3,210, cls_1 ,0.7146,1.0932,41320.3171,63.9
B_crinitus,3,225, cls_1 ,0.3062,1.0358,463.7865,71.4424
B_crinitus,3,232, cls_1 ,0.2042,1.0155,2868.3431,115.1974
B_crinitus,3,236, cls_1 ,7.2477,1.1545,33083.3772,71.4424
B_crinitus,3,238, cls_1 ,2.4499,1.0843,3227.3012,115.1974
B_crinitus,3,243, cls_1 ,0.1021,1,215.5593,159.75
B_crinitus,3,244, cls_1 ,0.1021,1,253.2827,71.4424
B_crinitus,3,246, cls_1 ,0.3062,1.0358,859.3286,142.8847
B_crinitus,3,248, cls_1 ,0.1021,1,1021.0635,71.4424
B_crinitus,3,263, cls_1 ,7.7581,1.1238,2871.4218,63.9
B_crinitus,3,271, cls_1 ,0.5104,1.0688,16513.3196,101.0348
B_crinitus,3,280, cls_1 ,0.9187,1.0338,41286.7432,63.9
B_crinitus,3,283, cls_1 ,0.1021,1,1314.1749,63.9
B_crinitus,3,292, cls_1 ,0.2042,1.0155,723.3081,319.5
B_crinitus,3,296, cls_1 ,2.3478,1.0272,522.9402,95.85
B_crinitus,3,298, cls_1 ,0.1021,1,311.085,95.85
B_crinitus,3,308, cls_1 ,1.0208,1.0509,1652.0055,71.4424
B_crinitus,3,329, cls_1 ,0.9187,1.0889,16512.7821,101.0348
B_crinitus,3,336, cls_1 ,1.9395,1.0647,1479.4672,191.7
B_crinitus,3,338, cls_1 ,39.6071,1.1804,10325.383,71.4424
B_crinitus,3,344, cls_1 ,2.0416,1.1042,282.6229,328.9454
B_crinitus,3,352, cls_1 ,0.4083,1,20636.8165,90.3682
B_crinitus,3,366, cls_1 ,1.1229,1.0654,1139.907,361.473
B_crinitus,3,380, cls_1 ,0.1021,1,41276.1882,63.9
B_crinitus,3,390, cls_1 ,0.1021,1,1144.6917,90.3682
B_crinitus,3,398, cls_1 ,0.9187,1.0889,1358.0175,90.3682
B_crinitus,3,413, cls_1 ,0.4083,1.0537,20638.4013,71.4424
B_crinitus,3,429, cls_1 ,0.2042,1.0155,10320.4792,71.4424
B_crinitus,3,434, cls_1 ,1.225,1.078,41273.0539,63.9
B_crinitus,3,440, cls_1 ,1.0208,1.1199,423.1847,274.8443
B_crinitus,3,441, cls_1 ,1.225,1.1337,2430.8857,131.7332
B_crinitus,3,449, cls_1 ,1.327,1.1543,6605.1481,159.75
B_crinitus,3,455, cls_1 ,0.2042,1.0155,715.0257,131.7332
B_crinitus,3,459, cls_1 ,4.0832,1.1206,43.7676,142.8847
B_crinitus,3,461, cls_1 ,0.5104,1.0261,85.9547,204.5798
B_crinitus,3,467, cls_1 ,0.1021,1,41274.6254,63.9
B_crinitus,3,477, cls_1 ,0.1021,1,16510.0702,101.0348
B_crinitus,3,481, cls_1 ,0.3062,1.0358,1781.3003,71.4424
B_crinitus,3,482, cls_1 ,12.1475,1.1237,466.9362,204.5798
B_crinitus,3,483, cls_1 ,2.9603,1.1557,41274.7687,63.9
B_crinitus,3,514, cls_1 ,0.2042,1.0155,41273.8711,63.9
B_crinitus,3,527, cls_1 ,41.3425,1.1541,30.6239,63.9
B_crinitus,3,536, cls_1 ,0.4083,1.0537,121.953,63.9
B_crinitus,3,544, cls_1 ,1.327,1.089,381.5225,364.286
B_crinitus,3,551, cls_1 ,20.9265,1.1412,209.8683,607.8902
B_crinitus,3,565, cls_1 ,0.1021,1,107.0002,71.4424
B_crinitus,3,582, cls_1 ,0.6125,1.0819,8255.6063,142.8847
B_crinitus,3,607, cls_1 ,0.6125,1.0465,2710.9959,63.9
B_crinitus,3,609, cls_1 ,1.1229,1.1271,33022.7925,63.9
B_crinitus,3,611, cls_1 ,2.1437,1.1663,41274.9952,63.9
B_crinitus,3,631, cls_1 ,0.1021,1,41272.959,63.9
B_crinitus,3,642, cls_1 ,1.4291,1.0987,1654.0067,63.9
B_crinitus,3,655, cls_1 ,0.9187,1.0889,1706.3021,63.9
B_crinitus,3,658, cls_1 ,0.1021,1,20637.4152,90.3682
B_crinitus,3,679, cls_1 ,1.5312,1.0909,41273.9761,63.9
B_crinitus,3,680, cls_1 ,0.2042,1.0155,5693.7934,135.5524
B_crinitus,3,693, cls_1 ,0.3062,1.0358,9712.1798,131.7332
B_crinitus,3,699, cls_1 ,0.1021,1,3672.7186,71.4424
B_crinitus,3,700, cls_1 ,0.5104,1.0688,6604.6359,159.75
B_crinitus,3,701, cls_1 ,0.2042,1.0909,33020.7102,71.4424
B_crinitus,3,711, cls_1 ,0.4083,1.0537,16510.2053,101.0348
B_crinitus,3,737, cls_1 ,0.4083,1.0975,41273.8705,63.9
B_crinitus,3,741, cls_1 ,0.1021,1,33020.0822,63.9
B_crinitus,3,749, cls_1 ,4.6957,1.0627,899.1817,172.056
B_crinitus,3,758, cls_1 ,0.1021,1,921.3197,63.9
B_crinitus,3,761, cls_1 ,10.8205,1.0591,9197.6988,63.9
B_crinitus,3,766, cls_1 ,10.7184,1.1673,41284.1897,63.9
B_crinitus,3,768, cls_1 ,10.0039,1.0939,33033.5856,71.4424
B_crinitus,3,781, cls_1 ,0.4083,1.0975,33053.4433,63.9
B_crinitus,3,812, cls_1 ,0.4083,1.0537,41273.4253,63.9
B_crinitus,3,813, cls_1 ,0.2042,1.0155,33019.3767,63.9
B_crinitus,3,877, cls_1 ,1.9395,1.0647,16509.3133,101.0348
B_crinitus,3,892, cls_1 ,0.1021,1,33018.5085,71.4424
B_crinitus,3,906, cls_1 ,1.327,1.1398,1369.4902,71.4424
B_crinitus,3,911, cls_1 ,1.6333,1.046,41273.4306,63.9
B_crinitus,3,912, cls_1 ,1.1229,1.1085,5161.1296,101.0348
B_crinitus,3,913, cls_1 ,2.0416,1.1409,6611.982,71.4424
B_crinitus,3,919, cls_1 ,2.6541,1.1322,16514.7104,71.4424
B_crinitus,3,923, cls_1 ,1.0208,1.0993,41274.2928,63.9
B_crinitus,3,925, cls_1 ,0.1021,1,41273.8923,63.9
B_crinitus,3,926, cls_1 ,1.6333,1.1554,18346.3695,95.85
B_crinitus,3,932, cls_1 ,0.8166,1.0473,10318.7679,127.8
B_crinitus,3,936, cls_1 ,0.6125,1.0819,3669.9805,90.3682
B_crinitus,3,940, cls_1 ,0.4083,1.0537,9714.6599,115.1974
B_crinitus,3,941, cls_1 ,0.4083,1.0537,4028.3698,90.3682
B_crinitus,3,945, cls_1 ,0.9187,1.0338,6606.4463,159.75
B_crinitus,3,951, cls_1 ,2.0416,1.0903,1116.7448,271.1047
B_crinitus,3,953, cls_1 ,7.8602,1.1822,1124.9145,63.9
B_crinitus,3,959, cls_1 ,0.1021,1,1206.9903,373.9652
B_crinitus,3,970, cls_1 ,0.5104,1.0261,1207.7317,142.8847
B_crinitus,3,971, cls_1 ,0.4083,1.0537,6605.167,159.75
B_crinitus,3,974, cls_1 ,2.1437,1.1462,18343.9461,95.85
B_crinitus,3,975, cls_1 ,2.1437,1.1462,1142.4948,142.8847
B_crinitus,3,977, cls_1 ,1.1229,1.0654,304.0375,186.2989
B_crinitus,3,981, cls_1 ,2.4499,1.1311,250.6186,180.7365
B_crinitus,3,982, cls_1 ,0.7146,1.0283,2101.3923,95.85
B_crinitus,3,984, cls_1 ,2.8582,1.1241,436.071,63.9
B_crinitus,3,985, cls_1 ,1.0208,1.0993,857.1734,162.9137
B_crinitus,3,986, cls_1 ,0.4083,1.0975,218.1906,135.5524
B_crinitus,3,987, cls_1 ,0.9187,1.112,213.5257,90.3682
B_crinitus,3,990, cls_1 ,119.7401,1.1955,4148.9741,63.9
B_crinitus,3,991, cls_1 ,0.6125,1.0465,2332.6659,63.9
B_crinitus,3,994, cls_1 ,0.1021,1,145.1624,135.5524
B_crinitus,3,995, cls_1 ,0.1021,1,184.3002,90.3682
B_crinitus,3,996, cls_1 ,0.3062,1.0358,191.7083,115.1974
B_crinitus,3,998, cls_1 ,7.4519,1.2326,285.7801,95.85
B_crinitus,3,1003, cls_1 ,1.4291,1.0805,9204.619,115.1974
B_crinitus,3,1004, cls_1 ,0.6125,1.1125,6603.9151,159.75
B_crinitus,3,1008, cls_1 ,1.225,1.0982,1472.5675,71.4424
B_crinitus,3,1009, cls_1 ,0.3062,1.0358,4026.9619,204.5798
B_crinitus,3,1014, cls_1 ,0.5104,1.0261,119.5988,71.4424
B_crinitus,3,1015, cls_1 ,9.4935,1.104,228.738,71.4424
B_crinitus,3,1017, cls_1 ,0.3062,1.1369,800.4511,71.4424
B_crinitus,3,1024, cls_1 ,0.8166,1.1477,5739.8737,159.75
B_crinitus,3,1028, cls_1 ,0.3062,1.0914,119.2481,172.056
B_crinitus,3,2, cls_3 ,83.6037,1.2162,286.9461,63.9
B_crinitus,3,5, cls_3 ,79.6226,1.2188,453.3626,63.9
B_crinitus,3,7, cls_3 ,5.0019,1.1214,17.9133,230.3947
B_crinitus,3,8, cls_3 ,0.1021,1,92.5445,95.85
B_crinitus,3,10, cls_3 ,129.3357,1.2136,426.4851,63.9
B_crinitus,3,11, cls_3 ,0.2042,1.0155,82.592,101.0348
B_crinitus,3,13, cls_3 ,0.1021,1,36.0811,159.75
B_crinitus,3,19, cls_3 ,1.5312,1.0728,328.309,63.9
B_crinitus,3,21, cls_3 ,0.1021,1,328.1614,63.9
B_crinitus,3,22, cls_3 ,6.4311,1.1322,516.5523,63.9
B_crinitus,3,23, cls_3 ,1.6333,1.1672,10.8421,71.4424
B_crinitus,3,24, cls_3 ,9.4935,1.1399,72.4243,63.9
B_crinitus,3,29, cls_3 ,0.5104,1.1362,228.3844,63.9
B_crinitus,3,31, cls_3 ,0.7146,1.0932,282.3386,71.4424
B_crinitus,3,33, cls_3 ,0.1021,1,11.2724,71.4424
B_crinitus,3,34, cls_3 ,0.8166,1.1477,13.8885,63.9
B_crinitus,3,35, cls_3 ,41.955,1.1347,274.2633,63.9
B_crinitus,3,38, cls_3 ,1.225,1.1167,16.9643,63.9
B_crinitus,3,39, cls_3 ,30.8282,1.2406,627.9443,63.9
B_crinitus,3,41, cls_3 ,1.4291,1.1715,124.3763,90.3682
B_crinitus,3,44, cls_3 ,0.6125,1.1125,241.0937,63.9
B_crinitus,3,45, cls_3 ,293.4807,1.3324,190.65,63.9
B_crinitus,3,46, cls_3 ,1.0208,1.0764,525.7492,63.9
B_crinitus,3,47, cls_3 ,22.5597,1.1269,41.2517,63.9
B_crinitus,3,49, cls_3 ,0.4083,1,22.9733,127.8
B_crinitus,3,50, cls_3 ,0.1021,1,581.7073,71.4424
B_crinitus,3,54, cls_3 ,0.2042,1.0155,579.4365,71.4424
B_crinitus,3,57, cls_3 ,0.5104,1.0688,28.1516,71.4424
B_crinitus,3,58, cls_3 ,0.5104,1.105,7.1153,90.3682
B_crinitus,3,62, cls_3 ,0.7146,1.1649,340.7347,63.9
B_crinitus,3,63, cls_3 ,0.1021,1,28.1302,71.4424
B_crinitus,3,65, cls_3 ,0.5104,1.0688,83.1065,63.9
B_crinitus,3,68, cls_3 ,0.4083,1,7.9159,90.3682
B_crinitus,3,69, cls_3 ,1.0208,1.1199,634.5128,71.4424
B_crinitus,3,70, cls_3 ,6.2269,1.1876,318.322,71.4424
B_crinitus,3,74, cls_3 ,0.2042,1.0155,95.5601,63.9
B_crinitus,3,75, cls_3 ,1.327,1.1242,138.5041,101.0348
B_crinitus,3,76, cls_3 ,0.1021,1,47.2784,115.1974
B_crinitus,3,78, cls_3 ,0.1021,1,139.5352,101.0348
B_crinitus,3,79, cls_3 ,116.7798,1.2444,138.5971,63.9
B_crinitus,3,80, cls_3 ,136.9917,1.2502,167.2131,63.9
B_crinitus,3,81, cls_3 ,0.1021,1,6.1558,159.75
B_crinitus,3,82, cls_3 ,18.4765,1.1553,390.482,90.3682
B_crinitus,3,86, cls_3 ,0.6125,1.0819,84.2413,71.4424
B_crinitus,3,87, cls_3 ,0.6125,1.0819,40.3863,115.1974
B_crinitus,3,88, cls_3 ,0.5104,1.0688,107.4682,115.1974
B_crinitus,3,89, cls_3 ,2.7562,1.0583,721.7002,63.9
B_crinitus,3,90, cls_3 ,0.1021,1,8.0458,159.75
B_crinitus,3,93, cls_3 ,0.1021,1,577.0824,71.4424
B_crinitus,3,94, cls_3 ,0.9187,1.0338,57.1399,63.9
B_crinitus,3,95, cls_3 ,10.6163,1.165,323.2143,63.9
B_crinitus,3,97, cls_3 ,3.5728,1.1574,132.6513,71.4424
B_crinitus,3,98, cls_3 ,19.5994,1.176,74.5951,95.85
B_crinitus,3,100, cls_3 ,93.3013,1.2276,85.0061,95.85
B_crinitus,3,103, cls_3 ,0.2042,1.0909,297.1841,63.9
B_crinitus,3,107, cls_3 ,23.9889,1.1809,107.5588,63.9
B_crinitus,3,113, cls_3 ,14.9037,1.1006,445.2084,63.9
B_crinitus,3,114, cls_3 ,1.9395,1.1353,64.0004,159.75
B_crinitus,3,119, cls_3 ,0.5104,1.1362,337.935,63.9
B_crinitus,3,120, cls_3 ,0.8166,1.0131,722.1478,63.9
B_crinitus,3,123, cls_3 ,0.2042,1.0155,39.1394,127.8
B_crinitus,3,124, cls_3 ,0.5104,1.0688,55.2845,63.9
B_crinitus,3,127, cls_3 ,0.2042,1.0155,30.359,159.75
B_crinitus,3,129, cls_3 ,0.1021,1,54.6318,90.3682
B_crinitus,3,130, cls_3 ,0.4083,1.0975,168.6917,71.4424
B_crinitus,3,131, cls_3 ,8.5747,1.1329,76.1117,63.9
B_crinitus,3,132, cls_3 ,0.3062,1.0358,78.4822,71.4424
B_crinitus,3,133, cls_3 ,0.4083,1.1346,72.1396,71.4424
B_crinitus,3,135, cls_3 ,0.1021,1,40.3172,71.4424
B_crinitus,3,136, cls_3 ,0.1021,1,44.6542,90.3682
B_crinitus,3,138, cls_3 ,0.1021,1,581.3121,71.4424
B_crinitus,3,141, cls_3 ,0.1021,1,43.6253,71.4424
B_crinitus,3,144, cls_3 ,1.5312,1.1075,74.3688,101.0348
B_crinitus,3,145, cls_3 ,1.225,1.1167,32.7806,101.0348
B_crinitus,3,147, cls_3 ,17.6599,1.1572,33.8101,63.9
B_crinitus,3,151, cls_3 ,6.5331,1.1905,112.5407,63.9
B_crinitus,3,156, cls_3 ,18.9869,1.1062,49.7456,63.9
B_crinitus,3,158, cls_3 ,0.2042,1.0155,91.1649,71.4424
B_crinitus,3,165, cls_3 ,1.225,1.1495,335.6713,95.85
B_crinitus,3,166, cls_3 ,0.3062,1.0914,317.2992,63.9
B_crinitus,3,167, cls_3 ,14.5975,1.1707,340.8628,63.9
B_crinitus,3,172, cls_3 ,4.2874,1.1752,79.2719,63.9
B_crinitus,3,176, cls_3 ,6.9415,1.2193,23.2967,63.9
B_crinitus,3,178, cls_3 ,1.0208,1.0509,30.2341,101.0348
B_crinitus,3,179, cls_3 ,1.225,1.0556,27.7805,131.7332
B_crinitus,3,181, cls_3 ,0.6125,1.0465,59.9056,63.9
B_crinitus,3,183, cls_3 ,2.7562,1.0583,15.7065,274.8443
B_crinitus,3,184, cls_3 ,0.3062,1.0358,139.5555,95.85
B_crinitus,3,190, cls_3 ,12.0455,1.1086,76.0242,63.9
B_crinitus,3,191, cls_3 ,0.1021,1,27.2551,90.3682
B_crinitus,3,196, cls_3 ,13.6788,1.1124,309.6965,71.4424
B_crinitus,3,200, cls_3 ,13.7808,1.1659,87.9324,63.9
B_crinitus,3,202, cls_3 ,1.8374,1.1292,723.7419,63.9
B_crinitus,3,208, cls_3 ,15.7204,1.2038,387.937,63.9
B_crinitus,3,211, cls_3 ,3.6749,1.0972,35.4783,63.9
B_crinitus,3,212, cls_3 ,0.7146,1.0631,61.6392,71.4424
B_crinitus,3,213, cls_3 ,1.327,1.1073,39.7819,71.4424
B_crinitus,3,221, cls_3 ,4.0832,1.1689,739.2698,63.9
B_crinitus,3,222, cls_3 ,0.3062,1.0358,7.895,71.4424
B_crinitus,3,223, cls_3 ,0.1021,1,30.8753,71.4424
B_crinitus,3,228, cls_3 ,0.1021,1,76.1681,63.9
B_crinitus,3,229, cls_3 ,0.2042,1.0155,50.1984,63.9
B_crinitus,3,231, cls_3 ,2.0416,1.0592,52.908,71.4424
B_crinitus,3,235, cls_3 ,2.3478,1.1738,5.3638,71.4424
B_crinitus,3,239, cls_3 ,0.4083,1.0537,20.6571,90.3682
B_crinitus,3,240, cls_3 ,24.0909,1.1462,85.1352,63.9
B_crinitus,3,242, cls_3 ,1.6333,1.0836,2.9374,558.8967
B_crinitus,3,245, cls_3 ,0.6125,1.0465,37.9178,186.2989
B_crinitus,3,247, cls_3 ,2.3478,1.0604,290.7615,101.0348
B_crinitus,3,251, cls_3 ,0.1021,1,15.3077,101.0348
B_crinitus,3,252, cls_3 ,0.7146,1.1197,20.593,63.9
B_crinitus,3,255, cls_3 ,2.8582,1.1141,21.4218,90.3682
B_crinitus,3,256, cls_3 ,10.0039,1.1743,21.6811,63.9
B_crinitus,3,257, cls_3 ,0.7146,1.1197,29.1192,115.1974
B_crinitus,3,258, cls_3 ,5.5123,1.174,364.4386,63.9
B_crinitus,3,260, cls_3 ,0.7146,1.0631,19.8817,115.1974
B_crinitus,3,264, cls_3 ,1.1229,1.1271,48.0957,95.85
B_crinitus,3,265, cls_3 ,0.1021,1,14.858,63.9
B_crinitus,3,266, cls_3 ,1.8374,1.102,13.324,63.9
B_crinitus,3,268, cls_3 ,0.7146,1.0932,579.5536,71.4424
B_crinitus,3,269, cls_3 ,0.7146,1.0283,734.4713,63.9
B_crinitus,3,270, cls_3 ,9.5955,1.1388,28.1251,95.85
B_crinitus,3,272, cls_3 ,0.6125,1.1395,22.6424,127.8
B_crinitus,3,273, cls_3 ,1.6333,1.046,9.8604,63.9
B_crinitus,3,274, cls_3 ,12.0455,1.1619,112.4723,63.9
B_crinitus,3,275, cls_3 ,1.1229,1.0654,359.9358,63.9
B_crinitus,3,285, cls_3 ,0.6125,1.0819,11.6184,194.3443
B_crinitus,3,289, cls_3 ,1.6333,1.1154,45.7625,180.7365
B_crinitus,3,290, cls_3 ,1.225,1.0306,49.522,135.5524
B_crinitus,3,293, cls_3 ,1.0208,1.1199,60.4601,223.65
B_crinitus,3,295, cls_3 ,0.9187,1.0338,11.4413,180.7365
B_crinitus,3,297, cls_3 ,0.5104,1.0261,9.7897,194.3443
B_crinitus,3,299, cls_3 ,0.2042,1.0155,10.2354,63.9
B_crinitus,3,300, cls_3 ,2.7562,1.1075,29.787,63.9
B_crinitus,3,301, cls_3 ,1.225,1.078,6.1658,351.45
B_crinitus,3,303, cls_3 ,3.9811,1.1153,11.5763,71.4424
B_crinitus,3,304, cls_3 ,1.327,1.1242,6.7629,328.9454
B_crinitus,3,307, cls_3 ,2.4499,1.0843,44.4619,131.7332
B_crinitus,3,309, cls_3 ,8.881,1.1695,26.1941,63.9
B_crinitus,3,310, cls_3 ,7.9623,1.131,11.9694,71.4424
B_crinitus,3,311, cls_3 ,4.4915,1.146,7.3566,194.3443
B_crinitus,3,312, cls_3 ,1.4291,1.1454,20.9951,71.4424
B_crinitus,3,313, cls_3 ,2.9603,1.0998,57.6635,63.9
B_crinitus,3,316, cls_3 ,0.9187,1.0889,723.5595,63.9
B_crinitus,3,318, cls_3 ,3.1645,1.1031,150.7143,101.0348
B_crinitus,3,319, cls_3 ,0.1021,1,721.0758,63.9
B_crinitus,3,321, cls_3 ,3.777,1.1036,34.5752,131.7332
B_crinitus,3,322, cls_3 ,0.6125,1.0465,13.4647,71.4424
B_crinitus,3,323, cls_3 ,0.1021,1,161.6122,135.5524
B_crinitus,3,324, cls_3 ,0.9187,1.063,225.1122,95.85
B_crinitus,3,327, cls_3 ,2.1437,1.1354,5.3469,142.8847
B_crinitus,3,328, cls_3 ,0.1021,1,20.7884,71.4424
B_crinitus,3,331, cls_3 ,2.9603,1.1474,38.8441,71.4424
B_crinitus,3,332, cls_3 ,0.3062,1.0358,36.3763,63.9
B_crinitus,3,333, cls_3 ,0.2042,1.0909,17.6672,71.4424
B_crinitus,3,334, cls_3 ,8.0643,1.1199,16.7536,71.4424
B_crinitus,3,335, cls_3 ,0.3062,1.0914,18.2276,71.4424
B_crinitus,3,339, cls_3 ,12.2496,1.1602,7.1666,142.8847
B_crinitus,3,340, cls_3 ,54.1025,1.2147,17.2847,71.4424
B_crinitus,3,341, cls_3 ,0.9187,1.0889,21.1843,71.4424
B_crinitus,3,342, cls_3 ,3.9811,1.1456,58.2029,63.9
B_crinitus,3,345, cls_3 ,0.1021,1,15.4692,71.4424
B_crinitus,3,346, cls_3 ,1.1229,1.1271,19.6357,90.3682
B_crinitus,3,347, cls_3 ,0.9187,1.0889,9.304,63.9
B_crinitus,3,348, cls_3 ,1.8374,1.0706,6.8824,71.4424
B_crinitus,3,351, cls_3 ,1.1229,1.0402,6.6043,352.8993
B_crinitus,3,353, cls_3 ,1.1229,1.1271,25.4562,90.3682
B_crinitus,3,356, cls_3 ,1.7354,1.0395,10.4315,294.5644
B_crinitus,3,358, cls_3 ,1.6333,1.1429,365.3599,90.3682
B_crinitus,3,360, cls_3 ,1.327,1.1242,16.9978,63.9
B_crinitus,3,361, cls_3 ,1.4291,1.1154,5.471,63.9
B_crinitus,3,362, cls_3 ,4.6957,1.1061,12.5631,63.9
B_crinitus,3,363, cls_3 ,2.2458,1.0937,19.987,90.3682
B_crinitus,3,364, cls_3 ,0.4083,1.1346,37.5624,71.4424
B_crinitus,3,368, cls_3 ,0.4083,1.0975,7.4327,63.9
B_crinitus,3,369, cls_3 ,3.9811,1.1776,10.5266,63.9
B_crinitus,3,370, cls_3 ,3.1645,1.2154,34.7643,71.4424
B_crinitus,3,372, cls_3 ,1.327,1.0467,30.6339,90.3682
B_crinitus,3,373, cls_3 ,1.0208,1.1388,72.9162,63.9
B_crinitus,3,374, cls_3 ,0.1021,1,9.6215,90.3682
B_crinitus,3,375, cls_3 ,1.225,1.0556,19.1647,63.9
B_crinitus,3,377, cls_3 ,0.6125,1.1125,27.8127,95.85
B_crinitus,3,378, cls_3 ,0.1021,1,5.5212,90.3682
B_crinitus,3,379, cls_3 ,1.8374,1.0869,9.832,63.9
B_crinitus,3,382, cls_3 ,3.5728,1.08,5.2326,71.4424
B_crinitus,3,383, cls_3 ,2.2458,1.1701,37.4316,71.4424
B_crinitus,3,384, cls_3 ,11.0247,1.1612,6.3325,225.9206
B_crinitus,3,385, cls_3 ,13.3725,1.1965,296.7495,63.9
B_crinitus,3,387, cls_3 ,0.1021,1,10.7612,71.4424
B_crinitus,3,388, cls_3 ,0.8166,1.0769,15.2652,135.5524
B_crinitus,3,392, cls_3 ,0.8166,1.1031,10.3171,63.9
B_crinitus,3,394, cls_3 ,7.1456,1.1468,7.981,63.9
B_crinitus,3,395, cls_3 ,1.0208,1.0509,43.1367,63.9
B_crinitus,3,396, cls_3 ,0.3062,1.1369,6.4925,71.4424
B_crinitus,3,397, cls_3 ,0.1021,1,9.8474,142.8847
B_crinitus,3,399, cls_3 ,15.8224,1.2109,10.105,71.4424
B_crinitus,3,400, cls_3 ,0.6125,1.0819,21.1509,63.9
B_crinitus,3,401, cls_3 ,2.4499,1.0971,82.0218,63.9
B_crinitus,3,402, cls_3 ,1.327,1.1398,9.6077,95.85
B_crinitus,3,404, cls_3 ,0.8166,1.0473,15.2261,204.5798
B_crinitus,3,405, cls_3 ,0.1021,1,7.5426,71.4424
B_crinitus,3,407, cls_3 ,1.327,1.1807,5.8198,142.8847
B_crinitus,3,408, cls_3 ,0.2042,1.0155,7.1408,71.4424
B_crinitus,3,409, cls_3 ,1.0208,1.0764,5.692,71.4424
B_crinitus,3,410, cls_3 ,0.1021,1,8.2785,101.0348
B_crinitus,3,415, cls_3 ,29.3991,1.2328,13.1569,63.9
B_crinitus,3,416, cls_3 ,0.1021,1,7.9542,115.1974
B_crinitus,3,418, cls_3 ,0.1021,1,10.9003,71.4424
B_crinitus,3,419, cls_3 ,1.0208,1.0993,7.5709,63.9
B_crinitus,3,420, cls_3 ,3.879,1.0916,21.8702,63.9
B_crinitus,3,422, cls_3 ,0.4083,1.0537,6.6022,71.4424
B_crinitus,3,425, cls_3 ,0.6125,1.0465,10.9847,95.85
B_crinitus,3,427, cls_3 ,0.1021,1,8.0834,71.4424
B_crinitus,3,430, cls_3 ,1.1229,1.1602,8.057,63.9
B_crinitus,3,431, cls_3 ,0.1021,1,11.0594,63.9
B_crinitus,3,432, cls_3 ,0.1021,1,746.7264,63.9
B_crinitus,3,433, cls_3 ,3.4707,1.1606,12.9428,63.9
B_crinitus,3,436, cls_3 ,0.2042,1.0155,3.4348,249.5375
B_crinitus,3,437, cls_3 ,0.4083,1.0537,7.6692,63.9
B_crinitus,3,438, cls_3 ,0.6125,1.0465,12.9458,95.85
B_crinitus,3,439, cls_3 ,0.3062,1.0358,5.587,71.4424
B_crinitus,3,442, cls_3 ,3.0624,1.0962,18.457,95.85
B_crinitus,3,445, cls_3 ,0.8166,1.167,8.2192,63.9
B_crinitus,3,446, cls_3 ,0.1021,1,21.9698,63.9
B_crinitus,3,447, cls_3 ,13.2704,1.1776,44.7575,63.9
B_crinitus,3,450, cls_3 ,0.1021,1,5.1059,71.4424
B_crinitus,3,451, cls_3 ,0.7146,1.1197,30.3067,71.4424
B_crinitus,3,453, cls_3 ,0.2042,1.0909,3.4206,249.5375
B_crinitus,3,454, cls_3 ,0.5104,1.105,14.2894,63.9
B_crinitus,3,457, cls_3 ,2.1437,1.1462,5.9443,63.9
B_crinitus,3,462, cls_3 ,0.6125,1.1125,5.3419,71.4424
B_crinitus,3,464, cls_3 ,0.8166,1.1477,5.9971,162.9137
B_crinitus,3,468, cls_3 ,1.8374,1.0529,17.0918,63.9
B_crinitus,3,469, cls_3 ,0.7146,1.1197,9.7502,63.9
B_crinitus,3,470, cls_3 ,1.5312,1.0909,7.1955,95.85
B_crinitus,3,473, cls_3 ,0.1021,1,7.7431,159.75
B_crinitus,3,475, cls_3 ,0.1021,1,2.8951,263.4664
B_crinitus,3,478, cls_3 ,0.2042,1.0155,1.441,63.9
B_crinitus,3,479, cls_3 ,0.1021,1,1.5806,63.9
B_crinitus,3,480, cls_3 ,1.7354,1.0769,13.979,95.85
B_crinitus,3,484, cls_3 ,0.4083,1.0537,38.6567,63.9
B_crinitus,3,485, cls_3 ,0.1021,1,5.4144,71.4424
B_crinitus,3,486, cls_3 ,0.1021,1,4.0503,159.75
B_crinitus,3,487, cls_3 ,5.2061,1.2193,16.0952,63.9
B_crinitus,3,490, cls_3 ,10.1059,1.1599,19.6486,115.1974
B_crinitus,3,491, cls_3 ,3.2666,1.1601,7.1789,63.9
B_crinitus,3,492, cls_3 ,15.5162,1.1149,34.0205,71.4424
B_crinitus,3,493, cls_3 ,0.6125,1.1395,36.871,63.9
B_crinitus,3,494, cls_3 ,1.8374,1.0869,374.1022,63.9
B_crinitus,3,495, cls_3 ,1.225,1.0982,17.424,95.85
B_crinitus,3,500, cls_3 ,3.3686,1.1567,3.6468,159.75
B_crinitus,3,501, cls_3 ,16.9453,1.1431,27.1511,71.4424
B_crinitus,3,502, cls_3 ,1.1229,1.1085,4.1587,63.9
B_crinitus,3,504, cls_3 ,1.5312,1.0909,109.8404,71.4424
B_crinitus,3,505, cls_3 ,0.3062,1.0358,74.098,63.9
B_crinitus,3,506, cls_3 ,0.2042,1.0155,11.934,63.9
B_crinitus,3,509, cls_3 ,1.7354,1.1599,9.7501,63.9
B_crinitus,3,510, cls_3 ,0.8166,1.0473,11.6449,95.85
B_crinitus,3,511, cls_3 ,9.3914,1.1708,37.2577,71.4424
B_crinitus,3,512, cls_3 ,1.1229,1.0654,16.2613,63.9
B_crinitus,3,513, cls_3 ,7.0435,1.224,131.1938,63.9
B_crinitus,3,515, cls_3 ,0.3062,1.0358,579.8216,71.4424
B_crinitus,3,516, cls_3 ,1.8374,1.0529,96.9437,63.9
B_crinitus,3,517, cls_3 ,0.5104,1.0688,17.4317,95.85
B_crinitus,3,518, cls_3 ,0.6125,1.1637,19.9754,63.9
B_crinitus,3,519, cls_3 ,1.327,1.1398,14.205,71.4424
B_crinitus,3,520, cls_3 ,0.8166,1.1477,10.9886,63.9
B_crinitus,3,523, cls_3 ,3.1645,1.1561,84.6835,63.9
B_crinitus,3,524, cls_3 ,0.7146,1.0631,40.516,95.85
B_crinitus,3,528, cls_3 ,1.327,1.1073,4.3142,63.9
B_crinitus,3,531, cls_3 ,0.7146,1.0283,88.2468,95.85
B_crinitus,3,533, cls_3 ,0.6125,1.0819,43.9103,71.4424
B_crinitus,3,534, cls_3 ,18.2724,1.1808,91.439,71.4424
B_crinitus,3,535, cls_3 ,1.4291,1.1309,7.8563,63.9
B_crinitus,3,537, cls_3 ,8.5747,1.1902,47.8197,63.9
B_crinitus,3,538, cls_3 ,8.4727,1.0757,21.3605,131.7332
B_crinitus,3,539, cls_3 ,6.1248,1.1372,3.3362,389.9995
B_crinitus,3,542, cls_3 ,16.1287,1.2051,6.6269,71.4424
B_crinitus,3,545, cls_3 ,5.2061,1.1942,10.3478,115.1974
B_crinitus,3,546, cls_3 ,0.7146,1.0631,16.6572,95.85
B_crinitus,3,547, cls_3 ,3.9811,1.1069,2.16,71.4424
B_crinitus,3,548, cls_3 ,7.5539,1.0867,35.4027,63.9
B_crinitus,3,552, cls_3 ,3.3686,1.1965,4.1129,115.1974
B_crinitus,3,553, cls_3 ,1.0208,1.0764,5.8883,202.0695
B_crinitus,3,554, cls_3 ,2.6541,1.0758,39.7423,71.4424
B_crinitus,3,555, cls_3 ,0.8166,1.0131,4.3168,95.85
B_crinitus,3,559, cls_3 ,2.4499,1.1412,17.1031,71.4424
B_crinitus,3,560, cls_3 ,2.0416,1.1409,6.3549,202.0695
B_crinitus,3,561, cls_3 ,1.0208,1.1561,34.8038,71.4424
B_crinitus,3,566, cls_3 ,0.3062,1.0358,3.9119,63.9
B_crinitus,3,567, cls_3 ,0.2042,1.0155,8.5771,71.4424
B_crinitus,3,568, cls_3 ,0.4083,1,2.8315,63.9
B_crinitus,3,569, cls_3 ,5.6144,1.2148,79.3516,71.4424
B_crinitus,3,570, cls_3 ,31.2366,1.2135,27.7231,63.9
B_crinitus,3,572, cls_3 ,1.4291,1.1309,6.3722,63.9
B_crinitus,3,574, cls_3 ,6.2269,1.1182,9.9506,71.4424
B_crinitus,3,578, cls_3 ,0.1021,1,14.8911,63.9
B_crinitus,3,579, cls_3 ,4.1853,1.118,66.1513,63.9
B_crinitus,3,580, cls_3 ,0.6125,1.1125,2.0357,373.9652
B_crinitus,3,581, cls_3 ,0.4083,1.0975,4.0134,142.8847
B_crinitus,3,583, cls_3 ,1.1229,1.088,80.7372,63.9
B_crinitus,3,584, cls_3 ,0.4083,1.0975,6.5122,63.9
B_crinitus,3,585, cls_3 ,21.8452,1.2094,8.0133,71.4424
B_crinitus,3,588, cls_3 ,0.8166,1.0769,47.3368,71.4424
B_crinitus,3,590, cls_3 ,0.7146,1.0631,5.4006,63.9
B_crinitus,3,591, cls_3 ,32.1553,1.1895,12.5394,71.4424
B_crinitus,3,592, cls_3 ,40.0155,1.189,39.191,71.4424
B_crinitus,3,593, cls_3 ,0.8166,1.0473,6.7655,285.7695
B_crinitus,3,596, cls_3 ,10.9226,1.1487,14.2947,159.75
B_crinitus,3,598, cls_3 ,1.225,1.078,7.7029,115.1974
B_crinitus,3,599, cls_3 ,1.9395,1.1099,5.8668,325.8273
B_crinitus,3,601, cls_3 ,0.3062,1.0358,6.516,63.9
B_crinitus,3,602, cls_3 ,5.0019,1.1281,7.2493,162.9137
B_crinitus,3,608, cls_3 ,1.8374,1.102,4.2644,71.4424
B_crinitus,3,610, cls_3 ,1.0208,1.1388,20.148,142.8847
B_crinitus,3,612, cls_3 ,1.225,1.1641,36.456,63.9
B_crinitus,3,613, cls_3 ,8.2685,1.1224,3.8528,63.9
B_crinitus,3,617, cls_3 ,1.225,1.0982,5.4963,71.4424
B_crinitus,3,619, cls_3 ,14.5975,1.1945,24.4937,90.3682
B_crinitus,3,620, cls_3 ,1.9395,1.0471,12.4395,63.9
B_crinitus,3,622, cls_3 ,0.7146,1.0283,2.369,384.7289
B_crinitus,3,623, cls_3 ,0.1021,1,18.7455,63.9
B_crinitus,3,625, cls_3 ,0.2042,1.0909,9.9395,71.4424
B_crinitus,3,628, cls_3 ,0.1021,1,16.8356,71.4424
B_crinitus,3,630, cls_3 ,0.4083,1.0975,2.36,214.3271
B_crinitus,3,634, cls_3 ,2.8582,1.1676,3.6521,115.1974
B_crinitus,3,635, cls_3 ,0.7146,1.0283,15.6835,63.9
B_crinitus,3,636, cls_3 ,0.3062,1.1369,12.1918,63.9
B_crinitus,3,637, cls_3 ,6.7373,1.216,7.5621,95.85
B_crinitus,3,639, cls_3 ,0.3062,1.0914,1.8439,372.5978
B_crinitus,3,641, cls_3 ,2.6541,1.1597,6.67,63.9
B_crinitus,3,643, cls_3 ,0.1021,1,10.5034,63.9
B_crinitus,3,646, cls_3 ,0.6125,1.0465,4.5897,90.3682
B_crinitus,3,647, cls_3 ,1.1229,1.088,6.0637,63.9
B_crinitus,3,649, cls_3 ,0.1021,1,33.6467,101.0348
B_crinitus,3,650, cls_3 ,0.8166,1.1477,10.2274,71.4424
B_crinitus,3,651, cls_3 ,2.6541,1.151,17.2099,71.4424
B_crinitus,3,652, cls_3 ,1.0208,1.0509,5.7444,63.9
B_crinitus,3,654, cls_3 ,0.1021,1,8.5634,63.9
B_crinitus,3,656, cls_3 ,0.2042,1.0155,9.6922,63.9
B_crinitus,3,657, cls_3 ,0.1021,1,21.7331,63.9
B_crinitus,3,660, cls_3 ,0.7146,1.0283,4.664,115.1974
B_crinitus,3,662, cls_3 ,0.7146,1.0283,3.9539,314.671
B_crinitus,3,663, cls_3 ,0.4083,1,10.0164,95.85
B_crinitus,3,665, cls_3 ,1.327,1.089,2.8823,63.9
B_crinitus,3,667, cls_3 ,5.4103,1.23,80.9464,71.4424
B_crinitus,3,669, cls_3 ,3.1645,1.0927,11.627,71.4424
B_crinitus,3,670, cls_3 ,0.3062,1.0358,3.9873,115.1974
B_crinitus,3,671, cls_3 ,0.3062,1.0358,15.9856,71.4424
B_crinitus,3,673, cls_3 ,0.7146,1.1197,4.9894,101.0348
B_crinitus,3,674, cls_3 ,0.2042,1.0155,2.05,194.3443
B_crinitus,3,675, cls_3 ,2.9603,1.0887,6.2199,127.8
B_crinitus,3,676, cls_3 ,0.5104,1.0261,21.7179,63.9
B_crinitus,3,681, cls_3 ,0.9187,1.1328,3.2047,115.1974
B_crinitus,3,682, cls_3 ,5.2061,1.1802,22.5935,63.9
B_crinitus,3,683, cls_3 ,1.8374,1.1415,26.2785,63.9
B_crinitus,3,686, cls_3 ,0.2042,1.0909,4.5796,90.3682
B_crinitus,3,687, cls_3 ,0.5104,1.0261,4.7384,63.9
B_crinitus,3,688, cls_3 ,5.7165,1.133,65.0717,63.9
B_crinitus,3,689, cls_3 ,0.3062,1.0358,3.3145,90.3682
B_crinitus,3,690, cls_3 ,1.6333,1.1154,4.048,90.3682
B_crinitus,3,691, cls_3 ,27.97,1.2377,69.6235,63.9
B_crinitus,3,694, cls_3 ,0.4083,1.1667,3.3789,115.1974
B_crinitus,3,695, cls_3 ,3.4707,1.083,12.6384,172.056
B_crinitus,3,697, cls_3 ,1.8374,1.102,2.9995,101.0348
B_crinitus,3,698, cls_3 ,0.2042,1.0909,2.1668,142.8847
B_crinitus,3,703, cls_3 ,0.8166,1.1031,4.4713,90.3682
B_crinitus,3,705, cls_3 ,1.5312,1.0909,1.3956,566.1554
B_crinitus,3,706, cls_3 ,2.6541,1.0622,4.4081,127.8
B_crinitus,3,708, cls_3 ,1.327,1.1073,4.8768,135.5524
B_crinitus,3,709, cls_3 ,0.5104,1.0688,2.9163,127.8
B_crinitus,3,710, cls_3 ,0.1021,1,1.8935,101.0348
B_crinitus,3,714, cls_3 ,0.1021,1,1.9503,101.0348
B_crinitus,3,715, cls_3 ,1.1229,1.1602,4.185,71.4424
B_crinitus,3,717, cls_3 ,0.3062,1.0914,89.9591,71.4424
B_crinitus,3,719, cls_3 ,1.5312,1.0728,2.6189,225.9206
B_crinitus,3,720, cls_3 ,16.1287,1.2127,76.766,63.9
B_crinitus,3,721, cls_3 ,8.4727,1.0558,4.7038,191.7
B_crinitus,3,723, cls_3 ,0.7146,1.0631,4.7189,191.7
B_crinitus,3,726, cls_3 ,0.5104,1.105,3.9393,71.4424
B_crinitus,3,728, cls_3 ,0.8166,1.1265,54.148,63.9
B_crinitus,3,730, cls_3 ,7.4519,1.1726,14.9346,63.9
B_crinitus,3,731, cls_3 ,7.4519,1.1328,4.3901,71.4424
B_crinitus,3,734, cls_3 ,2.552,1.0517,1.8557,543.15
B_crinitus,3,735, cls_3 ,0.9187,1.0889,5.4503,131.7332
B_crinitus,3,739, cls_3 ,0.5104,1.0688,6.0746,63.9
B_crinitus,3,740, cls_3 ,0.4083,1.0537,9.7198,191.7
B_crinitus,3,742, cls_3 ,2.7562,1.1281,22.8764,115.1974
B_crinitus,3,744, cls_3 ,0.7146,1.0932,2.8322,71.4424
B_crinitus,3,745, cls_3 ,0.8166,1.1031,16.938,63.9
B_crinitus,3,746, cls_3 ,1.0208,1.0509,6.0959,135.5524
B_crinitus,3,747, cls_3 ,0.4083,1,3.2159,194.3443
B_crinitus,3,751, cls_3 ,0.1021,1,3.9535,71.4424
B_crinitus,3,752, cls_3 ,8.0643,1.1604,2.5156,142.8847
B_crinitus,3,753, cls_3 ,0.6125,1.0465,1.1875,451.8412
B_crinitus,3,754, cls_3 ,0.1021,1,13.0485,115.1974
B_crinitus,3,755, cls_3 ,0.1021,1,4.4076,135.5524
B_crinitus,3,756, cls_3 ,0.7146,1.0631,9.1841,95.85
B_crinitus,3,757, cls_3 ,0.4083,1.1346,23.076,71.4424
B_crinitus,3,759, cls_3 ,0.5104,1.0688,3.8786,101.0348
B_crinitus,3,760, cls_3 ,0.9187,1.112,4.8142,131.7332
B_crinitus,3,765, cls_3 ,0.1021,1,4.1317,63.9
B_crinitus,3,767, cls_3 ,0.2042,1.0909,15.7573,71.4424
B_crinitus,3,769, cls_3 ,0.5104,1.0688,4.5527,101.0348
B_crinitus,3,771, cls_3 ,0.1021,1,4.1727,63.9
B_crinitus,3,773, cls_3 ,0.9187,1.063,9.4932,63.9
B_crinitus,3,774, cls_3 ,0.1021,1,4.9087,101.0348
B_crinitus,3,775, cls_3 ,1.1229,1.1888,9.7145,63.9
B_crinitus,3,776, cls_3 ,0.1021,1,16.5014,63.9
B_crinitus,3,778, cls_3 ,0.8166,1.0473,8.1479,63.9
B_crinitus,3,779, cls_3 ,11.9434,1.1882,8.2362,71.4424
B_crinitus,3,782, cls_3 ,0.1021,1,6.0171,142.8847
B_crinitus,3,784, cls_3 ,0.1021,1,7.3379,90.3682
B_crinitus,3,786, cls_3 ,7.8602,1.2181,6.1997,131.7332
B_crinitus,3,787, cls_3 ,1.1229,1.0115,4.466,63.9
B_crinitus,3,788, cls_3 ,1.4291,1.1309,25.765,71.4424
B_crinitus,3,792, cls_3 ,1.327,1.1679,3.9586,63.9
B_crinitus,3,793, cls_3 ,1.4291,1.0987,2.5373,255.6
B_crinitus,3,795, cls_3 ,0.8166,1.1031,1.5381,434.567
B_crinitus,3,796, cls_3 ,1.327,1.089,4.8745,71.4424
B_crinitus,3,797, cls_3 ,0.3062,1.0358,1.6434,63.9
B_crinitus,3,798, cls_3 ,3.9811,1.1456,4.5287,127.8
B_crinitus,3,799, cls_3 ,0.8166,1.1031,39.8279,71.4424
B_crinitus,3,801, cls_3 ,0.3062,1.0358,1.6495,63.9
B_crinitus,3,802, cls_3 ,18.1703,1.2062,12.8796,63.9
B_crinitus,3,804, cls_3 ,3.3686,1.1157,2.3229,63.9
B_crinitus,3,805, cls_3 ,3.879,1.1484,1.7861,63.9
B_crinitus,3,806, cls_3 ,1.327,1.1543,4.0839,127.8
B_crinitus,3,809, cls_3 ,5.6144,1.1226,0.6398,345.5921
B_crinitus,3,810, cls_3 ,0.6125,1.0465,9.057,63.9
B_crinitus,3,811, cls_3 ,0.8166,1.0131,2.122,416.577
B_crinitus,3,814, cls_3 ,0.8166,1.167,1.1388,345.5921
B_crinitus,3,815, cls_3 ,0.8166,1.0769,45.868,63.9
B_crinitus,3,816, cls_3 ,1.1229,1.1271,1.4891,420.2366
B_crinitus,3,817, cls_3 ,1.225,1.078,2.7782,71.4424
B_crinitus,3,818, cls_3 ,0.1021,1,10.8487,63.9
B_crinitus,3,820, cls_3 ,0.6125,1.0465,2.2639,71.4424
B_crinitus,3,823, cls_3 ,0.3062,1.0358,4.0861,63.9
B_crinitus,3,824, cls_3 ,0.7146,1.1434,3.0473,319.5
B_crinitus,3,825, cls_3 ,0.8166,1.0131,5.0114,63.9
B_crinitus,3,826, cls_3 ,0.6125,1.0819,4.9883,63.9
B_crinitus,3,827, cls_3 ,0.4083,1,2.823,63.9
B_crinitus,3,829, cls_3 ,1.8374,1.1292,1.6703,420.2366
B_crinitus,3,830, cls_3 ,1.4291,1.0805,16.5398,101.0348
B_crinitus,3,831, cls_3 ,6.5331,1.2055,21.0178,101.0348
B_crinitus,3,832, cls_3 ,6.5331,1.1134,2.0814,1862.9891
B_crinitus,3,833, cls_3 ,0.5104,1.0261,1.4786,223.65
B_crinitus,3,834, cls_3 ,0.8166,1.1265,1.7517,319.5
B_crinitus,3,835, cls_3 ,4.1853,1.16,8.1481,71.4424
B_crinitus,3,836, cls_3 ,1.327,1.1398,12.6799,63.9
B_crinitus,3,837, cls_3 ,2.4499,1.1204,15.4452,71.4424
B_crinitus,3,838, cls_3 ,3.3686,1.1063,1.1677,172.056
B_crinitus,3,839, cls_3 ,0.8166,1.1847,9.9684,63.9
B_crinitus,3,840, cls_3 ,2.9603,1.0769,1.1144,223.65
B_crinitus,3,841, cls_3 ,1.327,1.0689,2.9823,159.75
B_crinitus,3,842, cls_3 ,3.4707,1.1125,14.4028,63.9
B_crinitus,3,843, cls_3 ,0.9187,1.0338,1.9696,319.5
B_crinitus,3,844, cls_3 ,0.7146,1.0283,3.3802,180.7365
B_crinitus,3,845, cls_3 ,1.1229,1.1271,1.7837,610.4039
B_crinitus,3,846, cls_3 ,0.5104,1.0688,2.7073,287.55
B_crinitus,3,847, cls_3 ,1.6333,1.1429,1.7699,172.056
B_crinitus,3,848, cls_3 ,1.225,1.0306,3.3027,172.056
B_crinitus,3,849, cls_3 ,2.3478,1.1137,3.5067,180.7365
B_crinitus,3,850, cls_3 ,1.0208,1.022,5.4875,127.8
B_crinitus,3,851, cls_3 ,0.1021,1,14.1588,63.9
B_crinitus,3,852, cls_3 ,0.2042,1.0155,26.7634,63.9
B_crinitus,3,853, cls_3 ,6.8394,1.2006,4.9762,63.9
B_crinitus,3,854, cls_3 ,8.5747,1.1139,21.7177,63.9
B_crinitus,3,855, cls_3 ,0.5104,1.0261,19.7763,63.9
B_crinitus,3,856, cls_3 ,0.1021,1,6.4033,63.9
B_crinitus,3,858, cls_3 ,3.2666,1.1096,3.8468,159.75
B_crinitus,3,859, cls_3 ,0.5104,1.105,3.7163,159.75
B_crinitus,3,860, cls_3 ,1.327,1.089,8.3407,225.9206
B_crinitus,3,861, cls_3 ,0.6125,1.1125,6.3259,194.3443
B_crinitus,3,862, cls_3 ,13.7808,1.227,40.2832,101.0348
B_crinitus,3,863, cls_3 ,1.4291,1.0606,4.2388,159.75
B_crinitus,3,864, cls_3 ,1.0208,1.1388,67.0714,63.9
B_crinitus,3,865, cls_3 ,26.2346,1.2075,37.5563,63.9
B_crinitus,3,866, cls_3 ,5.104,1.1507,59.5286,71.4424
B_crinitus,3,867, cls_3 ,2.1437,1.1663,4.4383,610.4039
B_crinitus,3,868, cls_3 ,3.5728,1.1094,9.0758,833.1541
B_crinitus,3,869, cls_3 ,1.327,1.0689,54.7389,71.4424
B_crinitus,3,870, cls_3 ,0.9187,1.0889,14.1781,303.1043
B_crinitus,3,871, cls_3 ,0.2042,1.0155,27.5353,101.0348
B_crinitus,3,872, cls_3 ,674.6484,1.2237,106.1792,63.9
B_crinitus,3,873, cls_3 ,112.7987,1.2686,38.0114,63.9
B_crinitus,3,874, cls_3 ,5.2061,1.1427,57.9226,63.9
B_crinitus,3,875, cls_3 ,18.2724,1.2092,64.5474,63.9
B_crinitus,3,876, cls_3 ,3.0624,1.135,28.5205,63.9
B_crinitus,3,878, cls_3 ,3.879,1.1008,67.9895,63.9
B_crinitus,3,880, cls_3 ,1.1229,1.088,283.1235,63.9
B_crinitus,3,882, cls_3 ,0.4083,1.0537,54.9819,63.9
B_crinitus,3,884, cls_3 ,1.327,1.0689,50.8252,63.9
B_crinitus,3,885, cls_3 ,1.6333,1.0657,137.1607,63.9
B_crinitus,3,886, cls_3 ,0.7146,1.0631,42.9035,71.4424
B_crinitus,3,887, cls_3 ,0.5104,1.0261,1652.8787,63.9
B_crinitus,3,890, cls_3 ,12.3517,1.1683,7.2882,383.4
B_crinitus,3,891, cls_3 ,3.879,1.118,6.0151,383.4
B_crinitus,3,893, cls_3 ,3.1645,1.0575,32.175,90.3682
B_crinitus,3,894, cls_3 ,0.3062,1.0358,2.3292,223.65
B_crinitus,3,896, cls_3 ,1.0208,1.022,30.8231,95.85
B_crinitus,3,897, cls_3 ,0.4083,1.0537,222.7276,71.4424
B_crinitus,3,899, cls_3 ,5.9207,1.1664,15.6443,101.0348
B_crinitus,3,900, cls_3 ,2.0416,1.1518,2.4162,223.65
B_crinitus,3,901, cls_3 ,1.4291,1.0805,232.2528,71.4424
B_crinitus,3,902, cls_3 ,0.3062,1.0358,22.9605,63.9
B_crinitus,3,903, cls_3 ,2.1437,1.085,42.8862,63.9
B_crinitus,3,905, cls_3 ,0.1021,1,1652.7879,63.9
B_crinitus,3,907, cls_3 ,1.0208,1.022,141.0907,90.3682
B_crinitus,3,910, cls_3 ,0.6125,1.0047,31.8659,63.9
B_crinitus,3,914, cls_3 ,0.8166,1.0769,4.3287,115.1974
B_crinitus,3,916, cls_3 ,0.3062,1.0914,47.4325,63.9
B_crinitus,3,917, cls_3 ,10.7184,1.1319,100.355,71.4424
B_crinitus,3,918, cls_3 ,0.1021,1,278.7955,63.9
B_crinitus,3,921, cls_3 ,1.5312,1.1372,46.5282,90.3682
B_crinitus,3,924, cls_3 ,1.5312,1.1372,4.711,95.85
B_crinitus,3,928, cls_3 ,1.4291,1.0987,5.2589,71.4424
B_crinitus,3,931, cls_3 ,6.8394,1.1649,13.0835,115.1974
B_crinitus,3,933, cls_3 ,2.6541,1.151,64.8214,63.9
B_crinitus,3,934, cls_3 ,0.4083,1.0537,7.9761,63.9
B_crinitus,3,935, cls_3 ,0.1021,1,1652.5708,63.9
B_crinitus,3,937, cls_3 ,8.2685,1.078,188.4795,131.7332
B_crinitus,3,938, cls_3 ,0.1021,1,5.9343,63.9
B_crinitus,3,943, cls_3 ,1.327,1.089,3.7961,95.85
B_crinitus,3,948, cls_3 ,354.1164,1.2462,30.507,63.9
B_crinitus,3,949, cls_3 ,2.3478,1.1017,395.2035,63.9
B_crinitus,3,954, cls_3 ,0.6125,1.1395,54.6242,71.4424
B_crinitus,3,956, cls_3 ,1.9395,1.0647,14.0175,115.1974
B_crinitus,3,960, cls_3 ,0.4083,1.1346,3.1063,115.1974
B_crinitus,3,961, cls_3 ,0.4083,1.0537,25.8625,71.4424
B_crinitus,3,962, cls_3 ,0.1021,1,18.5648,101.0348
B_crinitus,3,965, cls_3 ,0.8166,1.1265,3.2752,115.1974
B_crinitus,3,966, cls_3 ,23.8868,1.165,10.437,63.9
B_crinitus,3,967, cls_3 ,1.327,1.089,8.1551,191.7
B_crinitus,3,973, cls_3 ,1.1229,1.088,65.8537,63.9
B_crinitus,3,976, cls_3 ,1.4291,1.1309,10.1407,186.2989
B_crinitus,3,979, cls_3 ,1.4291,1.0606,696.0029,71.4424
B_crinitus,3,992, cls_3 ,9.1872,1.0617,19.2978,95.85
B_crinitus,3,1000, cls_3 ,41.8529,1.1516,1673.5595,63.9
B_crinitus,3,1005, cls_3 ,1.327,1.1807,31.4142,95.85
B_crinitus,3,1019, cls_3 ,5.2061,1.0426,118.2939,63.9
B_crinitus,3,1020, cls_3 ,19.5994,1.0867,142.7268,63.9
B_crinitus,3,1021, cls_3 ,0.2042,1.0155,879.4799,63.9
B_crinitus,3,1025, cls_3 ,0.8166,1.0131,434.877,63.9
B_crinitus,3,1026, cls_3 ,1.6333,1.046,700.3589,71.4424
B_crinitus,3,1027, cls_3 ,0.8166,1.0473,101.933,71.4424
B_crinitus,3,1029, cls_3 ,0.1021,1,102.4539,63.9
B_crinitus,3,1030, cls_3 ,1.225,1.1167,14.2425,127.8
B_crinitus,3,1031, cls_3 ,1.327,1.1073,42.5262,159.75
B_crinitus,3,1033, cls_3 ,0.1021,1,13.5689,127.8
B_crinitus,3,6, cls_6 ,0.4083,1.0537,0.7386,500.0966
B_crinitus,3,16, cls_6 ,8.4727,1.1296,1.7152,316.2889
B_crinitus,3,17, cls_6 ,4.5936,1.0744,0.8807,364.286
B_crinitus,3,25, cls_6 ,5.7165,1.1008,5.0217,101.0348
B_crinitus,3,27, cls_6 ,3.879,1.0608,6.4862,101.0348
B_crinitus,3,28, cls_6 ,1.225,1.1337,1.7452,135.5524
B_crinitus,3,32, cls_6 ,1.8374,1.0529,1.616,373.9652
B_crinitus,3,36, cls_6 ,0.9187,1.063,3.7615,135.5524
B_crinitus,3,37, cls_6 ,10.6163,1.0548,3.7205,223.65
B_crinitus,3,40, cls_6 ,0.4083,1,2.4457,214.3271
B_crinitus,3,43, cls_6 ,7.9623,1.1108,3.8016,115.1974
B_crinitus,3,51, cls_6 ,0.9187,1.1519,4.8928,90.3682
B_crinitus,3,52, cls_6 ,0.4083,1.0537,2.5161,142.8847
B_crinitus,3,53, cls_6 ,15.8224,1.1551,10.2265,90.3682
B_crinitus,3,59, cls_6 ,2.8582,1.0545,2.5347,90.3682
B_crinitus,3,60, cls_6 ,1.5312,1.053,1.3438,372.5978
B_crinitus,3,61, cls_6 ,6.9415,1.0884,15.144,115.1974
B_crinitus,3,66, cls_6 ,0.7146,1.0283,1.4019,429.8433
B_crinitus,3,67, cls_6 ,2.4499,1.0706,8.9404,115.1974
B_crinitus,3,77, cls_6 ,7.5539,1.093,24.8843,90.3682
B_crinitus,3,83, cls_6 ,15.21,1.1025,8.0524,63.9
B_crinitus,3,85, cls_6 ,0.6125,1.0819,4.4203,71.4424
B_crinitus,3,91, cls_6 ,1.1229,1.0402,1.8118,243.324
B_crinitus,3,96, cls_6 ,1.327,1.0689,2.8141,71.4424
B_crinitus,3,99, cls_6 ,1.0208,1.1199,3.267,186.2989
B_crinitus,3,104, cls_6 ,0.2042,1.0909,5.6913,186.2989
B_crinitus,3,106, cls_6 ,3.777,1.0743,12.4008,90.3682
B_crinitus,3,108, cls_6 ,0.3062,1.1369,21.964,71.4424
B_crinitus,3,111, cls_6 ,10.5143,1.2013,13.4983,71.4424
B_crinitus,3,116, cls_6 ,0.6125,1.0819,38.219,63.9
B_crinitus,3,117, cls_6 ,2.3478,1.1137,12.0315,115.1974
B_crinitus,3,118, cls_6 ,0.8166,1.0769,3.1816,127.8
B_crinitus,3,121, cls_6 ,0.2042,1.0909,5.9372,101.0348
B_crinitus,3,125, cls_6 ,0.8166,1.1031,2.712,243.324
B_crinitus,3,126, cls_6 ,1.327,1.0467,7.2109,90.3682
B_crinitus,3,128, cls_6 ,6.9415,1.206,1.9163,159.75
B_crinitus,3,134, cls_6 ,12.9642,1.0796,2.767,71.4424
B_crinitus,3,139, cls_6 ,0.1021,1,14.4014,90.3682
B_crinitus,3,142, cls_6 ,14.2912,1.1451,37.0172,63.9
B_crinitus,3,146, cls_6 ,13.2704,1.1331,41.4273,63.9
B_crinitus,3,150, cls_6 ,0.3062,1.0914,3.2328,180.7365
B_crinitus,3,153, cls_6 ,1.4291,1.0606,34.1665,63.9
B_crinitus,3,155, cls_6 ,0.8166,1.0473,26.2929,71.4424
B_crinitus,3,157, cls_6 ,0.9187,1.0338,13.4642,71.4424
B_crinitus,3,160, cls_6 ,1.0208,1.022,7.8124,127.8
B_crinitus,3,163, cls_6 ,0.4083,1.0537,9.8298,90.3682
B_crinitus,3,168, cls_6 ,0.5104,1.0688,6.296,90.3682
B_crinitus,3,174, cls_6 ,5.104,1.1193,24.4809,71.4424
B_crinitus,3,175, cls_6 ,2.0416,1.0592,4.7731,71.4424
B_crinitus,3,177, cls_6 ,0.1021,1,3.0185,191.7
B_crinitus,3,182, cls_6 ,2.0416,1.0903,1.3173,294.5644
B_crinitus,3,185, cls_6 ,6.0227,1.1276,1.8709,191.7
B_crinitus,3,187, cls_6 ,0.7146,1.1197,4.0629,159.75
B_crinitus,3,189, cls_6 ,5.104,1.0729,2.6419,71.4424
B_crinitus,3,192, cls_6 ,0.1021,1,18.4535,63.9
B_crinitus,3,197, cls_6 ,2.6541,1.1222,7.375,63.9
B_crinitus,3,198, cls_6 ,9.1872,1.1215,5.28,191.7
B_crinitus,3,201, cls_6 ,16.6391,1.1365,1.9576,263.4664
B_crinitus,3,204, cls_6 ,0.1021,1,2.639,243.324
B_crinitus,3,205, cls_6 ,1.327,1.089,6.5691,63.9
B_crinitus,3,206, cls_6 ,1.1229,1.0654,4.5776,63.9
B_crinitus,3,209, cls_6 ,3.3686,1.1246,2.2482,135.5524
B_crinitus,3,214, cls_6 ,0.2042,1.0909,1.2659,314.671
B_crinitus,3,215, cls_6 ,0.5104,1.0261,8.6082,71.4424
B_crinitus,3,216, cls_6 ,0.1021,1,12.1088,71.4424
B_crinitus,3,217, cls_6 ,0.3062,1.0358,9.7796,71.4424
B_crinitus,3,218, cls_6 ,2.6541,1.1003,3.9079,101.0348
B_crinitus,3,219, cls_6 ,0.5104,1.0261,7.1527,71.4424
B_crinitus,3,220, cls_6 ,1.5312,1.0728,4.7181,142.8847
B_crinitus,3,224, cls_6 ,0.2042,1.0155,7.0086,115.1974
B_crinitus,3,226, cls_6 ,0.2042,1.0909,1.6017,186.2989
B_crinitus,3,227, cls_6 ,0.2042,1.0155,1.6618,186.2989
B_crinitus,3,230, cls_6 ,1.225,1.078,11.1865,90.3682
B_crinitus,3,233, cls_6 ,0.6125,1.0465,1.7167,159.75
B_crinitus,3,237, cls_6 ,6.8394,1.1817,4.4348,90.3682
B_crinitus,3,249, cls_6 ,3.0624,1.0475,4.0739,101.0348
B_crinitus,3,250, cls_6 ,0.8166,1.0473,4.6924,159.75
B_crinitus,3,253, cls_6 ,0.1021,1,1.4767,186.2989
B_crinitus,3,254, cls_6 ,0.1021,1,1.6146,159.75
B_crinitus,3,259, cls_6 ,0.1021,1,1.251,194.3443
B_crinitus,3,261, cls_6 ,1.225,1.1337,6.289,101.0348
B_crinitus,3,262, cls_6 ,0.9187,1.112,2.807,71.4424
B_crinitus,3,276, cls_6 ,0.3062,1.0358,3.2296,71.4424
B_crinitus,3,277, cls_6 ,1.9395,1.0647,1.2601,345.5921
B_crinitus,3,278, cls_6 ,0.4083,1.0975,1.431,194.3443
B_crinitus,3,279, cls_6 ,0.8166,1.0473,0.7739,565.2532
B_crinitus,3,284, cls_6 ,0.8166,1.0473,3.2483,271.1047
B_crinitus,3,287, cls_6 ,1.7354,1.059,2.6472,172.056
B_crinitus,3,288, cls_6 ,0.4083,1.0537,3.4626,71.4424
B_crinitus,3,294, cls_6 ,0.4083,1.0975,4.2036,127.8
B_crinitus,3,302, cls_6 ,1.1229,1.0402,3.1631,127.8
B_crinitus,3,305, cls_6 ,0.1021,1,4.6064,142.8847
B_crinitus,3,306, cls_6 ,5.0019,1.1281,3.744,142.8847
B_crinitus,3,314, cls_6 ,0.6125,1.0819,0.3665,565.2532
B_crinitus,3,315, cls_6 ,3.4707,1.0934,0.574,798.75
B_crinitus,3,320, cls_6 ,2.1437,1.054,4.5516,255.6
B_crinitus,3,325, cls_6 ,2.552,1.0517,2.2563,243.324
B_crinitus,3,326, cls_6 ,5.6144,1.1162,2.5554,172.056
B_crinitus,3,330, cls_6 ,3.9811,1.1153,9.0721,95.85
B_crinitus,3,343, cls_6 ,0.2042,1.0155,4.1743,172.056
B_crinitus,3,349, cls_6 ,14.4954,1.1526,7.0208,115.1974
B_crinitus,3,350, cls_6 ,5.104,1.1325,14.2289,95.85
B_crinitus,3,354, cls_6 ,2.7562,1.1075,5.5174,127.8
B_crinitus,3,355, cls_6 ,0.3062,1.0914,3.349,115.1974
B_crinitus,3,359, cls_6 ,0.8166,1.1477,3.907,115.1974
B_crinitus,3,365, cls_6 ,1.8374,1.0706,7.2464,71.4424
B_crinitus,3,367, cls_6 ,1.1229,1.1085,29.7926,71.4424
B_crinitus,3,371, cls_6 ,1.8374,1.0706,5.9443,71.4424
B_crinitus,3,376, cls_6 ,6.6352,1.1344,3.5717,127.8
B_crinitus,3,381, cls_6 ,1.4291,1.0606,0.7976,328.9454
B_crinitus,3,386, cls_6 ,0.1021,1,6.8246,71.4424
B_crinitus,3,389, cls_6 ,0.9187,1.0889,2.4456,95.85
B_crinitus,3,391, cls_6 ,12.3517,1.102,7.3752,71.4424
B_crinitus,3,393, cls_6 ,0.4083,1.1346,3.414,71.4424
B_crinitus,3,403, cls_6 ,0.1021,1,1.723,243.324
B_crinitus,3,406, cls_6 ,0.3062,1.0914,5.9399,127.8
B_crinitus,3,411, cls_6 ,0.8166,1.0473,1.7009,314.671
B_crinitus,3,412, cls_6 ,0.7146,1.0283,15.5202,115.1974
B_crinitus,3,414, cls_6 ,2.8582,1.068,8.7766,127.8
B_crinitus,3,417, cls_6 ,0.1021,1,3.1823,95.85
B_crinitus,3,421, cls_6 ,2.2458,1.1066,0.7656,328.9454
B_crinitus,3,423, cls_6 ,4.6957,1.0899,6.7428,186.2989
B_crinitus,3,428, cls_6 ,0.7146,1.0631,24.0193,95.85
B_crinitus,3,435, cls_6 ,0.5104,1.105,2.6993,131.7332
B_crinitus,3,443, cls_6 ,2.3478,1.1137,3.0426,204.5798
B_crinitus,3,444, cls_6 ,17.6599,1.1128,27.4057,90.3682
B_crinitus,3,452, cls_6 ,2.9603,1.1103,5.9907,63.9
B_crinitus,3,456, cls_6 ,17.4557,1.0704,23.7338,90.3682
B_crinitus,3,458, cls_6 ,0.6125,1.0465,2.8244,63.9
B_crinitus,3,463, cls_6 ,2.1437,1.0366,1.9071,204.5798
B_crinitus,3,471, cls_6 ,1.0208,1.0509,1.9298,63.9
B_crinitus,3,474, cls_6 ,4.2874,1.0616,2.484,186.2989
B_crinitus,3,476, cls_6 ,1.225,1.078,9.4745,63.9
B_crinitus,3,497, cls_6 ,0.6125,1.0465,0.4108,321.0935
B_crinitus,3,499, cls_6 ,0.2042,1.0155,0.9978,249.5375
B_crinitus,3,503, cls_6 ,0.9187,1.0889,3.3065,249.5375
B_crinitus,3,507, cls_6 ,0.5104,1.0261,0.6033,191.7
B_crinitus,3,526, cls_6 ,0.1021,1,1.1281,249.5375
B_crinitus,3,529, cls_6 ,0.3062,1.0358,2.9718,249.5375
B_crinitus,3,530, cls_6 ,1.8374,1.102,21.1787,101.0348
B_crinitus,3,532, cls_6 ,6.6352,1.0716,2.5091,159.75
B_crinitus,3,541, cls_6 ,2.7562,1.1376,1.3175,131.7332
B_crinitus,3,543, cls_6 ,7.5539,1.1672,2.382,71.4424
B_crinitus,3,549, cls_6 ,1.327,1.0689,3.9797,101.0348
B_crinitus,3,550, cls_6 ,0.9187,1.1519,6.2367,101.0348
B_crinitus,3,556, cls_6 ,0.3062,1.0358,4.0105,159.75
B_crinitus,3,562, cls_6 ,0.8166,1.0473,2.8283,131.7332
B_crinitus,3,563, cls_6 ,0.5104,1.0261,1.9282,131.7332
B_crinitus,3,564, cls_6 ,0.3062,1.0358,15.9969,71.4424
B_crinitus,3,571, cls_6 ,0.1021,1,5.9244,63.9
B_crinitus,3,573, cls_6 ,0.2042,1.0155,5.7682,95.85
B_crinitus,3,575, cls_6 ,1.9395,1.0647,1.6363,63.9
B_crinitus,3,576, cls_6 ,10.5143,1.1724,3.1884,63.9
B_crinitus,3,577, cls_6 ,3.5728,1.0691,1.6098,95.85
B_crinitus,3,586, cls_6 ,1.5312,1.0728,1.6818,115.1974
B_crinitus,3,587, cls_6 ,0.3062,1.0358,26.8098,63.9
B_crinitus,3,589, cls_6 ,0.7146,1.0283,0.8729,289.3196
B_crinitus,3,594, cls_6 ,0.3062,1.0358,3.3031,115.1974
B_crinitus,3,595, cls_6 ,0.5104,1.0688,11.2928,101.0348
B_crinitus,3,603, cls_6 ,0.1021,1,1.8867,71.4424
B_crinitus,3,604, cls_6 ,0.2042,1.0155,1.9483,127.8
B_crinitus,3,605, cls_6 ,0.1021,1,2.0209,71.4424
B_crinitus,3,606, cls_6 ,1.6333,1.1154,1.735,115.1974
B_crinitus,3,614, cls_6 ,0.1021,1,2.5796,115.1974
B_crinitus,3,615, cls_6 ,3.4707,1.0605,1.1157,321.0935
B_crinitus,3,616, cls_6 ,1.225,1.0982,6.0168,63.9
B_crinitus,3,621, cls_6 ,5.6144,1.1027,32.2538,63.9
B_crinitus,3,624, cls_6 ,0.5104,1.0261,1.8168,249.5375
B_crinitus,3,626, cls_6 ,2.1437,1.1117,0.7536,372.5978
B_crinitus,3,627, cls_6 ,11.5351,1.178,15.8074,63.9
B_crinitus,3,629, cls_6 ,0.7146,1.1434,8.6967,63.9
B_crinitus,3,632, cls_6 ,4.3895,1.1548,9.6746,71.4424
B_crinitus,3,633, cls_6 ,0.7146,1.0631,9.5062,90.3682
B_crinitus,3,638, cls_6 ,3.6749,1.0972,1.4608,162.9137
B_crinitus,3,640, cls_6 ,0.8166,1.0473,1.5866,287.55
B_crinitus,3,644, cls_6 ,1.7354,1.0769,1.3508,115.1974
B_crinitus,3,645, cls_6 ,0.1021,1,1.3942,115.1974
B_crinitus,3,648, cls_6 ,0.1021,1,2.4908,71.4424
B_crinitus,3,653, cls_6 ,0.1021,1,1.8575,71.4424
B_crinitus,3,659, cls_6 ,0.9187,1.063,16.5866,63.9
B_crinitus,3,661, cls_6 ,4.3895,1.1485,13.4721,63.9
B_crinitus,3,664, cls_6 ,0.2042,1.0909,23.4534,71.4424
B_crinitus,3,668, cls_6 ,0.1021,1,2.8987,159.75
B_crinitus,3,677, cls_6 ,0.6125,1.0465,4.6786,71.4424
B_crinitus,3,678, cls_6 ,4.0832,1.0863,0.8773,159.75
B_crinitus,3,684, cls_6 ,1.8374,1.0869,2.5131,71.4424
B_crinitus,3,685, cls_6 ,0.3062,1.0358,2.1783,159.75
B_crinitus,3,692, cls_6 ,0.6125,1.0465,2.8727,115.1974
B_crinitus,3,696, cls_6 ,1.6333,1.1001,11.9481,63.9
B_crinitus,3,702, cls_6 ,1.5312,1.053,2.0632,115.1974
B_crinitus,3,704, cls_6 ,0.3062,1.1369,0.6003,225.9206
B_crinitus,3,707, cls_6 ,0.1021,1,0.6981,225.9206
B_crinitus,3,712, cls_6 ,0.7146,1.0932,4.8128,162.9137
B_crinitus,3,713, cls_6 ,1.4291,1.0386,1.8409,95.85
B_crinitus,3,716, cls_6 ,0.8166,1.0131,2.5565,95.85
B_crinitus,3,718, cls_6 ,1.225,1.1167,1.0976,101.0348
B_crinitus,3,722, cls_6 ,0.7146,1.0283,1.2042,263.4664
B_crinitus,3,724, cls_6 ,0.1021,1,1.9961,101.0348
B_crinitus,3,725, cls_6 ,0.1021,1,1.0978,223.65
B_crinitus,3,729, cls_6 ,0.6125,1.0465,0.5958,294.5644
B_crinitus,3,733, cls_6 ,0.1021,1,0.8121,257.5891
B_crinitus,3,738, cls_6 ,0.5104,1.0688,0.7706,214.3271
B_crinitus,3,743, cls_6 ,0.3062,1.0358,0.7563,214.3271
B_crinitus,3,750, cls_6 ,0.3062,1.0358,0.581,373.9652
B_crinitus,3,762, cls_6 ,0.7146,1.0283,0.5475,172.056
B_crinitus,3,763, cls_6 ,0.9187,1.063,0.5882,127.8
B_crinitus,3,764, cls_6 ,0.7146,1.0932,0.6975,95.85
B_crinitus,3,770, cls_6 ,0.1021,1,1.2211,127.8
B_crinitus,3,772, cls_6 ,0.1021,1,1.3035,95.85
B_crinitus,3,777, cls_6 ,0.4083,1.0537,0.5477,249.5375
B_crinitus,3,780, cls_6 ,1.327,1.0467,1.706,131.7332
B_crinitus,3,783, cls_6 ,0.4083,1.0975,0.647,225.9206
B_crinitus,3,785, cls_6 ,0.6125,1.0465,0.6104,303.1043
B_crinitus,3,789, cls_6 ,0.1021,1,0.3847,505.1739
B_crinitus,3,790, cls_6 ,2.4499,1.1311,1.0658,131.7332
B_crinitus,3,791, cls_6 ,0.8166,1.0769,0.5712,194.3443
B_crinitus,3,794, cls_6 ,0.7146,1.0631,0.5143,194.3443
B_crinitus,3,828, cls_6 ,2.7562,1.0963,0.114,2159.8767
B_crinitus,3,879, cls_6 ,0.6125,1.0819,0.6087,172.056
B_crinitus,3,881, cls_6 ,1.1229,1.0654,4.0259,95.85
B_crinitus,3,883, cls_6 ,1.0208,1.0509,0.5507,172.056
B_crinitus,3,888, cls_6 ,3.4707,1.0934,2.9222,63.9
B_crinitus,3,889, cls_6 ,2.1437,1.0701,0.396,249.5375
B_crinitus,3,895, cls_6 ,0.5104,1.0688,9.1663,63.9
B_crinitus,3,898, cls_6 ,0.8166,1.0769,0.7187,249.5375
B_crinitus,3,904, cls_6 ,1.6333,1.0657,1.0152,101.0348
B_crinitus,3,908, cls_6 ,1.9395,1.0809,0.9883,142.8847
B_crinitus,3,909, cls_6 ,0.1021,1,2.5865,101.0348
B_crinitus,3,920, cls_6 ,0.9187,1.063,0.5,301.4157
B_crinitus,3,922, cls_6 ,0.3062,1.0358,1.9727,71.4424
B_crinitus,3,927, cls_6 ,0.2042,1.0909,0.1196,524.019
B_crinitus,3,929, cls_6 ,0.1021,1,1.9432,71.4424
B_crinitus,3,930, cls_6 ,1.327,1.089,1.8424,230.3947
B_crinitus,3,939, cls_6 ,0.3062,1.0358,1.5709,263.4664
B_crinitus,3,942, cls_6 ,0.1021,1,1.3246,101.0348
B_crinitus,3,944, cls_6 ,0.1021,1,0.2229,127.8
B_crinitus,3,946, cls_6 ,0.5104,1.105,1.2254,101.0348
B_crinitus,3,947, cls_6 ,1.6333,1.0836,2.729,202.0695
B_crinitus,3,950, cls_6 ,0.2042,1.0155,0.1587,127.8
B_crinitus,3,952, cls_6 ,4.3895,1.079,5.3595,71.4424
B_crinitus,3,955, cls_6 ,2.552,1.0663,0.9519,294.5644
B_crinitus,3,958, cls_6 ,0.1021,1,11.7305,71.4424
B_crinitus,3,963, cls_6 ,2.3478,1.0752,23.7516,71.4424
B_crinitus,3,964, cls_6 ,0.9187,1.063,8.8353,115.1974
B_crinitus,3,968, cls_6 ,2.4499,1.0843,9.835,71.4424
B_crinitus,3,969, cls_6 ,6.8394,1.1513,10.5985,71.4424
B_crinitus,3,972, cls_6 ,0.5104,1.0688,3.1493,180.7365
B_crinitus,3,978, cls_6 ,1.5312,1.0909,2.5732,127.8
B_crinitus,3,980, cls_6 ,2.3478,1.0604,0.485,115.1974
B_crinitus,3,983, cls_6 ,2.4499,1.0401,7.3128,101.0348
B_crinitus,3,988, cls_6 ,0.1021,1,2.7697,71.4424
B_crinitus,3,989, cls_6 ,0.4083,1.0537,2.9903,71.4424
B_crinitus,3,993, cls_6 ,0.3062,1.0914,1.9927,115.1974
B_crinitus,3,997, cls_6 ,2.552,1.0663,1.5608,159.75
B_crinitus,3,1006, cls_6 ,0.4083,1.0537,0.0365,6111.0587
B_crinitus,3,1010, cls_6 ,5.9207,1.0496,0.5603,294.5644
B_crinitus,3,14, cls_2 ,1.5312,1.053,0.0368,2949.454
B_crinitus,3,101, cls_2 ,11.6371,1.1653,0.1267,1495.8606
B_crinitus,3,234, cls_2 ,1.5312,1.0728,4.589,71.4424
B_crinitus,3,241, cls_2 ,3.9811,1.131,0.8551,172.056
B_crinitus,3,267, cls_2 ,1.9395,1.0647,4.0712,71.4424
B_crinitus,3,282, cls_2 ,2.3478,1.1251,1.5503,172.056
B_crinitus,3,291, cls_2 ,20.9265,1.1795,0.2808,451.8412
B_crinitus,3,317, cls_2 ,1.6333,1.0657,1.0942,63.9
B_crinitus,3,337, cls_2 ,0.3062,1.0358,4.2306,63.9
B_crinitus,3,424, cls_2 ,0.8166,1.1031,3.5816,90.3682
B_crinitus,3,426, cls_2 ,7.9623,1.1053,1.0222,127.8
B_crinitus,3,448, cls_2 ,2.7562,1.0583,3.9693,63.9
B_crinitus,3,460, cls_2 ,1.1229,1.088,5.145,127.8
B_crinitus,3,465, cls_2 ,1.0208,1.0509,7.7953,63.9
B_crinitus,3,488, cls_2 ,0.6125,1.0819,2.0424,90.3682
B_crinitus,3,489, cls_2 ,0.6125,1.1637,2.9684,90.3682
B_crinitus,3,496, cls_2 ,1.225,1.078,0.1221,745.1957
B_crinitus,3,498, cls_2 ,0.8166,1.0769,1.2709,274.8443
B_crinitus,3,525, cls_2 ,6.7373,1.138,0.1853,789.1068
B_crinitus,3,557, cls_2 ,0.7146,1.0283,0.0742,745.1957
B_crinitus,3,597, cls_2 ,1.0208,1.0764,0.181,808.9094
B_crinitus,3,600, cls_2 ,1.0208,1.0993,0.1399,499.075
B_crinitus,3,618, cls_2 ,2.2458,1.0651,0.1053,488.741
B_crinitus,3,666, cls_2 ,0.7146,1.0631,0.0263,2236.5
B_crinitus,3,672, cls_2 ,0.4083,1.0975,0.1476,488.741
B_crinitus,3,727, cls_2 ,1.4291,1.1309,4.6895,95.85
B_crinitus,3,736, cls_2 ,4.2874,1.0813,1.8207,63.9
B_crinitus,3,748, cls_2 ,0.1021,1,10.6353,63.9
B_crinitus,3,800, cls_2 ,2.9603,1.1557,13.9241,63.9
B_crinitus,3,803, cls_2 ,5.4103,1.1445,9.7191,63.9
B_crinitus,3,807, cls_2 ,1.8374,1.0706,4.3909,159.75
B_crinitus,3,808, cls_2 ,1.5312,1.053,0.0634,2585.3848
B_crinitus,3,819, cls_2 ,3.9811,1.0468,0.0167,2494.9657
B_crinitus,3,821, cls_2 ,1.6333,1.0836,6.1417,214.3271
B_crinitus,3,822, cls_2 ,28.2762,1.0616,0.7335,243.324
B_crinitus,3,857, cls_2 ,5.4103,1.0992,0.0944,1909.7977
B_crinitus,3,915, cls_2 ,1.5312,1.053,0.0499,1909.7977
B_crinitus,3,957, cls_2 ,0.4083,1.0537,0.0098,2858.5878
B_crinitus,3,1002, cls_2 ,0.1021,1,0.0106,2858.5878
B_crinitus,3,281, cls_5 ,0.1021,1,0.003,5774.5592
B_crinitus,3,357, cls_5 ,0.7146,1.0283,0.0241,1071.1592
B_crinitus,3,466, cls_5 ,2.6541,1.0884,0.0072,1071.1592
B_crinitus,3,732, cls_5 ,8.4727,1.0693,0.0006,5774.5592
B_crinitus,3,999, cls_5 ,1.0208,1.0764,0.0706,321.0935
B_crinitus,3,1001, cls_5 ,0.7146,1.0283,0.1003,321.0935
B_crinitus,3,1012, cls_5 ,0.5104,1.0261,0.0021,4356.9305
B_crinitus,3,286, cls_4 ,0.8166,1.0473,0.0123,2186.1833
B_crinitus,3,472, cls_4 ,3.4707,1.083,0.3292,162.9137
B_crinitus,3,508, cls_4 ,0.7146,1.0631,1.4025,162.9137
B_crinitus,3,521, cls_4 ,0.6125,1.0465,0.8251,63.9
B_crinitus,3,522, cls_4 ,0.2042,1.0155,1.6836,63.9
B_crinitus,3,540, cls_4 ,1.225,1.1167,0.2429,257.5891
B_crinitus,3,558, cls_4 ,0.7146,1.0932,0.0014,9219.5544
B_crinitus,3,1007, cls_4 ,1.225,1.1495,3.5168,71.4424
B_crinitus,3,1011, cls_4 ,0.4083,1.1346,1.1078,135.5524
B_crinitus,3,1013, cls_4 ,1.225,1.0556,8.1992,71.4424
B_crinitus,3,1016, cls_4 ,1.225,1.1337,0.6307,135.5524
B_crinitus,3,1018, cls_4 ,5.2061,1.0877,1.7575,95.85
B_crinitus,3,1022, cls_4 ,0.7146,1.1197,1.2945,63.9
B_crinitus,3,1023, cls_4 ,0.3062,1.0358,2.5758,63.9
B_crinitus,3,1032, cls_4 ,0.2042,1.0155,0.0234,1910.8664
B_crinitus,4,1, cls_1 ,23.7847,1.198,35.8834,90.3682
B_crinitus,4,2, cls_1 ,0.1021,1,30.1356,95.85
B_crinitus,4,4, cls_1 ,15.21,1.0697,27.9245,95.85
B_crinitus,4,6, cls_1 ,5.7165,1.1208,64.0374,159.75
B_crinitus,4,7, cls_1 ,0.3062,1.0358,70.4011,71.4424
B_crinitus,4,9, cls_1 ,631.9788,1.2591,292.6124,63.9
B_crinitus,4,10, cls_1 ,0.2042,1.0155,82.0558,71.4424
B_crinitus,4,13, cls_1 ,0.4083,1.0537,627.2948,101.0348
B_crinitus,4,14, cls_1 ,146.1789,1.2018,1850.2623,63.9
B_crinitus,4,15, cls_1 ,0.3062,1.0358,1552.2108,63.9
B_crinitus,4,19, cls_1 ,0.4083,1.0537,144.543,230.3947
B_crinitus,4,21, cls_1 ,0.4083,1.0975,1251.3552,71.4424
B_crinitus,4,22, cls_1 ,711.1931,1.279,5109.8477,63.9
B_crinitus,4,24, cls_1 ,2.2458,1.1511,58.8936,71.4424
B_crinitus,4,27, cls_1 ,1.7354,1.0933,41.1235,159.75
B_crinitus,4,28, cls_1 ,0.2042,1.0155,784.8241,95.85
B_crinitus,4,31, cls_1 ,14.3933,1.1616,1569.2473,63.9
B_crinitus,4,36, cls_1 ,2.0416,1.0754,35.6753,71.4424
B_crinitus,4,38, cls_1 ,0.6125,1.0819,45.2013,71.4424
B_crinitus,4,39, cls_1 ,2.6541,1.0758,160.461,101.0348
B_crinitus,4,43, cls_1 ,0.9187,1.0889,313.9296,142.8847
B_crinitus,4,44, cls_1 ,102.8969,1.2069,403.0362,63.9
B_crinitus,4,46, cls_1 ,0.1021,1,26.2046,71.4424
B_crinitus,4,50, cls_1 ,0.1021,1,34.7911,90.3682
B_crinitus,4,53, cls_1 ,4.3895,1.0485,375.9043,63.9
B_crinitus,4,58, cls_1 ,32.0532,1.075,46.5164,243.324
B_crinitus,4,62, cls_1 ,0.7146,1.1197,1245.7595,71.4424
B_crinitus,4,63, cls_1 ,5.4103,1.1387,364.4874,63.9
B_crinitus,4,64, cls_1 ,130.5606,1.1887,462.7394,63.9
B_crinitus,4,65, cls_1 ,0.7146,1.0932,58.3149,162.9137
B_crinitus,4,72, cls_1 ,4.5936,1.1619,900.8918,63.9
B_crinitus,4,75, cls_1 ,0.7146,1.0932,484.3302,115.1974
B_crinitus,4,80, cls_1 ,1.1229,1.1085,378.3717,131.7332
B_crinitus,4,81, cls_1 ,0.1021,1,391.5967,63.9
B_crinitus,4,83, cls_1 ,1.4291,1.0987,71.886,71.4424
B_crinitus,4,84, cls_1 ,0.2042,1.0155,453.3777,63.9
B_crinitus,4,89, cls_1 ,0.8166,1.1031,43.9495,131.7332
B_crinitus,4,92, cls_1 ,0.9187,1.0338,637.0604,101.0348
B_crinitus,4,93, cls_1 ,1.225,1.0982,52.7645,71.4424
B_crinitus,4,95, cls_1 ,0.2042,1.0155,350.3351,63.9
B_crinitus,4,96, cls_1 ,0.9187,1.063,50.3308,71.4424
B_crinitus,4,97, cls_1 ,0.9187,1.0889,66.1843,214.3271
B_crinitus,4,98, cls_1 ,1.327,1.089,1746.8607,63.9
B_crinitus,4,99, cls_1 ,22.3556,1.1824,114.1031,63.9
B_crinitus,4,100, cls_1 ,10.208,1.1367,159.5441,71.4424
B_crinitus,4,101, cls_1 ,3.6749,1.1806,292.9247,142.8847
B_crinitus,4,105, cls_1 ,0.1021,1,150.1209,90.3682
B_crinitus,4,106, cls_1 ,6.9415,1.0817,383.4218,131.7332
B_crinitus,4,110, cls_1 ,1.6333,1.1154,265.1864,71.4424
B_crinitus,4,113, cls_1 ,3.0624,1.0331,62.3708,328.9454
B_crinitus,4,114, cls_1 ,11.6371,1.1493,820.7513,71.4424
B_crinitus,4,117, cls_1 ,0.1021,1,1242.9964,71.4424
B_crinitus,4,118, cls_1 ,12.5559,1.1279,277.0251,63.9
B_crinitus,4,119, cls_1 ,3.9811,1.0792,235.3861,95.85
B_crinitus,4,122, cls_1 ,9.4935,1.0712,332.5278,101.0348
B_crinitus,4,124, cls_1 ,541.1274,1.2399,391.9886,63.9
B_crinitus,4,125, cls_1 ,0.1021,1,466.2411,63.9
B_crinitus,4,127, cls_1 ,3.0624,1.0851,41.1438,131.7332
B_crinitus,4,130, cls_1 ,46.0382,1.1976,2112.3204,63.9
B_crinitus,4,131, cls_1 ,0.5104,1.0688,65.0456,131.7332
B_crinitus,4,132, cls_1 ,0.5104,1.0688,1553.3197,63.9
B_crinitus,4,135, cls_1 ,2.1437,1.1117,675.745,90.3682
B_crinitus,4,136, cls_1 ,0.5104,1.0261,118.1653,71.4424
B_crinitus,4,139, cls_1 ,3.5728,1.1898,393.4338,71.4424
B_crinitus,4,141, cls_1 ,3.1645,1.1314,544.4954,101.0348
B_crinitus,4,145, cls_1 ,0.8166,1.0473,51.8289,95.85
B_crinitus,4,146, cls_1 ,5.3082,1.122,446.1161,71.4424
B_crinitus,4,150, cls_1 ,0.4083,1.0537,123.7262,71.4424
B_crinitus,4,151, cls_1 ,3.6749,1.0425,879.4334,63.9
B_crinitus,4,153, cls_1 ,8.9831,1.1573,323.2786,71.4424
B_crinitus,4,157, cls_1 ,0.1021,1,290.0234,71.4424
B_crinitus,4,159, cls_1 ,1.8374,1.1532,218.6011,135.5524
B_crinitus,4,161, cls_1 ,1.225,1.1495,124.2749,95.85
B_crinitus,4,162, cls_1 ,2.7562,1.0281,99.3014,95.85
B_crinitus,4,163, cls_1 ,1.8374,1.1532,1751.6557,63.9
B_crinitus,4,164, cls_1 ,0.1021,1,106.0231,90.3682
B_crinitus,4,167, cls_1 ,4.5936,1.1004,154.7715,95.85
B_crinitus,4,168, cls_1 ,0.3062,1.0914,1752.2384,63.9
B_crinitus,4,172, cls_1 ,0.1021,1,64.6572,90.3682
B_crinitus,4,176, cls_1 ,0.1021,1,1410.7655,63.9
B_crinitus,4,182, cls_1 ,215.2872,1.268,521.773,63.9
B_crinitus,4,185, cls_1 ,2.6541,1.1003,285.9537,71.4424
B_crinitus,4,187, cls_1 ,42.9758,1.1717,210.5642,63.9
B_crinitus,4,188, cls_1 ,0.6125,1.0465,720.5289,101.0348
B_crinitus,4,191, cls_1 ,1.1229,1.0654,402.9441,159.75
B_crinitus,4,192, cls_1 ,0.9187,1.0889,40.1173,159.75
B_crinitus,4,195, cls_1 ,7.8602,1.1371,1253.4361,71.4424
B_crinitus,4,196, cls_1 ,4.5936,1.1677,288.4783,95.85
B_crinitus,4,199, cls_1 ,0.5104,1.0688,1406.1002,71.4424
B_crinitus,4,200, cls_1 ,0.4083,1.0537,400.8874,135.5524
B_crinitus,4,201, cls_1 ,1.0208,1.0764,478.0554,63.9
B_crinitus,4,204, cls_1 ,27.97,1.1681,531.3602,63.9
B_crinitus,4,205, cls_1 ,0.8166,1.1477,457.0659,71.4424
B_crinitus,4,207, cls_1 ,0.9187,1.0338,83.3749,95.85
B_crinitus,4,208, cls_1 ,15.4141,1.0334,684.4861,63.9
B_crinitus,4,209, cls_1 ,2.1437,1.054,46.2464,225.9206
B_crinitus,4,212, cls_1 ,0.8166,1.1031,450.2566,101.0348
B_crinitus,4,213, cls_1 ,2.9603,1.1202,1758.7118,63.9
B_crinitus,4,214, cls_1 ,0.6125,1.0465,89.9588,159.75
B_crinitus,4,216, cls_1 ,0.1021,1,548.6148,63.9
B_crinitus,4,219, cls_1 ,1.9395,1.096,454.9338,63.9
B_crinitus,4,220, cls_1 ,2.8582,1.1141,42.5894,95.85
B_crinitus,4,222, cls_1 ,1.4291,1.0987,1763.2275,63.9
B_crinitus,4,223, cls_1 ,0.2042,1.0155,336.2374,63.9
B_crinitus,4,226, cls_1 ,0.4083,1.0975,1564.7661,63.9
B_crinitus,4,228, cls_1 ,10.3101,1.1579,1421.1992,71.4424
B_crinitus,4,232, cls_1 ,51.9588,1.1805,864.6425,63.9
B_crinitus,4,234, cls_1 ,76.9685,1.1855,148.1783,63.9
B_crinitus,4,236, cls_1 ,0.8166,1.0769,60.9538,159.75
B_crinitus,4,238, cls_1 ,0.5104,1.0261,48.2763,159.75
B_crinitus,4,239, cls_1 ,3.4707,1.083,102.7027,249.5375
B_crinitus,4,240, cls_1 ,0.9187,1.1519,171.0917,131.7332
B_crinitus,4,241, cls_1 ,4.5936,1.1988,192.719,115.1974
B_crinitus,4,243, cls_1 ,7.8602,1.1417,78.5188,131.7332
B_crinitus,4,249, cls_1 ,169.7595,1.1871,146.919,71.4424
B_crinitus,4,250, cls_1 ,6.1248,1.1628,172.1268,63.9
B_crinitus,4,253, cls_1 ,7.2477,1.1146,308.6261,71.4424
B_crinitus,4,255, cls_1 ,3.1645,1.1482,541.0353,63.9
B_crinitus,4,257, cls_1 ,0.2042,1.0909,26.9147,191.7
B_crinitus,4,258, cls_1 ,0.8166,1.0473,184.5031,101.0348
B_crinitus,4,259, cls_1 ,0.4083,1.0975,110.3607,71.4424
B_crinitus,4,262, cls_1 ,3.9811,1.0792,228.9041,101.0348
B_crinitus,4,264, cls_1 ,0.1021,1,60.9225,63.9
B_crinitus,4,266, cls_1 ,2.3478,1.1017,90.7392,71.4424
B_crinitus,4,270, cls_1 ,0.2042,1.0909,362.5588,71.4424
B_crinitus,4,276, cls_1 ,1.5312,1.0909,333.2218,131.7332
B_crinitus,4,277, cls_1 ,0.7146,1.0283,277.066,90.3682
B_crinitus,4,282, cls_1 ,0.1021,1,212.6055,63.9
B_crinitus,4,284, cls_1 ,1.8374,1.1532,360.3706,71.4424
B_crinitus,4,292, cls_1 ,1809.7808,1.3204,2342.4902,63.9
B_crinitus,4,293, cls_1 ,1.5312,1.1372,24.0457,225.9206
B_crinitus,4,296, cls_1 ,0.1021,1,3936.4524,71.4424
B_crinitus,4,299, cls_1 ,0.6125,1.0819,59.6686,115.1974
B_crinitus,4,312, cls_1 ,1.5312,1.0728,475.6035,71.4424
B_crinitus,4,317, cls_1 ,0.6125,1.1125,234.4545,71.4424
B_crinitus,4,320, cls_1 ,0.9187,1.063,3580.7151,71.4424
B_crinitus,4,322, cls_1 ,0.5104,1.0688,102.0442,71.4424
B_crinitus,4,323, cls_1 ,0.7146,1.1434,166.4337,71.4424
B_crinitus,4,324, cls_1 ,1.4291,1.1835,2179.3376,63.9
B_crinitus,4,325, cls_1 ,2.0416,1.0903,4654.0116,63.9
B_crinitus,4,327, cls_1 ,52.3672,1.1703,3337.4364,63.9
B_crinitus,4,329, cls_1 ,0.3062,1.0914,2103.6905,63.9
B_crinitus,4,330, cls_1 ,0.1021,1,544.3824,63.9
B_crinitus,4,331, cls_1 ,4.5936,1.0921,555.4947,63.9
B_crinitus,4,338, cls_1 ,0.4083,1,12.5843,115.1974
B_crinitus,4,339, cls_1 ,3.0624,1.135,1541.2882,71.4424
B_crinitus,4,341, cls_1 ,16.0266,1.0862,203.7025,115.1974
B_crinitus,4,342, cls_1 ,10.5143,1.1216,1077.5495,71.4424
B_crinitus,4,350, cls_1 ,0.1021,1,16.5539,71.4424
B_crinitus,4,351, cls_1 ,1.5312,1.1228,18.1992,71.4424
B_crinitus,4,352, cls_1 ,28.5825,1.1081,25.8808,63.9
B_crinitus,4,357, cls_1 ,1.327,1.089,21.1848,101.0348
B_crinitus,4,359, cls_1 ,12.5559,1.1516,13.3407,101.0348
B_crinitus,4,360, cls_1 ,0.6125,1.0465,88.651,63.9
B_crinitus,4,363, cls_1 ,0.8166,1.1265,418.3286,115.1974
B_crinitus,4,365, cls_1 ,3.5728,1.08,410.318,63.9
B_crinitus,4,368, cls_1 ,0.6125,1.0819,74.3398,135.5524
B_crinitus,4,369, cls_1 ,126.2733,1.2088,362.9034,63.9
B_crinitus,4,370, cls_1 ,145.1581,1.2341,4931.7757,63.9
B_crinitus,4,372, cls_1 ,53.6942,1.1691,138.25,63.9
B_crinitus,4,377, cls_1 ,2.9603,1.1924,281.9552,71.4424
B_crinitus,4,378, cls_1 ,0.2042,1.0155,4847.4881,63.9
B_crinitus,4,383, cls_1 ,5.9207,1.0585,52.1487,225.9206
B_crinitus,4,385, cls_1 ,2.6541,1.1116,176.7095,71.4424
B_crinitus,4,388, cls_1 ,0.2042,1.0909,27.3474,135.5524
B_crinitus,4,402, cls_1 ,0.1021,1,38.0491,95.85
B_crinitus,4,405, cls_1 ,6.7373,1.1328,74.8871,63.9
B_crinitus,4,409, cls_1 ,0.8166,1.1031,39.8028,71.4424
B_crinitus,4,413, cls_1 ,16.6391,1.1792,71.7848,71.4424
B_crinitus,4,416, cls_1 ,1.225,1.1337,41.5143,63.9
B_crinitus,4,417, cls_1 ,15.7204,1.0839,77.1479,127.8
B_crinitus,4,418, cls_1 ,0.9187,1.112,1380.9828,115.1974
B_crinitus,4,419, cls_1 ,1.327,1.0467,4437.9104,63.9
B_crinitus,4,420, cls_1 ,0.5104,1.0261,23.9926,71.4424
B_crinitus,4,426, cls_1 ,0.1021,1,3627.4298,71.4424
B_crinitus,4,428, cls_1 ,1.0208,1.0993,2223.6599,90.3682
B_crinitus,4,431, cls_1 ,21.8452,1.0805,28.6082,159.75
B_crinitus,4,432, cls_1 ,0.2042,1.0909,22.4893,71.4424
B_crinitus,4,436, cls_1 ,2.2458,1.1066,10.3192,225.9206
B_crinitus,4,437, cls_1 ,0.5104,1.105,95.4171,263.4664
B_crinitus,4,444, cls_1 ,0.7146,1.0932,4453.9398,63.9
B_crinitus,4,445, cls_1 ,1.0208,1.0993,29.1392,186.2989
B_crinitus,4,451, cls_1 ,6.1248,1.1721,30.0432,159.75
B_crinitus,4,452, cls_1 ,1.225,1.0556,43.6441,115.1974
B_crinitus,4,453, cls_1 ,7.656,1.0977,1340.0082,63.9
B_crinitus,4,454, cls_1 ,3.5728,1.1502,35.477,71.4424
B_crinitus,4,455, cls_1 ,0.5104,1.0688,124.0367,115.1974
B_crinitus,4,463, cls_1 ,0.5104,1.0688,722.6436,95.85
B_crinitus,4,464, cls_1 ,0.7146,1.0932,73.9207,71.4424
B_crinitus,4,469, cls_1 ,0.1021,1,9.1342,225.9206
B_crinitus,4,472, cls_1 ,0.6125,1.1395,102.7237,101.0348
B_crinitus,4,474, cls_1 ,0.8166,1.0473,35.3063,63.9
B_crinitus,4,475, cls_1 ,3.777,1.1713,3556.7037,63.9
B_crinitus,4,477, cls_1 ,24.9076,1.1966,49.9601,63.9
B_crinitus,4,478, cls_1 ,2.7562,1.0718,72.426,63.9
B_crinitus,4,480, cls_1 ,11.8413,1.1299,57.8426,115.1974
B_crinitus,4,482, cls_1 ,7.9623,1.1053,85.0976,63.9
B_crinitus,4,483, cls_1 ,0.8166,1.1265,49.4832,159.75
B_crinitus,4,484, cls_1 ,0.8166,1.1031,28.7181,71.4424
B_crinitus,4,486, cls_1 ,7.8602,1.112,1294.7187,71.4424
B_crinitus,4,490, cls_1 ,2.6541,1.1222,675.0908,90.3682
B_crinitus,4,493, cls_1 ,8.3706,1.1212,340.9555,63.9
B_crinitus,4,494, cls_1 ,3.1645,1.1314,1777.3891,101.0348
B_crinitus,4,497, cls_1 ,11.433,1.1476,148.7812,63.9
B_crinitus,4,498, cls_1 ,1.0208,1.022,4461.9135,63.9
B_crinitus,4,500, cls_1 ,0.9187,1.063,58.5338,479.25
B_crinitus,4,503, cls_1 ,1.225,1.0306,606.8009,95.85
B_crinitus,4,504, cls_1 ,0.5104,1.0688,33.3881,71.4424
B_crinitus,4,505, cls_1 ,8.0643,1.1095,2102.7455,71.4424
B_crinitus,4,509, cls_1 ,2.4499,1.1204,156.5738,63.9
B_crinitus,4,510, cls_1 ,0.7146,1.1197,2231.7953,63.9
B_crinitus,4,512, cls_1 ,1.225,1.0556,71.8487,95.85
B_crinitus,4,513, cls_1 ,0.2042,1.0155,35.2369,135.5524
B_crinitus,4,514, cls_1 ,4.6957,1.121,433.0483,115.1974
B_crinitus,4,518, cls_1 ,0.2042,1.0909,31.1335,71.4424
B_crinitus,4,520, cls_1 ,4.3895,1.0485,4441.142,63.9
B_crinitus,4,524, cls_1 ,23.8868,1.1532,210.8622,90.3682
B_crinitus,4,526, cls_1 ,4.2874,1.0616,71.631,127.8
B_crinitus,4,528, cls_1 ,41.6487,1.1733,177.1564,63.9
B_crinitus,4,529, cls_1 ,2.0416,1.1409,30.9817,63.9
B_crinitus,4,531, cls_1 ,6.0227,1.0885,58.134,115.1974
B_crinitus,4,536, cls_1 ,0.8166,1.0473,54.1323,63.9
B_crinitus,4,537, cls_1 ,0.3062,1.1369,43.1498,90.3682
B_crinitus,4,539, cls_1 ,0.2042,1.0155,85.0613,71.4424
B_crinitus,4,541, cls_1 ,4.6957,1.042,114.5668,71.4424
B_crinitus,4,542, cls_1 ,0.4083,1.0537,35.6957,90.3682
B_crinitus,4,543, cls_1 ,0.3062,1.0358,28.2484,63.9
B_crinitus,4,545, cls_1 ,0.6125,1.0465,67.1106,63.9
B_crinitus,4,546, cls_1 ,1.8374,1.116,131.3215,71.4424
B_crinitus,4,547, cls_1 ,0.7146,1.0283,90.3081,90.3682
B_crinitus,4,550, cls_1 ,0.4083,1.0537,32.1892,101.0348
B_crinitus,4,557, cls_1 ,41.3425,1.2219,68.5997,71.4424
B_crinitus,4,559, cls_1 ,0.4083,1.0537,105.8248,71.4424
B_crinitus,4,563, cls_1 ,0.7146,1.0283,28.5858,127.8
B_crinitus,4,564, cls_1 ,1.327,1.1398,79.7345,63.9
B_crinitus,4,565, cls_1 ,0.7146,1.0932,319.1925,135.5524
B_crinitus,4,567, cls_1 ,0.3062,1.0358,254.0794,71.4424
B_crinitus,4,574, cls_1 ,0.4083,1.0537,35.2261,63.9
B_crinitus,4,581, cls_1 ,1.5312,1.0909,177.7557,71.4424
B_crinitus,4,582, cls_1 ,41.2404,1.1791,148.2028,63.9
B_crinitus,4,592, cls_1 ,0.5104,1.105,130.5097,63.9
B_crinitus,4,593, cls_1 ,4.8999,1.1431,56.9922,142.8847
B_crinitus,4,594, cls_1 ,15.6183,1.1787,41.499,63.9
B_crinitus,4,599, cls_1 ,0.3062,1.0358,38.4518,63.9
B_crinitus,4,600, cls_1 ,0.5104,1.0688,1794.444,101.0348
B_crinitus,4,603, cls_1 ,0.2042,1.0155,171.3781,63.9
B_crinitus,4,604, cls_1 ,9.2893,1.138,41.6903,63.9
B_crinitus,4,606, cls_1 ,4.1853,1.1402,439.9446,90.3682
B_crinitus,4,607, cls_1 ,0.5104,1.0261,190.973,127.8
B_crinitus,4,609, cls_1 ,0.6125,1.1395,2221.6159,90.3682
B_crinitus,4,610, cls_1 ,0.8166,1.0769,46.6892,63.9
B_crinitus,4,618, cls_1 ,0.1021,1,1048.6093,131.7332
B_crinitus,4,619, cls_1 ,0.6125,1.0465,49.4174,71.4424
B_crinitus,4,620, cls_1 ,1.5312,1.1372,42.638,63.9
B_crinitus,4,623, cls_1 ,25.7242,1.1889,63.1054,63.9
B_crinitus,4,624, cls_1 ,0.7146,1.0932,263.5626,191.7
B_crinitus,4,628, cls_1 ,0.5104,1.0688,2223.6334,71.4424
B_crinitus,4,629, cls_1 ,1.4291,1.0606,33.0919,225.9206
B_crinitus,4,637, cls_1 ,0.1021,1,56.1797,162.9137
B_crinitus,4,638, cls_1 ,0.1021,1,28.6536,63.9
B_crinitus,4,641, cls_1 ,1.0208,1.0764,688.1328,63.9
B_crinitus,4,642, cls_1 ,4.7978,1.0605,126.5606,115.1974
B_crinitus,4,643, cls_1 ,0.9187,1.0889,1056.8974,131.7332
B_crinitus,4,644, cls_1 ,0.1021,1,3553.0859,71.4424
B_crinitus,4,646, cls_1 ,0.6125,1.0465,26.7392,63.9
B_crinitus,4,651, cls_1 ,6.1248,1.1074,66.2932,115.1974
B_crinitus,4,653, cls_1 ,0.1021,1,30.2694,63.9
B_crinitus,4,656, cls_1 ,71.1499,1.2111,272.9289,63.9
B_crinitus,4,658, cls_1 ,0.2042,1.0155,717.3701,63.9
B_crinitus,4,660, cls_1 ,2.3478,1.0752,42.8917,115.1974
B_crinitus,4,661, cls_1 ,4.8999,1.1491,114.6822,71.4424
B_crinitus,4,662, cls_1 ,1.1229,1.0654,195.9811,95.85
B_crinitus,4,670, cls_1 ,2.6541,1.1003,97.0849,63.9
B_crinitus,4,672, cls_1 ,0.1021,1,240.1697,71.4424
B_crinitus,4,673, cls_1 ,0.3062,1.0358,509.2556,71.4424
B_crinitus,4,674, cls_1 ,1.225,1.0306,3554.7475,71.4424
B_crinitus,4,675, cls_1 ,1.4291,1.0386,4438.9176,63.9
B_crinitus,4,678, cls_1 ,1.0208,1.0509,42.6834,294.5644
B_crinitus,4,679, cls_1 ,1.0208,1.0993,106.9657,63.9
B_crinitus,4,683, cls_1 ,3.5728,1.171,1376.585,101.0348
B_crinitus,4,684, cls_1 ,1.0208,1.1199,1117.1302,101.0348
B_crinitus,4,687, cls_1 ,0.5104,1.0261,67.3615,142.8847
B_crinitus,4,689, cls_1 ,0.6125,1.0819,104.233,115.1974
B_crinitus,4,690, cls_1 ,4.4915,1.1701,4443.8666,63.9
B_crinitus,4,694, cls_1 ,111.0633,1.1914,191.8337,90.3682
B_crinitus,4,695, cls_1 ,0.8166,1.1477,31.8769,159.75
B_crinitus,4,696, cls_1 ,0.1021,1,3554.2171,71.4424
B_crinitus,4,697, cls_1 ,0.2042,1.0909,36.2194,95.85
B_crinitus,4,699, cls_1 ,1.6333,1.1154,128.1371,71.4424
B_crinitus,4,702, cls_1 ,71.7624,1.2252,239.3366,63.9
B_crinitus,4,703, cls_1 ,6.1248,1.1426,40.9614,95.85
B_crinitus,4,708, cls_1 ,0.7146,1.0932,126.1038,131.7332
B_crinitus,4,710, cls_1 ,5.8186,1.0991,126.8051,71.4424
B_crinitus,4,722, cls_1 ,0.5104,1.0688,109.3063,90.3682
B_crinitus,4,723, cls_1 ,1.1229,1.0115,35.4361,95.85
B_crinitus,4,724, cls_1 ,0.5104,1.0261,993.309,135.5524
B_crinitus,4,732, cls_1 ,137.5021,1.1622,47.7617,90.3682
B_crinitus,4,734, cls_1 ,0.9187,1.0889,123.4661,71.4424
B_crinitus,4,735, cls_1 ,1.7354,1.1358,39.2961,71.4424
B_crinitus,4,736, cls_1 ,0.1021,1,207.6248,63.9
B_crinitus,4,738, cls_1 ,3.1645,1.14,155.8694,63.9
B_crinitus,4,745, cls_1 ,0.3062,1.0358,106.5308,63.9
B_crinitus,4,746, cls_1 ,3.879,1.0493,37.6199,71.4424
B_crinitus,4,749, cls_1 ,0.2042,1.0155,173.3018,63.9
B_crinitus,4,751, cls_1 ,0.4083,1.0975,145.8782,63.9
B_crinitus,4,754, cls_1 ,10.7184,1.0973,217.9685,95.85
B_crinitus,4,755, cls_1 ,0.2042,1.0155,187.3765,71.4424
B_crinitus,4,764, cls_1 ,0.1021,1,27.2052,95.85
B_crinitus,4,765, cls_1 ,1.1229,1.1085,227.0936,90.3682
B_crinitus,4,768, cls_1 ,1.5312,1.0909,365.9557,71.4424
B_crinitus,4,769, cls_1 ,1.8374,1.1941,1784.5043,71.4424
B_crinitus,4,770, cls_1 ,1.225,1.0556,100.6022,95.85
B_crinitus,4,771, cls_1 ,0.9187,1.112,44.6702,63.9
B_crinitus,4,775, cls_1 ,13.4746,1.1247,350.2959,71.4424
B_crinitus,4,777, cls_1 ,5.3082,1.0858,267.1925,63.9
B_crinitus,4,778, cls_1 ,1.8374,1.0706,31.5541,63.9
B_crinitus,4,779, cls_1 ,0.2042,1.0155,134.3863,95.85
B_crinitus,4,781, cls_1 ,5.5123,1.1307,180.4564,131.7332
B_crinitus,4,782, cls_1 ,1.4291,1.0606,159.3962,162.9137
B_crinitus,4,786, cls_1 ,0.8166,1.0769,177.0702,95.85
B_crinitus,4,788, cls_1 ,31.0324,1.165,216.7716,63.9
B_crinitus,4,790, cls_1 ,2.8582,1.0924,278.664,63.9
B_crinitus,4,793, cls_1 ,0.7146,1.0631,206.8443,63.9
B_crinitus,4,800, cls_1 ,0.3062,1.0358,222.5525,95.85
B_crinitus,4,802, cls_1 ,20.416,1.1459,37.7322,95.85
B_crinitus,4,807, cls_1 ,12.76,1.1679,620.8363,63.9
B_crinitus,4,808, cls_1 ,3.9811,1.0889,54.5858,95.85
B_crinitus,4,809, cls_1 ,0.1021,1,3554.5314,71.4424
B_crinitus,4,811, cls_1 ,0.6125,1.0819,313.1552,142.8847
B_crinitus,4,825, cls_1 ,0.3062,1.0358,63.8569,159.75
B_crinitus,4,826, cls_1 ,0.1021,1,147.6827,63.9
B_crinitus,4,828, cls_1 ,3.3686,1.0635,38.5852,71.4424
B_crinitus,4,830, cls_1 ,1.327,1.1242,320.8724,319.5
B_crinitus,4,833, cls_1 ,1216.1841,1.2582,4829.687,63.9
B_crinitus,4,835, cls_1 ,6.329,1.0975,742.2551,101.0348
B_crinitus,4,838, cls_1 ,1.1229,1.1085,1295.9707,71.4424
B_crinitus,4,840, cls_1 ,1.5312,1.0728,93.4062,90.3682
B_crinitus,4,843, cls_1 ,0.1021,1,246.8101,71.4424
B_crinitus,4,844, cls_1 ,4.1853,1.0838,479.7123,95.85
B_crinitus,4,847, cls_1 ,0.1021,1,41.5931,71.4424
B_crinitus,4,848, cls_1 ,20.5181,1.1907,3565.826,71.4424
B_crinitus,4,849, cls_1 ,0.3062,1.0358,1545.5903,90.3682
B_crinitus,4,850, cls_1 ,31.747,1.1127,102.9931,90.3682
B_crinitus,4,851, cls_1 ,0.9187,1.0889,34.9349,131.7332
B_crinitus,4,853, cls_1 ,0.7146,1.0631,34.7722,159.75
B_crinitus,4,862, cls_1 ,0.3062,1.0358,2023.4953,95.85
B_crinitus,4,863, cls_1 ,1.0208,1.1388,227.8434,90.3682
B_crinitus,4,865, cls_1 ,0.7146,1.0283,388.4387,63.9
B_crinitus,4,869, cls_1 ,3.777,1.1124,1266.196,101.0348
B_crinitus,4,872, cls_1 ,32.4615,1.1331,52488.0526,63.9
B_crinitus,4,873, cls_1 ,1.4291,1.0805,26.4865,319.5
B_crinitus,4,878, cls_1 ,1.225,1.0556,1332.3223,344.112
B_crinitus,4,879, cls_1 ,1.1229,1.1443,1402.8569,63.9
B_crinitus,4,881, cls_1 ,114.6361,1.1858,431.8622,71.4424
B_crinitus,4,883, cls_1 ,2.6541,1.151,322.9184,101.0348
B_crinitus,4,885, cls_1 ,0.1021,1,24.07,225.9206
B_crinitus,4,886, cls_1 ,0.1021,1,33.9113,131.7332
B_crinitus,4,889, cls_1 ,1.4291,1.0987,34.5731,294.5644
B_crinitus,4,893, cls_1 ,8.0643,1.1721,3586.3171,71.4424
B_crinitus,4,894, cls_1 ,1.225,1.1167,1981.0647,95.85
B_crinitus,4,896, cls_1 ,0.5104,1.0261,433.1277,63.9
B_crinitus,4,902, cls_1 ,13.6788,1.1302,180.0904,71.4424
B_crinitus,4,904, cls_1 ,3.777,1.052,209.821,101.0348
B_crinitus,4,905, cls_1 ,14.9037,1.1786,326.5679,90.3682
B_crinitus,4,906, cls_1 ,21419.2947,1.2778,2197.0428,63.9
B_crinitus,4,907, cls_1 ,0.4083,1.0537,5140.7536,162.9137
B_crinitus,4,908, cls_1 ,0.5104,1.105,1085.6081,255.6
B_crinitus,4,909, cls_1 ,0.1021,1,434.2704,101.0348
B_crinitus,4,911, cls_1 ,6.7373,1.1708,1005.892,115.1974
B_crinitus,4,912, cls_1 ,1.6333,1.0657,122.6059,101.0348
B_crinitus,4,913, cls_1 ,0.1021,1,117.5676,71.4424
B_crinitus,4,914, cls_1 ,0.4083,1.0537,614.028,101.0348
B_crinitus,4,915, cls_1 ,20.8244,1.1464,547.8207,90.3682
B_crinitus,4,918, cls_1 ,0.2042,1.0155,102.5072,71.4424
B_crinitus,4,919, cls_1 ,5.2061,1.1942,4305.5216,127.8
B_crinitus,4,920, cls_1 ,0.3062,1.0358,163.1758,63.9
B_crinitus,4,921, cls_1 ,2.0416,1.1518,971.3079,63.9
B_crinitus,4,922, cls_1 ,0.5104,1.0688,2232.4779,90.3682
B_crinitus,4,923, cls_1 ,0.7146,1.1197,52487.6046,63.9
B_crinitus,4,924, cls_1 ,0.5104,1.0261,120.4688,63.9
B_crinitus,4,927, cls_1 ,0.2042,1.0155,907.6475,115.1974
B_crinitus,4,932, cls_1 ,0.4083,1,96.8122,115.1974
B_crinitus,4,936, cls_1 ,0.1021,1,165.2055,71.4424
B_crinitus,4,937, cls_1 ,1.225,1.1337,2233.928,90.3682
B_crinitus,4,938, cls_1 ,4.8999,1.0585,52700.0584,63.9
B_crinitus,4,941, cls_1 ,4.3895,1.128,97.6003,63.9
B_crinitus,4,942, cls_1 ,6.6352,1.1344,537.5713,63.9
B_crinitus,4,943, cls_1 ,0.1021,1,2449.35,71.4424
B_crinitus,4,945, cls_1 ,9.4935,1.1731,218.2137,95.85
B_crinitus,4,946, cls_1 ,0.2042,1.0155,978.8178,115.1974
B_crinitus,4,951, cls_1 ,0.8166,1.1031,383.1315,71.4424
B_crinitus,4,952, cls_1 ,7.1456,1.2509,263.1503,63.9
B_crinitus,4,954, cls_1 ,1.8374,1.0706,193.1921,71.4424
B_crinitus,4,961, cls_1 ,0.1021,1,75.4532,63.9
B_crinitus,4,964, cls_1 ,0.9187,1.0338,2442.3089,71.4424
B_crinitus,4,971, cls_1 ,75.2331,1.2376,99.4573,63.9
B_crinitus,4,972, cls_1 ,0.8166,1.0473,58.0546,63.9
B_crinitus,4,975, cls_1 ,2.3478,1.1358,59.5078,191.7
B_crinitus,4,978, cls_1 ,4.0832,1.1563,225.024,63.9
B_crinitus,4,987, cls_1 ,0.8166,1.0769,69.8113,90.3682
B_crinitus,4,995, cls_1 ,5.8186,1.0919,5539.5343,90.3682
B_crinitus,4,996, cls_1 ,1.1229,1.088,87.2254,135.5524
B_crinitus,4,997, cls_1 ,0.4083,1.0537,52615.1231,63.9
B_crinitus,4,998, cls_1 ,0.4083,1.0975,77.4135,71.4424
B_crinitus,4,1001, cls_1 ,0.1021,1,251.7334,71.4424
B_crinitus,4,1006, cls_1 ,0.5104,1.0261,116.0748,71.4424
B_crinitus,4,1007, cls_1 ,0.3062,1.0358,107.4929,71.4424
B_crinitus,4,1011, cls_1 ,1.4291,1.1154,175.3393,63.9
B_crinitus,4,1015, cls_1 ,57.9816,1.2291,112.1054,63.9
B_crinitus,4,1016, cls_1 ,14.3933,1.1936,189.1256,63.9
B_crinitus,4,1017, cls_1 ,0.8166,1.0769,125.3243,63.9
B_crinitus,4,1021, cls_1 ,0.1021,1,3082.9231,63.9
B_crinitus,4,1023, cls_1 ,36.2385,1.181,96.8947,63.9
B_crinitus,4,1029, cls_1 ,1.7354,1.1482,128.7842,90.3682
B_crinitus,4,1030, cls_1 ,0.2042,1.0155,57.0232,115.1974
B_crinitus,4,1032, cls_1 ,0.1021,1,220.9628,63.9
B_crinitus,4,1033, cls_1 ,0.1021,1,130.94,63.9
B_crinitus,4,1037, cls_1 ,2.7562,1.0583,71.4156,90.3682
B_crinitus,4,1038, cls_1 ,0.2042,1.0909,92.0184,95.85
B_crinitus,4,1039, cls_1 ,3.4707,1.1459,130.2644,63.9
B_crinitus,4,1048, cls_1 ,0.3062,1.0358,94.516,63.9
B_crinitus,4,1050, cls_1 ,0.1021,1,191.001,63.9
B_crinitus,4,1054, cls_1 ,0.1021,1,108.0305,63.9
B_crinitus,4,1055, cls_1 ,1.0208,1.0764,1569.637,186.2989
B_crinitus,4,1057, cls_1 ,0.1021,1,54.9578,71.4424
B_crinitus,4,1058, cls_1 ,5.6144,1.0955,87.5322,90.3682
B_crinitus,4,1059, cls_1 ,591.8613,1.1967,54852.3193,63.9
B_crinitus,4,1060, cls_1 ,0.1021,1,46.7127,71.4424
B_crinitus,4,1062, cls_1 ,0.9187,1.0889,156.168,71.4424
B_crinitus,4,1064, cls_1 ,0.9187,1.0889,1212.544,101.0348
B_crinitus,4,1066, cls_1 ,1.0208,1.0993,1434.6547,95.85
B_crinitus,4,1067, cls_1 ,0.5104,1.0688,189.4668,63.9
B_crinitus,4,1075, cls_1 ,2.4499,1.0401,23325.3683,95.85
B_crinitus,4,1078, cls_1 ,0.5104,1.0261,1214.2803,101.0348
B_crinitus,4,1084, cls_1 ,0.5104,1.0688,44.2553,135.5524
B_crinitus,4,1089, cls_1 ,1.0208,1.022,361.1987,172.056
B_crinitus,4,1090, cls_1 ,1.7354,1.1482,1160.9774,90.3682
B_crinitus,4,1091, cls_1 ,0.1021,1,2465.5864,71.4424
B_crinitus,4,1092, cls_1 ,0.1021,1,2476.1765,71.4424
B_crinitus,4,1096, cls_1 ,5.7165,1.0618,1523.6382,90.3682
B_crinitus,4,1098, cls_1 ,0.1021,1,3092.3655,63.9
B_crinitus,4,1099, cls_1 ,0.6125,1.0465,2427.4834,71.4424
B_crinitus,4,1102, cls_1 ,1.327,1.1242,900.0963,90.3682
B_crinitus,4,1103, cls_1 ,0.1021,1,1610.9642,63.9
B_crinitus,4,1104, cls_1 ,1.8374,1.0706,2308.1637,101.0348
B_crinitus,4,1105, cls_1 ,0.4083,1.0975,1598.5725,63.9
B_crinitus,4,1106, cls_1 ,2.9603,1.1103,52751.6728,63.9
B_crinitus,4,1119, cls_1 ,0.2042,1.0155,1678.0563,71.4424
B_crinitus,4,1123, cls_1 ,0.1021,1,2567.8725,71.4424
B_crinitus,4,1124, cls_1 ,0.2042,1.0155,2529.0699,71.4424
B_crinitus,4,1125, cls_1 ,0.7146,1.0283,2468.6793,71.4424
B_crinitus,4,1126, cls_1 ,0.6125,1.0047,4494.4126,63.9
B_crinitus,4,1130, cls_1 ,0.5104,1.0688,1433.3068,95.85
B_crinitus,4,1132, cls_1 ,0.6125,1.0465,433.2876,142.8847
B_crinitus,4,1135, cls_1 ,0.2042,1.0155,541.9843,131.7332
B_crinitus,4,1136, cls_1 ,0.8166,1.0769,929.3458,95.85
B_crinitus,4,1209, cls_1 ,0.8166,1.0473,8071.5668,90.3682
B_crinitus,4,1210, cls_1 ,0.6125,1.0465,20985.8412,63.9
B_crinitus,4,1212, cls_1 ,0.6125,1.1395,20986.0034,63.9
B_crinitus,4,1213, cls_1 ,0.1021,1,41966.1269,71.4424
B_crinitus,4,1214, cls_1 ,0.6125,1.0819,13115.7563,90.3682
B_crinitus,4,1218, cls_1 ,0.1021,1,52457.5348,63.9
B_crinitus,4,1220, cls_1 ,0.4083,1.0975,20984.6763,101.0348
B_crinitus,4,1223, cls_1 ,0.3062,1.0358,16142.1213,115.1974
B_crinitus,4,1235, cls_1 ,0.8166,1.0769,41966.0568,71.4424
B_crinitus,4,1242, cls_1 ,0.2042,1.0155,52457.9893,63.9
B_crinitus,4,1247, cls_1 ,1.327,1.1398,52458.3575,63.9
B_crinitus,4,1257, cls_1 ,3.3686,1.1492,41967.009,71.4424
B_crinitus,4,1262, cls_1 ,0.3062,1.0358,41967.0924,71.4424
B_crinitus,4,1263, cls_1 ,1.7354,1.0933,16142.2112,115.1974
B_crinitus,4,1269, cls_1 ,0.6125,1.0465,5829.5708,191.7
B_crinitus,4,1276, cls_1 ,1.1229,1.1085,41967.0392,63.9
B_crinitus,4,1281, cls_1 ,0.2042,1.0155,20986.3698,63.9
B_crinitus,4,1282, cls_1 ,0.5104,1.105,8071.582,162.9137
B_crinitus,4,1284, cls_1 ,2.2458,1.0799,52457.9021,63.9
B_crinitus,4,1287, cls_1 ,0.4083,1.0975,26229.8031,90.3682
B_crinitus,4,1289, cls_1 ,0.2042,1.0155,52458.3852,63.9
B_crinitus,4,1292, cls_1 ,24.7034,1.0521,186.2241,1074.0144
B_crinitus,4,1294, cls_1 ,0.8166,1.0769,52458.2872,63.9
B_crinitus,4,1298, cls_1 ,0.3062,1.0358,41967.7215,71.4424
B_crinitus,4,1303, cls_1 ,6.9415,1.1132,52457.9035,63.9
B_crinitus,4,1304, cls_1 ,1.327,1.0467,8073.0857,71.4424
B_crinitus,4,1306, cls_1 ,7.0435,1.123,26229.9095,90.3682
B_crinitus,4,1309, cls_1 ,0.5104,1.0688,41970.0672,71.4424
B_crinitus,4,1312, cls_1 ,0.2042,1.0909,23315.41,95.85
B_crinitus,4,1315, cls_1 ,0.5104,1.0261,6561.7552,135.5524
B_crinitus,4,1316, cls_1 ,0.4083,1.0537,41968.1649,71.4424
B_crinitus,4,1319, cls_1 ,0.1021,1,5121.1197,71.4424
B_crinitus,4,1320, cls_1 ,0.1021,1,52460.799,63.9
B_crinitus,4,1321, cls_1 ,0.7146,1.0631,23315.989,63.9
B_crinitus,4,1329, cls_1 ,0.3062,1.0358,13115.5127,127.8
B_crinitus,4,1333, cls_1 ,0.2042,1.0155,26229.9861,90.3682
B_crinitus,4,1335, cls_1 ,0.2042,1.0155,41966.9354,71.4424
B_crinitus,4,1340, cls_1 ,11.2288,1.1067,12344.6523,131.7332
B_crinitus,4,1341, cls_1 ,7.7581,1.1761,26230.1285,90.3682
B_crinitus,4,1345, cls_1 ,2.0416,1.1518,13115.454,127.8
B_crinitus,4,1346, cls_1 ,0.6125,1.0819,41966.4553,71.4424
B_crinitus,4,1348, cls_1 ,1.4291,1.1589,1376.5475,172.056
B_crinitus,4,1350, cls_1 ,0.8166,1.0769,52463.6714,63.9
B_crinitus,4,1351, cls_1 ,1.0208,1.0509,7237.1588,142.8847
B_crinitus,4,1353, cls_1 ,0.4083,1.0975,52458.3068,63.9
B_crinitus,4,1356, cls_1 ,1.6333,1.0243,290.2143,294.5644
B_crinitus,4,1357, cls_1 ,3.0624,1.0475,4199.9811,225.9206
B_crinitus,4,1358, cls_1 ,0.2042,1.0155,16142.4937,115.1974
B_crinitus,4,1360, cls_1 ,0.2042,1.0155,52458.9651,63.9
B_crinitus,4,1363, cls_1 ,1.225,1.0306,16142.0853,115.1974
B_crinitus,4,1369, cls_1 ,14.3933,1.1474,3444.7774,131.7332
B_crinitus,4,1370, cls_1 ,0.5104,1.0261,52458.7791,63.9
B_crinitus,4,1371, cls_1 ,0.7146,1.0631,26229.9858,90.3682
B_crinitus,4,1377, cls_1 ,0.7146,1.0932,13117.3383,127.8
B_crinitus,4,1380, cls_1 ,6.329,1.1166,2489.8973,95.85
B_crinitus,4,1381, cls_1 ,23.7847,1.1556,127.8357,63.9
B_crinitus,4,1384, cls_1 ,0.3062,1.0358,26230.1595,90.3682
B_crinitus,4,1388, cls_1 ,0.1021,1,41966.2763,71.4424
B_crinitus,4,1389, cls_1 ,10.1059,1.1296,187.4301,63.9
B_crinitus,4,1393, cls_1 ,0.5104,1.0688,118.6168,63.9
B_crinitus,4,1396, cls_1 ,1.4291,1.1309,8406.4537,63.9
B_crinitus,4,1398, cls_1 ,0.5104,1.0688,156.8962,63.9
B_crinitus,4,1399, cls_1 ,2.1437,1.085,1047.6895,101.0348
B_crinitus,4,1402, cls_1 ,1.1229,1.1271,20984.1646,101.0348
B_crinitus,4,1404, cls_1 ,0.2042,1.0155,170.5963,101.0348
B_crinitus,4,1405, cls_1 ,0.3062,1.0358,3242.0337,63.9
B_crinitus,4,1406, cls_1 ,1.6333,1.1554,1223.5675,172.056
B_crinitus,4,1407, cls_1 ,15.9245,1.2413,3311.2615,71.4424
B_crinitus,4,1408, cls_1 ,6.8394,1.211,13148.9493,71.4424
B_crinitus,4,1410, cls_1 ,6.6352,1.079,280.334,63.9
B_crinitus,4,1411, cls_1 ,0.8166,1.0769,4201.7256,90.3682
B_crinitus,4,1413, cls_1 ,2.8582,1.1513,5832.9497,90.3682
B_crinitus,4,1416, cls_1 ,55.0213,1.1263,41971.4308,71.4424
B_crinitus,4,1417, cls_1 ,3.4707,1.0721,574.9249,180.7365
B_crinitus,4,1418, cls_1 ,1.1229,1.088,13116.4579,127.8
B_crinitus,4,1421, cls_1 ,0.1021,1,10493.6314,71.4424
B_crinitus,4,1426, cls_1 ,0.3062,1.0914,5830.562,71.4424
B_crinitus,4,1428, cls_1 ,0.1021,1,65.0579,131.7332
B_crinitus,4,1429, cls_1 ,5.4103,1.0488,113.7042,127.8
B_crinitus,4,1430, cls_1 ,4.1853,1.064,197.728,115.1974
B_crinitus,4,1431, cls_1 ,0.2042,1.0909,1053.7872,71.4424
B_crinitus,4,1432, cls_1 ,0.9187,1.0338,41971.2197,71.4424
B_crinitus,4,1433, cls_1 ,0.2042,1.0155,721.8014,71.4424
B_crinitus,4,1435, cls_1 ,1.327,1.089,4287.827,71.4424
B_crinitus,4,1436, cls_1 ,15.5162,1.1342,119.6459,63.9
B_crinitus,4,1437, cls_1 ,1.0208,1.0993,791.3795,71.4424
B_crinitus,4,1438, cls_1 ,3.3686,1.0752,64.6618,135.5524
B_crinitus,4,1441, cls_1 ,0.1021,1,16142.2949,115.1974
B_crinitus,4,1442, cls_1 ,0.3062,1.0358,23316.0876,95.85
B_crinitus,4,1443, cls_1 ,2.3478,1.0752,181.4797,115.1974
B_crinitus,4,1444, cls_1 ,1.1229,1.1085,26229.6471,90.3682
B_crinitus,4,1448, cls_1 ,0.5104,1.0261,52458.3741,63.9
B_crinitus,4,1450, cls_1 ,3.879,1.0493,5278.417,71.4424
B_crinitus,4,1451, cls_1 ,1.0208,1.1199,41968.982,71.4424
B_crinitus,4,1457, cls_1 ,2.9603,1.0509,52458.6354,63.9
B_crinitus,4,1461, cls_1 ,0.2042,1.0155,26230.7594,90.3682
B_crinitus,4,1464, cls_1 ,0.6125,1.0465,126.8316,63.9
B_crinitus,4,1465, cls_1 ,3.1645,1.0299,8072.3294,162.9137
B_crinitus,4,1467, cls_1 ,1.1229,1.0654,8464.216,71.4424
B_crinitus,4,1469, cls_1 ,0.9187,1.1328,4228.6047,71.4424
B_crinitus,4,1473, cls_1 ,10.9226,1.215,8420.1521,63.9
B_crinitus,4,1479, cls_1 ,0.6125,1.0819,41967.363,71.4424
B_crinitus,4,1485, cls_1 ,2.8582,1.1241,330.2361,90.3682
B_crinitus,4,1488, cls_1 ,0.5104,1.0688,26230.5613,90.3682
B_crinitus,4,1492, cls_1 ,0.6125,1.0047,52485.1769,63.9
B_crinitus,4,1495, cls_1 ,52.8776,1.1311,1731.0721,90.3682
B_crinitus,4,1496, cls_1 ,0.1021,1,20983.1036,101.0348
B_crinitus,4,1497, cls_1 ,0.8166,1.0769,23315.3345,95.85
B_crinitus,4,1505, cls_1 ,10.0039,1.2118,4310.7592,63.9
B_crinitus,4,1512, cls_1 ,0.1021,1,41966.086,71.4424
B_crinitus,4,1516, cls_1 ,0.9187,1.112,52463.6778,63.9
B_crinitus,4,1518, cls_1 ,0.9187,1.0889,52457.5842,63.9
B_crinitus,4,1528, cls_1 ,11.433,1.0599,3466.3813,142.8847
B_crinitus,4,1539, cls_1 ,0.1021,1,41966.522,71.4424
B_crinitus,4,1540, cls_1 ,0.2042,1.0155,8074.5725,162.9137
B_crinitus,4,1543, cls_1 ,0.6125,1.0465,52461.0398,63.9
B_crinitus,4,1546, cls_1 ,0.7146,1.0932,13115.9715,127.8
B_crinitus,4,1551, cls_1 ,2.8582,1.2217,13117.528,71.4424
B_crinitus,4,1553, cls_1 ,1.6333,1.1154,41966.8364,71.4424
B_crinitus,4,1555, cls_1 ,0.4083,1.0537,23321.578,71.4424
B_crinitus,4,1559, cls_1 ,1.225,1.1778,4202.7403,71.4424
B_crinitus,4,1561, cls_1 ,0.4083,1.0537,950.698,314.671
B_crinitus,4,1563, cls_1 ,1.0208,1.0509,2564.0348,142.8847
B_crinitus,4,1565, cls_1 ,2.2458,1.1609,953.7187,314.671
B_crinitus,4,1568, cls_1 ,8.4727,1.0819,991.4726,95.85
B_crinitus,4,1571, cls_1 ,1.8374,1.2031,4668.3599,71.4424
B_crinitus,4,1574, cls_1 ,0.1021,1,1439.9051,180.7365
B_crinitus,4,1579, cls_1 ,0.9187,1.1519,960.3496,95.85
B_crinitus,4,1582, cls_1 ,0.1021,1,767.9161,95.85
B_crinitus,4,1583, cls_1 ,0.2042,1.0909,2335.5185,101.0348
B_crinitus,4,1584, cls_1 ,1.5312,1.0728,11658.8962,135.5524
B_crinitus,4,1585, cls_1 ,0.8166,1.1477,52457.9636,63.9
B_crinitus,4,1586, cls_1 ,0.9187,1.1328,6558.0515,162.9137
B_crinitus,4,1587, cls_1 ,0.7146,1.0932,1313.7671,274.8443
B_crinitus,4,1588, cls_1 ,23.8868,1.1491,16267.5477,63.9
B_crinitus,4,1590, cls_1 ,0.8166,1.1477,1247.3666,71.4424
B_crinitus,4,1592, cls_1 ,1.327,1.1543,8070.8632,162.9137
B_crinitus,4,1594, cls_1 ,0.1021,1,364.8728,204.5798
B_crinitus,4,1597, cls_1 ,0.6125,1.0819,573.2731,115.1974
B_crinitus,4,1598, cls_1 ,1.6333,1.046,41966.6592,71.4424
B_crinitus,4,1599, cls_1 ,0.7146,1.1649,565.2725,71.4424
B_crinitus,4,1600, cls_1 ,50.5297,1.1293,52522.5347,63.9
B_crinitus,4,1602, cls_1 ,0.5104,1.105,52463.4259,63.9
B_crinitus,4,1603, cls_1 ,4.7978,1.1791,498.4784,63.9
B_crinitus,4,1606, cls_1 ,1.6333,1.0657,339.0098,71.4424
B_crinitus,4,1607, cls_1 ,0.8166,1.0769,335.4405,95.85
B_crinitus,4,1608, cls_1 ,0.4083,1.0537,8409.0535,115.1974
B_crinitus,4,1609, cls_1 ,0.1021,1,52458.2731,63.9
B_crinitus,4,1610, cls_1 ,0.1021,1,52457.6067,63.9
B_crinitus,4,1611, cls_1 ,13.3725,1.0903,345.3424,63.9
B_crinitus,4,1617, cls_1 ,0.4083,1.0537,52517.7873,63.9
B_crinitus,4,1620, cls_1 ,8.7789,1.1942,52457.3239,63.9
B_crinitus,4,1640, cls_1 ,2.4499,1.0843,13115.1277,63.9
B_crinitus,4,1643, cls_1 ,0.1021,1,20989.4181,63.9
B_crinitus,4,3, cls_3 ,7595.0768,1.3748,957.3479,63.9
B_crinitus,4,5, cls_3 ,0.4083,1,18601.0964,63.9
B_crinitus,4,8, cls_3 ,0.1021,1,14881.0098,71.4424
B_crinitus,4,11, cls_3 ,8.7789,1.0785,1861.9899,63.9
B_crinitus,4,12, cls_3 ,0.5104,1.0261,459.6049,63.9
B_crinitus,4,16, cls_3 ,2.552,1.1642,8267.4829,95.85
B_crinitus,4,20, cls_3 ,0.4083,1.0537,113.0219,63.9
B_crinitus,4,23, cls_3 ,0.1021,1,116.5094,63.9
B_crinitus,4,25, cls_3 ,1.225,1.078,3725.8693,95.85
B_crinitus,4,26, cls_3 ,5.5123,1.0739,330.1242,180.7365
B_crinitus,4,29, cls_3 ,0.4083,1.0537,349.4465,63.9
B_crinitus,4,32, cls_3 ,0.5104,1.0261,332.7243,345.5921
B_crinitus,4,34, cls_3 ,1.225,1.0982,471.5994,63.9
B_crinitus,4,35, cls_3 ,34.7073,1.1914,14884.4507,71.4424
B_crinitus,4,37, cls_3 ,3.3686,1.0965,4660.1342,63.9
B_crinitus,4,45, cls_3 ,4.8999,1.1303,8327.9117,63.9
B_crinitus,4,47, cls_3 ,0.1021,1,294.7101,101.0348
B_crinitus,4,48, cls_3 ,24.193,1.1713,8284.9199,63.9
B_crinitus,4,56, cls_3 ,0.7146,1.0631,18604.2391,63.9
B_crinitus,4,59, cls_3 ,0.9187,1.063,2865.838,95.85
B_crinitus,4,67, cls_3 ,0.6125,1.0819,1863.1977,202.0695
B_crinitus,4,70, cls_3 ,7.2477,1.0705,300.6975,101.0348
B_crinitus,4,76, cls_3 ,4.0832,1.0665,1037.8479,257.5891
B_crinitus,4,78, cls_3 ,1.225,1.078,1293.9678,142.8847
B_crinitus,4,79, cls_3 ,1.8374,1.0869,245.6173,101.0348
B_crinitus,4,88, cls_3 ,1.1229,1.0402,5723.9632,115.1974
B_crinitus,4,90, cls_3 ,1.6333,1.0836,18601.2036,63.9
B_crinitus,4,91, cls_3 ,18.7828,1.1957,560.5812,101.0348
B_crinitus,4,94, cls_3 ,0.5104,1.1362,2976.7283,159.75
B_crinitus,4,102, cls_3 ,0.1021,1,837.1601,142.8847
B_crinitus,4,103, cls_3 ,7.4519,1.1226,14894.5193,71.4424
B_crinitus,4,107, cls_3 ,0.3062,1.0914,18601.4833,63.9
B_crinitus,4,108, cls_3 ,1.8374,1.0869,1035.1796,271.1047
B_crinitus,4,109, cls_3 ,0.3062,1.0358,14882.4146,71.4424
B_crinitus,4,120, cls_3 ,6.8394,1.1365,1876.2859,127.8
B_crinitus,4,121, cls_3 ,5.5123,1.0898,4140.9625,135.5524
B_crinitus,4,128, cls_3 ,40.5259,1.2084,5749.3402,63.9
B_crinitus,4,129, cls_3 ,15.9245,1.1125,9306.4337,71.4424
B_crinitus,4,133, cls_3 ,1.1229,1.1085,567.4206,63.9
B_crinitus,4,134, cls_3 ,2.8582,1.0924,217.994,71.4424
B_crinitus,4,138, cls_3 ,2.2458,1.0492,133.7668,63.9
B_crinitus,4,140, cls_3 ,0.1021,1,18602.4771,63.9
B_crinitus,4,143, cls_3 ,0.8166,1.0473,4136.5094,71.4424
B_crinitus,4,147, cls_3 ,3.2666,1.0998,196.8212,63.9
B_crinitus,4,148, cls_3 ,1.0208,1.0764,14883.2391,71.4424
B_crinitus,4,149, cls_3 ,0.2042,1.0155,142.9714,63.9
B_crinitus,4,152, cls_3 ,0.8166,1.0769,2980.12,159.75
B_crinitus,4,155, cls_3 ,2.3478,1.0752,18633.6078,63.9
B_crinitus,4,158, cls_3 ,0.4083,1.0537,2886.3344,71.4424
B_crinitus,4,165, cls_3 ,2.9603,1.1387,18602.5924,63.9
B_crinitus,4,169, cls_3 ,1.8374,1.0706,2013.8022,142.8847
B_crinitus,4,173, cls_3 ,16.2308,1.1552,292.4642,115.1974
B_crinitus,4,179, cls_3 ,1.8374,1.0335,14881.1537,71.4424
B_crinitus,4,183, cls_3 ,0.6125,1.1125,18603.2292,63.9
B_crinitus,4,184, cls_3 ,0.1021,1,18603.176,63.9
B_crinitus,4,189, cls_3 ,1.7354,1.0769,14882.9088,71.4424
B_crinitus,4,194, cls_3 ,0.1021,1,65.6055,131.7332
B_crinitus,4,198, cls_3 ,1.225,1.1167,18602.668,63.9
B_crinitus,4,206, cls_3 ,0.1021,1,18605.047,63.9
B_crinitus,4,211, cls_3 ,1.9395,1.123,117.3929,131.7332
B_crinitus,4,218, cls_3 ,0.1021,1,18601.547,63.9
B_crinitus,4,229, cls_3 ,2.2458,1.1187,18602.5572,63.9
B_crinitus,4,230, cls_3 ,14.1892,1.1905,586.9357,71.4424
B_crinitus,4,233, cls_3 ,0.2042,1.0155,14881.1585,71.4424
B_crinitus,4,248, cls_3 ,0.9187,1.1328,18604.2025,63.9
B_crinitus,4,254, cls_3 ,1.0208,1.1388,9302.1623,90.3682
B_crinitus,4,260, cls_3 ,1.5312,1.1228,5724.9505,115.1974
B_crinitus,4,265, cls_3 ,1.1229,1.1085,642.9969,204.5798
B_crinitus,4,269, cls_3 ,1.6333,1.1296,14883.1897,71.4424
B_crinitus,4,274, cls_3 ,13.2704,1.2085,1021.2213,71.4424
B_crinitus,4,275, cls_3 ,0.1021,1,14883.9087,71.4424
B_crinitus,4,278, cls_3 ,0.7146,1.0631,4134.9864,135.5524
B_crinitus,4,280, cls_3 ,3.9811,1.069,14882.1928,71.4424
B_crinitus,4,281, cls_3 ,0.6125,1.0465,282.4779,162.9137
B_crinitus,4,283, cls_3 ,0.4083,1.0537,18604.1906,63.9
B_crinitus,4,286, cls_3 ,0.1021,1,1155.4713,63.9
B_crinitus,4,287, cls_3 ,0.1021,1,905.8622,63.9
B_crinitus,4,288, cls_3 ,0.6125,1.0819,149.9498,63.9
B_crinitus,4,291, cls_3 ,0.1021,1,173.3205,63.9
B_crinitus,4,294, cls_3 ,1.327,1.1073,448.5033,101.0348
B_crinitus,4,300, cls_3 ,2.4499,1.1412,4657.341,127.8
B_crinitus,4,301, cls_3 ,0.9187,1.063,4657.2954,63.9
B_crinitus,4,302, cls_3 ,2.8582,1.1513,211.9227,95.85
B_crinitus,4,303, cls_3 ,4.5936,1.1371,18607.2164,63.9
B_crinitus,4,306, cls_3 ,16.3328,1.1263,4378.5719,131.7332
B_crinitus,4,308, cls_3 ,0.9187,1.0889,18601.2243,63.9
B_crinitus,4,310, cls_3 ,2.4499,1.0843,14883.8612,63.9
B_crinitus,4,318, cls_3 ,3.3686,1.1492,2199.8536,63.9
B_crinitus,4,319, cls_3 ,1.5312,1.1372,371.0982,95.85
B_crinitus,4,334, cls_3 ,0.2042,1.0155,3726.863,71.4424
B_crinitus,4,336, cls_3 ,0.7146,1.0283,840.3241,63.9
B_crinitus,4,337, cls_3 ,0.4083,1.0537,14897.9519,63.9
B_crinitus,4,340, cls_3 ,2.3478,1.1904,8283.1416,63.9
B_crinitus,4,343, cls_3 ,2.2458,1.1187,18603.174,63.9
B_crinitus,4,345, cls_3 ,0.3062,1.0914,263.769,71.4424
B_crinitus,4,348, cls_3 ,0.1021,1,18612.7389,63.9
B_crinitus,4,354, cls_3 ,0.4083,1.1346,18608.0069,63.9
B_crinitus,4,355, cls_3 ,0.6125,1.0819,1097.3638,180.7365
B_crinitus,4,362, cls_3 ,0.3062,1.0358,86.0042,225.9206
B_crinitus,4,366, cls_3 ,33.4823,1.1597,9329.1313,71.4424
B_crinitus,4,367, cls_3 ,0.4083,1.0975,190.4022,225.9206
B_crinitus,4,371, cls_3 ,117.2902,1.2212,18654.8574,63.9
B_crinitus,4,373, cls_3 ,0.3062,1.0358,2977.5676,159.75
B_crinitus,4,376, cls_3 ,1.9395,1.1099,2978.4738,71.4424
B_crinitus,4,379, cls_3 ,1.0208,1.0509,481.6995,186.2989
B_crinitus,4,384, cls_3 ,0.4083,1.0537,3723.582,95.85
B_crinitus,4,390, cls_3 ,0.1021,1,14881.599,71.4424
B_crinitus,4,394, cls_3 ,0.9187,1.1328,2567.5882,95.85
B_crinitus,4,395, cls_3 ,0.4083,1.0537,341.5167,71.4424
B_crinitus,4,401, cls_3 ,0.5104,1.0261,736.5819,63.9
B_crinitus,4,403, cls_3 ,4.3895,1.0968,115.3675,63.9
B_crinitus,4,406, cls_3 ,2.1437,1.054,8316.1601,71.4424
B_crinitus,4,410, cls_3 ,4.0832,1.1428,492.2164,63.9
B_crinitus,4,411, cls_3 ,3.4707,1.1743,14881.4215,71.4424
B_crinitus,4,414, cls_3 ,33.7886,1.2048,162.7621,71.4424
B_crinitus,4,421, cls_3 ,0.6125,1.0047,18616.6119,63.9
B_crinitus,4,423, cls_3 ,3.3686,1.0635,81.9481,63.9
B_crinitus,4,430, cls_3 ,0.5104,1.0688,37.6892,90.3682
B_crinitus,4,434, cls_3 ,0.1021,1,14882.8526,71.4424
B_crinitus,4,435, cls_3 ,0.5104,1.0688,18601.7595,63.9
B_crinitus,4,439, cls_3 ,0.5104,1.0688,36.9447,63.9
B_crinitus,4,440, cls_3 ,0.4083,1.0537,9305.7329,71.4424
B_crinitus,4,442, cls_3 ,1.8374,1.0335,7441.1224,101.0348
B_crinitus,4,446, cls_3 ,1.6333,1.0657,66.9365,101.0348
B_crinitus,4,447, cls_3 ,2.9603,1.0366,2190.6994,63.9
B_crinitus,4,450, cls_3 ,0.6125,1.0819,9308.7982,63.9
B_crinitus,4,456, cls_3 ,13.8829,1.1596,97.3202,63.9
B_crinitus,4,458, cls_3 ,1.225,1.0982,69.6493,63.9
B_crinitus,4,459, cls_3 ,0.3062,1.0914,2189.5206,63.9
B_crinitus,4,460, cls_3 ,0.1021,1,4684.5521,127.8
B_crinitus,4,468, cls_3 ,0.1021,1,88.5584,127.8
B_crinitus,4,471, cls_3 ,0.1021,1,4135.1025,63.9
B_crinitus,4,476, cls_3 ,0.1021,1,289.8224,71.4424
B_crinitus,4,488, cls_3 ,16.4349,1.1737,9447.2762,90.3682
B_crinitus,4,491, cls_3 ,0.5104,1.0688,64.5414,230.3947
B_crinitus,4,492, cls_3 ,0.3062,1.0914,18601.6328,63.9
B_crinitus,4,495, cls_3 ,1.4291,1.0805,88.2027,71.4424
B_crinitus,4,496, cls_3 ,0.7146,1.0932,8273.6448,95.85
B_crinitus,4,507, cls_3 ,18.4765,1.1323,5725.0748,71.4424
B_crinitus,4,508, cls_3 ,0.1021,1,9314.7885,90.3682
B_crinitus,4,516, cls_3 ,0.7146,1.0631,68.5541,63.9
B_crinitus,4,517, cls_3 ,4.8999,1.1093,7441.741,101.0348
B_crinitus,4,521, cls_3 ,1.6333,1.1001,605.9159,135.5524
B_crinitus,4,527, cls_3 ,1.225,1.1167,14882.0125,71.4424
B_crinitus,4,530, cls_3 ,1.1229,1.0402,18602.4821,63.9
B_crinitus,4,535, cls_3 ,0.1021,1,609.0207,71.4424
B_crinitus,4,540, cls_3 ,4.1853,1.1721,2871.7643,95.85
B_crinitus,4,544, cls_3 ,2.8582,1.1141,326.8143,63.9
B_crinitus,4,549, cls_3 ,0.8166,1.1031,32.0486,71.4424
B_crinitus,4,552, cls_3 ,0.1021,1,84.7218,71.4424
B_crinitus,4,553, cls_3 ,1.5312,1.0311,27.7715,63.9
B_crinitus,4,554, cls_3 ,1.5312,1.1075,4653.86,71.4424
B_crinitus,4,560, cls_3 ,0.2042,1.0155,112.4159,90.3682
B_crinitus,4,561, cls_3 ,0.1021,1,315.4481,63.9
B_crinitus,4,568, cls_3 ,0.1021,1,99.9332,90.3682
B_crinitus,4,569, cls_3 ,1.7354,1.0933,87.5186,90.3682
B_crinitus,4,570, cls_3 ,12.8621,1.1699,185.3701,90.3682
B_crinitus,4,571, cls_3 ,0.1021,1,22.8295,71.4424
B_crinitus,4,572, cls_3 ,0.6125,1.1125,23.1831,63.9
B_crinitus,4,573, cls_3 ,0.1021,1,7444.2475,71.4424
B_crinitus,4,575, cls_3 ,0.4083,1.0975,4651.719,127.8
B_crinitus,4,576, cls_3 ,0.7146,1.0283,18612.9634,63.9
B_crinitus,4,577, cls_3 ,2.4499,1.1311,30.1124,63.9
B_crinitus,4,583, cls_3 ,3.9811,1.131,7446.4722,63.9
B_crinitus,4,585, cls_3 ,0.5104,1.0688,14881.2554,71.4424
B_crinitus,4,586, cls_3 ,0.8166,1.167,8267.9783,95.85
B_crinitus,4,587, cls_3 ,2.7562,1.0844,651.9845,95.85
B_crinitus,4,589, cls_3 ,0.2042,1.0909,25.1935,63.9
B_crinitus,4,590, cls_3 ,6.2269,1.1658,1068.8917,63.9
B_crinitus,4,591, cls_3 ,0.6125,1.0819,5724.0131,115.1974
B_crinitus,4,596, cls_3 ,3.0624,1.1817,44.7036,63.9
B_crinitus,4,601, cls_3 ,1.6333,1.1001,710.543,131.7332
B_crinitus,4,602, cls_3 ,1.1229,1.088,59.3608,127.8
B_crinitus,4,605, cls_3 ,0.5104,1.105,32.9374,63.9
B_crinitus,4,615, cls_3 ,1.0208,1.0509,18604.7818,63.9
B_crinitus,4,616, cls_3 ,17.864,1.185,64.3261,95.85
B_crinitus,4,617, cls_3 ,11.0247,1.2364,118.2179,63.9
B_crinitus,4,626, cls_3 ,0.4083,1.0975,50.7408,131.7332
B_crinitus,4,631, cls_3 ,1.9395,1.123,74.0602,90.3682
B_crinitus,4,633, cls_3 ,11.5351,1.1433,168.9365,63.9
B_crinitus,4,634, cls_3 ,33.1761,1.2018,67.4405,63.9
B_crinitus,4,636, cls_3 ,1.225,1.0306,18601.257,63.9
B_crinitus,4,639, cls_3 ,0.1021,1,14882.1822,71.4424
B_crinitus,4,640, cls_3 ,2.7562,1.0583,18606.622,63.9
B_crinitus,4,648, cls_3 ,11.433,1.1953,405.5511,71.4424
B_crinitus,4,650, cls_3 ,0.2042,1.0155,49.8155,90.3682
B_crinitus,4,657, cls_3 ,0.4083,1.1346,103.6117,63.9
B_crinitus,4,659, cls_3 ,35.4218,1.2291,181.8369,63.9
B_crinitus,4,665, cls_3 ,0.7146,1.1197,49.8816,71.4424
B_crinitus,4,666, cls_3 ,0.1021,1,18601.3143,63.9
B_crinitus,4,667, cls_3 ,1.327,1.0467,14882.2727,71.4424
B_crinitus,4,669, cls_3 ,0.4083,1.0537,18601.3606,63.9
B_crinitus,4,680, cls_3 ,0.3062,1.0358,56.0001,71.4424
B_crinitus,4,681, cls_3 ,0.3062,1.0914,38.2529,115.1974
B_crinitus,4,682, cls_3 ,1.4291,1.0386,112.6177,63.9
B_crinitus,4,685, cls_3 ,16.537,1.1635,72.2819,90.3682
B_crinitus,4,688, cls_3 ,0.3062,1.0358,14882.8775,63.9
B_crinitus,4,691, cls_3 ,0.7146,1.0283,4134.7838,63.9
B_crinitus,4,700, cls_3 ,0.4083,1.0975,9300.9153,90.3682
B_crinitus,4,701, cls_3 ,0.3062,1.0358,14881.1576,71.4424
B_crinitus,4,704, cls_3 ,0.6125,1.0047,621.1035,135.5524
B_crinitus,4,706, cls_3 ,3.777,1.1367,4381.1776,131.7332
B_crinitus,4,709, cls_3 ,0.1021,1,3723.9109,63.9
B_crinitus,4,711, cls_3 ,0.7146,1.0932,332.1617,135.5524
B_crinitus,4,712, cls_3 ,3.2666,1.0667,28.295,135.5524
B_crinitus,4,713, cls_3 ,1.327,1.1398,8271.4925,95.85
B_crinitus,4,714, cls_3 ,0.8166,1.0473,18605.7086,63.9
B_crinitus,4,716, cls_3 ,53.8984,1.2632,118.9957,63.9
B_crinitus,4,717, cls_3 ,1.1229,1.0402,2192.5625,63.9
B_crinitus,4,718, cls_3 ,1.1229,1.0402,21.2354,90.3682
B_crinitus,4,720, cls_3 ,0.7146,1.0631,83.0743,90.3682
B_crinitus,4,721, cls_3 ,0.5104,1.0688,99.1162,63.9
B_crinitus,4,726, cls_3 ,0.8166,1.0473,7444.6151,101.0348
B_crinitus,4,727, cls_3 ,2.6541,1.0319,203.1913,63.9
B_crinitus,4,728, cls_3 ,10.3101,1.1866,21.5528,90.3682
B_crinitus,4,730, cls_3 ,2.8582,1.068,4652.0721,90.3682
B_crinitus,4,731, cls_3 ,0.3062,1.0914,28.6526,71.4424
B_crinitus,4,737, cls_3 ,1.225,1.078,33.2438,71.4424
B_crinitus,4,739, cls_3 ,1.8374,1.1292,8271.7671,95.85
B_crinitus,4,740, cls_3 ,1.4291,1.0987,5735.2594,115.1974
B_crinitus,4,741, cls_3 ,1.6333,1.0243,193.7603,71.4424
B_crinitus,4,744, cls_3 ,9.4935,1.1478,22.9222,90.3682
B_crinitus,4,748, cls_3 ,1.9395,1.0809,13.8739,135.5524
B_crinitus,4,750, cls_3 ,19.4973,1.1038,1828.4411,71.4424
B_crinitus,4,756, cls_3 ,0.3062,1.0358,18601.4445,63.9
B_crinitus,4,757, cls_3 ,0.9187,1.063,1863.9379,202.0695
B_crinitus,4,758, cls_3 ,0.5104,1.0688,149.3925,63.9
B_crinitus,4,759, cls_3 ,1.6333,1.1429,14929.6679,63.9
B_crinitus,4,762, cls_3 ,5.9207,1.0828,14968.9348,71.4424
B_crinitus,4,767, cls_3 ,3.2666,1.1365,8279.3818,63.9
B_crinitus,4,772, cls_3 ,175.3739,1.2599,2994.9738,63.9
B_crinitus,4,773, cls_3 ,1.4291,1.0987,60.4268,90.3682
B_crinitus,4,784, cls_3 ,1.1229,1.088,113.8731,115.1974
B_crinitus,4,785, cls_3 ,2.4499,1.056,19.2197,90.3682
B_crinitus,4,789, cls_3 ,0.1021,1,14881.6646,71.4424
B_crinitus,4,794, cls_3 ,0.2042,1.0155,2981.8474,159.75
B_crinitus,4,795, cls_3 ,4.5936,1.116,27.1053,63.9
B_crinitus,4,796, cls_3 ,0.1021,1,2979.3401,71.4424
B_crinitus,4,797, cls_3 ,3.3686,1.1639,152.1804,127.8
B_crinitus,4,798, cls_3 ,2.4499,1.0229,380.0434,127.8
B_crinitus,4,799, cls_3 ,0.1021,1,61.6809,101.0348
B_crinitus,4,801, cls_3 ,1.327,1.089,18601.5223,63.9
B_crinitus,4,805, cls_3 ,0.5104,1.1362,69.6876,115.1974
B_crinitus,4,806, cls_3 ,1.0208,1.1199,17.7797,71.4424
B_crinitus,4,810, cls_3 ,0.1021,1,29.1832,71.4424
B_crinitus,4,812, cls_3 ,0.2042,1.0155,23.0344,95.85
B_crinitus,4,813, cls_3 ,0.3062,1.0358,26.3714,63.9
B_crinitus,4,815, cls_3 ,0.5104,1.0688,32.0706,71.4424
B_crinitus,4,816, cls_3 ,17.4557,1.1509,7.8586,63.9
B_crinitus,4,817, cls_3 ,0.2042,1.0909,49.8915,63.9
B_crinitus,4,819, cls_3 ,0.1021,1,117.8835,71.4424
B_crinitus,4,820, cls_3 ,0.4083,1,134.4987,95.85
B_crinitus,4,821, cls_3 ,0.2042,1.0155,142.017,63.9
B_crinitus,4,822, cls_3 ,0.6125,1.1125,101.6948,71.4424
B_crinitus,4,823, cls_3 ,1.327,1.1398,39.4266,63.9
B_crinitus,4,831, cls_3 ,0.3062,1.0358,29.2164,63.9
B_crinitus,4,832, cls_3 ,0.3062,1.0358,48.1609,63.9
B_crinitus,4,841, cls_3 ,1.4291,1.0805,52.9677,159.75
B_crinitus,4,846, cls_3 ,11.2288,1.1388,211.055,101.0348
B_crinitus,4,855, cls_3 ,8.5747,1.1935,27.4757,63.9
B_crinitus,4,856, cls_3 ,4.2874,1.2375,10.3731,63.9
B_crinitus,4,861, cls_3 ,1.7354,1.0933,84.4894,194.3443
B_crinitus,4,864, cls_3 ,0.1021,1,17.6308,63.9
B_crinitus,4,868, cls_3 ,1.1229,1.0402,508.351,63.9
B_crinitus,4,870, cls_3 ,0.8166,1.0473,33.423,63.9
B_crinitus,4,874, cls_3 ,0.7146,1.0932,549.4076,63.9
B_crinitus,4,875, cls_3 ,190.9921,1.2837,131.3092,63.9
B_crinitus,4,877, cls_3 ,3.879,1.1008,12.8024,172.056
B_crinitus,4,887, cls_3 ,0.7146,1.0932,413.2425,63.9
B_crinitus,4,890, cls_3 ,0.8166,1.1477,69.1522,159.75
B_crinitus,4,898, cls_3 ,0.1021,1,18601.4826,63.9
B_crinitus,4,901, cls_3 ,0.2042,1.0155,12.0493,63.9
B_crinitus,4,910, cls_3 ,0.4083,1.0537,8.4048,63.9
B_crinitus,4,916, cls_3 ,0.2042,1.0155,73.1714,225.9206
B_crinitus,4,917, cls_3 ,0.7146,1.0932,6.1145,101.0348
B_crinitus,4,929, cls_3 ,0.1021,1,9.8229,272.9809
B_crinitus,4,931, cls_3 ,0.8166,1.1031,374.1341,71.4424
B_crinitus,4,939, cls_3 ,4.5936,1.156,2862.693,162.9137
B_crinitus,4,940, cls_3 ,0.2042,1.0155,483.5794,63.9
B_crinitus,4,947, cls_3 ,5.6144,1.1096,15.9386,71.4424
B_crinitus,4,948, cls_3 ,1.327,1.1398,18601.3787,63.9
B_crinitus,4,949, cls_3 ,12.5559,1.1047,18601.4619,63.9
B_crinitus,4,950, cls_3 ,0.2042,1.0155,18601.5984,63.9
B_crinitus,4,956, cls_3 ,10.5143,1.1903,47.5822,71.4424
B_crinitus,4,958, cls_3 ,0.1021,1,384.5486,63.9
B_crinitus,4,960, cls_3 ,0.1021,1,23.9792,63.9
B_crinitus,4,962, cls_3 ,1.7354,1.1226,34.4252,63.9
B_crinitus,4,963, cls_3 ,0.2042,1.0155,477.941,63.9
B_crinitus,4,967, cls_3 ,98.7116,1.2246,57.1416,63.9
B_crinitus,4,973, cls_3 ,1.0208,1.1388,18.7045,63.9
B_crinitus,4,974, cls_3 ,0.3062,1.0358,385.9899,71.4424
B_crinitus,4,976, cls_3 ,6.7373,1.1219,2977.2253,159.75
B_crinitus,4,979, cls_3 ,0.6125,1.1395,266.5585,63.9
B_crinitus,4,980, cls_3 ,0.7146,1.0932,31.9374,71.4424
B_crinitus,4,982, cls_3 ,0.5104,1.0261,467.6778,71.4424
B_crinitus,4,984, cls_3 ,0.9187,1.0338,1432.5654,63.9
B_crinitus,4,986, cls_3 ,0.1021,1,687.092,63.9
B_crinitus,4,990, cls_3 ,0.6125,1.0819,8268.0126,95.85
B_crinitus,4,991, cls_3 ,7.8602,1.0697,393.396,63.9
B_crinitus,4,1000, cls_3 ,0.1021,1,70.1415,63.9
B_crinitus,4,1002, cls_3 ,1.1229,1.1085,68.7752,63.9
B_crinitus,4,1004, cls_3 ,6.2269,1.1057,105.7928,63.9
B_crinitus,4,1005, cls_3 ,0.6125,1.0819,33.9084,90.3682
B_crinitus,4,1012, cls_3 ,0.1021,1,266.2874,63.9
B_crinitus,4,1013, cls_3 ,4.5936,1.0835,199.831,71.4424
B_crinitus,4,1014, cls_3 ,0.4083,1.0537,18601.7676,63.9
B_crinitus,4,1018, cls_3 ,34.6052,1.206,263.0671,63.9
B_crinitus,4,1019, cls_3 ,1.5312,1.0909,192.5147,63.9
B_crinitus,4,1020, cls_3 ,1.327,1.1073,9301.2464,90.3682
B_crinitus,4,1024, cls_3 ,1.4291,1.0805,9301.9359,90.3682
B_crinitus,4,1025, cls_3 ,0.8166,1.0473,740.8924,127.8
B_crinitus,4,1027, cls_3 ,11.0247,1.199,285.3426,90.3682
B_crinitus,4,1028, cls_3 ,2.2458,1.1511,588.0979,71.4424
B_crinitus,4,1035, cls_3 ,0.5104,1.0688,239.1627,63.9
B_crinitus,4,1036, cls_3 ,0.8166,1.0473,4390.7643,71.4424
B_crinitus,4,1040, cls_3 ,0.9187,1.0338,14881.4863,71.4424
B_crinitus,4,1041, cls_3 ,0.4083,1,289.2646,63.9
B_crinitus,4,1042, cls_3 ,5.7165,1.1444,14901.5907,71.4424
B_crinitus,4,1043, cls_3 ,0.1021,1,52.5157,90.3682
B_crinitus,4,1044, cls_3 ,1.4291,1.1309,403.4906,115.1974
B_crinitus,4,1046, cls_3 ,0.6125,1.1125,150.9948,180.7365
B_crinitus,4,1047, cls_3 ,0.1021,1,77.5339,71.4424
B_crinitus,4,1051, cls_3 ,14.2912,1.1568,101.9537,71.4424
B_crinitus,4,1052, cls_3 ,22.5597,1.1833,18606.2971,63.9
B_crinitus,4,1056, cls_3 ,0.1021,1,18602.4968,63.9
B_crinitus,4,1061, cls_3 ,0.3062,1.0358,36.0956,202.0695
B_crinitus,4,1068, cls_3 ,1.225,1.0982,26.7617,63.9
B_crinitus,4,1069, cls_3 ,0.2042,1.0155,18.5256,131.7332
B_crinitus,4,1071, cls_3 ,0.4083,1.0975,15.8155,71.4424
B_crinitus,4,1073, cls_3 ,0.9187,1.1519,14.8722,63.9
B_crinitus,4,1074, cls_3 ,1.327,1.0689,71.2827,172.056
B_crinitus,4,1076, cls_3 ,2.552,1.0663,42.4637,90.3682
B_crinitus,4,1077, cls_3 ,0.1021,1,19.9978,71.4424
B_crinitus,4,1080, cls_3 ,0.2042,1.0909,15.459,71.4424
B_crinitus,4,1081, cls_3 ,1.8374,1.0869,176.2632,658.6661
B_crinitus,4,1083, cls_3 ,0.2042,1.0155,33.7491,90.3682
B_crinitus,4,1085, cls_3 ,3.1645,1.07,86.8913,223.65
B_crinitus,4,1087, cls_3 ,0.3062,1.0358,29.7949,101.0348
B_crinitus,4,1088, cls_3 ,1.1229,1.088,42.8782,223.65
B_crinitus,4,1093, cls_3 ,46.9569,1.2238,1284.8661,115.1974
B_crinitus,4,1094, cls_3 ,1.4291,1.0606,4412.7901,115.1974
B_crinitus,4,1097, cls_3 ,4.2874,1.0813,2567.6292,63.9
B_crinitus,4,1100, cls_3 ,2.8582,1.1336,3721.7397,142.8847
B_crinitus,4,1101, cls_3 ,0.1021,1,755.8393,63.9
B_crinitus,4,1108, cls_3 ,13.985,1.1314,171.0035,71.4424
B_crinitus,4,1110, cls_3 ,0.8166,1.1031,7441.5116,101.0348
B_crinitus,4,1111, cls_3 ,7.0435,1.1335,5725.6254,115.1974
B_crinitus,4,1114, cls_3 ,0.5104,1.0261,239.7901,127.8
B_crinitus,4,1116, cls_3 ,0.1021,1,18601.7076,63.9
B_crinitus,4,1117, cls_3 ,1.7354,1.059,74.2674,71.4424
B_crinitus,4,1120, cls_3 ,0.4083,1.0975,1163.9472,255.6
B_crinitus,4,1127, cls_3 ,0.1021,1,1489.5211,225.9206
B_crinitus,4,1128, cls_3 ,2.7562,1.1376,306.0413,272.9809
B_crinitus,4,1129, cls_3 ,0.6125,1.0465,233.7848,180.7365
B_crinitus,4,1133, cls_3 ,0.1021,1,55.3456,223.65
B_crinitus,4,1134, cls_3 ,1.5312,1.0728,18601.8842,63.9
B_crinitus,4,1137, cls_3 ,7.4519,1.1471,8.713,95.85
B_crinitus,4,1138, cls_3 ,0.4083,1.0975,2.9237,642.1871
B_crinitus,4,1139, cls_3 ,3.1645,1.07,13.007,95.85
B_crinitus,4,1140, cls_3 ,0.8166,1.0769,7.9236,159.75
B_crinitus,4,1141, cls_3 ,4.8999,1.0485,5.9002,257.5891
B_crinitus,4,1142, cls_3 ,1.327,1.1543,3.0758,314.671
B_crinitus,4,1143, cls_3 ,0.7146,1.0631,7.5993,568.8536
B_crinitus,4,1144, cls_3 ,0.8166,1.0473,5.5462,95.85
B_crinitus,4,1145, cls_3 ,2.552,1.1806,3.6634,71.4424
B_crinitus,4,1146, cls_3 ,2.552,1.1046,6.4678,294.5644
B_crinitus,4,1147, cls_3 ,0.8166,1.1031,5.6931,497.0254
B_crinitus,4,1148, cls_3 ,1.5312,1.0728,12.6053,204.5798
B_crinitus,4,1150, cls_3 ,0.1021,1,6.3402,95.85
B_crinitus,4,1151, cls_3 ,0.1021,1,8.4651,71.4424
B_crinitus,4,1152, cls_3 ,1.327,1.0689,12.1024,159.75
B_crinitus,4,1153, cls_3 ,0.2042,1.0155,5.4048,71.4424
B_crinitus,4,1154, cls_3 ,3.9811,1.1069,6.2881,63.9
B_crinitus,4,1155, cls_3 ,0.6125,1.1125,13.9815,63.9
B_crinitus,4,1156, cls_3 ,24.9076,1.1873,89.8547,63.9
B_crinitus,4,1157, cls_3 ,0.9187,1.063,12.3905,159.75
B_crinitus,4,1158, cls_3 ,1.9395,1.0471,6.7677,294.5644
B_crinitus,4,1159, cls_3 ,1.7354,1.1815,71.9171,63.9
B_crinitus,4,1160, cls_3 ,0.9187,1.0338,36.9114,90.3682
B_crinitus,4,1161, cls_3 ,8.5747,1.1902,8.0653,71.4424
B_crinitus,4,1164, cls_3 ,78.908,1.2032,228.3012,63.9
B_crinitus,4,1166, cls_3 ,3.9811,1.0792,14.4144,63.9
B_crinitus,4,1167, cls_3 ,4.3895,1.0968,7.1524,90.3682
B_crinitus,4,1168, cls_3 ,5.5123,1.159,10.8681,272.9809
B_crinitus,4,1169, cls_3 ,9.4935,1.1627,12.7514,115.1974
B_crinitus,4,1170, cls_3 ,0.9187,1.063,26.1769,71.4424
B_crinitus,4,1171, cls_3 ,1.1229,1.088,7.8252,351.45
B_crinitus,4,1172, cls_3 ,1.7354,1.059,14.7708,186.2989
B_crinitus,4,1173, cls_3 ,1.0208,1.022,16.4159,63.9
B_crinitus,4,1174, cls_3 ,0.4083,1.0975,9.7487,71.4424
B_crinitus,4,1175, cls_3 ,0.9187,1.0338,5.8415,913.7923
B_crinitus,4,1176, cls_3 ,0.1021,1,11.9057,71.4424
B_crinitus,4,1177, cls_3 ,1.327,1.0689,9.6298,71.4424
B_crinitus,4,1178, cls_3 ,1.5312,1.207,5.9194,520.1083
B_crinitus,4,1179, cls_3 ,1.8374,1.0529,9.9988,328.9454
B_crinitus,4,1180, cls_3 ,2.2458,1.1609,27.897,71.4424
B_crinitus,4,1181, cls_3 ,0.2042,1.0155,161.973,71.4424
B_crinitus,4,1182, cls_3 ,0.8166,1.0473,10.5433,202.0695
B_crinitus,4,1183, cls_3 ,1.1229,1.1085,7.8278,131.7332
B_crinitus,4,1184, cls_3 ,9.3914,1.0894,16.7758,71.4424
B_crinitus,4,1185, cls_3 ,1.5312,1.0909,14.2719,159.75
B_crinitus,4,1186, cls_3 ,0.4083,1,24.2735,63.9
B_crinitus,4,1187, cls_3 ,0.6125,1.1125,7.8005,373.9652
B_crinitus,4,1188, cls_3 ,3.3686,1.0965,37.6532,63.9
B_crinitus,4,1189, cls_3 ,2.4499,1.0706,5.8151,913.7923
B_crinitus,4,1190, cls_3 ,0.7146,1.0283,21.5095,90.3682
B_crinitus,4,1191, cls_3 ,1.5312,1.1075,11.4013,339.6332
B_crinitus,4,1192, cls_3 ,2.6541,1.1322,22.2962,95.85
B_crinitus,4,1193, cls_3 ,2.0416,1.0903,11.9814,404.1391
B_crinitus,4,1194, cls_3 ,1.4291,1.014,8.3771,131.7332
B_crinitus,4,1195, cls_3 ,1.225,1.1337,7.7887,535.5796
B_crinitus,4,1196, cls_3 ,6.2269,1.1611,19.7677,63.9
B_crinitus,4,1197, cls_3 ,3.1645,1.07,10.775,516.168
B_crinitus,4,1198, cls_3 ,1.6333,1.0836,3.8722,429.8433
B_crinitus,4,1199, cls_3 ,2.2458,1.1066,27.9403,63.9
B_crinitus,4,1200, cls_3 ,0.1021,1,22.8322,71.4424
B_crinitus,4,1202, cls_3 ,4.2874,1.1376,38.7405,159.75
B_crinitus,4,1203, cls_3 ,3.2666,1.2117,33.7653,63.9
B_crinitus,4,1204, cls_3 ,0.8166,1.1031,95.162,71.4424
B_crinitus,4,1205, cls_3 ,42.0571,1.2239,333.5081,63.9
B_crinitus,4,1206, cls_3 ,0.1021,1,204.6938,63.9
B_crinitus,4,1207, cls_3 ,0.1021,1,20.5947,63.9
B_crinitus,4,1208, cls_3 ,78.806,1.2111,223.8614,63.9
B_crinitus,4,1211, cls_3 ,0.8166,1.0473,20.7316,63.9
B_crinitus,4,1215, cls_3 ,0.6125,1.0047,3.3857,429.8433
B_crinitus,4,1217, cls_3 ,1.0208,1.0509,37.3592,202.0695
B_crinitus,4,1219, cls_3 ,0.1021,1,102.8109,63.9
B_crinitus,4,1222, cls_3 ,1.327,1.1543,137.9852,63.9
B_crinitus,4,1224, cls_3 ,257.5485,1.2977,817.6585,63.9
B_crinitus,4,1225, cls_3 ,2.0416,1.1518,13.554,232.5995
B_crinitus,4,1227, cls_3 ,1.4291,1.0606,3.0143,225.9206
B_crinitus,4,1228, cls_3 ,1.1229,1.0654,3.3117,225.9206
B_crinitus,4,1229, cls_3 ,0.5104,1.0688,19.8722,135.5524
B_crinitus,4,1230, cls_3 ,12.4538,1.1175,36.0289,101.0348
B_crinitus,4,1231, cls_3 ,2.1437,1.0366,3.7593,960.6276
B_crinitus,4,1232, cls_3 ,11.5351,1.1501,31.6279,63.9
B_crinitus,4,1233, cls_3 ,0.6125,1.0819,215.0104,63.9
B_crinitus,4,1234, cls_3 ,1.7354,1.0179,637.6964,63.9
B_crinitus,4,1236, cls_3 ,3.879,1.0716,51.4068,95.85
B_crinitus,4,1237, cls_3 ,1.0208,1.022,9.5667,683.7599
B_crinitus,4,1238, cls_3 ,2.9603,1.0366,44.2491,63.9
B_crinitus,4,1239, cls_3 ,3.3686,1.1492,7.0707,789.1068
B_crinitus,4,1240, cls_3 ,1.1229,1.0115,8.6757,214.3271
B_crinitus,4,1241, cls_3 ,0.1021,1,649.7205,63.9
B_crinitus,4,1243, cls_3 ,0.1021,1,164.6478,71.4424
B_crinitus,4,1244, cls_3 ,2.1437,1.1117,78.8355,63.9
B_crinitus,4,1245, cls_3 ,14.9037,1.1527,647.3672,63.9
B_crinitus,4,1246, cls_3 ,5.3082,1.0507,16.8884,135.5524
B_crinitus,4,1248, cls_3 ,3.4707,1.1214,11.4325,115.1974
B_crinitus,4,1249, cls_3 ,3.5728,1.0904,56.5549,63.9
B_crinitus,4,1250, cls_3 ,2.9603,1.0887,227.7163,63.9
B_crinitus,4,1251, cls_3 ,6.0227,1.1155,11.6652,115.1974
B_crinitus,4,1253, cls_3 ,247.1363,1.2719,1601.1347,63.9
B_crinitus,4,1254, cls_3 ,0.8166,1.1031,13.1707,257.5891
B_crinitus,4,1255, cls_3 ,10.8205,1.0761,18.9696,135.5524
B_crinitus,4,1256, cls_3 ,0.8166,1.0769,9.491,614.5705
B_crinitus,4,1258, cls_3 ,4.4915,1.0944,44.4086,63.9
B_crinitus,4,1259, cls_3 ,0.1021,1,206.5806,63.9
B_crinitus,4,1260, cls_3 ,1.4291,1.0987,40.5279,63.9
B_crinitus,4,1261, cls_3 ,2.7562,1.0844,995.9553,63.9
B_crinitus,4,1264, cls_3 ,1.327,1.0689,18.568,159.75
B_crinitus,4,1265, cls_3 ,7.4519,1.1226,157.707,95.85
B_crinitus,4,1266, cls_3 ,2.9603,1.0509,27.4287,159.75
B_crinitus,4,1267, cls_3 ,1.1229,1.088,85.2209,180.7365
B_crinitus,4,1268, cls_3 ,0.4083,1.0537,639.7677,63.9
B_crinitus,4,1270, cls_3 ,1.327,1.0467,292.8942,71.4424
B_crinitus,4,1271, cls_3 ,0.1021,1,525.6307,63.9
B_crinitus,4,1272, cls_3 ,1.9395,1.096,11.2853,90.3682
B_crinitus,4,1273, cls_3 ,0.1021,1,115.1927,71.4424
B_crinitus,4,1274, cls_3 ,2.9603,1.0509,108.187,162.9137
B_crinitus,4,1275, cls_3 ,1.327,1.089,60.8758,303.1043
B_crinitus,4,1277, cls_3 ,4.4915,1.0766,7.8152,90.3682
B_crinitus,4,1278, cls_3 ,3080.4757,1.3289,451.9283,63.9
B_crinitus,4,1279, cls_3 ,2.3478,1.1017,9.8723,159.75
B_crinitus,4,1280, cls_3 ,0.8166,1.0473,107.1423,159.75
B_crinitus,4,1283, cls_3 ,1.327,1.0689,170.7383,135.5524
B_crinitus,4,1285, cls_3 ,1.1229,1.0402,523.4312,71.4424
B_crinitus,4,1288, cls_3 ,1.7354,1.059,65.2487,454.0948
B_crinitus,4,1290, cls_3 ,3.6749,1.1065,3029.5283,63.9
B_crinitus,4,1291, cls_3 ,2.4499,1.0843,145.8575,135.5524
B_crinitus,4,1293, cls_3 ,0.6125,1.0819,11.2579,159.75
B_crinitus,4,1295, cls_3 ,36.6468,1.1812,653.5971,63.9
B_crinitus,4,1296, cls_3 ,3.777,1.1124,9.9246,386.0533
B_crinitus,4,1297, cls_3 ,0.1021,1,8.0754,71.4424
B_crinitus,4,1299, cls_3 ,1.8374,1.116,4.6085,71.4424
B_crinitus,4,1300, cls_3 ,0.5104,1.0261,9.2488,71.4424
B_crinitus,4,1301, cls_3 ,0.7146,1.0283,269.3656,63.9
B_crinitus,4,1302, cls_3 ,2.2458,1.0651,294.7736,101.0348
B_crinitus,4,1305, cls_3 ,1.1229,1.0654,107.0501,63.9
B_crinitus,4,1307, cls_3 ,0.1021,1,9.5576,71.4424
B_crinitus,4,1308, cls_3 ,1.327,1.0689,521.8527,243.324
B_crinitus,4,1310, cls_3 ,1.5312,1.1075,89.675,186.2989
B_crinitus,4,1311, cls_3 ,1.1229,1.1085,352.0381,63.9
B_crinitus,4,1313, cls_3 ,1.9395,1.0471,22.8026,214.3271
B_crinitus,4,1314, cls_3 ,0.1021,1,3018.9466,101.0348
B_crinitus,4,1318, cls_3 ,5.0019,1.1072,12.3469,303.1043
B_crinitus,4,1322, cls_3 ,1.5312,1.0909,7.5767,303.1043
B_crinitus,4,1323, cls_3 ,4.7978,1.1325,55.3646,71.4424
B_crinitus,4,1325, cls_3 ,1.327,1.089,63.6403,135.5524
B_crinitus,4,1326, cls_3 ,8.2685,1.1805,53.9441,71.4424
B_crinitus,4,1327, cls_3 ,0.6125,1.1125,63.2719,159.75
B_crinitus,4,1328, cls_3 ,1.4291,1.0606,15.5013,457.4544
B_crinitus,4,1330, cls_3 ,1.5312,1.053,20.9416,186.2989
B_crinitus,4,1332, cls_3 ,1.4291,1.0386,37.8312,287.55
B_crinitus,4,1334, cls_3 ,4.6957,1.1476,541.5273,90.3682
B_crinitus,4,1336, cls_3 ,2.6541,1.0319,123.3281,135.5524
B_crinitus,4,1337, cls_3 ,76.5602,1.1882,708.2708,63.9
B_crinitus,4,1338, cls_3 ,0.1021,1,18.4678,115.1974
B_crinitus,4,1339, cls_3 ,2.0416,1.0754,20.1677,115.1974
B_crinitus,4,1342, cls_3 ,1.9395,1.0471,69.3913,90.3682
B_crinitus,4,1343, cls_3 ,11.3309,1.1102,164.495,90.3682
B_crinitus,4,1344, cls_3 ,14.3933,1.096,1538.4519,90.3682
B_crinitus,4,1347, cls_3 ,7.3498,1.1132,232.4988,63.9
B_crinitus,4,1349, cls_3 ,3.3686,1.1246,21.2668,101.0348
B_crinitus,4,1352, cls_3 ,1.5312,1.1075,22.069,127.8
B_crinitus,4,1355, cls_3 ,22.4577,1.1923,171.5071,63.9
B_crinitus,4,1359, cls_3 ,3.4707,1.083,37.5533,95.85
B_crinitus,4,1361, cls_3 ,1.225,1.078,722.399,71.4424
B_crinitus,4,1362, cls_3 ,0.1021,1,198.6433,71.4424
B_crinitus,4,1364, cls_3 ,0.5104,1.105,31.2435,101.0348
B_crinitus,4,1365, cls_3 ,1.5312,1.1075,19.3081,115.1974
B_crinitus,4,1366, cls_3 ,2.7562,1.1281,28.0266,95.85
B_crinitus,4,1367, cls_3 ,1.9395,1.1353,510.8097,249.5375
B_crinitus,4,1372, cls_3 ,6.5331,1.1193,5.4391,249.5375
B_crinitus,4,1373, cls_3 ,2.0416,1.1518,158.3677,294.5644
B_crinitus,4,1374, cls_3 ,4.1853,1.147,223.0267,95.85
B_crinitus,4,1375, cls_3 ,1.0208,1.0509,131.1463,115.1974
B_crinitus,4,1376, cls_3 ,0.8166,1.0473,3774.7385,71.4424
B_crinitus,4,1379, cls_3 ,0.1021,1,7553.0791,63.9
B_crinitus,4,1382, cls_3 ,0.6125,1.0465,2324.7661,71.4424
B_crinitus,4,1383, cls_3 ,1.6333,1.0836,42.5214,339.6332
B_crinitus,4,1385, cls_3 ,22.866,1.1922,907.853,63.9
B_crinitus,4,1386, cls_3 ,0.9187,1.112,9.7265,172.056
B_crinitus,4,1390, cls_3 ,1.0208,1.0993,6037.1663,71.4424
B_crinitus,4,1392, cls_3 ,1.0208,1.0993,7545.0346,63.9
B_crinitus,4,1394, cls_3 ,2.4499,1.109,5.0486,249.5375
B_crinitus,4,1395, cls_3 ,2.7562,1.0963,8.5492,172.056
B_crinitus,4,1397, cls_3 ,1.8374,1.0335,945.9851,180.7365
B_crinitus,4,1400, cls_3 ,0.1021,1,7550.0458,63.9
B_crinitus,4,1401, cls_3 ,0.2042,1.0909,6047.073,71.4424
B_crinitus,4,1409, cls_3 ,2.0416,1.1042,6096.1259,63.9
B_crinitus,4,1415, cls_3 ,0.3062,1.0358,573.1409,202.0695
B_crinitus,4,1419, cls_3 ,1.5312,1.0728,7545.4808,63.9
B_crinitus,4,1420, cls_3 ,1.225,1.0306,7547.6395,63.9
B_crinitus,4,1422, cls_3 ,1.5312,1.1075,620.579,223.65
B_crinitus,4,1423, cls_3 ,1.225,1.0306,15.8721,722.946
B_crinitus,4,1424, cls_3 ,0.7146,1.0283,2.1222,971.7213
B_crinitus,4,1427, cls_3 ,2.6541,1.0758,83.3206,614.5705
B_crinitus,4,1434, cls_3 ,1.327,1.0689,7550.6091,63.9
B_crinitus,4,1440, cls_3 ,22.9681,1.1983,7547.3469,63.9
B_crinitus,4,1445, cls_3 ,2.3478,1.1017,6.384,505.1739
B_crinitus,4,1446, cls_3 ,12.8621,1.1395,58.7296,63.9
B_crinitus,4,1447, cls_3 ,6.6352,1.1344,620.5237,63.9
B_crinitus,4,1452, cls_3 ,18.6807,1.168,7565.1406,63.9
B_crinitus,4,1453, cls_3 ,0.6125,1.0465,115.514,63.9
B_crinitus,4,1456, cls_3 ,11.5351,1.1467,17.347,71.4424
B_crinitus,4,1458, cls_3 ,0.4083,1.0537,650.22,71.4424
B_crinitus,4,1460, cls_3 ,3.0624,1.1598,2.7475,762.1264
B_crinitus,4,1462, cls_3 ,0.1021,1,39.6211,71.4424
B_crinitus,4,1463, cls_3 ,6.5331,1.1697,501.3378,115.1974
B_crinitus,4,1466, cls_3 ,3.3686,1.1063,55.6979,159.75
B_crinitus,4,1471, cls_3 ,1.225,1.0306,388.0826,127.8
B_crinitus,4,1472, cls_3 ,0.9187,1.112,9.4869,95.85
B_crinitus,4,1474, cls_3 ,2.1437,1.0701,9.1314,95.85
B_crinitus,4,1476, cls_3 ,1.1229,1.088,6042.8219,71.4424
B_crinitus,4,1477, cls_3 ,0.5104,1.0688,27.2067,115.1974
B_crinitus,4,1478, cls_3 ,2.3478,1.1137,7.8043,115.1974
B_crinitus,4,1480, cls_3 ,47.6715,1.2077,3778.5668,90.3682
B_crinitus,4,1481, cls_3 ,1.6333,1.0836,35.3617,271.1047
B_crinitus,4,1482, cls_3 ,1.0208,1.0764,3.8318,388.6885
B_crinitus,4,1483, cls_3 ,0.4083,1.0537,7546.3179,63.9
B_crinitus,4,1484, cls_3 ,1.225,1.0556,115.0971,162.9137
B_crinitus,4,1486, cls_3 ,1.1229,1.0654,28.2118,202.0695
B_crinitus,4,1487, cls_3 ,0.5104,1.105,1.7711,1435.9739
B_crinitus,4,1490, cls_3 ,0.3062,1.0358,8.0183,63.9
B_crinitus,4,1491, cls_3 ,0.6125,1.0465,6.8314,63.9
B_crinitus,4,1494, cls_3 ,1.8374,1.0869,66.9525,162.9137
B_crinitus,4,1498, cls_3 ,4.0832,1.0766,7549.4988,63.9
B_crinitus,4,1499, cls_3 ,1.8374,1.0706,6041.498,71.4424
B_crinitus,4,1500, cls_3 ,12.4538,1.1731,758.6757,186.2989
B_crinitus,4,1501, cls_3 ,2.0416,1.172,28.3671,186.2989
B_crinitus,4,1503, cls_3 ,1.1229,1.0654,6.3381,321.0935
B_crinitus,4,1506, cls_3 ,0.7146,1.0283,4.4327,243.324
B_crinitus,4,1507, cls_3 ,9.3914,1.184,21.0526,63.9
B_crinitus,4,1508, cls_3 ,1.9395,1.0809,6039.6589,71.4424
B_crinitus,4,1509, cls_3 ,0.7146,1.0631,10.0311,257.5891
B_crinitus,4,1510, cls_3 ,1.5312,1.053,7547.989,63.9
B_crinitus,4,1511, cls_3 ,2.0416,1.0903,7549.8865,63.9
B_crinitus,4,1513, cls_3 ,1.327,1.0467,6040.3984,71.4424
B_crinitus,4,1514, cls_3 ,0.6125,1.0819,5.8913,243.324
B_crinitus,4,1517, cls_3 ,0.5104,1.105,36.1388,63.9
B_crinitus,4,1519, cls_3 ,1.225,1.0556,631.9336,142.8847
B_crinitus,4,1521, cls_3 ,1.1229,1.1271,124.3191,294.5644
B_crinitus,4,1522, cls_3 ,1.5312,1.0728,144.5802,63.9
B_crinitus,4,1523, cls_3 ,1.5312,1.0311,102.9071,63.9
B_crinitus,4,1524, cls_3 ,4.1853,1.0741,14.6257,90.3682
B_crinitus,4,1525, cls_3 ,0.6125,1.0465,16.163,90.3682
B_crinitus,4,1526, cls_3 ,29.3991,1.1301,9.0255,63.9
B_crinitus,4,1527, cls_3 ,1.327,1.1242,3773.7649,90.3682
B_crinitus,4,1529, cls_3 ,0.4083,1.0537,7545.8747,63.9
B_crinitus,4,1530, cls_3 ,7.3498,1.1017,319.6251,63.9
B_crinitus,4,1531, cls_3 ,13.6788,1.161,7547.6912,63.9
B_crinitus,4,1532, cls_3 ,27.8679,1.2109,7567.4305,63.9
B_crinitus,4,1533, cls_3 ,2.0416,1.0592,522.7928,243.324
B_crinitus,4,1534, cls_3 ,0.7146,1.0283,6049.9961,71.4424
B_crinitus,4,1535, cls_3 ,1.6333,1.1001,6037.1199,71.4424
B_crinitus,4,1536, cls_3 ,2.6541,1.0758,53.4426,172.056
B_crinitus,4,1537, cls_3 ,0.7146,1.0283,76.0249,63.9
B_crinitus,4,1538, cls_3 ,0.6125,1.0819,26.1651,115.1974
B_crinitus,4,1541, cls_3 ,2.6541,1.0758,6036.8549,71.4424
B_crinitus,4,1542, cls_3 ,1.0208,1.0509,108.7836,172.056
B_crinitus,4,1544, cls_3 ,3.777,1.0943,11.3401,172.056
B_crinitus,4,1545, cls_3 ,4.0832,1.0557,32.7407,71.4424
B_crinitus,4,1547, cls_3 ,2.7562,1.0583,416.4713,272.9809
B_crinitus,4,1548, cls_3 ,1.4291,1.0987,10.4318,172.056
B_crinitus,4,1549, cls_3 ,1.6333,1.0657,4.3055,223.65
B_crinitus,4,1550, cls_3 ,0.6125,1.0819,10.7142,172.056
B_crinitus,4,1552, cls_3 ,2.8582,1.0924,16.7177,255.6
B_crinitus,4,1556, cls_3 ,2.6541,1.1418,34.0739,71.4424
B_crinitus,4,1557, cls_3 ,0.9187,1.063,1746.2088,63.9
B_crinitus,4,1558, cls_3 ,7.4519,1.1984,32.1167,429.8433
B_crinitus,4,1560, cls_3 ,3.6749,1.0874,309.2694,63.9
B_crinitus,4,1562, cls_3 ,1.8374,1.0706,1051.1713,63.9
B_crinitus,4,1566, cls_3 ,4.6957,1.128,43.0061,71.4424
B_crinitus,4,1567, cls_3 ,2.0416,1.0754,8.4975,101.0348
B_crinitus,4,1569, cls_3 ,0.8166,1.1265,58.2553,386.0533
B_crinitus,4,1570, cls_3 ,0.1021,1,6036.3735,71.4424
B_crinitus,4,1575, cls_3 ,2.3478,1.0604,7548.0187,63.9
B_crinitus,4,1576, cls_3 ,0.6125,1.0465,9.0852,101.0348
B_crinitus,4,1577, cls_3 ,3.5728,1.1094,6.4614,135.5524
B_crinitus,4,1580, cls_3 ,10.3101,1.1775,74.3197,71.4424
B_crinitus,4,1581, cls_3 ,10.3101,1.1712,16.4039,186.2989
B_crinitus,4,1589, cls_3 ,2.552,1.0359,79.9975,90.3682
B_crinitus,4,1593, cls_3 ,2.7562,1.0718,452.9862,63.9
B_crinitus,4,1595, cls_3 ,2.9603,1.0509,275.9446,63.9
B_crinitus,4,1596, cls_3 ,2.3478,1.0445,33.9756,115.1974
B_crinitus,4,1601, cls_3 ,2.552,1.0926,69.3067,71.4424
B_crinitus,4,1604, cls_3 ,0.9187,1.063,605.5926,225.9206
B_crinitus,4,1605, cls_3 ,5.0019,1.1469,36.9235,115.1974
B_crinitus,4,1612, cls_3 ,0.8166,1.0473,7545.6394,63.9
B_crinitus,4,1613, cls_3 ,12.2496,1.1602,906.7679,63.9
B_crinitus,4,1614, cls_3 ,0.6125,1.0819,6044.1985,71.4424
B_crinitus,4,1615, cls_3 ,0.3062,1.0914,7545.7765,63.9
B_crinitus,4,1616, cls_3 ,0.3062,1.0358,943.7274,180.7365
B_crinitus,4,1618, cls_3 ,2.8582,1.1241,36.2289,191.7
B_crinitus,4,1619, cls_3 ,0.9187,1.0338,119.4805,63.9
B_crinitus,4,1621, cls_3 ,1.9395,1.096,7545.6224,63.9
B_crinitus,4,1622, cls_3 ,5.7165,1.0618,100.2672,63.9
B_crinitus,4,1623, cls_3 ,0.7146,1.0932,3772.8808,90.3682
B_crinitus,4,1624, cls_3 ,1.8374,1.0335,357.957,159.75
B_crinitus,4,1625, cls_3 ,0.6125,1.0465,6036.9701,71.4424
B_crinitus,4,1626, cls_3 ,0.1021,1,101.9792,159.75
B_crinitus,4,1627, cls_3 ,1.7354,1.059,235.4066,115.1974
B_crinitus,4,1628, cls_3 ,2.2458,1.0937,7545.4108,63.9
B_crinitus,4,1629, cls_3 ,1.225,1.0306,117.7141,63.9
B_crinitus,4,1630, cls_3 ,3.0624,1.1519,150.8973,63.9
B_crinitus,4,1631, cls_3 ,27.5617,1.2081,120.6049,63.9
B_crinitus,4,1632, cls_3 ,0.8166,1.0473,82.7283,115.1974
B_crinitus,4,1633, cls_3 ,0.3062,1.0358,148.9291,63.9
B_crinitus,4,1635, cls_3 ,0.1021,1,122.7676,63.9
B_crinitus,4,1636, cls_3 ,0.4083,1.0975,177.0397,71.4424
B_crinitus,4,1637, cls_3 ,6.4311,1.1376,108.3656,63.9
B_crinitus,4,1638, cls_3 ,2.0416,1.0225,81.3712,243.324
B_crinitus,4,1639, cls_3 ,0.2042,1.0155,124.4345,71.4424
B_crinitus,4,1641, cls_3 ,0.8166,1.1477,72.7022,142.8847
B_crinitus,4,1642, cls_3 ,2.0416,1.0754,63.0445,249.5375
B_crinitus,4,17, cls_2 ,0.1021,1,36.8858,71.4424
B_crinitus,4,18, cls_2 ,18.6807,1.2087,0.7076,71.4424
B_crinitus,4,30, cls_2 ,3.1645,1.1031,0.5542,285.7695
B_crinitus,4,33, cls_2 ,1.0208,1.0764,0.8581,287.55
B_crinitus,4,51, cls_2 ,0.8166,1.0473,2.7183,63.9
B_crinitus,4,55, cls_2 ,0.8166,1.0473,2.8828,63.9
B_crinitus,4,61, cls_2 ,0.1021,1,2.8223,63.9
B_crinitus,4,69, cls_2 ,0.8166,1.0131,0.69,159.75
B_crinitus,4,73, cls_2 ,39.403,1.1784,3.251,63.9
B_crinitus,4,77, cls_2 ,1.0208,1.0764,96.677,63.9
B_crinitus,4,82, cls_2 ,0.3062,1.0914,0.0331,2988.4781
B_crinitus,4,104, cls_2 ,0.3062,1.0358,0.6895,101.0348
B_crinitus,4,111, cls_2 ,0.5104,1.0261,0.4805,101.0348
B_crinitus,4,126, cls_2 ,1.5312,1.1228,3.1686,386.0533
B_crinitus,4,142, cls_2 ,8.0643,1.0984,7.0509,63.9
B_crinitus,4,154, cls_2 ,4.7978,1.1325,3.2352,95.85
B_crinitus,4,170, cls_2 ,1.0208,1.022,31.6562,63.9
B_crinitus,4,174, cls_2 ,1.0208,1.0764,0.9339,294.5644
B_crinitus,4,177, cls_2 ,2.6541,1.1116,9.8052,90.3682
B_crinitus,4,180, cls_2 ,3.777,1.1513,6.567,63.9
B_crinitus,4,181, cls_2 ,0.9187,1.0338,10.0363,90.3682
B_crinitus,4,186, cls_2 ,0.9187,1.063,0.2143,499.075
B_crinitus,4,190, cls_2 ,2.552,1.0799,0.7108,294.5644
B_crinitus,4,217, cls_2 ,0.7146,1.0283,0.2895,499.075
B_crinitus,4,244, cls_2 ,0.6125,1.0819,2.0375,90.3682
B_crinitus,4,246, cls_2 ,1.7354,1.1482,0.5548,95.85
B_crinitus,4,247, cls_2 ,0.1021,1,2.3482,95.85
B_crinitus,4,252, cls_2 ,1.1229,1.088,7.38,71.4424
B_crinitus,4,256, cls_2 ,1.8374,1.0706,0.5383,71.4424
B_crinitus,4,261, cls_2 ,3.2666,1.1744,2.4523,71.4424
B_crinitus,4,263, cls_2 ,0.1021,1,3.9579,71.4424
B_crinitus,4,271, cls_2 ,0.1021,1,1.9595,101.0348
B_crinitus,4,273, cls_2 ,0.8166,1.0769,0.0371,2329.7225
B_crinitus,4,289, cls_2 ,1.6333,1.0243,0.2205,990.45
B_crinitus,4,305, cls_2 ,3.1645,1.1637,24.2291,63.9
B_crinitus,4,311, cls_2 ,1.5312,1.1075,0.3807,230.3947
B_crinitus,4,313, cls_2 ,7.2477,1.097,0.2073,620.3568
B_crinitus,4,316, cls_2 ,23.6826,1.1274,9.2322,90.3682
B_crinitus,4,333, cls_2 ,1.0208,1.0993,0.4715,230.3947
B_crinitus,4,347, cls_2 ,0.1021,1,37.8964,63.9
B_crinitus,4,349, cls_2 ,1.8374,1.1292,9.6408,159.75
B_crinitus,4,361, cls_2 ,4.4915,1.0857,28.9716,71.4424
B_crinitus,4,364, cls_2 ,1.225,1.0556,12.8041,71.4424
B_crinitus,4,381, cls_2 ,1.1229,1.0402,2.718,71.4424
B_crinitus,4,386, cls_2 ,1.327,1.0467,2.2988,71.4424
B_crinitus,4,398, cls_2 ,1.4291,1.0386,0.6215,632.5777
B_crinitus,4,422, cls_2 ,2.8582,1.0545,1.6835,127.8
B_crinitus,4,424, cls_2 ,1.7354,1.0933,0.1332,445.012
B_crinitus,4,427, cls_2 ,0.7146,1.0631,2.899,127.8
B_crinitus,4,449, cls_2 ,0.4083,1,1.2615,223.65
B_crinitus,4,473, cls_2 ,1.1229,1.1443,0.7174,186.2989
B_crinitus,4,501, cls_2 ,2.0416,1.1172,0.4145,186.2989
B_crinitus,4,502, cls_2 ,0.9187,1.0338,0.6362,90.3682
B_crinitus,4,506, cls_2 ,3.0624,1.1066,0.3159,566.1554
B_crinitus,4,511, cls_2 ,0.4083,1.0975,1.2168,90.3682
B_crinitus,4,515, cls_2 ,1.9395,1.0647,0.3111,971.7213
B_crinitus,4,630, cls_2 ,11.6371,1.1526,0.2899,115.1974
B_crinitus,4,654, cls_2 ,0.1021,1,9.1402,71.4424
B_crinitus,4,663, cls_2 ,0.1021,1,3.8713,71.4424
B_crinitus,4,676, cls_2 ,0.1021,1,2.1199,71.4424
B_crinitus,4,707, cls_2 ,1.327,1.0689,0.1115,1606.7388
B_crinitus,4,753, cls_2 ,0.3062,1.0358,1.8638,63.9
B_crinitus,4,763, cls_2 ,0.6125,1.0465,1.1267,63.9
B_crinitus,4,791, cls_2 ,1.0208,1.0509,0.3371,344.112
B_crinitus,4,854, cls_2 ,1.0208,1.1561,0.1348,483.4912
B_crinitus,4,859, cls_2 ,1.225,1.0306,0.1437,483.4912
B_crinitus,4,871, cls_2 ,23.7847,1.1246,0.0609,1242.7688
B_crinitus,4,1149, cls_2 ,0.7146,1.0283,0.0114,2435.7554
B_crinitus,4,1221, cls_2 ,1.6333,1.0657,0.008,2435.7554
B_crinitus,4,1493, cls_2 ,0.9187,1.0338,0.0386,400.3324
B_crinitus,4,1502, cls_2 ,0.6125,1.1125,0.0151,894.6
B_crinitus,4,1504, cls_2 ,0.5104,1.0688,0.0675,400.3324
B_crinitus,4,40, cls_4 ,0.8166,1.0473,0.677,287.55
B_crinitus,4,41, cls_4 ,1.0208,1.0509,1.2273,131.7332
B_crinitus,4,42, cls_4 ,4.7978,1.0605,0.2483,460.7895
B_crinitus,4,52, cls_4 ,2.0416,1.0754,0.6427,131.7332
B_crinitus,4,57, cls_4 ,2.1437,1.1117,1.8851,95.85
B_crinitus,4,60, cls_4 ,1.1229,1.0402,3.3604,95.85
B_crinitus,4,66, cls_4 ,0.7146,1.0631,0.3109,316.2889
B_crinitus,4,68, cls_4 ,5.7165,1.127,0.3532,274.8443
B_crinitus,4,71, cls_4 ,1.0208,1.0993,1.7656,135.5524
B_crinitus,4,85, cls_4 ,2.552,1.1046,0.1341,316.2889
B_crinitus,4,112, cls_4 ,0.6125,1.0819,0.1458,959.0324
B_crinitus,4,115, cls_4 ,1.7354,1.0395,0.1113,959.0324
B_crinitus,4,137, cls_4 ,0.7146,1.0283,0.0852,1348.3506
B_crinitus,4,156, cls_4 ,3.1645,1.14,0.531,115.1974
B_crinitus,4,160, cls_4 ,0.4083,1.1346,3.1694,90.3682
B_crinitus,4,171, cls_4 ,0.1021,1,1.8116,90.3682
B_crinitus,4,178, cls_4 ,0.6125,1.0465,1.3277,95.85
B_crinitus,4,197, cls_4 ,4.8999,1.068,0.0927,1784.9159
B_crinitus,4,224, cls_4 ,0.4083,1.0537,0.1145,589.1289
B_crinitus,4,242, cls_4 ,3.4707,1.1032,0.2471,1092.8581
B_crinitus,4,251, cls_4 ,0.6125,1.0465,0.1385,589.1289
B_crinitus,4,285, cls_4 ,1.0208,1.0764,33.5025,63.9
B_crinitus,4,290, cls_4 ,0.9187,1.0889,0.2198,404.1391
B_crinitus,4,298, cls_4 ,13.5767,1.1501,5.0813,63.9
B_crinitus,4,309, cls_4 ,1.4291,1.0606,0.1148,1268.3788
B_crinitus,4,315, cls_4 ,0.8166,1.1031,15.1185,95.85
B_crinitus,4,328, cls_4 ,0.9187,1.0338,1.6295,95.85
B_crinitus,4,332, cls_4 ,0.7146,1.0932,26.9441,71.4424
B_crinitus,4,344, cls_4 ,1.225,1.0306,2.6513,63.9
B_crinitus,4,353, cls_4 ,0.6125,1.0819,3.3319,63.9
B_crinitus,4,358, cls_4 ,1.225,1.0306,0.1139,1272.3965
B_crinitus,4,391, cls_4 ,0.1021,1,1.4754,71.4424
B_crinitus,4,396, cls_4 ,1.225,1.0556,0.1795,426.2662
B_crinitus,4,397, cls_4 ,1.9395,1.0471,0.2804,162.9137
B_crinitus,4,400, cls_4 ,0.3062,1.0358,0.8775,71.4424
B_crinitus,4,415, cls_4 ,1.225,1.0556,0.2718,352.8993
B_crinitus,4,425, cls_4 ,0.5104,1.0688,0.323,1229.141
B_crinitus,4,433, cls_4 ,2.7562,1.1075,1.8419,95.85
B_crinitus,4,438, cls_4 ,0.9187,1.063,0.2084,426.2662
B_crinitus,4,457, cls_4 ,2.552,1.1046,0.1692,352.8993
B_crinitus,4,462, cls_4 ,2.552,1.1462,14.4745,142.8847
B_crinitus,4,465, cls_4 ,0.8166,1.0473,0.3003,512.1975
B_crinitus,4,470, cls_4 ,3.1645,1.0817,1.1612,364.286
B_crinitus,4,479, cls_4 ,28.4804,1.1613,7.763,63.9
B_crinitus,4,481, cls_4 ,1.5312,1.0311,3.1734,95.85
B_crinitus,4,487, cls_4 ,1.5312,1.053,0.2162,714.4237
B_crinitus,4,522, cls_4 ,3.9811,1.0582,0.8168,646.9382
B_crinitus,4,523, cls_4 ,4.1853,1.1402,1.3948,364.286
B_crinitus,4,533, cls_4 ,1.5312,1.0728,0.1527,939.6777
B_crinitus,4,551, cls_4 ,1.5312,1.0728,2.5042,95.85
B_crinitus,4,555, cls_4 ,1.9395,1.1353,71.3785,63.9
B_crinitus,4,556, cls_4 ,8.2685,1.096,0.7591,400.3324
B_crinitus,4,566, cls_4 ,2.1437,1.1117,1.8317,95.85
B_crinitus,4,578, cls_4 ,2.4499,1.0843,12.547,162.9137
B_crinitus,4,579, cls_4 ,1.8374,1.0529,0.5038,257.5891
B_crinitus,4,584, cls_4 ,2.1437,1.0988,1.8039,285.7695
B_crinitus,4,598, cls_4 ,0.4083,1.0975,2.5854,285.7695
B_crinitus,4,611, cls_4 ,0.6125,1.1395,4.3785,71.4424
B_crinitus,4,621, cls_4 ,1.8374,1.0335,1.8256,71.4424
B_crinitus,4,625, cls_4 ,2.0416,1.0903,0.5384,172.056
B_crinitus,4,645, cls_4 ,2.9603,1.0887,4.836,287.55
B_crinitus,4,647, cls_4 ,0.7146,1.0932,0.6983,319.5
B_crinitus,4,649, cls_4 ,5.2061,1.1427,0.423,319.5
B_crinitus,4,652, cls_4 ,0.2042,1.0155,0.3198,629.342
B_crinitus,4,655, cls_4 ,32.8698,1.166,1.0696,287.55
B_crinitus,4,664, cls_4 ,1.1229,1.0402,0.8613,172.056
B_crinitus,4,671, cls_4 ,5.2061,1.0877,2.1647,180.7365
B_crinitus,4,692, cls_4 ,5.3082,1.1153,2.0798,180.7365
B_crinitus,4,698, cls_4 ,1.8374,1.0706,0.9281,162.9137
B_crinitus,4,705, cls_4 ,1.8374,1.0706,0.958,162.9137
B_crinitus,4,715, cls_4 ,1.4291,1.1154,0.2201,724.3566
B_crinitus,4,752, cls_4 ,2.552,1.1159,0.396,858.4983
B_crinitus,4,766, cls_4 ,1.7354,1.059,0.2424,526.9329
B_crinitus,4,783, cls_4 ,1.327,1.0467,0.2942,526.9329
B_crinitus,4,787, cls_4 ,0.9187,1.0889,0.1311,1656.7854
B_crinitus,4,792, cls_4 ,3.1645,1.1314,0.293,434.567
B_crinitus,4,827, cls_4 ,0.3062,1.0914,3.237,63.9
B_crinitus,4,829, cls_4 ,0.1021,1,2.4984,63.9
B_crinitus,4,834, cls_4 ,0.8166,1.0473,0.939,63.9
B_crinitus,4,837, cls_4 ,0.3062,1.0914,0.5394,159.75
B_crinitus,4,839, cls_4 ,1.1229,1.1602,3.1384,63.9
B_crinitus,4,845, cls_4 ,0.7146,1.0283,0.2231,1036.7763
B_crinitus,4,852, cls_4 ,0.4083,1.0537,0.4846,159.75
B_crinitus,4,857, cls_4 ,0.8166,1.0769,1.2184,214.3271
B_crinitus,4,867, cls_4 ,4.2874,1.0395,0.8467,142.8847
B_crinitus,4,876, cls_4 ,3.3686,1.1567,0.5794,214.3271
B_crinitus,4,884, cls_4 ,13.6788,1.1336,0.225,714.4237
B_crinitus,4,897, cls_4 ,0.6125,1.1125,1.172,373.9652
B_crinitus,4,903, cls_4 ,0.4083,1.0537,0.1613,1304.0924
B_crinitus,4,925, cls_4 ,1.9395,1.1099,6.262,142.8847
B_crinitus,4,926, cls_4 ,12.2496,1.1266,1.5387,142.8847
B_crinitus,4,930, cls_4 ,2.0416,1.0754,0.3506,357.2119
B_crinitus,4,933, cls_4 ,0.6125,1.0465,0.3971,714.4237
B_crinitus,4,944, cls_4 ,1.1229,1.0402,0.3996,357.2119
B_crinitus,4,955, cls_4 ,5.7165,1.1498,2.3447,127.8
B_crinitus,4,966, cls_4 ,1.1229,1.0402,2.4598,159.75
B_crinitus,4,969, cls_4 ,0.8166,1.0473,5.1644,127.8
B_crinitus,4,970, cls_4 ,0.6125,1.0465,0.5445,415.35
B_crinitus,4,977, cls_4 ,3.1645,1.07,0.3183,415.35
B_crinitus,4,992, cls_4 ,0.8166,1.0473,0.2736,319.5
B_crinitus,4,993, cls_4 ,0.5104,1.105,4.2311,271.1047
B_crinitus,4,999, cls_4 ,1.6333,1.046,1.3715,434.567
B_crinitus,4,1003, cls_4 ,1.1229,1.1085,0.2343,319.5
B_crinitus,4,1008, cls_4 ,25.9284,1.1555,1.8447,63.9
B_crinitus,4,1010, cls_4 ,1.0208,1.0764,4.4468,257.5891
B_crinitus,4,1022, cls_4 ,1.327,1.1073,1.3788,95.85
B_crinitus,4,1026, cls_4 ,0.4083,1,2.7511,95.85
B_crinitus,4,1031, cls_4 ,4.7978,1.0505,1.9974,400.3324
B_crinitus,4,1045, cls_4 ,5.4103,1.1445,0.7004,71.4424
B_crinitus,4,1049, cls_4 ,1.5312,1.0728,0.1743,806.3815
B_crinitus,4,1053, cls_4 ,0.3062,1.0914,63.7952,63.9
B_crinitus,4,1063, cls_4 ,1.6333,1.0657,1.1771,159.75
B_crinitus,4,1065, cls_4 ,0.1021,1,11.0249,71.4424
B_crinitus,4,1070, cls_4 ,2.0416,1.0592,1.458,63.9
B_crinitus,4,1072, cls_4 ,0.2042,1.0155,6.1266,63.9
B_crinitus,4,1079, cls_4 ,2.4499,1.056,0.2209,806.3815
B_crinitus,4,1086, cls_4 ,0.6125,1.0819,0.1173,1374.2215
B_crinitus,4,1095, cls_4 ,1.327,1.0689,0.1799,992.5091
B_crinitus,4,1107, cls_4 ,3.4707,1.1299,30.8941,127.8
B_crinitus,4,1109, cls_4 ,1.8374,1.0706,0.2195,683.013
B_crinitus,4,1112, cls_4 ,0.6125,1.0819,0.4891,683.013
B_crinitus,4,1113, cls_4 ,49.3048,1.1757,16.4536,63.9
B_crinitus,4,1115, cls_4 ,0.9187,1.0889,1.5236,159.75
B_crinitus,4,1118, cls_4 ,0.5104,1.105,54.009,95.85
B_crinitus,4,1121, cls_4 ,0.6125,1.0047,56.2215,95.85
B_crinitus,4,1122, cls_4 ,0.8166,1.0769,2.5359,159.75
B_crinitus,4,1131, cls_4 ,5.3082,1.0936,121.0297,63.9
B_crinitus,4,1554, cls_4 ,3.4707,1.1299,20.6459,90.3682
B_crinitus,4,1564, cls_4 ,16.8432,1.2324,4.28,90.3682
B_crinitus,4,1591, cls_4 ,0.6125,1.0047,0.7181,515.1783
B_crinitus,4,49, cls_6 ,4.6957,1.0627,34.4817,90.3682
B_crinitus,4,54, cls_6 ,27.8679,1.1633,7.0328,90.3682
B_crinitus,4,86, cls_6 ,4.4915,1.1107,3.1348,321.0935
B_crinitus,4,87, cls_6 ,0.8166,1.1265,16.5123,131.7332
B_crinitus,4,116, cls_6 ,1.327,1.0689,5.9571,127.8
B_crinitus,4,123, cls_6 ,8.0643,1.1148,2.6781,127.8
B_crinitus,4,144, cls_6 ,15.5162,1.0969,0.8362,230.3947
B_crinitus,4,166, cls_6 ,4.4915,1.0766,1.4938,319.5
B_crinitus,4,175, cls_6 ,0.6125,1.0465,3.9621,230.3947
B_crinitus,4,193, cls_6 ,0.5104,1.105,0.6368,505.1739
B_crinitus,4,202, cls_6 ,1.0208,1.0509,1.3647,95.85
B_crinitus,4,203, cls_6 ,0.8166,1.0769,1.8048,95.85
B_crinitus,4,210, cls_6 ,11.7392,1.1517,24.5896,63.9
B_crinitus,4,215, cls_6 ,3.777,1.1289,1.6842,460.7895
B_crinitus,4,221, cls_6 ,0.7146,1.0283,8.3886,127.8
B_crinitus,4,231, cls_6 ,1.4291,1.0606,0.1755,1303.7009
B_crinitus,4,235, cls_6 ,0.6125,1.0819,11.1616,115.1974
B_crinitus,4,237, cls_6 ,8.5747,1.1088,153.1649,63.9
B_crinitus,4,245, cls_6 ,1.5312,1.1506,0.1952,294.5644
B_crinitus,4,267, cls_6 ,0.9187,1.112,26.1699,159.75
B_crinitus,4,268, cls_6 ,63.2898,1.1515,19.3109,63.9
B_crinitus,4,272, cls_6 ,0.9187,1.112,0.2709,1154.1868
B_crinitus,4,279, cls_6 ,0.1021,1,0.484,204.5798
B_crinitus,4,295, cls_6 ,1.4291,1.0805,2.0996,646.9382
B_crinitus,4,297, cls_6 ,0.1021,1,0.4381,204.5798
B_crinitus,4,304, cls_6 ,1.0208,1.0993,1.0777,63.9
B_crinitus,4,307, cls_6 ,0.3062,1.0358,2.7735,63.9
B_crinitus,4,314, cls_6 ,1.5312,1.0909,0.3199,395.1997
B_crinitus,4,321, cls_6 ,0.3062,1.0358,69.7386,95.85
B_crinitus,4,326, cls_6 ,0.3062,1.0358,155.7471,63.9
B_crinitus,4,335, cls_6 ,1.1229,1.1085,1.0039,159.75
B_crinitus,4,346, cls_6 ,1.0208,1.0509,3.1,115.1974
B_crinitus,4,356, cls_6 ,2.8582,1.0806,10.5248,63.9
B_crinitus,4,374, cls_6 ,0.8166,1.0769,25.0717,159.75
B_crinitus,4,375, cls_6 ,0.5104,1.0261,3.4495,214.3271
B_crinitus,4,380, cls_6 ,3.9811,1.0582,2.8494,131.7332
B_crinitus,4,382, cls_6 ,3.777,1.0943,8.7837,63.9
B_crinitus,4,387, cls_6 ,0.7146,1.0631,1.5461,214.3271
B_crinitus,4,389, cls_6 ,0.6125,1.0465,2.9766,131.7332
B_crinitus,4,392, cls_6 ,14.9037,1.1117,0.9701,257.5891
B_crinitus,4,393, cls_6 ,0.6125,1.1855,2.4344,257.5891
B_crinitus,4,399, cls_6 ,0.2042,1.0909,0.7203,71.4424
B_crinitus,4,404, cls_6 ,1.5312,1.1075,0.3093,526.9329
B_crinitus,4,407, cls_6 ,0.1021,1,1.0577,71.4424
B_crinitus,4,408, cls_6 ,0.6125,1.0465,0.3145,101.0348
B_crinitus,4,412, cls_6 ,3.4707,1.0605,2.7719,159.75
B_crinitus,4,429, cls_6 ,2.2458,1.0492,2.3926,115.1974
B_crinitus,4,441, cls_6 ,1.8374,1.0706,1.3834,386.0533
B_crinitus,4,443, cls_6 ,7.2477,1.1146,0.5042,223.65
B_crinitus,4,448, cls_6 ,1.0208,1.0993,2.5615,115.1974
B_crinitus,4,461, cls_6 ,1.4291,1.1309,0.7239,204.5798
B_crinitus,4,466, cls_6 ,0.6125,1.0465,0.6492,515.1783
B_crinitus,4,467, cls_6 ,2.3478,1.0752,0.8354,285.7695
B_crinitus,4,485, cls_6 ,1.1229,1.088,0.6329,314.671
B_crinitus,4,489, cls_6 ,1.5312,1.0909,0.7321,204.5798
B_crinitus,4,499, cls_6 ,1.0208,1.0993,1.5903,204.5798
B_crinitus,4,519, cls_6 ,3.6749,1.1319,1.3638,101.0348
B_crinitus,4,525, cls_6 ,0.5104,1.0688,2.4678,71.4424
B_crinitus,4,532, cls_6 ,0.2042,1.0909,2.4212,71.4424
B_crinitus,4,534, cls_6 ,0.7146,1.0932,0.5839,400.3324
B_crinitus,4,538, cls_6 ,0.5104,1.0688,0.2472,1182.5817
B_crinitus,4,548, cls_6 ,0.6125,1.0465,3.9331,101.0348
B_crinitus,4,558, cls_6 ,1.1229,1.0402,2.4262,180.7365
B_crinitus,4,562, cls_6 ,1.0208,1.0993,1.7767,162.9137
B_crinitus,4,580, cls_6 ,3.1645,1.1031,5.9091,127.8
B_crinitus,4,588, cls_6 ,3.2666,1.0667,2.8393,131.7332
B_crinitus,4,595, cls_6 ,6.5331,1.1412,9.8126,71.4424
B_crinitus,4,597, cls_6 ,0.5104,1.0688,3.3326,101.0348
B_crinitus,4,608, cls_6 ,0.2042,1.0155,5.5409,131.7332
B_crinitus,4,612, cls_6 ,0.8166,1.1265,8.2357,131.7332
B_crinitus,4,613, cls_6 ,0.4083,1.0975,5.5116,63.9
B_crinitus,4,614, cls_6 ,0.1021,1,3.6277,63.9
B_crinitus,4,622, cls_6 ,2.8582,1.1426,15.2971,71.4424
B_crinitus,4,627, cls_6 ,2.552,1.1366,3.3235,131.7332
B_crinitus,4,635, cls_6 ,8.0643,1.074,3.344,131.7332
B_crinitus,4,668, cls_6 ,3.1645,1.113,2.0769,214.3271
B_crinitus,4,677, cls_6 ,0.7146,1.0631,4.5004,115.1974
B_crinitus,4,686, cls_6 ,0.6125,1.0465,4.2958,257.5891
B_crinitus,4,693, cls_6 ,17.4557,1.1953,1.8243,274.8443
B_crinitus,4,719, cls_6 ,2.7562,1.0844,0.4862,230.3947
B_crinitus,4,725, cls_6 ,2.552,1.0799,1.4184,142.8847
B_crinitus,4,729, cls_6 ,0.4083,1.0537,1.032,162.9137
B_crinitus,4,733, cls_6 ,1.0208,1.0993,2.0769,142.8847
B_crinitus,4,742, cls_6 ,0.8166,1.1031,3.9356,90.3682
B_crinitus,4,743, cls_6 ,1.225,1.1167,0.9577,230.3947
B_crinitus,4,747, cls_6 ,2.8582,1.1426,3.381,131.7332
B_crinitus,4,760, cls_6 ,1.0208,1.0509,2.7402,90.3682
B_crinitus,4,761, cls_6 ,1.327,1.0689,0.7863,364.286
B_crinitus,4,774, cls_6 ,15.7204,1.1557,0.165,714.4237
B_crinitus,4,776, cls_6 ,0.9187,1.0338,0.5103,289.3196
B_crinitus,4,803, cls_6 ,0.4083,1.0975,2.5606,63.9
B_crinitus,4,804, cls_6 ,0.8166,1.0769,1.7143,63.9
B_crinitus,4,814, cls_6 ,6.329,1.1641,0.4141,558.8967
B_crinitus,4,818, cls_6 ,2.6541,1.0884,1.1474,172.056
B_crinitus,4,824, cls_6 ,2.2458,1.1187,1.6998,115.1974
B_crinitus,4,836, cls_6 ,2.4499,1.0843,1.0643,172.056
B_crinitus,4,842, cls_6 ,1.4291,1.1154,3.2897,135.5524
B_crinitus,4,858, cls_6 ,3.0624,1.0962,1.7253,142.8847
B_crinitus,4,860, cls_6 ,1.1229,1.1085,2.8414,115.1974
B_crinitus,4,866, cls_6 ,0.8166,1.0473,2.4985,63.9
B_crinitus,4,880, cls_6 ,0.1021,1,3.5838,63.9
B_crinitus,4,882, cls_6 ,0.3062,1.0358,2.7336,142.8847
B_crinitus,4,888, cls_6 ,9.0851,1.1523,17.5348,63.9
B_crinitus,4,891, cls_6 ,5.9207,1.1407,24.0105,63.9
B_crinitus,4,892, cls_6 ,1.0208,1.0509,4.8857,63.9
B_crinitus,4,895, cls_6 ,0.1021,1,17.8503,63.9
B_crinitus,4,899, cls_6 ,0.2042,1.0155,1.3427,232.5995
B_crinitus,4,900, cls_6 ,0.8166,1.1265,0.4042,717.987
B_crinitus,4,928, cls_6 ,0.9187,1.112,3.1516,159.75
B_crinitus,4,934, cls_6 ,1.225,1.0306,18.9168,71.4424
B_crinitus,4,935, cls_6 ,2.552,1.0926,1.8798,159.75
B_crinitus,4,953, cls_6 ,2.0416,1.0417,1.6793,180.7365
B_crinitus,4,957, cls_6 ,3.1645,1.0927,2.0851,180.7365
B_crinitus,4,959, cls_6 ,1.4291,1.1454,3.7959,225.9206
B_crinitus,4,965, cls_6 ,0.2042,1.0909,4.1301,142.8847
B_crinitus,4,968, cls_6 ,3.777,1.0943,2.8213,142.8847
B_crinitus,4,981, cls_6 ,4.3895,1.0485,9.1516,127.8
B_crinitus,4,983, cls_6 ,13.5767,1.1646,8.6483,63.9
B_crinitus,4,985, cls_6 ,0.7146,1.0932,0.0937,1485.2455
B_crinitus,4,988, cls_6 ,1.5312,1.0311,5.8338,159.75
B_crinitus,4,989, cls_6 ,0.2042,1.0155,3.8304,223.65
B_crinitus,4,994, cls_6 ,12.2496,1.0984,3.402,127.8
B_crinitus,4,1009, cls_6 ,0.1021,1,4.1782,202.0695
B_crinitus,4,1034, cls_6 ,2.8582,1.0545,33.5842,63.9
B_crinitus,4,1082, cls_6 ,5.3082,1.122,0.0564,3457.8403
B_crinitus,4,1162, cls_6 ,0.5104,1.0261,0.0239,8533.2224
B_crinitus,4,1201, cls_6 ,0.8166,1.0473,0.066,1447.6559
B_crinitus,4,1216, cls_6 ,4.3895,1.0592,0.3264,63.9
B_crinitus,4,1226, cls_6 ,0.1021,1,10.8269,63.9
B_crinitus,4,1252, cls_6 ,5.0019,1.0749,0.1329,800.6647
B_crinitus,4,1286, cls_6 ,0.6125,1.1395,0.2351,800.6647
B_crinitus,4,1317, cls_6 ,1.4291,1.0606,1.7718,162.9137
B_crinitus,4,1324, cls_6 ,1.8374,1.0529,2.6126,162.9137
B_crinitus,4,1331, cls_6 ,15.5162,1.1793,13.7001,159.75
B_crinitus,4,1354, cls_6 ,32.7678,1.2053,15.6504,63.9
B_crinitus,4,1368, cls_6 ,1.6333,1.0836,4.4888,186.2989
B_crinitus,4,1378, cls_6 ,12.1475,1.1451,3.6055,63.9
B_crinitus,4,1387, cls_6 ,1.327,1.1073,5.0623,159.75
B_crinitus,4,1391, cls_6 ,0.5104,1.0688,80.7384,63.9
B_crinitus,4,1403, cls_6 ,0.1021,1,4.2707,159.75
B_crinitus,4,1412, cls_6 ,7.8602,1.1323,27.6861,115.1974
B_crinitus,4,1414, cls_6 ,0.6125,1.0819,30.2648,63.9
B_crinitus,4,1425, cls_6 ,3.0624,1.0609,26.4367,115.1974
B_crinitus,4,1449, cls_6 ,2.1437,1.054,1.8837,328.9454
B_crinitus,4,1454, cls_6 ,1.0208,1.0764,0.7748,131.7332
B_crinitus,4,1455, cls_6 ,0.1021,1,1.322,131.7332
B_crinitus,4,1459, cls_6 ,0.6125,1.0819,0.9054,225.9206
B_crinitus,4,1470, cls_6 ,3.5728,1.1268,0.4224,400.3324
B_crinitus,4,1475, cls_6 ,1.8374,1.1415,0.689,249.5375
B_crinitus,4,1489, cls_6 ,0.8166,1.0473,0.6192,249.5375
B_crinitus,4,1520, cls_6 ,0.8166,1.1031,0.0712,1786.0593
B_crinitus,4,1572, cls_6 ,0.2042,1.0155,2.7346,101.0348
B_crinitus,4,1573, cls_6 ,2.7562,1.0718,0.2494,101.0348
B_crinitus,4,1578, cls_6 ,0.5104,1.0688,0.1499,488.741
B_crinitus,4,74, cls_5 ,0.5104,1.0261,0.0005,7253.1426
B_crinitus,4,225, cls_5 ,0.5104,1.0261,0.2003,159.75
B_crinitus,4,227, cls_5 ,0.5104,1.105,0.2004,159.75
B_crinitus,4,632, cls_5 ,0.7146,1.0932,0.0015,3562.6757
B_crinitus,4,780, cls_5 ,1.5312,1.0311,0.0008,3562.6757
B_crinitus,4,1163, cls_5 ,0.6125,1.0047,3.2005,71.4424
B_crinitus,4,1165, cls_5 ,1.6333,1.0243,1.2005,71.4424
B_crinitus,4,1439, cls_5 ,0.7146,1.0631,0.0245,971.7213
B_crinitus,4,1468, cls_5 ,2.2458,1.0492,0.0085,971.7213
B_crinitus,4,1515, cls_5 ,0.7146,1.0283,0.0023,3899.9945
B_crinitus,4,1634, cls_5 ,0.5104,1.0261,0.0011,4209.2837
B_crinitus,5,1, cls_1 ,2253.2174,1.2321,1207.2995,63.9
B_crinitus,5,2, cls_1 ,0.1021,1,216.4952,63.9
B_crinitus,5,4, cls_1 ,3.6749,1.1319,2480.7074,63.9
B_crinitus,5,5, cls_1 ,0.1021,1,629.2693,71.4424
B_crinitus,5,6, cls_1 ,0.5104,1.0261,610.8545,71.4424
B_crinitus,5,7, cls_1 ,3493.3903,1.2639,1470.4791,63.9
B_crinitus,5,10, cls_1 ,0.5104,1.0261,4919.6038,71.4424
B_crinitus,5,11, cls_1 ,0.2042,1.0155,778.3305,101.0348
B_crinitus,5,12, cls_1 ,1.1229,1.1271,2466.9603,71.4424
B_crinitus,5,13, cls_1 ,0.8166,1.1265,1421.2155,115.1974
B_crinitus,5,18, cls_1 ,0.1021,1,8562.3705,63.9
B_crinitus,5,23, cls_1 ,0.5104,1.0261,8582.6285,63.9
B_crinitus,5,26, cls_1 ,0.5104,1.0688,2182.009,90.3682
B_crinitus,5,29, cls_1 ,0.7146,1.1197,3904.741,95.85
B_crinitus,5,31, cls_1 ,0.1021,1,6877.372,71.4424
B_crinitus,5,32, cls_1 ,4.1853,1.0741,5543.1822,63.9
B_crinitus,5,35, cls_1 ,1.1229,1.1271,2597.6697,135.5524
B_crinitus,5,49, cls_1 ,1.8374,1.0869,6848.6763,71.4424
B_crinitus,5,51, cls_1 ,1.8374,1.0869,6848.3178,71.4424
B_crinitus,5,63, cls_1 ,1.0208,1.0509,8559.8345,63.9
B_crinitus,5,64, cls_1 ,4.8999,1.1166,8600.3429,63.9
B_crinitus,5,67, cls_1 ,1.9395,1.123,5522.0848,63.9
B_crinitus,5,68, cls_1 ,0.7146,1.1197,5530.8515,63.9
B_crinitus,5,71, cls_1 ,1.7354,1.1084,6848.4255,71.4424
B_crinitus,5,74, cls_1 ,0.8166,1.0769,4283.3069,63.9
B_crinitus,5,75, cls_1 ,0.4083,1.0537,8561.2794,63.9
B_crinitus,5,77, cls_1 ,0.7146,1.0283,1716.0304,115.1974
B_crinitus,5,82, cls_1 ,0.2042,1.0909,6849.2558,71.4424
B_crinitus,5,83, cls_1 ,34.8094,1.0707,529.004,172.056
B_crinitus,5,84, cls_1 ,1.327,1.1242,508.9259,127.8
B_crinitus,5,85, cls_1 ,0.6125,1.0819,623.3009,191.7
B_crinitus,5,89, cls_1 ,1.0208,1.0509,4418.7445,71.4424
B_crinitus,5,91, cls_1 ,0.1021,1,6847.9337,71.4424
B_crinitus,5,92, cls_1 ,1.1229,1.0402,900.858,202.0695
B_crinitus,5,95, cls_1 ,0.6125,1.0465,2771.6928,90.3682
B_crinitus,5,96, cls_1 ,0.1021,1,4428.4547,71.4424
B_crinitus,5,98, cls_1 ,0.9187,1.112,614.1929,95.85
B_crinitus,5,99, cls_1 ,0.2042,1.0155,8574.4745,63.9
B_crinitus,5,102, cls_1 ,0.1021,1,8566.9336,63.9
B_crinitus,5,103, cls_1 ,0.7146,1.0932,8568.3184,63.9
B_crinitus,5,104, cls_1 ,2.8582,1.1426,3438.0122,101.0348
B_crinitus,5,105, cls_1 ,1.4291,1.0987,4430.649,71.4424
B_crinitus,5,107, cls_1 ,0.3062,1.0358,6854.9684,71.4424
B_crinitus,5,109, cls_1 ,1.225,1.0306,3805.483,95.85
B_crinitus,5,110, cls_1 ,0.2042,1.0155,928.236,194.3443
B_crinitus,5,111, cls_1 ,0.8166,1.0473,8589.9691,63.9
B_crinitus,5,116, cls_1 ,1.225,1.1337,4430.7309,71.4424
B_crinitus,5,121, cls_1 ,2.3478,1.1358,5521.8019,63.9
B_crinitus,5,122, cls_1 ,1.9395,1.0471,198.7091,325.8273
B_crinitus,5,130, cls_1 ,0.2042,1.0155,8559.566,63.9
B_crinitus,5,131, cls_1 ,0.6125,1.0465,4283.6739,90.3682
B_crinitus,5,137, cls_1 ,0.3062,1.0358,500.4471,71.4424
B_crinitus,5,138, cls_1 ,2.4499,1.1204,1383.5216,127.8
B_crinitus,5,143, cls_1 ,1.7354,1.0769,2218.7668,101.0348
B_crinitus,5,144, cls_1 ,0.7146,1.0631,5528.3014,63.9
B_crinitus,5,148, cls_1 ,0.1021,1,309.1086,71.4424
B_crinitus,5,149, cls_1 ,0.2042,1.0155,5523.5372,63.9
B_crinitus,5,150, cls_1 ,0.6125,1.1125,4420.1462,71.4424
B_crinitus,5,152, cls_1 ,0.9187,1.063,166.619,95.85
B_crinitus,5,154, cls_1 ,0.9187,1.063,551.6982,127.8
B_crinitus,5,158, cls_1 ,0.1021,1,4427.8454,71.4424
B_crinitus,5,159, cls_1 ,0.7146,1.0631,2026.533,131.7332
B_crinitus,5,160, cls_1 ,2.8582,1.1035,93.9867,95.85
B_crinitus,5,161, cls_1 ,1.7354,1.1599,8568.5352,63.9
B_crinitus,5,162, cls_1 ,0.5104,1.0688,2152.0991,127.8
B_crinitus,5,164, cls_1 ,4.0832,1.0863,5522.872,63.9
B_crinitus,5,166, cls_1 ,2.7562,1.0583,163.8798,135.5524
B_crinitus,5,167, cls_1 ,10.7184,1.154,2483.0309,71.4424
B_crinitus,5,169, cls_1 ,0.1021,1,3818.0254,63.9
B_crinitus,5,170, cls_1 ,0.9187,1.1328,1729.4221,71.4424
B_crinitus,5,171, cls_1 ,1.0208,1.0993,2769.1704,90.3682
B_crinitus,5,173, cls_1 ,1.327,1.1073,49.3993,319.5
B_crinitus,5,176, cls_1 ,0.5104,1.0688,237.3459,71.4424
B_crinitus,5,179, cls_1 ,1.7354,1.1226,4424.4145,71.4424
B_crinitus,5,180, cls_1 ,1.0208,1.022,252.1362,71.4424
B_crinitus,5,185, cls_1 ,0.9187,1.063,357.7662,71.4424
B_crinitus,5,186, cls_1 ,0.2042,1.0155,431.5842,71.4424
B_crinitus,5,189, cls_1 ,0.5104,1.0688,243.5879,71.4424
B_crinitus,5,193, cls_1 ,68.3938,1.1239,642.794,101.0348
B_crinitus,5,198, cls_1 ,62.1669,1.1836,418.2213,127.8
B_crinitus,5,203, cls_1 ,0.9187,1.112,93.5387,127.8
B_crinitus,5,204, cls_1 ,1.1229,1.1271,176.2885,90.3682
B_crinitus,5,207, cls_1 ,1.327,1.1073,6852.8946,63.9
B_crinitus,5,209, cls_1 ,3.879,1.1864,188.6984,90.3682
B_crinitus,5,212, cls_1 ,0.7146,1.1197,2783.5825,90.3682
B_crinitus,5,214, cls_1 ,1.5312,1.0728,183.6019,95.85
B_crinitus,5,215, cls_1 ,0.6125,1.0465,3432.4518,63.9
B_crinitus,5,217, cls_1 ,0.6125,1.0465,97.3408,131.7332
B_crinitus,5,218, cls_1 ,1.9395,1.1469,193.386,95.85
B_crinitus,5,219, cls_1 ,2.1437,1.1239,191.3725,63.9
B_crinitus,5,220, cls_1 ,6.4311,1.1479,1793.939,90.3682
B_crinitus,5,222, cls_1 ,0.1021,1,125.7222,63.9
B_crinitus,5,223, cls_1 ,1.8374,1.116,198.8825,63.9
B_crinitus,5,224, cls_1 ,0.9187,1.0338,4294.1491,90.3682
B_crinitus,5,225, cls_1 ,130.7648,1.2091,472.0679,63.9
B_crinitus,5,226, cls_1 ,0.4083,1.0537,82.5475,71.4424
B_crinitus,5,227, cls_1 ,0.7146,1.0631,399.1971,63.9
B_crinitus,5,228, cls_1 ,29.195,1.1038,2027.2079,63.9
B_crinitus,5,229, cls_1 ,8.5747,1.1802,6851.5797,71.4424
B_crinitus,5,230, cls_1 ,116.5756,1.148,367.5527,63.9
B_crinitus,5,231, cls_1 ,0.7146,1.0631,250.4064,71.4424
B_crinitus,5,232, cls_1 ,8.5747,1.0746,4461.0073,71.4424
B_crinitus,5,233, cls_1 ,0.1021,1,69.9982,71.4424
B_crinitus,5,237, cls_1 ,0.9187,1.0889,63.713,159.75
B_crinitus,5,239, cls_1 ,0.6125,1.1125,164.8772,71.4424
B_crinitus,5,240, cls_1 ,0.7146,1.0932,66.9731,71.4424
B_crinitus,5,241, cls_1 ,0.4083,1.0975,67.0769,115.1974
B_crinitus,5,242, cls_1 ,0.2042,1.0155,354.0992,63.9
B_crinitus,5,243, cls_1 ,1.9395,1.123,6920.5328,63.9
B_crinitus,5,245, cls_1 ,0.9187,1.2008,11.5823,63.9
B_crinitus,5,246, cls_1 ,6.329,1.1283,4626.2676,71.4424
B_crinitus,5,247, cls_1 ,2.9603,1.0643,57.8446,71.4424
B_crinitus,5,248, cls_1 ,2.552,1.0799,195.2304,223.65
B_crinitus,5,249, cls_1 ,2.6541,1.0319,133.9347,223.65
B_crinitus,5,251, cls_1 ,0.2042,1.0909,14.0221,63.9
B_crinitus,5,252, cls_1 ,0.2042,1.0155,9.1417,135.5524
B_crinitus,5,254, cls_1 ,0.3062,1.1369,12.2712,71.4424
B_crinitus,5,255, cls_1 ,0.5104,1.0261,6851.6106,71.4424
B_crinitus,5,256, cls_1 ,1.1229,1.0654,9.344,135.5524
B_crinitus,5,258, cls_1 ,0.4083,1.0537,388.5331,71.4424
B_crinitus,5,259, cls_1 ,1.225,1.0982,8.2638,95.85
B_crinitus,5,260, cls_1 ,0.6125,1.0819,538.759,230.3947
B_crinitus,5,262, cls_1 ,5.4103,1.0917,4399.0866,90.3682
B_crinitus,5,263, cls_1 ,4.5936,1.0548,96.3058,204.5798
B_crinitus,5,264, cls_1 ,0.3062,1.0358,141.327,95.85
B_crinitus,5,266, cls_1 ,9.7997,1.0741,240.1531,415.35
B_crinitus,5,268, cls_1 ,0.7146,1.0283,8.9141,95.85
B_crinitus,5,269, cls_1 ,0.1021,1,2641.5085,101.0348
B_crinitus,5,270, cls_1 ,2.4499,1.1601,8600.155,63.9
B_crinitus,5,271, cls_1 ,0.8166,1.0131,2076.0685,95.85
B_crinitus,5,272, cls_1 ,0.5104,1.0688,9.2999,131.7332
B_crinitus,5,273, cls_1 ,26.1325,1.1185,2863.1746,95.85
B_crinitus,5,274, cls_1 ,10.1059,1.1168,448.9501,101.0348
B_crinitus,5,275, cls_1 ,0.5104,1.0261,22.2424,63.9
B_crinitus,5,277, cls_1 ,0.9187,1.0889,6853.6264,71.4424
B_crinitus,5,278, cls_1 ,4582.9949,1.2537,1377.549,63.9
B_crinitus,5,279, cls_1 ,0.8166,1.0473,23.0071,63.9
B_crinitus,5,280, cls_1 ,60.3294,1.0822,178.1783,63.9
B_crinitus,5,281, cls_1 ,4.3895,1.0694,234.4128,101.0348
B_crinitus,5,282, cls_1 ,0.6125,1.0819,9.0516,131.7332
B_crinitus,5,284, cls_1 ,10.208,1.1518,34.9742,71.4424
B_crinitus,5,285, cls_1 ,0.7146,1.0283,20.838,71.4424
B_crinitus,5,286, cls_1 ,0.1021,1,106.0396,159.75
B_crinitus,5,288, cls_1 ,6.1248,1.0939,9008.1309,71.4424
B_crinitus,5,289, cls_1 ,0.8166,1.0473,16.0385,159.75
B_crinitus,5,290, cls_1 ,0.4083,1.1667,9.8313,186.2989
B_crinitus,5,291, cls_1 ,0.4083,1.0537,1572.219,159.75
B_crinitus,5,292, cls_1 ,0.1021,1,18.7366,71.4424
B_crinitus,5,293, cls_1 ,0.5104,1.105,1175.7433,101.0348
B_crinitus,5,294, cls_1 ,13.0663,1.0835,187.2101,135.5524
B_crinitus,5,296, cls_1 ,4.8999,1.1303,29.6982,63.9
B_crinitus,5,297, cls_1 ,0.3062,1.0358,38.2089,63.9
B_crinitus,5,300, cls_1 ,1.225,1.1778,13.6837,63.9
B_crinitus,5,301, cls_1 ,1.0208,1.0509,366.612,95.85
B_crinitus,5,302, cls_1 ,2.0416,1.0754,584.0927,101.0348
B_crinitus,5,306, cls_1 ,0.3062,1.0358,36.3658,63.9
B_crinitus,5,307, cls_1 ,1.5312,1.1506,33.4332,71.4424
B_crinitus,5,309, cls_1 ,1.0208,1.0509,13.9584,194.3443
B_crinitus,5,310, cls_1 ,0.9187,1.063,13.2088,63.9
B_crinitus,5,311, cls_1 ,8.2685,1.1273,27.5714,63.9
B_crinitus,5,312, cls_1 ,0.1021,1,10.7673,204.5798
B_crinitus,5,313, cls_1 ,0.7146,1.0932,6864.7173,71.4424
B_crinitus,5,316, cls_1 ,0.8166,1.0473,174.061,63.9
B_crinitus,5,317, cls_1 ,7.5539,1.0802,50.3321,230.3947
B_crinitus,5,323, cls_1 ,0.1021,1,10.7459,71.4424
B_crinitus,5,324, cls_1 ,0.8166,1.0769,30.849,214.3271
B_crinitus,5,325, cls_1 ,0.2042,1.0155,10.5802,71.4424
B_crinitus,5,327, cls_1 ,0.6125,1.1125,17.9527,159.75
B_crinitus,5,329, cls_1 ,4.7978,1.0399,179.1374,191.7
B_crinitus,5,330, cls_1 ,3.6749,1.0425,234.3939,395.1997
B_crinitus,5,331, cls_1 ,4.2874,1.0992,1812.5681,159.75
B_crinitus,5,332, cls_1 ,7.2477,1.0632,19.2113,415.35
B_crinitus,5,334, cls_1 ,0.2042,1.0909,10.358,71.4424
B_crinitus,5,335, cls_1 ,5.3082,1.0858,16.0732,294.5644
B_crinitus,5,337, cls_1 ,22.4577,1.159,44.6998,159.75
B_crinitus,5,338, cls_1 ,11.5351,1.1041,59.3603,204.5798
B_crinitus,5,339, cls_1 ,1.0208,1.0764,28.6464,159.75
B_crinitus,5,340, cls_1 ,0.8166,1.0473,72.9174,204.5798
B_crinitus,5,341, cls_1 ,1.1229,1.088,32.8829,214.3271
B_crinitus,5,342, cls_1 ,1.4291,1.0987,148.7828,255.6
B_crinitus,5,343, cls_1 ,0.6125,1.0465,3834.3296,95.85
B_crinitus,5,344, cls_1 ,0.2042,1.0155,6890.8146,71.4424
B_crinitus,5,345, cls_1 ,0.6125,1.0819,31.3571,63.9
B_crinitus,5,346, cls_1 ,4.2874,1.1075,116.7746,274.8443
B_crinitus,5,349, cls_1 ,0.1021,1,20.074,159.75
B_crinitus,5,351, cls_1 ,0.6125,1.0465,12.7824,225.9206
B_crinitus,5,352, cls_1 ,0.7146,1.0631,6861.3713,71.4424
B_crinitus,5,353, cls_1 ,1.225,1.0306,2169.4299,127.8
B_crinitus,5,355, cls_1 ,0.3062,1.0358,18.5816,416.577
B_crinitus,5,356, cls_1 ,2.9603,1.0643,20.7777,90.3682
B_crinitus,5,357, cls_1 ,16.8432,1.0606,564.2321,135.5524
B_crinitus,5,358, cls_1 ,2.552,1.1159,43.2065,63.9
B_crinitus,5,359, cls_1 ,7.3498,1.0619,196.7106,95.85
B_crinitus,5,360, cls_1 ,2.1437,1.1117,274.9614,71.4424
B_crinitus,5,364, cls_1 ,0.6125,1.0819,2164.9622,127.8
B_crinitus,5,365, cls_1 ,1.327,1.1073,18.7948,257.5891
B_crinitus,5,368, cls_1 ,1.6333,1.046,24.0199,90.3682
B_crinitus,5,369, cls_1 ,5.104,1.0639,14.7533,415.35
B_crinitus,5,371, cls_1 ,0.2042,1.0155,15.0935,225.9206
B_crinitus,5,372, cls_1 ,0.5104,1.0261,51.7388,249.5375
B_crinitus,5,375, cls_1 ,14.9037,1.1081,118.8397,90.3682
B_crinitus,5,376, cls_1 ,0.6125,1.0819,13.3892,303.1043
B_crinitus,5,378, cls_1 ,2.8582,1.0401,15.4,339.6332
B_crinitus,5,379, cls_1 ,0.2042,1.0155,505.1544,71.4424
B_crinitus,5,382, cls_1 ,855.6367,1.233,198.457,63.9
B_crinitus,5,384, cls_1 ,0.5104,1.105,13.1837,303.1043
B_crinitus,5,385, cls_1 ,1.327,1.0689,20.6643,131.7332
B_crinitus,5,386, cls_1 ,37.6676,1.1143,200.4621,63.9
B_crinitus,5,387, cls_1 ,4.0832,1.0863,502.5885,63.9
B_crinitus,5,388, cls_1 ,0.5104,1.0688,59.8387,191.7
B_crinitus,5,390, cls_1 ,0.1021,1,2104.2778,63.9
B_crinitus,5,391, cls_1 ,2.0416,1.0592,12.6533,314.671
B_crinitus,5,392, cls_1 ,35.0135,1.1105,173.8885,63.9
B_crinitus,5,394, cls_1 ,10.5143,1.1489,255.6672,71.4424
B_crinitus,5,395, cls_1 ,1.327,1.0467,817.3396,249.5375
B_crinitus,5,396, cls_1 ,8.1664,1.0728,13.9488,314.671
B_crinitus,5,397, cls_1 ,0.1021,1,51.9125,191.7
B_crinitus,5,398, cls_1 ,0.2042,1.0909,15.8094,71.4424
B_crinitus,5,399, cls_1 ,0.1021,1,89.3947,115.1974
B_crinitus,5,405, cls_1 ,99.222,1.1591,126.4126,63.9
B_crinitus,5,406, cls_1 ,3.5728,1.0576,39.4464,71.4424
B_crinitus,5,407, cls_1 ,1.8374,1.1415,2527.1512,135.5524
B_crinitus,5,408, cls_1 ,0.4083,1.0537,15.1271,71.4424
B_crinitus,5,410, cls_1 ,0.7146,1.0932,119.7049,63.9
B_crinitus,5,411, cls_1 ,12.0455,1.0715,26.8955,204.5798
B_crinitus,5,413, cls_1 ,5.7165,1.0618,132.4816,63.9
B_crinitus,5,417, cls_1 ,0.2042,1.0155,108.9597,63.9
B_crinitus,5,418, cls_1 ,0.9187,1.112,17.4971,194.3443
B_crinitus,5,419, cls_1 ,0.3062,1.0358,15.3428,63.9
B_crinitus,5,421, cls_1 ,1.6333,1.046,143.4371,142.8847
B_crinitus,5,423, cls_1 ,0.1021,1,42.5126,101.0348
B_crinitus,5,426, cls_1 ,9.2893,1.1158,39.9783,63.9
B_crinitus,5,427, cls_1 ,0.2042,1.0155,16.7939,63.9
B_crinitus,5,428, cls_1 ,236.8262,1.1449,171.6458,71.4424
B_crinitus,5,429, cls_1 ,0.1021,1,91.741,71.4424
B_crinitus,5,432, cls_1 ,0.1021,1,45.6486,101.0348
B_crinitus,5,434, cls_1 ,0.4083,1,2098.3277,63.9
B_crinitus,5,437, cls_1 ,1.9395,1.0647,17.1626,373.9652
B_crinitus,5,439, cls_1 ,0.7146,1.0631,234.4703,71.4424
B_crinitus,5,441, cls_1 ,2.3478,1.0445,236.0217,90.3682
B_crinitus,5,442, cls_1 ,0.4083,1.0537,103.465,135.5524
B_crinitus,5,443, cls_1 ,1.7354,1.0933,18.8826,194.3443
B_crinitus,5,448, cls_1 ,1.4291,1.1154,120.7499,194.3443
B_crinitus,5,449, cls_1 ,0.1021,1,30.9197,483.4912
B_crinitus,5,451, cls_1 ,7.8602,1.0891,111.3294,202.0695
B_crinitus,5,452, cls_1 ,0.5104,1.0261,2104.2343,63.9
B_crinitus,5,453, cls_1 ,7.2477,1.0632,38.3115,734.85
B_crinitus,5,454, cls_1 ,0.5104,1.0688,1424.4515,180.7365
B_crinitus,5,455, cls_1 ,6.9415,1.145,21.126,159.75
B_crinitus,5,456, cls_1 ,0.2042,1.0155,56.6328,63.9
B_crinitus,5,462, cls_1 ,0.6125,1.1395,20.8936,71.4424
B_crinitus,5,463, cls_1 ,4.2874,1.0395,72.2622,159.75
B_crinitus,5,464, cls_1 ,0.5104,1.105,146.2656,63.9
B_crinitus,5,465, cls_1 ,16.0266,1.078,1783.455,63.9
B_crinitus,5,467, cls_1 ,2.6541,1.0622,18.8906,71.4424
B_crinitus,5,468, cls_1 ,0.7146,1.0932,24.2643,71.4424
B_crinitus,5,469, cls_1 ,2.7562,1.1075,20.4768,159.75
B_crinitus,5,472, cls_1 ,6.7373,1.0914,186.4247,90.3682
B_crinitus,5,477, cls_1 ,0.8166,1.1265,63.2943,71.4424
B_crinitus,5,481, cls_1 ,0.3062,1.0914,71.6045,63.9
B_crinitus,5,483, cls_1 ,14.0871,1.072,8985.8554,71.4424
B_crinitus,5,484, cls_1 ,6.6352,1.064,223.7593,172.056
B_crinitus,5,485, cls_1 ,189.0526,1.1354,12467.841,63.9
B_crinitus,5,486, cls_1 ,0.3062,1.0358,46.3011,685.9956
B_crinitus,5,487, cls_1 ,1.8374,1.0529,39.1647,90.3682
B_crinitus,5,488, cls_1 ,0.2042,1.0909,67.8471,71.4424
B_crinitus,5,490, cls_1 ,2.7562,1.0844,23.123,71.4424
B_crinitus,5,491, cls_1 ,6.1248,1.1316,99.8313,255.6
B_crinitus,5,495, cls_1 ,0.2042,1.0155,264.9578,63.9
B_crinitus,5,497, cls_1 ,0.6125,1.1637,20.3378,274.8443
B_crinitus,5,499, cls_1 ,0.5104,1.0688,79.5485,202.0695
B_crinitus,5,500, cls_1 ,0.1021,1,212.4939,71.4424
B_crinitus,5,501, cls_1 ,0.7146,1.0631,870.4577,63.9
B_crinitus,5,502, cls_1 ,0.9187,1.1328,95.3994,71.4424
B_crinitus,5,505, cls_1 ,347.1749,1.1879,5655.6339,63.9
B_crinitus,5,511, cls_1 ,1.327,1.0467,4499.8134,101.0348
B_crinitus,5,512, cls_1 ,21.3348,1.086,24.563,272.9809
B_crinitus,5,514, cls_1 ,3.1645,1.0817,4503.5999,101.0348
B_crinitus,5,516, cls_1 ,2.8582,1.0545,85.4352,571.539
B_crinitus,5,518, cls_1 ,0.6125,1.0819,24.9535,186.2989
B_crinitus,5,519, cls_1 ,0.1021,1,676.8513,115.1974
B_crinitus,5,523, cls_1 ,2.6541,1.1597,83.9642,131.7332
B_crinitus,5,524, cls_1 ,33.5844,1.0842,12448.1283,63.9
B_crinitus,5,525, cls_1 ,2.4499,1.0706,938.3356,95.85
B_crinitus,5,527, cls_1 ,0.4083,1.0537,1386.6322,191.7
B_crinitus,5,529, cls_1 ,5080.9424,1.2931,794.2944,63.9
B_crinitus,5,532, cls_1 ,60.3294,1.2227,813.4154,63.9
B_crinitus,5,535, cls_1 ,0.7146,1.0932,866.6416,243.324
B_crinitus,5,536, cls_1 ,1.1229,1.1085,31.2792,272.9809
B_crinitus,5,538, cls_1 ,1.0208,1.0509,116.7656,127.8
B_crinitus,5,546, cls_1 ,0.6125,1.0465,346.5139,101.0348
B_crinitus,5,547, cls_1 ,0.2042,1.0155,12481.6775,63.9
B_crinitus,5,550, cls_1 ,0.8166,1.0131,397.1603,257.5891
B_crinitus,5,551, cls_1 ,1.8374,1.116,147.1576,71.4424
B_crinitus,5,553, cls_1 ,42.4654,1.1096,269.9671,63.9
B_crinitus,5,555, cls_1 ,1.0208,1.0764,165.6818,71.4424
B_crinitus,5,556, cls_1 ,1.225,1.078,4495.8933,101.0348
B_crinitus,5,558, cls_1 ,1.327,1.1242,625.3556,135.5524
B_crinitus,5,561, cls_1 ,0.1021,1,241.0992,71.4424
B_crinitus,5,563, cls_1 ,0.1021,1,27.9004,429.8433
B_crinitus,5,564, cls_1 ,31.747,1.1293,499.5962,63.9
B_crinitus,5,565, cls_1 ,1.7354,1.1358,860.5645,63.9
B_crinitus,5,567, cls_1 ,0.4083,1.1346,9958.4314,71.4424
B_crinitus,5,568, cls_1 ,2.6541,1.0622,217.609,434.567
B_crinitus,5,569, cls_1 ,22.0493,1.0989,537.5815,71.4424
B_crinitus,5,570, cls_1 ,0.8166,1.1031,132.7467,71.4424
B_crinitus,5,572, cls_1 ,0.2042,1.0909,683.5079,274.8443
B_crinitus,5,575, cls_1 ,7.5539,1.1105,2953.7898,63.9
B_crinitus,5,576, cls_1 ,0.5104,1.0261,5534.4725,95.85
B_crinitus,5,578, cls_1 ,12.4538,1.0784,45.0418,63.9
B_crinitus,5,580, cls_1 ,4.6957,1.0813,1682.1955,71.4424
B_crinitus,5,581, cls_1 ,0.7146,1.0631,3841.2834,115.1974
B_crinitus,5,583, cls_1 ,2.3478,1.0752,10163.4129,71.4424
B_crinitus,5,585, cls_1 ,0.1021,1,100.4322,63.9
B_crinitus,5,587, cls_1 ,0.1021,1,210.002,131.7332
B_crinitus,5,589, cls_1 ,1.0208,1.1199,9977.1025,71.4424
B_crinitus,5,592, cls_1 ,0.8166,1.0769,12454.3468,63.9
B_crinitus,5,594, cls_1 ,0.6125,1.0465,2015.3505,71.4424
B_crinitus,5,595, cls_1 ,0.9187,1.112,2056.7821,71.4424
B_crinitus,5,599, cls_1 ,2.0416,1.1409,129.5958,263.4664
B_crinitus,5,601, cls_1 ,49.5089,1.0662,130.2251,172.056
B_crinitus,5,606, cls_1 ,1.6333,1.1001,3460.669,115.1974
B_crinitus,5,609, cls_1 ,6.0227,1.0733,59.1664,63.9
B_crinitus,5,612, cls_1 ,0.6125,1.0465,367.6141,63.9
B_crinitus,5,613, cls_1 ,7.0435,1.0998,72.82,225.9206
B_crinitus,5,617, cls_1 ,1.225,1.0556,34.2435,225.9206
B_crinitus,5,622, cls_1 ,42.1591,1.0772,81.7,90.3682
B_crinitus,5,623, cls_1 ,2.2458,1.1066,513.9038,301.4157
B_crinitus,5,624, cls_1 ,0.2042,1.0155,877.4533,63.9
B_crinitus,5,626, cls_1 ,0.8166,1.0131,3115.0318,127.8
B_crinitus,5,627, cls_1 ,0.7146,1.0283,193.4963,191.7
B_crinitus,5,631, cls_1 ,0.1021,1,1000.4278,63.9
B_crinitus,5,635, cls_1 ,0.5104,1.1362,1248.6403,63.9
B_crinitus,5,640, cls_1 ,0.8166,1.1031,85.0433,90.3682
B_crinitus,5,642, cls_1 ,20.6202,1.0517,2122.7473,63.9
B_crinitus,5,643, cls_1 ,0.6125,1.1637,12447.0298,63.9
B_crinitus,5,644, cls_1 ,0.6125,1.1125,35.2162,71.4424
B_crinitus,5,646, cls_1 ,102.4886,1.2012,252.2856,63.9
B_crinitus,5,647, cls_1 ,0.1021,1,39.9361,71.4424
B_crinitus,5,648, cls_1 ,0.1021,1,66.5534,186.2989
B_crinitus,5,651, cls_1 ,0.1021,1,44.3983,325.8273
B_crinitus,5,652, cls_1 ,0.8166,1.0473,113.7118,90.3682
B_crinitus,5,653, cls_1 ,0.7146,1.0631,1804.8277,159.75
B_crinitus,5,654, cls_1 ,0.4083,1.0975,151.1035,204.5798
B_crinitus,5,656, cls_1 ,0.3062,1.0914,9957.0962,71.4424
B_crinitus,5,658, cls_1 ,40.2196,1.118,433.8036,90.3682
B_crinitus,5,664, cls_1 ,0.9187,1.112,3833.5166,115.1974
B_crinitus,5,665, cls_1 ,12.2496,1.1028,1995.8198,71.4424
B_crinitus,5,666, cls_1 ,1.4291,1.1309,276.0938,159.75
B_crinitus,5,667, cls_1 ,0.5104,1.0688,8984.5898,71.4424
B_crinitus,5,670, cls_1 ,0.6125,1.0819,138.1136,63.9
B_crinitus,5,671, cls_1 ,0.1021,1,40.5347,159.75
B_crinitus,5,672, cls_1 ,42.7716,1.109,520.2257,63.9
B_crinitus,5,674, cls_1 ,0.6125,1.0465,4993.9427,71.4424
B_crinitus,5,675, cls_1 ,0.2042,1.0155,304.551,71.4424
B_crinitus,5,676, cls_1 ,30.522,1.1744,117.2191,63.9
B_crinitus,5,679, cls_1 ,0.1021,1,389.3533,63.9
B_crinitus,5,682, cls_1 ,3.777,1.1441,4979.4073,101.0348
B_crinitus,5,685, cls_1 ,2.7562,1.0718,385.3587,159.75
B_crinitus,5,686, cls_1 ,1.4291,1.0805,78.7119,142.8847
B_crinitus,5,688, cls_1 ,1.7354,1.0769,8985.0591,71.4424
B_crinitus,5,689, cls_1 ,0.1021,1,4498.1456,71.4424
B_crinitus,5,693, cls_1 ,1.9395,1.1099,1801.2743,71.4424
B_crinitus,5,694, cls_1 ,0.4083,1.0537,2645.4494,131.7332
B_crinitus,5,696, cls_1 ,0.8166,1.0473,24.511,454.0948
B_crinitus,5,697, cls_1 ,3.0624,1.0734,104.8548,372.5978
B_crinitus,5,699, cls_1 ,4.8999,1.1716,183.1772,63.9
B_crinitus,5,702, cls_1 ,1.5312,1.0728,6223.1453,90.3682
B_crinitus,5,703, cls_1 ,1.7354,1.1358,3831.6735,115.1974
B_crinitus,5,704, cls_1 ,0.9187,1.0338,25.477,255.6
B_crinitus,5,705, cls_1 ,0.4083,1.0537,11229.5965,63.9
B_crinitus,5,707, cls_1 ,1.225,1.078,2929.4141,131.7332
B_crinitus,5,708, cls_1 ,0.8166,1.0473,224.5667,159.75
B_crinitus,5,709, cls_1 ,1.225,1.078,11228.2588,63.9
B_crinitus,5,710, cls_1 ,0.6125,1.1125,1800.6283,127.8
B_crinitus,5,712, cls_1 ,0.5104,1.105,56.3985,63.9
B_crinitus,5,713, cls_1 ,0.4083,1.0537,2649.2915,131.7332
B_crinitus,5,715, cls_1 ,12.1475,1.0233,31.0199,677.7618
B_crinitus,5,717, cls_1 ,0.8166,1.0473,779.5363,204.5798
B_crinitus,5,719, cls_1 ,0.8166,1.1031,33.907,223.65
B_crinitus,5,720, cls_1 ,0.2042,1.0155,91.7136,71.4424
B_crinitus,5,723, cls_1 ,1.327,1.0689,200.3847,90.3682
B_crinitus,5,725, cls_1 ,30.4199,1.1731,1050.6876,90.3682
B_crinitus,5,726, cls_1 ,0.2042,1.0155,1994.4671,63.9
B_crinitus,5,728, cls_1 ,0.4083,1.0537,1050.1162,131.7332
B_crinitus,5,729, cls_1 ,0.6125,1.0465,1021.4049,71.4424
B_crinitus,5,732, cls_1 ,1.5312,1.0909,12444.9839,63.9
B_crinitus,5,733, cls_1 ,0.6125,1.0465,12446.0402,63.9
B_crinitus,5,734, cls_1 ,27.0513,1.0895,323.4694,159.75
B_crinitus,5,737, cls_1 ,0.7146,1.0932,4993.5472,95.85
B_crinitus,5,740, cls_1 ,0.5104,1.0688,3459.8466,115.1974
B_crinitus,5,743, cls_1 ,1.327,1.1242,4980.8571,71.4424
B_crinitus,5,744, cls_1 ,0.1021,1,12445.977,63.9
B_crinitus,5,745, cls_1 ,3.879,1.1261,1552.2887,172.056
B_crinitus,5,747, cls_1 ,0.9187,1.063,17.9214,142.8847
B_crinitus,5,748, cls_1 ,1.1229,1.1443,16.4925,142.8847
B_crinitus,5,750, cls_1 ,1.4291,1.0805,11227.8,63.9
B_crinitus,5,751, cls_1 ,8.9831,1.0638,12.9085,274.8443
B_crinitus,5,752, cls_1 ,0.5104,1.105,1718.764,172.056
B_crinitus,5,753, cls_1 ,0.4083,1,12445.5163,63.9
B_crinitus,5,754, cls_1 ,0.3062,1.0914,353.5182,202.0695
B_crinitus,5,756, cls_1 ,0.1021,1,11228.1239,63.9
B_crinitus,5,762, cls_1 ,0.4083,1.0537,13.5071,271.1047
B_crinitus,5,763, cls_1 ,1.1229,1.175,3831.4102,115.1974
B_crinitus,5,765, cls_1 ,0.2042,1.0909,50.8685,115.1974
B_crinitus,5,768, cls_1 ,1.0208,1.0764,336.4885,63.9
B_crinitus,5,770, cls_1 ,6.329,1.1283,310.7964,63.9
B_crinitus,5,771, cls_1 ,3.6749,1.1471,134.3972,71.4424
B_crinitus,5,774, cls_1 ,6.9415,1.1013,57.2768,63.9
B_crinitus,5,776, cls_1 ,1.225,1.0556,1718.0731,172.056
B_crinitus,5,780, cls_1 ,1.9395,1.123,13.5104,135.5524
B_crinitus,5,781, cls_1 ,0.9187,1.0338,48.6439,95.85
B_crinitus,5,782, cls_1 ,16.6391,1.1476,152.7382,90.3682
B_crinitus,5,783, cls_1 ,0.6125,1.0047,66.4277,63.9
B_crinitus,5,784, cls_1 ,1.6333,1.046,25.5574,95.85
B_crinitus,5,785, cls_1 ,1.1229,1.0402,52.1657,63.9
B_crinitus,5,787, cls_1 ,0.5104,1.0261,12.9052,677.7618
B_crinitus,5,788, cls_1 ,0.8166,1.167,52.7237,63.9
B_crinitus,5,789, cls_1 ,671.7901,1.2279,1118.2064,63.9
B_crinitus,5,790, cls_1 ,1.1229,1.0402,19.3524,131.7332
B_crinitus,5,792, cls_1 ,8.2685,1.096,530.9949,159.75
B_crinitus,5,793, cls_1 ,1.4291,1.0606,5616.2801,90.3682
B_crinitus,5,794, cls_1 ,14.9037,1.0968,14.4751,95.85
B_crinitus,5,795, cls_1 ,0.4083,1.0537,20.2501,230.3947
B_crinitus,5,796, cls_1 ,10.8205,1.0814,11230.3091,63.9
B_crinitus,5,799, cls_1 ,0.2042,1.0155,14.2958,71.4424
B_crinitus,5,803, cls_1 ,1.0208,1.022,20.7493,204.5798
B_crinitus,5,804, cls_1 ,0.8166,1.167,8.8899,357.2119
B_crinitus,5,805, cls_1 ,3.6749,1.0972,35.0864,95.85
B_crinitus,5,807, cls_1 ,0.1021,1,11262.3831,63.9
B_crinitus,5,808, cls_1 ,1.0208,1.1199,24.1889,71.4424
B_crinitus,5,810, cls_1 ,46.8548,1.1735,11650.3763,63.9
B_crinitus,5,811, cls_1 ,0.2042,1.0909,11227.687,63.9
B_crinitus,5,813, cls_1 ,0.3062,1.0358,58.8759,63.9
B_crinitus,5,814, cls_1 ,0.3062,1.0914,9956.0613,71.4424
B_crinitus,5,815, cls_1 ,0.5104,1.0261,20.614,204.5798
B_crinitus,5,816, cls_1 ,0.1021,1,3465.9793,115.1974
B_crinitus,5,818, cls_1 ,1.4291,1.0606,22.8394,159.75
B_crinitus,5,819, cls_1 ,26.0305,1.062,27.4093,131.7332
B_crinitus,5,820, cls_1 ,0.5104,1.0261,68.8186,95.85
B_crinitus,5,821, cls_1 ,3.1645,1.0927,56.0087,95.85
B_crinitus,5,822, cls_1 ,0.1021,1,27.2553,289.3196
B_crinitus,5,823, cls_1 ,0.3062,1.0358,48.3547,63.9
B_crinitus,5,825, cls_1 ,0.9187,1.112,16.9398,194.3443
B_crinitus,5,829, cls_1 ,3.2666,1.119,4624.0886,71.4424
B_crinitus,5,830, cls_1 ,33.3802,1.0822,25.4317,115.1974
B_crinitus,5,832, cls_1 ,0.4083,1.0537,2500.4755,135.5524
B_crinitus,5,833, cls_1 ,0.6125,1.0819,1127.5342,159.75
B_crinitus,5,835, cls_1 ,1.5312,1.1862,118.7138,63.9
B_crinitus,5,840, cls_1 ,0.7146,1.0283,15.9691,922.1326
B_crinitus,5,843, cls_1 ,1.1229,1.088,31.2386,294.5644
B_crinitus,5,844, cls_1 ,2.3478,1.1137,561.1848,71.4424
B_crinitus,5,845, cls_1 ,1.4291,1.014,588.7314,115.1974
B_crinitus,5,847, cls_1 ,1.4291,1.0805,2811.3535,127.8
B_crinitus,5,848, cls_1 ,2.8582,1.1896,95.6891,63.9
B_crinitus,5,849, cls_1 ,0.8166,1.1031,48.8411,71.4424
B_crinitus,5,850, cls_1 ,0.5104,1.0688,96.8471,71.4424
B_crinitus,5,852, cls_1 ,21.9473,1.1109,150.5465,63.9
B_crinitus,5,857, cls_1 ,0.2042,1.0155,54.0095,101.0348
B_crinitus,5,858, cls_1 ,0.1021,1,84.9045,63.9
B_crinitus,5,864, cls_1 ,5.6144,1.0453,146.2909,71.4424
B_crinitus,5,866, cls_1 ,0.4083,1.0537,40.8217,71.4424
B_crinitus,5,867, cls_1 ,3.3686,1.0635,8984.1186,71.4424
B_crinitus,5,868, cls_1 ,2.4499,1.1204,10.946,63.9
B_crinitus,5,871, cls_1 ,12.8621,1.0706,70.7158,71.4424
B_crinitus,5,874, cls_1 ,0.9187,1.063,213.2975,255.6
B_crinitus,5,875, cls_1 ,10.7184,1.0874,130.2265,90.3682
B_crinitus,5,879, cls_1 ,0.5104,1.105,87.536,159.75
B_crinitus,5,881, cls_1 ,0.4083,1.0537,99.2337,63.9
B_crinitus,5,884, cls_1 ,8.5747,1.1501,1252.1527,191.7
B_crinitus,5,888, cls_1 ,0.1021,1,257.6021,71.4424
B_crinitus,5,889, cls_1 ,0.2042,1.0909,8983.0074,71.4424
B_crinitus,5,891, cls_1 ,0.1021,1,12.846,63.9
B_crinitus,5,897, cls_1 ,2.3478,1.1017,317.9804,71.4424
B_crinitus,5,899, cls_1 ,0.7146,1.0631,81.0969,159.75
B_crinitus,5,900, cls_1 ,1.327,1.1242,15.1824,63.9
B_crinitus,5,902, cls_1 ,1.0208,1.022,96.8431,191.7
B_crinitus,5,903, cls_1 ,0.8166,1.0473,11228.4359,63.9
B_crinitus,5,906, cls_1 ,0.8166,1.0769,1719.5228,159.75
B_crinitus,5,908, cls_1 ,68.5979,1.1658,109.055,90.3682
B_crinitus,5,911, cls_1 ,1.0208,1.0509,686.6014,159.75
B_crinitus,5,916, cls_1 ,1.225,1.0982,11236.2736,63.9
B_crinitus,5,918, cls_1 ,1.327,1.0689,9.4745,71.4424
B_crinitus,5,920, cls_1 ,10.5143,1.0732,771.7995,257.5891
B_crinitus,5,921, cls_1 ,0.4083,1,63.5605,71.4424
B_crinitus,5,926, cls_1 ,1.8374,1.0529,1992.8416,159.75
B_crinitus,5,928, cls_1 ,7.7581,1.1022,42.2963,159.75
B_crinitus,5,929, cls_1 ,23.7847,1.1364,862.2897,90.3682
B_crinitus,5,933, cls_1 ,0.1021,1,80.0545,90.3682
B_crinitus,5,937, cls_1 ,0.5104,1.105,12445.1925,63.9
B_crinitus,5,939, cls_1 ,0.2042,1.0155,60.9333,71.4424
B_crinitus,5,940, cls_1 ,8.6768,1.189,220.0675,364.286
B_crinitus,5,944, cls_1 ,13.6788,1.161,1996.6216,71.4424
B_crinitus,5,947, cls_1 ,1.1229,1.1271,284.6958,159.75
B_crinitus,5,948, cls_1 ,0.1021,1,3470.0604,115.1974
B_crinitus,5,955, cls_1 ,0.3062,1.0358,71.1653,863.2415
B_crinitus,5,956, cls_1 ,0.7146,1.0283,8.3781,915.4665
B_crinitus,5,960, cls_1 ,3.879,1.0819,205.9875,465.199
B_crinitus,5,962, cls_1 ,0.9187,1.0338,1492.7906,71.4424
B_crinitus,5,963, cls_1 ,21.7431,1.162,119.7895,95.85
B_crinitus,5,966, cls_1 ,4.2874,1.0395,72.4845,63.9
B_crinitus,5,968, cls_1 ,0.7146,1.0932,1217.0917,101.0348
B_crinitus,5,969, cls_1 ,0.3062,1.0358,1992.8726,159.75
B_crinitus,5,971, cls_1 ,2.1437,1.0701,1474.5007,127.8
B_crinitus,5,972, cls_1 ,3.4707,1.035,1997.8106,159.75
B_crinitus,5,973, cls_1 ,0.5104,1.0261,42.6044,162.9137
B_crinitus,5,975, cls_1 ,1.0208,1.0509,46.4983,316.2889
B_crinitus,5,976, cls_1 ,9.7997,1.0798,69.1171,115.1974
B_crinitus,5,981, cls_1 ,0.2042,1.0155,195.6066,71.4424
B_crinitus,5,983, cls_1 ,1.7354,1.0395,108.6297,90.3682
B_crinitus,5,987, cls_1 ,0.6125,1.1395,6231.2249,63.9
B_crinitus,5,988, cls_1 ,0.4083,1.0537,1020.3773,71.4424
B_crinitus,5,991, cls_1 ,1.327,1.0467,684.6077,71.4424
B_crinitus,5,993, cls_1 ,2.3478,1.0604,544.8883,115.1974
B_crinitus,5,996, cls_1 ,5.7165,1.0937,432.5218,339.6332
B_crinitus,5,997, cls_1 ,4.1853,1.093,40.4166,71.4424
B_crinitus,5,998, cls_1 ,2.3478,1.0889,37.1784,202.0695
B_crinitus,5,1000, cls_1 ,0.1021,1,1250.7986,71.4424
B_crinitus,5,1001, cls_1 ,2.7562,1.0583,327.1159,225.9206
B_crinitus,5,1002, cls_1 ,0.3062,1.1369,127.4802,63.9
B_crinitus,5,1004, cls_1 ,0.4083,1,14.693,115.1974
B_crinitus,5,1005, cls_1 ,0.6125,1.0819,1720.4351,159.75
B_crinitus,5,1006, cls_1 ,2.4499,1.1204,5535.8465,63.9
B_crinitus,5,1007, cls_1 ,0.4083,1.0537,435.5253,90.3682
B_crinitus,5,1008, cls_1 ,0.2042,1.0155,67.6284,131.7332
B_crinitus,5,1012, cls_1 ,2.0416,1.1814,1387.1909,131.7332
B_crinitus,5,1013, cls_1 ,0.9187,1.0338,27.9877,71.4424
B_crinitus,5,1016, cls_1 ,0.5104,1.0688,483.4409,90.3682
B_crinitus,5,1022, cls_1 ,0.6125,1.0465,1662.7007,63.9
B_crinitus,5,1023, cls_1 ,19.1911,1.1341,1333.3796,71.4424
B_crinitus,5,1024, cls_1 ,8.0643,1.0984,18.1587,285.7695
B_crinitus,5,1026, cls_1 ,4.5936,1.1004,4982.1602,71.4424
B_crinitus,5,1027, cls_1 ,1.327,1.1073,610.668,255.6
B_crinitus,5,1028, cls_1 ,370.9596,1.1992,236.0748,90.3682
B_crinitus,5,1031, cls_1 ,1.327,1.1398,43.2913,465.199
B_crinitus,5,1032, cls_1 ,3.6749,1.0663,33.0321,71.4424
B_crinitus,5,1034, cls_1 ,0.1021,1,44.1946,71.4424
B_crinitus,5,1038, cls_1 ,0.9187,1.1328,21.8958,285.7695
B_crinitus,5,1041, cls_1 ,1.9395,1.0809,1030.9833,223.65
B_crinitus,5,1044, cls_1 ,0.1021,1,24.0459,357.2119
B_crinitus,5,1045, cls_1 ,102.3865,1.1799,150.0368,90.3682
B_crinitus,5,1050, cls_1 ,0.6125,1.0819,316.1084,71.4424
B_crinitus,5,1051, cls_1 ,0.4083,1.0537,769.2926,90.3682
B_crinitus,5,1055, cls_1 ,0.7146,1.0631,2930.2781,131.7332
B_crinitus,5,1060, cls_1 ,0.7146,1.0631,1217.8931,180.7365
B_crinitus,5,1064, cls_1 ,0.7146,1.1434,4.8934,301.4157
B_crinitus,5,1067, cls_1 ,197.4232,1.1598,68.6204,63.9
B_crinitus,5,1069, cls_1 ,0.4083,1.1667,337.0715,71.4424
B_crinitus,5,1070, cls_1 ,7.3498,1.0894,1663.1816,63.9
B_crinitus,5,1072, cls_1 ,8.0643,1.0866,1997.4155,71.4424
B_crinitus,5,1074, cls_1 ,0.1021,1,538.5828,115.1974
B_crinitus,5,1077, cls_1 ,2.8582,1.0545,3.3736,557.9828
B_crinitus,5,1078, cls_1 ,15.4141,1.1679,5001.1236,101.0348
B_crinitus,5,1081, cls_1 ,0.9187,1.0338,78.5342,202.0695
B_crinitus,5,1086, cls_1 ,28.9908,1.1251,603.3837,101.0348
B_crinitus,5,1087, cls_1 ,12.2496,1.1602,32.6643,159.75
B_crinitus,5,1088, cls_1 ,0.3062,1.0358,1111.5748,214.3271
B_crinitus,5,1089, cls_1 ,0.9187,1.063,141.7329,90.3682
B_crinitus,5,1090, cls_1 ,0.4083,1.0975,7.257,301.4157
B_crinitus,5,1092, cls_1 ,0.4083,1.0975,185.7378,159.75
B_crinitus,5,1093, cls_1 ,13.985,1.1775,18.4927,115.1974
B_crinitus,5,1097, cls_1 ,64.1064,1.18,1961.9574,63.9
B_crinitus,5,1098, cls_1 ,0.9187,1.0338,3843.0672,115.1974
B_crinitus,5,1099, cls_1 ,3.9811,1.0582,27.6321,115.1974
B_crinitus,5,1102, cls_1 ,0.3062,1.0358,48.3885,202.0695
B_crinitus,5,1107, cls_1 ,1.7354,1.059,138.5913,90.3682
B_crinitus,5,1111, cls_1 ,5.2061,1.0956,6229.4225,90.3682
B_crinitus,5,1113, cls_1 ,2.6541,1.1116,1660.2206,63.9
B_crinitus,5,1116, cls_1 ,1.7354,1.0769,278.0973,131.7332
B_crinitus,5,1117, cls_1 ,2.2458,1.0799,20.8994,71.4424
B_crinitus,5,1119, cls_1 ,7.0435,1.087,91.9992,95.85
B_crinitus,5,1121, cls_1 ,0.4083,1.0537,36.1904,316.2889
B_crinitus,5,1122, cls_1 ,3.2666,1.1744,16.107,63.9
B_crinitus,5,1123, cls_1 ,0.3062,1.0914,495.5056,63.9
B_crinitus,5,1124, cls_1 ,0.8166,1.0769,67.4731,95.85
B_crinitus,5,1125, cls_1 ,0.4083,1.0537,53.2355,71.4424
B_crinitus,5,1127, cls_1 ,3.1645,1.14,4993.4941,101.0348
B_crinitus,5,1128, cls_1 ,1.225,1.0556,18.0058,90.3682
B_crinitus,5,1130, cls_1 ,0.7146,1.0932,1565.744,131.7332
B_crinitus,5,1132, cls_1 ,41.4446,1.1242,599.9485,90.3682
B_crinitus,5,1133, cls_1 ,0.4083,1.0537,2497.0089,71.4424
B_crinitus,5,1134, cls_1 ,1.7354,1.0395,19.2788,71.4424
B_crinitus,5,1136, cls_1 ,3.1645,1.0442,12.1616,565.2532
B_crinitus,5,1137, cls_1 ,0.4083,1.0537,396.0245,71.4424
B_crinitus,5,1138, cls_1 ,0.3062,1.0914,346.9586,142.8847
B_crinitus,5,1140, cls_1 ,0.5104,1.0688,253.9582,71.4424
B_crinitus,5,1141, cls_1 ,3.3686,1.0512,42.8311,71.4424
B_crinitus,5,1144, cls_1 ,8.1664,1.0366,1561.0027,115.1974
B_crinitus,5,1145, cls_1 ,1.1229,1.1085,418.8011,131.7332
B_crinitus,5,1152, cls_1 ,5.8186,1.0845,390.7816,71.4424
B_crinitus,5,1153, cls_1 ,2.2458,1.1066,22.4751,63.9
B_crinitus,5,1154, cls_1 ,8.881,1.0649,135.2151,95.85
B_crinitus,5,1155, cls_1 ,0.2042,1.0155,12447.5598,63.9
B_crinitus,5,1156, cls_1 ,0.1021,1,740.7992,71.4424
B_crinitus,5,1157, cls_1 ,0.3062,1.0358,787.8636,90.3682
B_crinitus,5,1158, cls_1 ,1.1229,1.0402,79.2992,325.8273
B_crinitus,5,1159, cls_1 ,15.5162,1.1673,25.5548,71.4424
B_crinitus,5,1160, cls_1 ,1.5312,1.0728,25.5198,294.5644
B_crinitus,5,1163, cls_1 ,0.1021,1,41.4942,194.3443
B_crinitus,5,1164, cls_1 ,7.3498,1.0956,21.0051,142.8847
B_crinitus,5,1165, cls_1 ,0.2042,1.0155,1265.2429,63.9
B_crinitus,5,1166, cls_1 ,1.1229,1.0402,98.7033,95.85
B_crinitus,5,1170, cls_1 ,0.1021,1,14.5328,90.3682
B_crinitus,5,1171, cls_1 ,21.7431,1.12,37.3849,131.7332
B_crinitus,5,1173, cls_1 ,10.0039,1.0887,320.358,63.9
B_crinitus,5,1175, cls_1 ,171.3927,1.152,1030.013,63.9
B_crinitus,5,1177, cls_1 ,0.7146,1.0283,145.7371,223.65
B_crinitus,5,1178, cls_1 ,0.9187,1.1519,11.7043,115.1974
B_crinitus,5,1179, cls_1 ,0.3062,1.0358,11.006,95.85
B_crinitus,5,1181, cls_1 ,0.1021,1,149.5903,115.1974
B_crinitus,5,1182, cls_1 ,20.6202,1.1327,348.7985,63.9
B_crinitus,5,1185, cls_1 ,0.1021,1,23.8113,63.9
B_crinitus,5,1189, cls_1 ,7.0435,1.0583,7.7593,63.9
B_crinitus,5,1193, cls_1 ,4.8999,1.1303,337.9541,294.5644
B_crinitus,5,1197, cls_1 ,0.1021,1,47.6784,71.4424
B_crinitus,5,1198, cls_1 ,59.4107,1.1155,20.4121,71.4424
B_crinitus,5,1200, cls_1 ,3.3686,1.1413,36.4605,95.85
B_crinitus,5,1202, cls_1 ,2.9603,1.0366,50.2646,131.7332
B_crinitus,5,1203, cls_1 ,2.1437,1.0988,435.442,71.4424
B_crinitus,5,1204, cls_1 ,0.1021,1,128.7652,95.85
B_crinitus,5,1205, cls_1 ,18.7828,1.0974,204.8883,90.3682
B_crinitus,5,1207, cls_1 ,3.6749,1.0425,274.0302,159.75
B_crinitus,5,1208, cls_1 ,1.0208,1.0509,16.7133,159.75
B_crinitus,5,1212, cls_1 ,1.9395,1.0809,27.1436,191.7
B_crinitus,5,1213, cls_1 ,0.3062,1.0358,123.8966,71.4424
B_crinitus,5,1215, cls_1 ,1.0208,1.0993,60.0758,90.3682
B_crinitus,5,1216, cls_1 ,1.1229,1.1271,21.7337,159.75
B_crinitus,5,1217, cls_1 ,0.6125,1.1125,6.8709,263.4664
B_crinitus,5,1219, cls_1 ,28.3783,1.1509,52.3552,90.3682
B_crinitus,5,1220, cls_1 ,3.3686,1.0512,61.5281,115.1974
B_crinitus,5,1221, cls_1 ,0.1021,1,15.5164,159.75
B_crinitus,5,1224, cls_1 ,3.1645,1.07,23.515,214.3271
B_crinitus,5,1225, cls_1 ,0.2042,1.0155,26.2227,95.85
B_crinitus,5,1227, cls_1 ,89.8306,1.1844,59.8573,63.9
B_crinitus,5,1228, cls_1 ,16.9453,1.0601,44.6694,162.9137
B_crinitus,5,1229, cls_1 ,10.7184,1.1736,90.8633,159.75
B_crinitus,5,1231, cls_1 ,0.6125,1.1395,1993.9568,142.8847
B_crinitus,5,1233, cls_1 ,29.5012,1.0735,110.1329,101.0348
B_crinitus,5,1235, cls_1 ,0.9187,1.1328,280.3992,294.5644
B_crinitus,5,1236, cls_1 ,10.0039,1.1133,62.238,71.4424
B_crinitus,5,1238, cls_1 ,0.1021,1,182.4841,71.4424
B_crinitus,5,1240, cls_1 ,3.6749,1.1065,40.0273,162.9137
B_crinitus,5,1241, cls_1 ,0.6125,1.1125,1019.1102,142.8847
B_crinitus,5,1243, cls_1 ,1.9395,1.096,18.944,214.3271
B_crinitus,5,1245, cls_1 ,4.0832,1.0863,9.6353,495.9974
B_crinitus,5,1246, cls_1 ,0.2042,1.0909,13.3763,257.5891
B_crinitus,5,1250, cls_1 ,57.7774,1.101,2506.0281,71.4424
B_crinitus,5,1251, cls_1 ,20.9265,1.0809,27.1057,344.112
B_crinitus,5,1253, cls_1 ,0.4083,1.0537,11.2374,294.5644
B_crinitus,5,1257, cls_1 ,1.8374,1.102,28.4574,162.9137
B_crinitus,5,1259, cls_1 ,7.0435,1.123,66.9384,71.4424
B_crinitus,5,1260, cls_1 ,23.1722,1.1115,21.7139,142.8847
B_crinitus,5,1261, cls_1 ,0.4083,1.0975,1221.6678,63.9
B_crinitus,5,1262, cls_1 ,3.879,1.1096,22.1839,63.9
B_crinitus,5,1263, cls_1 ,0.1021,1,30.0877,63.9
B_crinitus,5,1264, cls_1 ,1.5312,1.0728,14.0082,457.4544
B_crinitus,5,1265, cls_1 ,0.1021,1,445.6289,63.9
B_crinitus,5,1266, cls_1 ,0.5104,1.0261,463.1107,90.3682
B_crinitus,5,1267, cls_1 ,0.6125,1.0465,29.5636,142.8847
B_crinitus,5,1270, cls_1 ,2.0416,1.0592,5534.3419,63.9
B_crinitus,5,1271, cls_1 ,0.6125,1.0047,18.9617,257.5891
B_crinitus,5,1272, cls_1 ,16.2308,1.1038,3115.0337,127.8
B_crinitus,5,1273, cls_1 ,1.225,1.078,39.1959,159.75
B_crinitus,5,1274, cls_1 ,1.0208,1.0993,882.0052,71.4424
B_crinitus,5,1276, cls_1 ,19.7015,1.1815,110.9803,71.4424
B_crinitus,5,1278, cls_1 ,5.5123,1.1367,12446.0943,63.9
B_crinitus,5,1280, cls_1 ,1.9395,1.0647,5.7396,249.5375
B_crinitus,5,1282, cls_1 ,0.5104,1.0261,33.7354,285.7695
B_crinitus,5,1283, cls_1 ,1.225,1.0982,42.7487,415.35
B_crinitus,5,1284, cls_1 ,0.4083,1,53.0336,287.55
B_crinitus,5,1285, cls_1 ,0.7146,1.0631,22.0562,159.75
B_crinitus,5,1286, cls_1 ,64.3106,1.1705,19.1613,243.324
B_crinitus,5,1289, cls_1 ,2.0416,1.1172,32.9084,372.5978
B_crinitus,5,1295, cls_1 ,4.5936,1.1303,14.8667,115.1974
B_crinitus,5,1296, cls_1 ,15.21,1.0555,54.5468,131.7332
B_crinitus,5,1297, cls_1 ,1.225,1.078,20.132,186.2989
B_crinitus,5,1298, cls_1 ,4.2874,1.2205,7.9476,63.9
B_crinitus,5,1299, cls_1 ,12.0455,1.1847,181.4679,71.4424
B_crinitus,5,1302, cls_1 ,0.1021,1,5.7663,71.4424
B_crinitus,5,1303, cls_1 ,0.9187,1.1519,19.5822,63.9
B_crinitus,5,1304, cls_1 ,0.5104,1.0688,11.1337,388.6885
B_crinitus,5,1305, cls_1 ,0.1021,1,5.7656,71.4424
B_crinitus,5,1308, cls_1 ,2.8582,1.1035,18.1953,63.9
B_crinitus,5,1310, cls_1 ,1.6333,1.0657,8.0704,63.9
B_crinitus,5,1311, cls_1 ,0.6125,1.0465,12.1148,415.35
B_crinitus,5,1312, cls_1 ,1.6333,1.0657,11.3781,388.6885
B_crinitus,5,1314, cls_1 ,0.9187,1.0338,14.4658,225.9206
B_crinitus,5,1316, cls_1 ,0.8166,1.0769,5.5143,186.2989
B_crinitus,5,1318, cls_1 ,0.2042,1.0155,5.1702,497.0254
B_crinitus,5,1319, cls_1 ,0.1021,1,3.4367,610.4039
B_crinitus,5,1321, cls_1 ,0.1021,1,15.2429,416.577
B_crinitus,5,1322, cls_1 ,0.1021,1,18.9667,63.9
B_crinitus,5,1325, cls_1 ,0.1021,1,226.9362,63.9
B_crinitus,5,1327, cls_1 ,0.5104,1.0688,6226.2,71.4424
B_crinitus,5,1328, cls_1 ,9.9018,1.0731,10.5513,225.9206
B_crinitus,5,1329, cls_1 ,1.6333,1.0836,62.5447,71.4424
B_crinitus,5,1333, cls_1 ,0.5104,1.0688,9.4069,451.8412
B_crinitus,5,1334, cls_1 ,0.2042,1.0155,17.2714,372.5978
B_crinitus,5,1336, cls_1 ,1.4291,1.0386,5.731,272.9809
B_crinitus,5,1337, cls_1 ,0.6125,1.0819,1000.8563,71.4424
B_crinitus,5,1338, cls_1 ,0.6125,1.1125,864.045,127.8
B_crinitus,5,1339, cls_1 ,3.9811,1.0792,502.0531,127.8
B_crinitus,5,1340, cls_1 ,0.6125,1.0819,11.1967,71.4424
B_crinitus,5,1341, cls_1 ,10.9226,1.0582,4.8809,230.3947
B_crinitus,5,1343, cls_1 ,2.8582,1.1336,5.7902,71.4424
B_crinitus,5,1345, cls_1 ,2.1437,1.1117,4.9737,294.5644
B_crinitus,5,1350, cls_1 ,3.9811,1.0792,15.2809,90.3682
B_crinitus,5,1351, cls_1 ,0.1021,1,11.9172,71.4424
B_crinitus,5,1353, cls_1 ,0.6125,1.1125,1349.5756,71.4424
B_crinitus,5,1355, cls_1 ,2.2458,1.1409,12.5721,71.4424
B_crinitus,5,1356, cls_1 ,2.0416,1.0225,16.5731,319.5
B_crinitus,5,1357, cls_1 ,0.7146,1.1197,694.4497,271.1047
B_crinitus,5,1362, cls_1 ,0.6125,1.0819,19.9373,194.3443
B_crinitus,5,1364, cls_1 ,0.6125,1.1395,5.7167,127.8
B_crinitus,5,1365, cls_1 ,1.0208,1.1561,2.1088,457.4544
B_crinitus,5,1366, cls_1 ,1.0208,1.1561,76.1237,325.8273
B_crinitus,5,1367, cls_1 ,1.5312,1.1372,5.0103,294.5644
B_crinitus,5,1372, cls_1 ,32.5636,1.1801,12.8814,71.4424
B_crinitus,5,1373, cls_1 ,1.1229,1.0654,6.8291,683.7599
B_crinitus,5,1375, cls_1 ,13.985,1.0726,4.2006,285.7695
B_crinitus,5,1376, cls_1 ,0.7146,1.1197,22.1238,90.3682
B_crinitus,5,1377, cls_1 ,0.1021,1,294.8807,63.9
B_crinitus,5,1378, cls_1 ,0.8166,1.1031,97.1158,159.75
B_crinitus,5,1379, cls_1 ,1.8374,1.0869,13.4443,271.1047
B_crinitus,5,1380, cls_1 ,0.6125,1.0465,30.9148,294.5644
B_crinitus,5,1381, cls_1 ,0.1021,1,4.5776,420.2366
B_crinitus,5,1382, cls_1 ,95.445,1.1721,19.5361,63.9
B_crinitus,5,1383, cls_1 ,2.0416,1.0754,106.291,101.0348
B_crinitus,5,1384, cls_1 ,0.5104,1.0688,22.4807,194.3443
B_crinitus,5,1385, cls_1 ,1.1229,1.0654,225.76,63.9
B_crinitus,5,1387, cls_1 ,1.225,1.0556,22.0497,230.3947
B_crinitus,5,1388, cls_1 ,0.9187,1.112,6.1457,230.3947
B_crinitus,5,1389, cls_1 ,1.1229,1.1085,1.8506,172.056
B_crinitus,5,1390, cls_1 ,0.5104,1.105,71.1241,71.4424
B_crinitus,5,1391, cls_1 ,4.1853,1.093,23.0724,191.7
B_crinitus,5,1392, cls_1 ,0.4083,1.0537,153.2271,301.4157
B_crinitus,5,1393, cls_1 ,0.5104,1.0261,2.1406,172.056
B_crinitus,5,1394, cls_1 ,1.5312,1.0909,15.8888,90.3682
B_crinitus,5,1398, cls_1 ,0.5104,1.0261,13.7609,101.0348
B_crinitus,5,1399, cls_1 ,1.0208,1.1561,6.9992,131.7332
B_crinitus,5,1403, cls_1 ,32.8698,1.1096,31.4656,71.4424
B_crinitus,5,1405, cls_1 ,0.2042,1.0155,17.4864,90.3682
B_crinitus,5,1406, cls_1 ,0.8166,1.0769,3.8632,373.9652
B_crinitus,5,1408, cls_1 ,1.225,1.0556,2.3592,728.5721
B_crinitus,5,1417, cls_1 ,29.9095,1.1837,14.9775,287.55
B_crinitus,5,1418, cls_1 ,0.1021,1,11.8753,63.9
B_crinitus,5,1419, cls_1 ,6.1248,1.1426,27.3463,191.7
B_crinitus,5,1420, cls_1 ,29.5012,1.1191,64.0258,63.9
B_crinitus,5,1422, cls_1 ,0.8166,1.0473,61.714,386.0533
B_crinitus,5,1424, cls_1 ,2.9603,1.1474,7.0745,63.9
B_crinitus,5,1425, cls_1 ,2.3478,1.1017,18.8652,101.0348
B_crinitus,5,1428, cls_1 ,0.4083,1.0975,9.1261,383.4
B_crinitus,5,1430, cls_1 ,0.1021,1,241.5096,63.9
B_crinitus,5,1431, cls_1 ,1.0208,1.1199,16.8902,454.0948
B_crinitus,5,1435, cls_1 ,0.4083,1.1667,5.7774,101.0348
B_crinitus,5,1436, cls_1 ,0.8166,1.0131,5.309,285.7695
B_crinitus,5,1437, cls_1 ,0.1021,1,11.7271,63.9
B_crinitus,5,1438, cls_1 ,0.8166,1.0473,43.3479,95.85
B_crinitus,5,1439, cls_1 ,1.4291,1.0606,9.0512,95.85
B_crinitus,5,1440, cls_1 ,1.225,1.0982,6.511,159.75
B_crinitus,5,1441, cls_1 ,0.1021,1,71.8357,71.4424
B_crinitus,5,1442, cls_1 ,1.9395,1.096,35.2775,159.75
B_crinitus,5,1445, cls_1 ,0.3062,1.0358,68.793,214.3271
B_crinitus,5,1446, cls_1 ,0.5104,1.0688,47.0563,159.75
B_crinitus,5,1449, cls_1 ,0.6125,1.0465,29.8934,71.4424
B_crinitus,5,1450, cls_1 ,114.1257,1.1708,87.9753,71.4424
B_crinitus,5,1452, cls_1 ,2.2458,1.0651,4.4964,225.9206
B_crinitus,5,1453, cls_1 ,0.9187,1.0338,7.3395,95.85
B_crinitus,5,1454, cls_1 ,1.9395,1.1353,7.4711,63.9
B_crinitus,5,1455, cls_1 ,4.0832,1.0955,4.7294,159.75
B_crinitus,5,1456, cls_1 ,1.7354,1.1084,32.8444,316.2889
B_crinitus,5,1457, cls_1 ,0.6125,1.0465,1.7612,294.5644
B_crinitus,5,1458, cls_1 ,1.327,1.1543,17.9938,63.9
B_crinitus,5,1459, cls_1 ,8.1664,1.052,59.7572,71.4424
B_crinitus,5,1460, cls_1 ,0.6125,1.0819,35.9826,249.5375
B_crinitus,5,1461, cls_1 ,0.4083,1,26.1839,127.8
B_crinitus,5,1462, cls_1 ,0.1021,1,13.2997,63.9
B_crinitus,5,1463, cls_1 ,0.1021,1,12.8299,63.9
B_crinitus,5,1465, cls_1 ,0.8166,1.0769,6.8765,71.4424
B_crinitus,5,1466, cls_1 ,0.9187,1.112,9.5323,63.9
B_crinitus,5,1467, cls_1 ,0.1021,1,12.3942,63.9
B_crinitus,5,1468, cls_1 ,0.5104,1.0688,4.8744,632.5777
B_crinitus,5,1469, cls_1 ,2.8582,1.0924,20.0377,71.4424
B_crinitus,5,1470, cls_1 ,6.0227,1.1155,23.9636,127.8
B_crinitus,5,1471, cls_1 ,6.4311,1.1089,99.6045,63.9
B_crinitus,5,1472, cls_1 ,11.5351,1.202,78.0902,63.9
B_crinitus,5,1474, cls_1 ,5.6144,1.1406,22.2869,95.85
B_crinitus,5,1475, cls_1 ,1.0208,1.0509,27.3318,316.2889
B_crinitus,5,1478, cls_1 ,1.6333,1.0657,5.2776,142.8847
B_crinitus,5,1479, cls_1 ,17.4557,1.143,13.7119,90.3682
B_crinitus,5,1480, cls_1 ,1.5312,1.0728,55.883,71.4424
B_crinitus,5,1481, cls_1 ,24.193,1.1676,12.2146,63.9
B_crinitus,5,1483, cls_1 ,0.4083,1.0537,7.831,159.75
B_crinitus,5,1484, cls_1 ,50.4276,1.1538,17.2292,63.9
B_crinitus,5,1485, cls_1 ,0.8166,1.0473,1.819,709.4051
B_crinitus,5,1486, cls_1 ,0.6125,1.0819,17.8605,285.7695
B_crinitus,5,1491, cls_1 ,0.8166,1.0473,1.6958,214.3271
B_crinitus,5,1492, cls_1 ,0.6125,1.0819,23.2801,63.9
B_crinitus,5,1493, cls_1 ,2.6541,1.1838,46.3802,63.9
B_crinitus,5,1494, cls_1 ,6.9415,1.1073,86.9945,71.4424
B_crinitus,5,1495, cls_1 ,0.7146,1.0631,18.7444,285.7695
B_crinitus,5,1497, cls_1 ,3.0624,1.0962,46.4756,142.8847
B_crinitus,5,1498, cls_1 ,1.8374,1.0706,18.2576,95.85
B_crinitus,5,1499, cls_1 ,1.225,1.078,40.8712,71.4424
B_crinitus,5,1501, cls_1 ,0.5104,1.105,5.6144,131.7332
B_crinitus,5,1502, cls_1 ,1.5312,1.1075,4.4011,131.7332
B_crinitus,5,1503, cls_1 ,0.9187,1.063,4.3643,434.567
B_crinitus,5,1504, cls_1 ,21.9473,1.1191,3.8944,257.5891
B_crinitus,5,1505, cls_1 ,0.6125,1.0465,1.7467,214.3271
B_crinitus,5,1506, cls_1 ,5.4103,1.0839,13.4116,90.3682
B_crinitus,5,1508, cls_1 ,0.8166,1.0769,29.5367,71.4424
B_crinitus,5,1509, cls_1 ,1.225,1.1167,6.6947,159.75
B_crinitus,5,1510, cls_1 ,4.6957,1.1537,29.0947,63.9
B_crinitus,5,1511, cls_1 ,0.6125,1.0465,15.4301,115.1974
B_crinitus,5,1512, cls_1 ,0.4083,1,19.5592,101.0348
B_crinitus,5,1513, cls_1 ,1.1229,1.0654,6.233,127.8
B_crinitus,5,1514, cls_1 ,0.3062,1.0358,29.3866,90.3682
B_crinitus,5,1515, cls_1 ,4.5936,1.1233,55.8658,71.4424
B_crinitus,5,1516, cls_1 ,1.327,1.089,4.5669,90.3682
B_crinitus,5,1517, cls_1 ,2.1437,1.1462,38.8539,101.0348
B_crinitus,5,1518, cls_1 ,0.8166,1.1477,5.6048,127.8
B_crinitus,5,1519, cls_1 ,0.4083,1,19.9976,272.9809
B_crinitus,5,1520, cls_1 ,1.1229,1.1602,19.5176,127.8
B_crinitus,5,1522, cls_1 ,1.0208,1.1388,4.9438,71.4424
B_crinitus,5,1523, cls_1 ,0.1021,1,15.9506,95.85
B_crinitus,5,1524, cls_1 ,4.4915,1.0857,4.9279,172.056
B_crinitus,5,1525, cls_1 ,6.6352,1.1927,30.9973,95.85
B_crinitus,5,1526, cls_1 ,0.3062,1.0358,3.7317,294.5644
B_crinitus,5,1527, cls_1 ,0.3062,1.0358,7.0624,71.4424
B_crinitus,5,1529, cls_1 ,0.9187,1.112,9.9393,159.75
B_crinitus,5,1530, cls_1 ,30.1137,1.128,17.7638,101.0348
B_crinitus,5,1532, cls_1 ,0.7146,1.0932,7.7499,90.3682
B_crinitus,5,1533, cls_1 ,1.1229,1.088,3.1247,1010.3477
B_crinitus,5,1534, cls_1 ,0.9187,1.0889,7.7161,243.324
B_crinitus,5,1536, cls_1 ,2.4499,1.1773,24.5797,63.9
B_crinitus,5,1538, cls_1 ,3.777,1.1367,228.9103,63.9
B_crinitus,5,1539, cls_1 ,0.3062,1.0358,20.5756,95.85
B_crinitus,5,1540, cls_1 ,3.6749,1.0771,15.2867,172.056
B_crinitus,5,1541, cls_1 ,3.3686,1.1246,48.2984,63.9
B_crinitus,5,1543, cls_1 ,3.1645,1.0817,62.9372,63.9
B_crinitus,5,1547, cls_1 ,0.6125,1.1395,7.0813,95.85
B_crinitus,5,1549, cls_1 ,1.7354,1.059,9.2296,202.0695
B_crinitus,5,1550, cls_1 ,1.4291,1.0805,62.1418,63.9
B_crinitus,5,1553, cls_1 ,3.4707,1.0482,4.709,115.1974
B_crinitus,5,1554, cls_1 ,7.4519,1.1278,251.3832,71.4424
B_crinitus,5,1556, cls_1 ,3.4707,1.083,3.1778,294.5644
B_crinitus,5,1557, cls_1 ,2.3478,1.0752,5.9229,95.85
B_crinitus,5,1559, cls_1 ,1.5312,1.053,3.0934,101.0348
B_crinitus,5,1560, cls_1 ,1.4291,1.1154,129.2923,63.9
B_crinitus,5,1561, cls_1 ,83.5016,1.2157,126.5275,63.9
B_crinitus,5,1562, cls_1 ,28.7866,1.1752,12.4525,71.4424
B_crinitus,5,1564, cls_1 ,16.9453,1.173,12.6561,63.9
B_crinitus,5,1565, cls_1 ,0.5104,1.1638,13.9873,186.2989
B_crinitus,5,1569, cls_1 ,0.9187,1.063,3.897,101.0348
B_crinitus,5,1570, cls_1 ,0.9187,1.1519,6.7951,225.9206
B_crinitus,5,1571, cls_1 ,4.7978,1.0877,23.8673,159.75
B_crinitus,5,1574, cls_1 ,0.1021,1,3.9619,271.1047
B_crinitus,5,1575, cls_1 ,0.1021,1,10.451,63.9
B_crinitus,5,1576, cls_1 ,6.6352,1.1396,20.4619,135.5524
B_crinitus,5,1577, cls_1 ,1.327,1.0689,14.6477,159.75
B_crinitus,5,1578, cls_1 ,0.6125,1.0465,37.9375,101.0348
B_crinitus,5,1580, cls_1 ,0.5104,1.105,11.6571,135.5524
B_crinitus,5,1581, cls_1 ,0.7146,1.0631,3.771,294.5644
B_crinitus,5,1582, cls_1 ,1.7354,1.1482,9.297,63.9
B_crinitus,5,1583, cls_1 ,0.5104,1.0261,4.1231,274.8443
B_crinitus,5,1585, cls_1 ,1.5312,1.1075,128.4888,63.9
B_crinitus,5,1586, cls_1 ,1.0208,1.0509,13.3694,71.4424
B_crinitus,5,1587, cls_1 ,7.4519,1.0748,18.973,95.85
B_crinitus,5,1588, cls_1 ,3.5728,1.0904,241.8094,71.4424
B_crinitus,5,1589, cls_1 ,3.2666,1.0784,44.5097,159.75
B_crinitus,5,1590, cls_1 ,0.9187,1.1328,8.972,63.9
B_crinitus,5,1592, cls_1 ,0.5104,1.0261,18.5252,159.75
B_crinitus,5,1593, cls_1 ,1.6333,1.046,8.6947,63.9
B_crinitus,5,1597, cls_1 ,0.1021,1,20.4243,63.9
B_crinitus,5,1599, cls_1 ,1.0208,1.0764,14.7757,63.9
B_crinitus,5,1600, cls_1 ,1.4291,1.0987,4.2016,294.5644
B_crinitus,5,1601, cls_1 ,1.327,1.1073,6.4699,204.5798
B_crinitus,5,1602, cls_1 ,2.3478,1.1137,19.3442,71.4424
B_crinitus,5,1603, cls_1 ,0.2042,1.0155,13.3162,115.1974
B_crinitus,5,1604, cls_1 ,1.225,1.0556,20.399,95.85
B_crinitus,5,1605, cls_1 ,0.4083,1.0537,21.6715,63.9
B_crinitus,5,1606, cls_1 ,0.6125,1.0465,12.4593,95.85
B_crinitus,5,1607, cls_1 ,4.8999,1.1768,20.3726,71.4424
B_crinitus,5,1608, cls_1 ,0.1021,1,11.5259,63.9
B_crinitus,5,1609, cls_1 ,7.3498,1.0543,5.577,95.85
B_crinitus,5,1610, cls_1 ,3.0624,1.1066,31.5979,90.3682
B_crinitus,5,1611, cls_1 ,0.4083,1.0975,8.2441,71.4424
B_crinitus,5,1613, cls_1 ,0.1021,1,8.1333,71.4424
B_crinitus,5,1614, cls_1 ,0.3062,1.0358,6.1704,115.1974
B_crinitus,5,1615, cls_1 ,1.327,1.1807,6.2316,71.4424
B_crinitus,5,1617, cls_1 ,1.4291,1.0386,11.4348,223.65
B_crinitus,5,1618, cls_1 ,1.327,1.0219,12.7123,63.9
B_crinitus,5,1619, cls_1 ,5.104,1.0976,9.6124,191.7
B_crinitus,5,1620, cls_1 ,2.4499,1.1601,8.0972,115.1974
B_crinitus,5,1621, cls_1 ,0.1021,1,22.5376,159.75
B_crinitus,5,1622, cls_1 ,16.2308,1.1578,23.3355,63.9
B_crinitus,5,1623, cls_1 ,25.3159,1.1329,42.7391,95.85
B_crinitus,5,1624, cls_1 ,37.2593,1.1072,58.6278,159.75
B_crinitus,5,1625, cls_1 ,11.6371,1.1559,12.5993,127.8
B_crinitus,5,1627, cls_1 ,0.9187,1.1328,20.5379,223.65
B_crinitus,5,1628, cls_1 ,0.7146,1.1197,13.4796,63.9
B_crinitus,5,1630, cls_1 ,17.0474,1.1192,9.7094,131.7332
B_crinitus,5,1632, cls_1 ,0.5104,1.105,5.1673,71.4424
B_crinitus,5,1633, cls_1 ,11.0247,1.1442,21.4522,186.2989
B_crinitus,5,1634, cls_1 ,0.1021,1,24.8932,71.4424
B_crinitus,5,1635, cls_1 ,1.6333,1.1554,42.3451,71.4424
B_crinitus,5,1636, cls_1 ,1.5312,1.053,77.6687,71.4424
B_crinitus,5,1637, cls_1 ,1.1229,1.0115,13.2021,255.6
B_crinitus,5,1638, cls_1 ,0.9187,1.1328,3.8086,471.7361
B_crinitus,5,1639, cls_1 ,0.3062,1.0358,12.8161,71.4424
B_crinitus,5,1640, cls_1 ,0.5104,1.105,5.0898,400.3324
B_crinitus,5,1641, cls_1 ,7.9623,1.0543,2.2342,860.2801
B_crinitus,5,1642, cls_1 ,0.1021,1,5.6046,71.4424
B_crinitus,5,1643, cls_1 ,0.1021,1,4.3754,225.9206
B_crinitus,5,1644, cls_1 ,0.5104,1.0688,49.7053,63.9
B_crinitus,5,1645, cls_1 ,0.4083,1.1346,10.0461,172.056
B_crinitus,5,1646, cls_1 ,4.6957,1.1061,36.1737,71.4424
B_crinitus,5,1647, cls_1 ,0.3062,1.0914,3.3396,524.019
B_crinitus,5,1648, cls_1 ,0.2042,1.0155,41.5524,71.4424
B_crinitus,5,1650, cls_1 ,6.1248,1.0868,14.4738,90.3682
B_crinitus,5,1651, cls_1 ,1.4291,1.0805,66.2349,71.4424
B_crinitus,5,1652, cls_1 ,15.6183,1.0885,2.1859,953.1601
B_crinitus,5,1653, cls_1 ,0.5104,1.0688,31.1282,159.75
B_crinitus,5,1654, cls_1 ,0.1021,1,2.4946,361.473
B_crinitus,5,1655, cls_1 ,0.9187,1.063,64.7578,90.3682
B_crinitus,5,1656, cls_1 ,2.6541,1.0758,20.1098,101.0348
B_crinitus,5,1657, cls_1 ,0.6125,1.1125,5.9245,274.8443
B_crinitus,5,1660, cls_1 ,0.9187,1.063,32.9699,162.9137
B_crinitus,5,1661, cls_1 ,0.3062,1.0914,224.0085,63.9
B_crinitus,5,1662, cls_1 ,13.8829,1.0868,5.2983,191.7
B_crinitus,5,1666, cls_1 ,5.104,1.1325,2.6195,460.7895
B_crinitus,5,1667, cls_1 ,0.9187,1.1695,26.5192,95.85
B_crinitus,5,1668, cls_1 ,4.3895,1.0372,15.1909,95.85
B_crinitus,5,1669, cls_1 ,13.6788,1.0925,27.9789,71.4424
B_crinitus,5,1671, cls_1 ,2.7562,1.0583,10.4636,223.65
B_crinitus,5,1672, cls_1 ,0.9187,1.063,11.5051,232.5995
B_crinitus,5,1673, cls_1 ,0.8166,1.0473,4.4373,257.5891
B_crinitus,5,1674, cls_1 ,0.1021,1,7.9365,214.3271
B_crinitus,5,1675, cls_1 ,61.4523,1.1773,128.1126,90.3682
B_crinitus,5,1677, cls_1 ,1.5312,1.0728,2.3171,361.473
B_crinitus,5,1678, cls_1 ,0.3062,1.0358,28.9784,180.7365
B_crinitus,5,1679, cls_1 ,0.9187,1.0889,17.3419,90.3682
B_crinitus,5,1680, cls_1 ,0.6125,1.0819,6.5656,204.5798
B_crinitus,5,1681, cls_1 ,3.2666,1.1096,25.4214,127.8
B_crinitus,5,1682, cls_1 ,0.9187,1.063,12.5099,191.7
B_crinitus,5,1683, cls_1 ,26.3367,1.1972,99.7472,95.85
B_crinitus,5,1684, cls_1 ,4.4915,1.1027,33.0521,95.85
B_crinitus,5,1685, cls_1 ,0.7146,1.0932,39.0448,191.7
B_crinitus,5,1686, cls_1 ,5.2061,1.0956,217.0175,63.9
B_crinitus,5,1687, cls_1 ,2.4499,1.109,6.1184,159.75
B_crinitus,5,1688, cls_1 ,5.6144,1.1517,23.8838,186.2989
B_crinitus,5,1689, cls_1 ,0.3062,1.0358,31.2224,71.4424
B_crinitus,5,1690, cls_1 ,2.3478,1.0752,22.2046,95.85
B_crinitus,5,1691, cls_1 ,0.9187,1.063,19.2785,159.75
B_crinitus,5,1692, cls_1 ,2.0416,1.1294,37.5245,71.4424
B_crinitus,5,1693, cls_1 ,1.6333,1.1554,5.8726,101.0348
B_crinitus,5,1694, cls_1 ,71.5583,1.1366,9.0228,71.4424
B_crinitus,5,1695, cls_1 ,0.8166,1.0131,15.8606,63.9
B_crinitus,5,1696, cls_1 ,6.1248,1.1074,16.3472,301.4157
B_crinitus,5,1697, cls_1 ,1.0208,1.0509,11.6529,321.0935
B_crinitus,5,1698, cls_1 ,2.4499,1.0843,13.2607,63.9
B_crinitus,5,1699, cls_1 ,42.0571,1.1923,10.5515,71.4424
B_crinitus,5,1701, cls_1 ,1.5312,1.0728,10.5471,135.5524
B_crinitus,5,1702, cls_1 ,0.7146,1.1197,30.3658,63.9
B_crinitus,5,1704, cls_1 ,0.7146,1.0631,6.1731,159.75
B_crinitus,5,1705, cls_1 ,7.9623,1.0997,4.9876,383.4
B_crinitus,5,1706, cls_1 ,1.225,1.0982,41.2263,162.9137
B_crinitus,5,1707, cls_1 ,5.3082,1.122,10.1073,90.3682
B_crinitus,5,1708, cls_1 ,12.76,1.1151,7.1091,159.75
B_crinitus,5,1709, cls_1 ,1.0208,1.1199,12.7092,159.75
B_crinitus,5,1710, cls_1 ,2.3478,1.1137,160.0267,95.85
B_crinitus,5,1711, cls_1 ,0.5104,1.0261,28.6626,63.9
B_crinitus,5,1712, cls_1 ,0.3062,1.0914,11.467,71.4424
B_crinitus,5,1713, cls_1 ,0.5104,1.1885,6.8089,101.0348
B_crinitus,5,1714, cls_1 ,1.4291,1.0606,22.8081,186.2989
B_crinitus,5,1715, cls_1 ,0.7146,1.0631,7.2193,249.5375
B_crinitus,5,1716, cls_1 ,3.5728,1.1094,14.9785,71.4424
B_crinitus,5,1717, cls_1 ,0.2042,1.0909,11.368,71.4424
B_crinitus,5,1718, cls_1 ,216.7164,1.2171,34.6067,71.4424
B_crinitus,5,1719, cls_1 ,0.8166,1.0769,60.8234,131.7332
B_crinitus,5,1720, cls_1 ,137.0938,1.1819,30.6005,71.4424
B_crinitus,5,1723, cls_1 ,5.6144,1.0802,10.0174,90.3682
B_crinitus,5,1724, cls_1 ,0.3062,1.0358,6.5463,142.8847
B_crinitus,5,1725, cls_1 ,1.225,1.078,17.4837,71.4424
B_crinitus,5,1726, cls_1 ,2.2458,1.1301,90.5072,159.75
B_crinitus,5,1727, cls_1 ,0.6125,1.0465,142.4568,71.4424
B_crinitus,5,1728, cls_1 ,2.4499,1.0706,9.4061,214.3271
B_crinitus,5,1729, cls_1 ,2.3478,1.1251,45.0783,63.9
B_crinitus,5,1732, cls_1 ,10.1059,1.098,143.9555,63.9
B_crinitus,5,1733, cls_1 ,3.6749,1.0771,26.5533,90.3682
B_crinitus,5,1734, cls_1 ,1.6333,1.0836,79.9848,101.0348
B_crinitus,5,1736, cls_1 ,0.5104,1.0261,10.7635,214.3271
B_crinitus,5,1737, cls_1 ,1.0208,1.0509,14.8807,202.0695
B_crinitus,5,1738, cls_1 ,3.4707,1.0605,108.3645,115.1974
B_crinitus,5,1739, cls_1 ,9.1872,1.1472,20.1293,63.9
B_crinitus,5,1740, cls_1 ,1.9395,1.0809,55.5671,115.1974
B_crinitus,5,1741, cls_1 ,0.5104,1.0261,84.0835,159.75
B_crinitus,5,1742, cls_1 ,3.3686,1.0379,4.0044,415.35
B_crinitus,5,1745, cls_1 ,0.6125,1.1637,432.9938,71.4424
B_crinitus,5,1746, cls_1 ,0.2042,1.0155,36.8745,162.9137
B_crinitus,5,1750, cls_1 ,0.7146,1.0283,9.2124,272.9809
B_crinitus,5,1751, cls_1 ,0.6125,1.1125,87.2696,71.4424
B_crinitus,5,1752, cls_1 ,2.0416,1.0754,166.5994,115.1974
B_crinitus,5,1753, cls_1 ,14.8016,1.1589,166.4641,63.9
B_crinitus,5,1754, cls_1 ,2.1437,1.0701,86.5584,90.3682
B_crinitus,5,1755, cls_1 ,3.6749,1.0874,13.4717,274.8443
B_crinitus,5,1757, cls_1 ,4.6957,1.0982,20.3395,71.4424
B_crinitus,5,1758, cls_1 ,2.4499,1.0971,12.8469,142.8847
B_crinitus,5,1759, cls_1 ,2.1437,1.0366,12.1073,274.8443
B_crinitus,5,1760, cls_1 ,0.4083,1.0537,7.4495,204.5798
B_crinitus,5,1761, cls_1 ,3.3686,1.0512,3.945,495.9974
B_crinitus,5,1762, cls_1 ,1.4291,1.1154,19.4282,71.4424
B_crinitus,5,1763, cls_1 ,3.4707,1.0482,8.1817,274.8443
B_crinitus,5,1764, cls_1 ,0.3062,1.0358,22.6863,71.4424
B_crinitus,5,1765, cls_1 ,1.0208,1.0509,14.7055,71.4424
B_crinitus,5,1766, cls_1 ,6.2269,1.1182,272.8941,71.4424
B_crinitus,5,1767, cls_1 ,9.2893,1.0541,8.7533,63.9
B_crinitus,5,1768, cls_1 ,0.7146,1.0283,13.1494,142.8847
B_crinitus,5,1769, cls_1 ,6.5331,1.0731,15.0693,127.8
B_crinitus,5,1770, cls_1 ,3.0624,1.0475,10.1457,127.8
B_crinitus,5,1771, cls_1 ,0.8166,1.0473,14.0746,63.9
B_crinitus,5,1772, cls_1 ,2.6541,1.0758,12.8671,127.8
B_crinitus,5,1773, cls_1 ,6.5331,1.1073,21.0965,351.45
B_crinitus,5,1774, cls_1 ,0.3062,1.0914,13.1025,63.9
B_crinitus,5,1775, cls_1 ,0.9187,1.1328,7.6408,71.4424
B_crinitus,5,1776, cls_1 ,2.2458,1.0492,24.6173,194.3443
B_crinitus,5,1777, cls_1 ,0.4083,1.1346,27.713,63.9
B_crinitus,5,1778, cls_1 ,0.1021,1,8.4411,90.3682
B_crinitus,5,1779, cls_1 ,1.8374,1.1415,7.9492,225.9206
B_crinitus,5,1780, cls_1 ,0.4083,1.0537,10.4993,71.4424
B_crinitus,5,1781, cls_1 ,0.1021,1,5.344,159.75
B_crinitus,5,1782, cls_1 ,5.9207,1.0585,121.2644,63.9
B_crinitus,5,1783, cls_1 ,2.2458,1.0799,9.9675,191.7
B_crinitus,5,1784, cls_1 ,0.1021,1,8.1869,232.5995
B_crinitus,5,1785, cls_1 ,4.8999,1.1017,8.6789,135.5524
B_crinitus,5,1786, cls_1 ,0.5104,1.0261,8.882,172.056
B_crinitus,5,1787, cls_1 ,17.762,1.0884,47.7581,191.7
B_crinitus,5,1788, cls_1 ,1.225,1.1641,6.8243,172.056
B_crinitus,5,1789, cls_1 ,4.2874,1.0616,13.4477,135.5524
B_crinitus,5,1790, cls_1 ,46.5486,1.1257,38.3716,63.9
B_crinitus,5,1791, cls_1 ,1.225,1.0556,31.6519,131.7332
B_crinitus,5,1792, cls_1 ,1.4291,1.0805,40.5635,127.8
B_crinitus,5,1793, cls_1 ,0.3062,1.1369,6.0074,486.6479
B_crinitus,5,1794, cls_1 ,1.327,1.0219,13.0461,249.5375
B_crinitus,5,1795, cls_1 ,8.0643,1.1436,101.0955,71.4424
B_crinitus,5,1796, cls_1 ,30.9303,1.1503,9.7432,115.1974
B_crinitus,5,1797, cls_1 ,0.6125,1.0465,29.9379,115.1974
B_crinitus,5,1798, cls_1 ,2.552,1.0359,26.7032,71.4424
B_crinitus,5,1800, cls_1 ,0.6125,1.0819,10.477,232.5995
B_crinitus,5,3, cls_3 ,40.2196,1.1765,5473.3513,63.9
B_crinitus,5,8, cls_3 ,45231.8609,1.3448,1309.1134,63.9
B_crinitus,5,9, cls_3 ,0.4083,1.0975,17725.6653,159.75
B_crinitus,5,14, cls_3 ,6.0227,1.1155,110780.4937,63.9
B_crinitus,5,15, cls_3 ,85.1349,1.1697,110825.475,63.9
B_crinitus,5,16, cls_3 ,0.5104,1.105,237.5762,101.0348
B_crinitus,5,17, cls_3 ,0.9187,1.063,185.0669,314.671
B_crinitus,5,19, cls_3 ,1.225,1.0556,266.39,131.7332
B_crinitus,5,20, cls_3 ,1.9395,1.096,322.8006,101.0348
B_crinitus,5,21, cls_3 ,0.1021,1,282.9935,131.7332
B_crinitus,5,22, cls_3 ,0.7146,1.0932,5638.1091,63.9
B_crinitus,5,24, cls_3 ,3.777,1.1124,110778.4997,63.9
B_crinitus,5,25, cls_3 ,83.7058,1.2364,22221.2034,63.9
B_crinitus,5,27, cls_3 ,3.0624,1.0475,472.0804,63.9
B_crinitus,5,28, cls_3 ,0.1021,1,110840.36,63.9
B_crinitus,5,30, cls_3 ,28.7866,1.2153,2833.4366,63.9
B_crinitus,5,33, cls_3 ,0.7146,1.0283,15281.9442,95.85
B_crinitus,5,34, cls_3 ,1.5312,1.053,266.0464,90.3682
B_crinitus,5,36, cls_3 ,1.327,1.1073,22157.1289,95.85
B_crinitus,5,37, cls_3 ,1.8374,1.0529,115.8287,63.9
B_crinitus,5,38, cls_3 ,13.0663,1.1569,175.6592,90.3682
B_crinitus,5,39, cls_3 ,2.0416,1.0903,1325.9575,90.3682
B_crinitus,5,40, cls_3 ,0.6125,1.0465,49235.3825,95.85
B_crinitus,5,41, cls_3 ,1.0208,1.022,138.1846,63.9
B_crinitus,5,42, cls_3 ,0.1021,1,121.2144,115.1974
B_crinitus,5,43, cls_3 ,1.225,1.0306,605.8428,115.1974
B_crinitus,5,45, cls_3 ,7.9623,1.1161,1633.0375,90.3682
B_crinitus,5,46, cls_3 ,0.5104,1.0261,952.7358,90.3682
B_crinitus,5,47, cls_3 ,33.074,1.2297,592.5522,95.85
B_crinitus,5,48, cls_3 ,1.8374,1.0529,2212.0319,225.9206
B_crinitus,5,50, cls_3 ,1.225,1.1495,88620.8166,71.4424
B_crinitus,5,52, cls_3 ,1.4291,1.0386,299.7198,186.2989
B_crinitus,5,54, cls_3 ,0.7146,1.0631,49439.4093,63.9
B_crinitus,5,55, cls_3 ,3.4707,1.1125,110780.5839,63.9
B_crinitus,5,57, cls_3 ,3.9811,1.069,1774.4679,191.7
B_crinitus,5,58, cls_3 ,0.4083,1.0537,532.2884,274.8443
B_crinitus,5,60, cls_3 ,0.9187,1.0338,220.3684,71.4424
B_crinitus,5,61, cls_3 ,0.8166,1.0473,110779.4603,63.9
B_crinitus,5,62, cls_3 ,2.6541,1.0884,274.3295,223.65
B_crinitus,5,65, cls_3 ,3.9811,1.069,284.7619,71.4424
B_crinitus,5,66, cls_3 ,1.225,1.0556,12311.7295,63.9
B_crinitus,5,69, cls_3 ,1.4291,1.0606,88625.7351,63.9
B_crinitus,5,70, cls_3 ,1.5312,1.0311,49238.8518,63.9
B_crinitus,5,72, cls_3 ,3.9811,1.0981,1210.8036,63.9
B_crinitus,5,73, cls_3 ,0.7146,1.0631,473.4954,95.85
B_crinitus,5,76, cls_3 ,0.1021,1,1082.5112,225.9206
B_crinitus,5,78, cls_3 ,3.6749,1.0874,17726.0572,159.75
B_crinitus,5,79, cls_3 ,2.8582,1.0806,390.5177,95.85
B_crinitus,5,80, cls_3 ,1.7354,1.0933,1216.1533,386.0533
B_crinitus,5,86, cls_3 ,2.3478,1.1557,44314.6278,71.4424
B_crinitus,5,87, cls_3 ,0.5104,1.0688,338.109,274.8443
B_crinitus,5,88, cls_3 ,1.5312,1.053,4437.1475,71.4424
B_crinitus,5,90, cls_3 ,3.879,1.118,567.6475,159.75
B_crinitus,5,93, cls_3 ,1.4291,1.1154,17726.1401,159.75
B_crinitus,5,94, cls_3 ,2.4499,1.0971,388.837,63.9
B_crinitus,5,97, cls_3 ,9.0851,1.1523,725.702,63.9
B_crinitus,5,100, cls_3 ,2.0416,1.0592,49234.9348,95.85
B_crinitus,5,101, cls_3 ,1.1229,1.0654,1085.6081,272.9809
B_crinitus,5,106, cls_3 ,43.6903,1.1463,110780.5124,63.9
B_crinitus,5,108, cls_3 ,1.8374,1.0869,1007.2633,71.4424
B_crinitus,5,113, cls_3 ,1.225,1.0306,110777.632,63.9
B_crinitus,5,114, cls_3 ,1.225,1.078,416.9296,71.4424
B_crinitus,5,117, cls_3 ,17.5578,1.1133,110776.8616,63.9
B_crinitus,5,118, cls_3 ,0.1021,1,1262.2518,71.4424
B_crinitus,5,119, cls_3 ,2.552,1.1159,4067.8739,333.5678
B_crinitus,5,120, cls_3 ,0.7146,1.0631,44310.8731,101.0348
B_crinitus,5,123, cls_3 ,13.3725,1.1546,49234.0627,95.85
B_crinitus,5,124, cls_3 ,13.1684,1.096,1006.0222,339.6332
B_crinitus,5,125, cls_3 ,0.5104,1.0261,335.9522,142.8847
B_crinitus,5,126, cls_3 ,10.4122,1.1765,839.8616,142.8847
B_crinitus,5,127, cls_3 ,0.1021,1,110775.7259,63.9
B_crinitus,5,132, cls_3 ,0.1021,1,110775.8833,63.9
B_crinitus,5,134, cls_3 ,0.1021,1,110777.4665,63.9
B_crinitus,5,135, cls_3 ,0.9187,1.1695,88645.7556,71.4424
B_crinitus,5,139, cls_3 ,0.6125,1.0465,26065.9401,131.7332
B_crinitus,5,140, cls_3 ,1.327,1.0689,27695.8881,127.8
B_crinitus,5,145, cls_3 ,0.6125,1.0465,1308.1962,127.8
B_crinitus,5,155, cls_3 ,4.7978,1.1115,9848.0496,186.2989
B_crinitus,5,156, cls_3 ,2.1437,1.085,3548.621,159.75
B_crinitus,5,157, cls_3 ,3.879,1.1096,4435.4991,127.8
B_crinitus,5,165, cls_3 ,0.8166,1.0473,2007.8162,194.3443
B_crinitus,5,168, cls_3 ,1.0208,1.0764,2449.7576,63.9
B_crinitus,5,172, cls_3 ,0.6125,1.0465,110777.1424,63.9
B_crinitus,5,174, cls_3 ,0.3062,1.0914,1675.394,63.9
B_crinitus,5,175, cls_3 ,3.4707,1.1032,22156.8439,142.8847
B_crinitus,5,178, cls_3 ,0.7146,1.0631,49235.3492,95.85
B_crinitus,5,181, cls_3 ,0.1021,1,1126.002,115.1974
B_crinitus,5,183, cls_3 ,5.0019,1.0659,9848.0692,194.3443
B_crinitus,5,187, cls_3 ,2.4499,1.1204,110776.986,63.9
B_crinitus,5,188, cls_3 ,0.3062,1.0358,110776.9414,63.9
B_crinitus,5,191, cls_3 ,0.7146,1.0283,17725.2335,159.75
B_crinitus,5,196, cls_3 ,0.5104,1.0688,110776.714,63.9
B_crinitus,5,210, cls_3 ,2.0416,1.1172,1380.409,71.4424
B_crinitus,5,216, cls_3 ,1.5312,1.053,55388.061,90.3682
B_crinitus,5,221, cls_3 ,8.2685,1.065,2168.033,71.4424
B_crinitus,5,234, cls_3 ,3.3686,1.0635,34090.033,115.1974
B_crinitus,5,236, cls_3 ,0.1021,1,110775.5004,63.9
B_crinitus,5,238, cls_3 ,10.3101,1.1192,27694.4586,127.8
B_crinitus,5,250, cls_3 ,0.6125,1.1125,34085.0314,115.1974
B_crinitus,5,253, cls_3 ,0.7146,1.0631,15279.6732,172.056
B_crinitus,5,261, cls_3 ,2.552,1.0663,3061.3658,127.8
B_crinitus,5,265, cls_3 ,8.0643,1.1721,110777.4105,63.9
B_crinitus,5,267, cls_3 ,2.552,1.0517,110775.5191,63.9
B_crinitus,5,283, cls_3 ,1.9395,1.096,13033.7656,115.1974
B_crinitus,5,298, cls_3 ,0.7146,1.1434,55389.9071,90.3682
B_crinitus,5,299, cls_3 ,1.1229,1.0402,55387.9797,90.3682
B_crinitus,5,326, cls_3 ,1.6333,1.1001,110775.6546,63.9
B_crinitus,5,336, cls_3 ,1.4291,1.0386,34085.4296,115.1974
B_crinitus,5,362, cls_3 ,2.7562,1.0718,2780.8828,71.4424
B_crinitus,5,366, cls_3 ,1.1229,1.088,1116.9964,471.7361
B_crinitus,5,374, cls_3 ,5.5123,1.082,1071.5146,71.4424
B_crinitus,5,404, cls_3 ,1.8374,1.0869,409.1708,294.5644
B_crinitus,5,424, cls_3 ,3.3686,1.1063,110776.5268,63.9
B_crinitus,5,430, cls_3 ,6.329,1.1283,393.1578,707.2434
B_crinitus,5,440, cls_3 ,0.7146,1.0631,368.9546,314.671
B_crinitus,5,457, cls_3 ,1.7354,1.0769,17727.3205,159.75
B_crinitus,5,459, cls_3 ,34.6052,1.133,1773.4376,63.9
B_crinitus,5,473, cls_3 ,2.0416,1.0903,2739.6675,159.75
B_crinitus,5,494, cls_3 ,1.225,1.078,549.1935,373.9652
B_crinitus,5,496, cls_3 ,30.3178,1.2003,88652.3604,71.4424
B_crinitus,5,504, cls_3 ,2.6541,1.0622,240.191,373.9652
B_crinitus,5,508, cls_3 ,0.1021,1,414.6567,63.9
B_crinitus,5,515, cls_3 ,74.0082,1.2123,5999.9966,172.056
B_crinitus,5,520, cls_3 ,0.9187,1.0338,55387.8547,90.3682
B_crinitus,5,526, cls_3 ,1.4291,1.0805,17724.3801,159.75
B_crinitus,5,528, cls_3 ,1.6333,1.1554,2956.9207,71.4424
B_crinitus,5,530, cls_3 ,1.9395,1.0647,12312.5772,95.85
B_crinitus,5,534, cls_3 ,2.0416,1.0903,55390.3396,90.3682
B_crinitus,5,541, cls_3 ,5.2061,1.1031,120.6487,426.2662
B_crinitus,5,542, cls_3 ,1.9395,1.1099,22155.6119,142.8847
B_crinitus,5,543, cls_3 ,2.6541,1.168,874.405,95.85
B_crinitus,5,544, cls_3 ,3.6749,1.0972,110777.6001,63.9
B_crinitus,5,545, cls_3 ,2.1437,1.054,156.0131,406.6571
B_crinitus,5,549, cls_3 ,2.7562,1.0281,17726.1353,135.5524
B_crinitus,5,554, cls_3 ,2.552,1.0517,329.8662,63.9
B_crinitus,5,557, cls_3 ,1.327,1.0689,185.4601,257.5891
B_crinitus,5,559, cls_3 ,2.1437,1.0366,1817.4988,301.4157
B_crinitus,5,560, cls_3 ,5.6144,1.1288,3415.0615,71.4424
B_crinitus,5,562, cls_3 ,0.9187,1.0889,88620.3702,71.4424
B_crinitus,5,566, cls_3 ,1.225,1.0556,385.2458,63.9
B_crinitus,5,571, cls_3 ,1.9395,1.096,258.9902,257.5891
B_crinitus,5,574, cls_3 ,1.9395,1.123,1199.6634,71.4424
B_crinitus,5,577, cls_3 ,4.4915,1.0944,110775.524,63.9
B_crinitus,5,582, cls_3 ,20.416,1.168,88624.4553,71.4424
B_crinitus,5,584, cls_3 ,5.104,1.1563,110778.0657,63.9
B_crinitus,5,586, cls_3 ,0.7146,1.0283,758.6545,294.5644
B_crinitus,5,588, cls_3 ,1.327,1.089,2006.192,383.4
B_crinitus,5,590, cls_3 ,29.6033,1.1959,1534.4823,63.9
B_crinitus,5,593, cls_3 ,0.8166,1.1031,110776.0055,63.9
B_crinitus,5,596, cls_3 ,0.8166,1.0769,22155.3175,142.8847
B_crinitus,5,597, cls_3 ,5.2061,1.0796,454.809,294.5644
B_crinitus,5,598, cls_3 ,3.1645,1.0442,88623.2871,71.4424
B_crinitus,5,600, cls_3 ,0.8166,1.0131,110779.943,63.9
B_crinitus,5,602, cls_3 ,0.6125,1.0465,13038.8064,63.9
B_crinitus,5,603, cls_3 ,6.8394,1.0964,8863.6562,214.3271
B_crinitus,5,607, cls_3 ,4.0832,1.1043,8362.7533,214.3271
B_crinitus,5,608, cls_3 ,3.1645,1.0927,110776.7238,63.9
B_crinitus,5,611, cls_3 ,24.0909,1.1184,27704.2557,71.4424
B_crinitus,5,614, cls_3 ,3.3686,1.1157,110781.1241,63.9
B_crinitus,5,615, cls_3 ,0.6125,1.0465,17724.2567,159.75
B_crinitus,5,619, cls_3 ,1.4291,1.0386,3056.6069,384.7289
B_crinitus,5,620, cls_3 ,0.1021,1,1078.1702,63.9
B_crinitus,5,625, cls_3 ,0.2042,1.0155,1601.8855,63.9
B_crinitus,5,629, cls_3 ,1.0208,1.022,110779.3186,63.9
B_crinitus,5,630, cls_3 ,0.1021,1,110775.5446,63.9
B_crinitus,5,634, cls_3 ,4.8999,1.0856,11986.6193,159.75
B_crinitus,5,636, cls_3 ,0.8166,1.0131,3924.609,159.75
B_crinitus,5,638, cls_3 ,4.1853,1.118,17043.229,162.9137
B_crinitus,5,639, cls_3 ,1.8374,1.0529,12308.8553,191.7
B_crinitus,5,641, cls_3 ,3.9811,1.1717,5263.1837,71.4424
B_crinitus,5,645, cls_3 ,1.6333,1.1889,2562.4829,71.4424
B_crinitus,5,650, cls_3 ,5.3082,1.0507,1817.0715,361.473
B_crinitus,5,655, cls_3 ,1.0208,1.022,110777.7216,63.9
B_crinitus,5,657, cls_3 ,0.8166,1.0473,34094.197,95.85
B_crinitus,5,659, cls_3 ,13.2704,1.1226,8362.3184,232.5995
B_crinitus,5,660, cls_3 ,0.3062,1.0358,960.4206,71.4424
B_crinitus,5,661, cls_3 ,2.3478,1.0445,27694.009,127.8
B_crinitus,5,662, cls_3 ,2.552,1.1159,22159.3342,95.85
B_crinitus,5,663, cls_3 ,1.0208,1.0509,1578.2347,71.4424
B_crinitus,5,668, cls_3 ,0.2042,1.0155,1594.8767,204.5798
B_crinitus,5,677, cls_3 ,10.5143,1.1452,13855.4644,63.9
B_crinitus,5,678, cls_3 ,0.6125,1.0819,5989.902,95.85
B_crinitus,5,680, cls_3 ,0.2042,1.0155,88621.6777,71.4424
B_crinitus,5,681, cls_3 ,2.552,1.0799,27720.8066,63.9
B_crinitus,5,683, cls_3 ,0.7146,1.0631,49235.2437,95.85
B_crinitus,5,684, cls_3 ,0.8166,1.0473,17730.5894,159.75
B_crinitus,5,691, cls_3 ,0.7146,1.0932,44310.3146,101.0348
B_crinitus,5,692, cls_3 ,1.0208,1.0993,110777.2365,63.9
B_crinitus,5,698, cls_3 ,0.7146,1.0631,110783.1182,63.9
B_crinitus,5,700, cls_3 ,2.8582,1.1141,2826.5126,71.4424
B_crinitus,5,701, cls_3 ,0.5104,1.0261,22157.199,142.8847
B_crinitus,5,706, cls_3 ,3.777,1.0635,34086.5086,71.4424
B_crinitus,5,711, cls_3 ,1.1229,1.0654,34084.9179,115.1974
B_crinitus,5,714, cls_3 ,0.1021,1,1091.1634,71.4424
B_crinitus,5,721, cls_3 ,0.2042,1.0909,22158.8609,71.4424
B_crinitus,5,722, cls_3 ,45.834,1.18,55405.5,71.4424
B_crinitus,5,724, cls_3 ,1.1229,1.0654,110776.6451,63.9
B_crinitus,5,727, cls_3 ,0.9187,1.063,34086.6727,71.4424
B_crinitus,5,735, cls_3 ,0.2042,1.0155,110777.4473,63.9
B_crinitus,5,736, cls_3 ,0.4083,1.0537,110784.9532,63.9
B_crinitus,5,741, cls_3 ,5.7165,1.1008,5638.8771,63.9
B_crinitus,5,755, cls_3 ,1.327,1.089,88621.005,71.4424
B_crinitus,5,757, cls_3 ,3.879,1.0819,22172.6197,63.9
B_crinitus,5,759, cls_3 ,1.0208,1.0993,1227.6932,607.05
B_crinitus,5,760, cls_3 ,0.3062,1.0914,88622.1311,63.9
B_crinitus,5,761, cls_3 ,1.8374,1.0869,2561.5524,420.2366
B_crinitus,5,769, cls_3 ,0.4083,1,24618.2962,63.9
B_crinitus,5,775, cls_3 ,21.1306,1.1115,88621.4471,71.4424
B_crinitus,5,779, cls_3 ,4.5936,1.0648,3124.035,101.0348
B_crinitus,5,786, cls_3 ,4.5936,1.0648,88624.2647,71.4424
B_crinitus,5,791, cls_3 ,0.9187,1.063,321.3622,303.1043
B_crinitus,5,797, cls_3 ,5.3082,1.1522,110777.0445,63.9
B_crinitus,5,798, cls_3 ,1.4291,1.014,4599.512,101.0348
B_crinitus,5,801, cls_3 ,2.9603,1.1103,88620.5817,71.4424
B_crinitus,5,802, cls_3 ,3.0624,1.0475,110781.4781,63.9
B_crinitus,5,809, cls_3 ,0.6125,1.0465,3079.3012,383.4
B_crinitus,5,812, cls_3 ,1.0208,1.0993,4442.2456,71.4424
B_crinitus,5,826, cls_3 ,2.0416,1.1042,662.5406,115.1974
B_crinitus,5,827, cls_3 ,3.777,1.0943,88626.3395,71.4424
B_crinitus,5,828, cls_3 ,0.1021,1,110775.5005,63.9
B_crinitus,5,837, cls_3 ,3.777,1.0635,1982.2326,115.1974
B_crinitus,5,839, cls_3 ,1.0208,1.0764,44311.5731,101.0348
B_crinitus,5,842, cls_3 ,3.0624,1.0609,110778.0554,63.9
B_crinitus,5,846, cls_3 ,2.2458,1.0492,110778.1345,63.9
B_crinitus,5,851, cls_3 ,0.7146,1.0283,498.4033,63.9
B_crinitus,5,853, cls_3 ,5.7165,1.0703,88621.5801,71.4424
B_crinitus,5,855, cls_3 ,41.1383,1.1954,27758.0666,63.9
B_crinitus,5,856, cls_3 ,8.4727,1.1047,22167.082,142.8847
B_crinitus,5,859, cls_3 ,2.552,1.0517,55389.3487,90.3682
B_crinitus,5,860, cls_3 ,0.4083,1.0975,673.721,63.9
B_crinitus,5,861, cls_3 ,1.225,1.0982,612.5623,63.9
B_crinitus,5,872, cls_3 ,1.9395,1.0809,34088.4602,115.1974
B_crinitus,5,876, cls_3 ,1.0208,1.0509,55388.9986,90.3682
B_crinitus,5,877, cls_3 ,0.7146,1.0631,7641.9012,90.3682
B_crinitus,5,880, cls_3 ,1.4291,1.0606,7645.8389,95.85
B_crinitus,5,886, cls_3 ,0.5104,1.105,1554.1116,131.7332
B_crinitus,5,887, cls_3 ,1.6333,1.0836,17725.1518,90.3682
B_crinitus,5,890, cls_3 ,17.9661,1.1112,110775.7823,63.9
B_crinitus,5,892, cls_3 ,6.6352,1.129,88620.4207,71.4424
B_crinitus,5,895, cls_3 ,7.1456,1.0984,55433.5578,90.3682
B_crinitus,5,896, cls_3 ,4.2874,1.0509,110777.5641,63.9
B_crinitus,5,907, cls_3 ,0.1021,1,88620.4595,71.4424
B_crinitus,5,910, cls_3 ,33.8906,1.1455,49233.9032,95.85
B_crinitus,5,912, cls_3 ,25.1117,1.1526,3902.7969,71.4424
B_crinitus,5,958, cls_3 ,0.7146,1.0283,17735.7315,159.75
B_crinitus,5,959, cls_3 ,0.3062,1.0358,110775.4895,63.9
B_crinitus,5,967, cls_3 ,0.1021,1,110776.435,63.9
B_crinitus,5,979, cls_3 ,2.9603,1.0366,49236.1497,63.9
B_crinitus,5,995, cls_3 ,0.8166,1.0769,110783.0993,63.9
B_crinitus,5,1010, cls_3 ,0.1021,1,88620.5469,71.4424
B_crinitus,5,1014, cls_3 ,0.5104,1.105,49233.5615,95.85
B_crinitus,5,1021, cls_3 ,0.2042,1.0155,110775.7179,63.9
B_crinitus,5,1030, cls_3 ,6.5331,1.136,27694.79,127.8
B_crinitus,5,1036, cls_3 ,1.0208,1.0509,110775.9711,63.9
B_crinitus,5,1037, cls_3 ,0.6125,1.0465,110775.5346,63.9
B_crinitus,5,1043, cls_3 ,1.0208,1.0509,49233.7366,95.85
B_crinitus,5,1048, cls_3 ,0.8166,1.0473,110776.884,63.9
B_crinitus,5,1052, cls_3 ,5.5123,1.047,3467.76,63.9
B_crinitus,5,1053, cls_3 ,2.2458,1.0651,10821.4947,63.9
B_crinitus,5,1057, cls_3 ,0.7146,1.0631,110776.2358,63.9
B_crinitus,5,1058, cls_3 ,0.6125,1.0047,110775.4584,63.9
B_crinitus,5,1059, cls_3 ,0.1021,1,110775.3539,63.9
B_crinitus,5,1061, cls_3 ,1.6333,1.1001,55388.4289,90.3682
B_crinitus,5,1062, cls_3 ,0.7146,1.0283,2489.9579,426.2662
B_crinitus,5,1068, cls_3 ,1.6333,1.0836,49234.5284,95.85
B_crinitus,5,1075, cls_3 ,3.4707,1.083,88620.8344,71.4424
B_crinitus,5,1082, cls_3 ,0.3062,1.0358,88621.8251,71.4424
B_crinitus,5,1083, cls_3 ,8.0643,1.2183,27699.483,63.9
B_crinitus,5,1084, cls_3 ,0.7146,1.0932,110775.4394,63.9
B_crinitus,5,1095, cls_3 ,1.5312,1.0909,34084.9977,115.1974
B_crinitus,5,1101, cls_3 ,0.8166,1.1031,3822.3181,314.671
B_crinitus,5,1109, cls_3 ,0.7146,1.0932,2596.129,71.4424
B_crinitus,5,1112, cls_3 ,0.1021,1,110779.6464,63.9
B_crinitus,5,1126, cls_3 ,17.1495,1.1278,88625.6026,71.4424
B_crinitus,5,1131, cls_3 ,0.9187,1.0338,13032.9449,186.2989
B_crinitus,5,1142, cls_3 ,0.5104,1.0261,2229.3766,95.85
B_crinitus,5,1143, cls_3 ,0.1021,1,88640.6332,63.9
B_crinitus,5,1150, cls_3 ,1.225,1.0982,1232.1228,131.7332
B_crinitus,5,1151, cls_3 ,11.3309,1.1485,55390.9946,90.3682
B_crinitus,5,1161, cls_3 ,3.777,1.1124,24617.156,115.1974
B_crinitus,5,1167, cls_3 ,0.6125,1.0047,1316.9821,131.7332
B_crinitus,5,1168, cls_3 ,0.1021,1,4390.3588,115.1974
B_crinitus,5,1180, cls_3 ,2.4499,1.1773,34084.9585,115.1974
B_crinitus,5,1187, cls_3 ,12.1475,1.1484,110775.5078,63.9
B_crinitus,5,1188, cls_3 ,0.1021,1,110784.5667,63.9
B_crinitus,5,1195, cls_3 ,0.4083,1,110775.479,63.9
B_crinitus,5,1211, cls_3 ,1.225,1.078,17724.1083,159.75
B_crinitus,5,1218, cls_3 ,0.1021,1,13032.7394,186.2989
B_crinitus,5,1234, cls_3 ,0.1021,1,110775.4367,63.9
B_crinitus,5,1237, cls_3 ,1.1229,1.0654,8521.3245,225.9206
B_crinitus,5,1258, cls_3 ,1.6333,1.0657,44310.3035,101.0348
B_crinitus,5,1315, cls_3 ,0.6125,1.0465,44310.2799,101.0348
B_crinitus,5,1360, cls_3 ,1.4291,1.0987,88620.2841,71.4424
B_crinitus,5,1371, cls_3 ,1.9395,1.0647,5213.0824,294.5644
B_crinitus,5,1413, cls_3 ,3.6749,1.1238,110775.6014,63.9
B_crinitus,5,1426, cls_3 ,1.8374,1.0335,88620.3343,71.4424
B_crinitus,5,1444, cls_3 ,0.9187,1.112,55388.5814,90.3682
B_crinitus,5,1448, cls_3 ,0.1021,1,110775.3428,63.9
B_crinitus,5,1477, cls_3 ,6.8394,1.0531,27694.5313,127.8
B_crinitus,5,1489, cls_3 ,2.0416,1.0754,15279.77,172.056
B_crinitus,5,1500, cls_3 ,1.225,1.1495,110775.3624,63.9
B_crinitus,5,1521, cls_3 ,42.5675,1.1185,3820.9525,135.5524
B_crinitus,5,1528, cls_3 ,2.4499,1.0706,110775.3212,63.9
B_crinitus,5,1535, cls_3 ,1.4291,1.0987,24618.4445,90.3682
B_crinitus,5,1544, cls_3 ,1.1229,1.0402,6072.0788,90.3682
B_crinitus,5,1548, cls_3 ,1.7354,1.0933,5493.7754,135.5524
B_crinitus,5,1566, cls_3 ,1.225,1.1337,34085.3998,115.1974
B_crinitus,5,1573, cls_3 ,5.3082,1.1577,88620.5158,71.4424
B_crinitus,5,1631, cls_3 ,1.327,1.089,44311.0797,101.0348
B_crinitus,5,1665, cls_3 ,0.1021,1,110775.3211,63.9
B_crinitus,5,1722, cls_3 ,2.2458,1.0937,110775.3773,63.9
B_crinitus,5,1730, cls_3 ,0.1021,1,110775.3254,63.9
B_crinitus,5,1731, cls_3 ,1.0208,1.022,88620.258,71.4424
B_crinitus,5,1735, cls_3 ,0.7146,1.0932,110775.9332,63.9
B_crinitus,5,1748, cls_3 ,0.8166,1.0769,11977.8457,180.7365
B_crinitus,5,1749, cls_3 ,1.9395,1.0809,9847.3084,214.3271
B_crinitus,5,1756, cls_3 ,6.0227,1.0733,26065.2154,131.7332
B_crinitus,5,1799, cls_3 ,4.1853,1.0532,88620.2479,71.4424
B_crinitus,5,44, cls_6 ,9.1872,1.1261,0.5217,127.8
B_crinitus,5,59, cls_6 ,0.8166,1.0473,5.6465,127.8
B_crinitus,5,151, cls_6 ,6.9415,1.1298,35.901,63.9
B_crinitus,5,182, cls_6 ,0.1021,1,3.7998,186.2989
B_crinitus,5,190, cls_6 ,0.8166,1.0473,2.9308,243.324
B_crinitus,5,194, cls_6 ,0.3062,1.0358,86.2842,63.9
B_crinitus,5,195, cls_6 ,8.6768,1.1318,1.691,186.2989
B_crinitus,5,197, cls_6 ,1.5312,1.053,21.5046,71.4424
B_crinitus,5,200, cls_6 ,0.6125,1.0047,0.0194,5604.4708
B_crinitus,5,201, cls_6 ,0.6125,1.1125,0.5711,71.4424
B_crinitus,5,202, cls_6 ,3.0624,1.0734,217.4144,63.9
B_crinitus,5,205, cls_6 ,86.462,1.1489,22.6627,63.9
B_crinitus,5,206, cls_6 ,1.1229,1.1602,0.7109,186.2989
B_crinitus,5,208, cls_6 ,0.2042,1.0909,1.383,71.4424
B_crinitus,5,213, cls_6 ,1.327,1.0689,0.8016,186.2989
B_crinitus,5,244, cls_6 ,0.7146,1.0283,2.763,515.1783
B_crinitus,5,257, cls_6 ,0.9187,1.1857,0.0581,1403.6199
B_crinitus,5,305, cls_6 ,1.225,1.0982,0.1624,289.3196
B_crinitus,5,314, cls_6 ,0.6125,1.0819,0.8323,71.4424
B_crinitus,5,318, cls_6 ,0.2042,1.0155,1.9022,71.4424
B_crinitus,5,319, cls_6 ,1.0208,1.1561,0.0702,883.6933
B_crinitus,5,321, cls_6 ,1.5312,1.175,0.2598,159.75
B_crinitus,5,333, cls_6 ,4.7978,1.07,211.7912,63.9
B_crinitus,5,347, cls_6 ,2.3478,1.146,4.6135,63.9
B_crinitus,5,348, cls_6 ,1.8374,1.0335,6.5756,63.9
B_crinitus,5,354, cls_6 ,0.7146,1.0283,2.2807,95.85
B_crinitus,5,373, cls_6 ,0.6125,1.0819,0.4924,101.0348
B_crinitus,5,393, cls_6 ,0.3062,1.0358,0.9926,101.0348
B_crinitus,5,425, cls_6 ,1.4291,1.1309,1.1558,131.7332
B_crinitus,5,447, cls_6 ,1.6333,1.1296,3.7193,71.4424
B_crinitus,5,476, cls_6 ,1.4291,1.0805,3.3923,71.4424
B_crinitus,5,510, cls_6 ,0.7146,1.1649,0.3373,301.4157
B_crinitus,5,540, cls_6 ,1.0208,1.1388,0.1332,434.567
B_crinitus,5,591, cls_6 ,0.7146,1.1434,0.1454,544.0889
B_crinitus,5,616, cls_6 ,2.1437,1.1931,0.1143,474.9709
B_crinitus,5,669, cls_6 ,0.6125,1.1395,0.2832,204.5798
B_crinitus,5,687, cls_6 ,0.5104,1.1638,0.263,204.5798
B_crinitus,5,690, cls_6 ,0.7146,1.0932,0.2188,325.8273
B_crinitus,5,695, cls_6 ,1.1229,1.2141,0.9574,115.1974
B_crinitus,5,718, cls_6 ,1.0208,1.1871,1.3363,71.4424
B_crinitus,5,749, cls_6 ,0.1021,1,2.4284,71.4424
B_crinitus,5,777, cls_6 ,4.0832,1.1357,0.1498,357.2119
B_crinitus,5,946, cls_6 ,0.4083,1.0537,1.6304,71.4424
B_crinitus,5,957, cls_6 ,0.7146,1.0932,1.995,71.4424
B_crinitus,5,982, cls_6 ,1.0208,1.1199,1.1771,101.0348
B_crinitus,5,1040, cls_6 ,3.1645,1.0575,0.3036,319.5
B_crinitus,5,1056, cls_6 ,1.0208,1.0509,0.2126,1091.9237
B_crinitus,5,1073, cls_6 ,12.1475,1.0902,4.107,131.7332
B_crinitus,5,1080, cls_6 ,0.7146,1.0932,0.0371,821.432
B_crinitus,5,1085, cls_6 ,6.2269,1.0448,7.1851,131.7332
B_crinitus,5,1108, cls_6 ,26.6429,1.2324,6.7661,63.9
B_crinitus,5,1120, cls_6 ,1.6333,1.0836,65.4476,63.9
B_crinitus,5,1129, cls_6 ,0.7146,1.0283,6.3605,142.8847
B_crinitus,5,1169, cls_6 ,0.9187,1.0889,0.0498,512.1975
B_crinitus,5,1172, cls_6 ,0.3062,1.0358,0.08,512.1975
B_crinitus,5,1186, cls_6 ,7.0435,1.0583,10.9946,95.85
B_crinitus,5,1194, cls_6 ,1.5312,1.1228,10.8534,95.85
B_crinitus,5,1199, cls_6 ,0.2042,1.0155,0.5795,71.4424
B_crinitus,5,1201, cls_6 ,0.2042,1.0155,0.5795,71.4424
B_crinitus,5,1223, cls_6 ,2.2458,1.0318,1.5403,225.9206
B_crinitus,5,1239, cls_6 ,0.6125,1.0819,0.7789,995.0771
B_crinitus,5,1242, cls_6 ,3.1645,1.0575,0.6205,778.0333
B_crinitus,5,1247, cls_6 ,0.5104,1.1362,0.117,135.5524
B_crinitus,5,1252, cls_6 ,0.1021,1,0.3301,135.5524
B_crinitus,5,1269, cls_6 ,3.3686,1.0635,0.1034,285.7695
B_crinitus,5,1275, cls_6 ,0.6125,1.0465,0.2781,1214.5203
B_crinitus,5,1290, cls_6 ,1.225,1.0306,1.2691,95.85
B_crinitus,5,1291, cls_6 ,0.7146,1.0631,1.9251,95.85
B_crinitus,5,1293, cls_6 ,0.6125,1.0465,92.0902,90.3682
B_crinitus,5,1300, cls_6 ,0.6125,1.0819,0.4378,285.7695
B_crinitus,5,1301, cls_6 ,74.9269,1.1725,9.3564,63.9
B_crinitus,5,1309, cls_6 ,0.3062,1.0914,0.6177,71.4424
B_crinitus,5,1313, cls_6 ,2.2458,1.1187,73.6064,101.0348
B_crinitus,5,1317, cls_6 ,0.3062,1.0358,0.6177,71.4424
B_crinitus,5,1323, cls_6 ,0.6125,1.0819,0.4485,1040.7072
B_crinitus,5,1335, cls_6 ,0.5104,1.0688,183.7506,63.9
B_crinitus,5,1344, cls_6 ,2.552,1.2099,41.1054,135.5524
B_crinitus,5,1354, cls_6 ,0.6125,1.0465,0.4818,843.5042
B_crinitus,5,1363, cls_6 ,0.6125,1.0465,1.0127,339.6332
B_crinitus,5,1370, cls_6 ,3.2666,1.0894,82.0698,95.85
B_crinitus,5,1386, cls_6 ,3.879,1.0716,3.1486,115.1974
B_crinitus,5,1395, cls_6 ,4.5936,1.1233,1.4983,257.5891
B_crinitus,5,1397, cls_6 ,0.6125,1.0819,3.9839,127.8
B_crinitus,5,1401, cls_6 ,2.7562,1.0963,0.0201,1854.7518
B_crinitus,5,1402, cls_6 ,3.879,1.1008,8.1679,127.8
B_crinitus,5,1404, cls_6 ,0.8166,1.0473,5.8801,180.7365
B_crinitus,5,1410, cls_6 ,0.1021,1,4.4911,127.8
B_crinitus,5,1411, cls_6 ,2.1437,1.085,9.4085,95.85
B_crinitus,5,1412, cls_6 ,0.8166,1.1477,0.7591,664.8364
B_crinitus,5,1414, cls_6 ,0.6125,1.0047,2.1888,142.8847
B_crinitus,5,1415, cls_6 ,0.1021,1,8.6427,115.1974
B_crinitus,5,1416, cls_6 ,0.5104,1.0261,3.0278,257.5891
B_crinitus,5,1421, cls_6 ,11.433,1.1441,10.7865,95.85
B_crinitus,5,1427, cls_6 ,7.656,1.1251,5.5544,95.85
B_crinitus,5,1432, cls_6 ,0.1021,1,1.0341,429.8433
B_crinitus,5,1464, cls_6 ,5.6144,1.0636,16.9168,95.85
B_crinitus,5,1476, cls_6 ,5.3082,1.0936,8.8826,127.8
B_crinitus,5,1487, cls_6 ,6.8394,1.0831,4.5654,131.7332
B_crinitus,5,1488, cls_6 ,9.9018,1.1937,3.0057,115.1974
B_crinitus,5,1507, cls_6 ,3.1645,1.0817,1.166,852.5323
B_crinitus,5,1537, cls_6 ,5.5123,1.0739,4.0864,159.75
B_crinitus,5,1542, cls_6 ,0.4083,1.0975,8.0822,172.056
B_crinitus,5,1545, cls_6 ,0.3062,1.0358,1.9473,142.8847
B_crinitus,5,1551, cls_6 ,0.8166,1.1265,8.0958,115.1974
B_crinitus,5,1552, cls_6 ,1.7354,1.059,1.5686,95.85
B_crinitus,5,1555, cls_6 ,1.8374,1.0529,2.1025,90.3682
B_crinitus,5,1563, cls_6 ,0.7146,1.0631,4.7343,90.3682
B_crinitus,5,1567, cls_6 ,19.9056,1.1385,1.0358,172.056
B_crinitus,5,1572, cls_6 ,0.5104,1.0261,1.8466,388.6885
B_crinitus,5,1598, cls_6 ,0.8166,1.0473,0.9882,243.324
B_crinitus,5,1703, cls_6 ,1.7354,1.0395,0.2943,1036.7763
B_crinitus,5,53, cls_5 ,0.2042,1.0155,0.2846,180.7365
B_crinitus,5,56, cls_5 ,0.8166,1.1477,0.099,180.7365
B_crinitus,5,153, cls_5 ,2.3478,1.0752,0.1101,303.1043
B_crinitus,5,184, cls_5 ,0.6125,1.1125,0.3003,303.1043
B_crinitus,5,276, cls_5 ,0.5104,1.0261,0.0633,2831.3181
B_crinitus,5,295, cls_5 ,0.7146,1.0283,0.2557,71.4424
B_crinitus,5,303, cls_5 ,0.1021,1,1.4561,71.4424
B_crinitus,5,350, cls_5 ,0.8166,1.0769,0.0452,4526.0871
B_crinitus,5,370, cls_5 ,0.5104,1.105,0.0662,1814.6925
B_crinitus,5,381, cls_5 ,1.0208,1.0993,0.0733,2525.8693
B_crinitus,5,400, cls_5 ,0.4083,1,0.0444,3397.2331
B_crinitus,5,414, cls_5 ,1.5312,1.0728,0.0964,1220.8078
B_crinitus,5,458, cls_5 ,0.6125,1.0465,0.1048,2521.6223
B_crinitus,5,509, cls_5 ,1.6333,1.1889,2.1081,71.4424
B_crinitus,5,517, cls_5 ,0.8166,1.0769,0.1259,1220.8078
B_crinitus,5,521, cls_5 ,1.0208,1.1722,3.3808,71.4424
B_crinitus,5,531, cls_5 ,0.5104,1.0688,0.0882,1374.2215
B_crinitus,5,533, cls_5 ,0.1021,1,1.1926,71.4424
B_crinitus,5,539, cls_5 ,0.4083,1.1346,0.7351,63.9
B_crinitus,5,548, cls_5 ,0.1021,1,1.2103,63.9
B_crinitus,5,610, cls_5 ,0.9187,1.063,0.2675,314.671
B_crinitus,5,632, cls_5 ,0.8166,1.167,0.3025,314.671
B_crinitus,5,649, cls_5 ,0.3062,1.0914,0.3932,843.5042
B_crinitus,5,673, cls_5 ,0.4083,1.0975,1.229,607.05
B_crinitus,5,730, cls_5 ,37.9739,1.1498,7.5132,90.3682
B_crinitus,5,731, cls_5 ,0.9187,1,0.2306,2939.5736
B_crinitus,5,738, cls_5 ,0.8166,1.0473,37.8465,101.0348
B_crinitus,5,739, cls_5 ,0.6125,1.0819,0.3054,1252.5867
B_crinitus,5,758, cls_5 ,0.6125,1.0465,0.0355,3804.5998
B_crinitus,5,766, cls_5 ,3.5728,1.1183,46.9052,90.3682
B_crinitus,5,772, cls_5 ,5.8186,1.2575,59.5118,71.4424
B_crinitus,5,773, cls_5 ,21.9473,1.2519,11.5249,71.4424
B_crinitus,5,778, cls_5 ,4.0832,1.0766,13.1355,172.056
B_crinitus,5,817, cls_5 ,8.3706,1.2789,13.9962,71.4424
B_crinitus,5,870, cls_5 ,4.8999,1.0938,6.3122,249.5375
B_crinitus,5,893, cls_5 ,47.5694,1.1315,0.8522,495.9974
B_crinitus,5,904, cls_5 ,0.2042,1.0155,27.7991,71.4424
B_crinitus,5,909, cls_5 ,5.7165,1.2737,4.3645,71.4424
B_crinitus,5,915, cls_5 ,1.0208,1.0509,0.0642,1258.684
B_crinitus,5,970, cls_5 ,0.9187,1.0889,0.0794,1258.684
B_crinitus,5,992, cls_5 ,2.2458,1.1875,5.0298,63.9
B_crinitus,5,1017, cls_5 ,0.7146,1.1649,18.0242,63.9
B_crinitus,5,1033, cls_5 ,12.3517,1.2495,1.6213,101.0348
B_crinitus,5,1063, cls_5 ,0.6125,1.0819,1.1982,127.8
B_crinitus,5,1066, cls_5 ,0.9187,1.0338,1.0405,127.8
B_crinitus,5,1076, cls_5 ,3.6749,1.1065,3.197,101.0348
B_crinitus,5,1103, cls_5 ,3.5728,1.0691,0.1634,1772.0013
B_crinitus,5,1114, cls_5 ,0.1021,1,5.3379,101.0348
B_crinitus,5,1135, cls_5 ,0.1021,1,2.6224,71.4424
B_crinitus,5,1147, cls_5 ,0.2042,1.0155,2.2905,71.4424
B_crinitus,5,1149, cls_5 ,0.5104,1.1638,0.615,499.075
B_crinitus,5,1162, cls_5 ,1.0208,1.0509,1.0707,883.6933
B_crinitus,5,1183, cls_5 ,0.6125,1.0819,0.3357,1097.9835
B_crinitus,5,1192, cls_5 ,12.2496,1.0647,0.233,499.075
B_crinitus,5,1196, cls_5 ,1.8374,1.0869,0.2644,1097.9835
B_crinitus,5,1230, cls_5 ,1.7354,1.0395,0.0314,5730.8183
B_crinitus,5,1249, cls_5 ,89.3202,1.1008,40.6323,115.1974
B_crinitus,5,1256, cls_5 ,3.0624,1.0962,0.8337,406.6571
B_crinitus,5,1281, cls_5 ,7.2477,1.1146,0.3644,406.6571
B_crinitus,5,1287, cls_5 ,460.8923,1.1867,10.0159,223.65
B_crinitus,5,1288, cls_5 ,0.5104,1.0261,0.191,3135.1726
B_crinitus,5,1294, cls_5 ,0.6125,1.1125,0.182,1028.8694
B_crinitus,5,1306, cls_5 ,0.5104,1.0261,104.8034,115.1974
B_crinitus,5,1358, cls_5 ,0.3062,1.0914,0.229,1028.8694
B_crinitus,5,1359, cls_5 ,0.9187,1.0338,12.169,388.6885
B_crinitus,5,1374, cls_5 ,15.21,1.1062,93.3473,159.75
B_crinitus,5,1407, cls_5 ,236.5199,1.1076,60.335,71.4424
B_crinitus,5,1433, cls_5 ,2.9603,1.0769,56.1848,289.3196
B_crinitus,5,1443, cls_5 ,1.1229,1.0654,26.2117,257.5891
B_crinitus,5,1451, cls_5 ,3.6749,1.0663,3.8217,872.0653
B_crinitus,5,1482, cls_5 ,7.9623,1.1053,9.3743,257.5891
B_crinitus,5,1496, cls_5 ,0.8166,1.0131,0.1863,1561.6329
B_crinitus,5,1531, cls_5 ,5.2061,1.071,238.3783,101.0348
B_crinitus,5,1546, cls_5 ,9.1872,1.0617,1.0923,314.671
B_crinitus,5,1558, cls_5 ,23.5805,1.1278,464.0063,71.4424
B_crinitus,5,1584, cls_5 ,7.0435,1.0803,32.752,127.8
B_crinitus,5,1594, cls_5 ,0.8166,1.0131,2.1108,314.671
B_crinitus,5,1612, cls_5 ,0.5104,1.0261,0.1191,1774.5917
B_crinitus,5,1626, cls_5 ,1.9395,1.096,93.0598,223.65
B_crinitus,5,1629, cls_5 ,3.0624,1.0851,0.5341,992.5091
B_crinitus,5,1659, cls_5 ,0.8166,1.0769,0.1517,1774.5917
B_crinitus,5,1663, cls_5 ,0.3062,1.0358,11.3173,316.2889
B_crinitus,5,1664, cls_5 ,1.327,1.1073,1.9093,1501.65
B_crinitus,5,1700, cls_5 ,1.5312,1.0728,0.2343,646.9382
B_crinitus,5,1721, cls_5 ,2.2458,1.0799,0.2509,646.9382
B_crinitus,5,1743, cls_5 ,1.327,1.089,0.042,3483.1362
B_crinitus,5,1744, cls_5 ,0.4083,1.0537,0.1315,1546.8552
B_crinitus,5,1747, cls_5 ,1.1229,1.0654,0.0704,2907.45
B_crinitus,5,81, cls_2 ,18.7828,1.2335,32.5582,63.9
B_crinitus,5,112, cls_2 ,0.1021,1,48.2133,63.9
B_crinitus,5,115, cls_2 ,12.9642,1.2295,60.7878,63.9
B_crinitus,5,128, cls_2 ,2.0416,1.1294,35.6958,63.9
B_crinitus,5,129, cls_2 ,1.1229,1.1085,0.0338,2200.8425
B_crinitus,5,133, cls_2 ,1.225,1.0982,14.5225,71.4424
B_crinitus,5,136, cls_2 ,0.7146,1.0631,4.7841,63.9
B_crinitus,5,141, cls_2 ,0.1021,1,23.8421,71.4424
B_crinitus,5,142, cls_2 ,3.4707,1.1808,35.1678,63.9
B_crinitus,5,146, cls_2 ,0.7146,1.0631,10.2482,71.4424
B_crinitus,5,147, cls_2 ,0.7146,1.0631,5.1944,63.9
B_crinitus,5,163, cls_2 ,3.0624,1.1598,4.6019,115.1974
B_crinitus,5,177, cls_2 ,4.0832,1.2022,6.709,90.3682
B_crinitus,5,192, cls_2 ,1.6333,1.1296,7.7663,63.9
B_crinitus,5,199, cls_2 ,1.5312,1.1075,7.3583,90.3682
B_crinitus,5,211, cls_2 ,0.3062,1.0358,4.9856,63.9
B_crinitus,5,235, cls_2 ,0.1021,1,0.0628,2200.8425
B_crinitus,5,287, cls_2 ,0.8166,1.167,0.0833,2154.1978
B_crinitus,5,304, cls_2 ,0.6125,1.0465,0.0574,1471.0885
B_crinitus,5,308, cls_2 ,2.4499,1.2214,0.072,1471.0885
B_crinitus,5,315, cls_2 ,1.1229,1.1888,0.8461,71.4424
B_crinitus,5,320, cls_2 ,0.6125,1.0819,1.1722,101.0348
B_crinitus,5,322, cls_2 ,0.1021,1,2.4094,71.4424
B_crinitus,5,328, cls_2 ,1.327,1.1927,0.4505,325.8273
B_crinitus,5,361, cls_2 ,1.327,1.1543,0.8556,263.4664
B_crinitus,5,363, cls_2 ,1.7354,1.1226,3.1347,71.4424
B_crinitus,5,367, cls_2 ,0.8166,1.0769,1.8649,101.0348
B_crinitus,5,377, cls_2 ,1.0208,1.0993,4.4905,71.4424
B_crinitus,5,380, cls_2 ,3.1645,1.2516,2.4191,63.9
B_crinitus,5,383, cls_2 ,0.4083,1.0975,2.4024,63.9
B_crinitus,5,389, cls_2 ,0.1021,1,2.5496,63.9
B_crinitus,5,401, cls_2 ,0.8166,1.1265,8.0419,63.9
B_crinitus,5,402, cls_2 ,2.552,1.0926,0.5284,63.9
B_crinitus,5,403, cls_2 ,0.1021,1,3.0228,63.9
B_crinitus,5,409, cls_2 ,1.225,1.1495,0.2738,63.9
B_crinitus,5,412, cls_2 ,0.1021,1,6.4474,63.9
B_crinitus,5,415, cls_2 ,1.327,1.0467,3.7947,71.4424
B_crinitus,5,416, cls_2 ,2.4499,1.1773,2.8036,95.85
B_crinitus,5,420, cls_2 ,1.327,1.1543,5.2692,95.85
B_crinitus,5,422, cls_2 ,0.1021,1,5.2117,71.4424
B_crinitus,5,431, cls_2 ,0.8166,1.0769,0.2014,333.5678
B_crinitus,5,433, cls_2 ,1.0208,1.0993,6.3576,71.4424
B_crinitus,5,436, cls_2 ,0.6125,1.1637,0.3452,451.8412
B_crinitus,5,438, cls_2 ,2.8582,1.2542,4.0447,71.4424
B_crinitus,5,444, cls_2 ,4.7978,1.163,5.6227,172.056
B_crinitus,5,445, cls_2 ,0.8166,1.1477,6.2068,71.4424
B_crinitus,5,446, cls_2 ,9.1872,1.1624,2.6326,172.056
B_crinitus,5,450, cls_2 ,1.8374,1.0706,0.8378,495.9974
B_crinitus,5,460, cls_2 ,2.2458,1.1066,0.499,131.7332
B_crinitus,5,461, cls_2 ,0.2042,1.0155,2.1999,63.9
B_crinitus,5,466, cls_2 ,1.4291,1.1309,1.0176,191.7
B_crinitus,5,470, cls_2 ,0.6125,1.0047,1.8836,63.9
B_crinitus,5,471, cls_2 ,0.8166,1.1477,0.4249,131.7332
B_crinitus,5,474, cls_2 ,1.7354,1.1599,37.9795,63.9
B_crinitus,5,475, cls_2 ,14.5975,1.1707,8.7068,63.9
B_crinitus,5,478, cls_2 ,0.4083,1,0.8267,95.85
B_crinitus,5,479, cls_2 ,0.9187,1.0889,6.4593,63.9
B_crinitus,5,480, cls_2 ,0.1021,1,7.0243,63.9
B_crinitus,5,482, cls_2 ,0.7146,1.1197,0.0382,2924.9523
B_crinitus,5,489, cls_2 ,0.6125,1.1395,5.0137,71.4424
B_crinitus,5,492, cls_2 ,0.2042,1.0155,0.7334,95.85
B_crinitus,5,493, cls_2 ,0.9187,1.063,2.4898,223.65
B_crinitus,5,498, cls_2 ,0.7146,1.0283,5.3216,101.0348
B_crinitus,5,503, cls_2 ,3.1645,1.1637,16.2104,71.4424
B_crinitus,5,506, cls_2 ,0.8166,1.0473,1.8014,180.7365
B_crinitus,5,507, cls_2 ,0.7146,1.0932,0.4661,257.5891
B_crinitus,5,513, cls_2 ,0.1021,1,17.8968,71.4424
B_crinitus,5,522, cls_2 ,1.1229,1.1888,0.6572,257.5891
B_crinitus,5,537, cls_2 ,12.5559,1.2328,0.6436,451.8412
B_crinitus,5,618, cls_2 ,0.1021,1,3.9469,71.4424
B_crinitus,5,621, cls_2 ,1.4291,1.1309,3.8638,71.4424
B_crinitus,5,628, cls_2 ,0.7146,1.0283,7.3292,71.4424
B_crinitus,5,633, cls_2 ,0.3062,1.0358,14.1532,71.4424
B_crinitus,5,637, cls_2 ,6.2269,1.1182,1.5901,71.4424
B_crinitus,5,716, cls_2 ,0.9187,1.112,0.0886,1556.0667
B_crinitus,5,764, cls_2 ,0.9187,1.0889,0.1469,395.1997
B_crinitus,5,767, cls_2 ,2.0416,1.1294,0.0851,1414.8476
B_crinitus,5,800, cls_2 ,1.225,1.1495,0.1011,416.577
B_crinitus,5,806, cls_2 ,0.9187,1.0889,0.2283,395.1997
B_crinitus,5,824, cls_2 ,2.0416,1.1518,0.9855,95.85
B_crinitus,5,831, cls_2 ,0.9187,1.1519,0.8524,95.85
B_crinitus,5,834, cls_2 ,2.1437,1.1756,3.1237,71.4424
B_crinitus,5,836, cls_2 ,0.7146,1.1434,1.0835,95.85
B_crinitus,5,838, cls_2 ,0.7146,1.0932,0.0975,986.3188
B_crinitus,5,841, cls_2 ,0.8166,1.0473,2.3114,95.85
B_crinitus,5,854, cls_2 ,1.327,1.2041,9.5939,71.4424
B_crinitus,5,862, cls_2 ,0.4083,1.0537,1.4522,162.9137
B_crinitus,5,865, cls_2 ,1.327,1.2041,0.0957,722.946
B_crinitus,5,873, cls_2 ,4.2874,1.1915,1.8847,90.3682
B_crinitus,5,898, cls_2 ,0.9187,1.1519,1.1185,159.75
B_crinitus,5,913, cls_2 ,0.1021,1,2.0747,71.4424
B_crinitus,5,917, cls_2 ,0.1021,1,7.7134,63.9
B_crinitus,5,922, cls_2 ,3.0624,1.2304,0.6547,63.9
B_crinitus,5,923, cls_2 ,0.9187,1.0889,0.8507,71.4424
B_crinitus,5,930, cls_2 ,1.225,1.1907,0.9272,191.7
B_crinitus,5,931, cls_2 ,1.0208,1.1388,2.5846,63.9
B_crinitus,5,932, cls_2 ,1.9395,1.1099,0.1117,722.946
B_crinitus,5,938, cls_2 ,0.4083,1,2.7966,63.9
B_crinitus,5,941, cls_2 ,1.327,1.1242,2.1804,95.85
B_crinitus,5,942, cls_2 ,1.0208,1.0509,1.2557,127.8
B_crinitus,5,949, cls_2 ,1.1229,1.1085,1.0476,63.9
B_crinitus,5,950, cls_2 ,0.4083,1.0537,4.4048,63.9
B_crinitus,5,965, cls_2 ,1.327,1.1398,0.3509,63.9
B_crinitus,5,978, cls_2 ,0.8166,1.1477,0.042,1043.1565
B_crinitus,5,989, cls_2 ,0.1021,1,3.3305,63.9
B_crinitus,5,1096, cls_2 ,3.3686,1.0752,0.073,1677.2989
B_crinitus,5,1106, cls_2 ,1.1229,1.0402,0.0313,1644.7269
B_crinitus,5,1139, cls_2 ,0.3062,1.0914,0.6634,71.4424
B_crinitus,5,1146, cls_2 ,0.3062,1.0358,0.662,71.4424
B_crinitus,5,1222, cls_2 ,0.7146,1.1197,0.0548,2534.342
B_crinitus,5,1292, cls_2 ,0.7146,1.1197,0.1097,1943.4426
B_crinitus,5,1307, cls_2 ,0.6125,1.1395,0.0155,4972.9228
B_crinitus,5,1346, cls_2 ,41.3425,1.1894,0.668,63.9
B_crinitus,5,1352, cls_2 ,1.0208,1.0764,0.0098,5809.0161
B_crinitus,5,1409, cls_2 ,0.7146,1.1197,0.2089,225.9206
B_crinitus,5,1423, cls_2 ,0.9187,1.0338,0.1712,225.9206
B_crinitus,5,1429, cls_2 ,1.1229,1.1443,14.0021,172.056
B_crinitus,5,1434, cls_2 ,0.5104,1.1362,0.1846,328.9454
B_crinitus,5,1447, cls_2 ,0.1021,1,101.3157,63.9
B_crinitus,5,1473, cls_2 ,1.0208,1.022,0.5154,71.4424
B_crinitus,5,1490, cls_2 ,0.2042,1.0155,2.1022,71.4424
B_crinitus,5,1568, cls_2 ,0.3062,1.0914,3.2988,63.9
B_crinitus,5,1579, cls_2 ,1.327,1.1679,0.8172,63.9
B_crinitus,5,1595, cls_2 ,0.9187,1.1328,6.2919,63.9
B_crinitus,5,1616, cls_2 ,2.4499,1.1509,2.5683,63.9
B_crinitus,5,1649, cls_2 ,1.6333,1.0657,0.2884,71.4424
B_crinitus,5,1658, cls_2 ,1.4291,1.0386,0.3586,325.8273
B_crinitus,5,1670, cls_2 ,0.1021,1,3.274,71.4424
B_crinitus,5,1676, cls_2 ,0.8166,1.0473,0.1115,457.4544
B_crinitus,5,435, cls_4 ,1.0208,1.1388,0.0005,21437.7596
B_crinitus,5,552, cls_4 ,0.6125,1.0465,0.0248,3119.0139
B_crinitus,5,573, cls_4 ,0.2042,1.0909,0.0916,488.741
B_crinitus,5,579, cls_4 ,0.8166,1.0473,0.0761,488.741
B_crinitus,5,604, cls_4 ,0.3062,1.0914,0.2224,172.056
B_crinitus,5,605, cls_4 ,0.4083,1.0975,0.1873,172.056
B_crinitus,5,742, cls_4 ,0.5104,1.0261,0.1019,351.45
B_crinitus,5,746, cls_4 ,0.4083,1.1667,0.1042,351.45
B_crinitus,5,863, cls_4 ,0.8166,1.1477,2.2121,162.9137
B_crinitus,5,869, cls_4 ,1.1229,1.1602,0.3254,943.4722
B_crinitus,5,878, cls_4 ,0.9187,1.063,1.9612,63.9
B_crinitus,5,882, cls_4 ,1.327,1.0689,8.8047,63.9
B_crinitus,5,883, cls_4 ,0.6125,1.0819,2.6682,63.9
B_crinitus,5,885, cls_4 ,2.7562,1.1868,4.4843,127.8
B_crinitus,5,894, cls_4 ,1.8374,1.0869,13.7458,63.9
B_crinitus,5,901, cls_4 ,6.329,1.2126,29.9749,63.9
B_crinitus,5,905, cls_4 ,0.5104,1.105,3.4215,127.8
B_crinitus,5,914, cls_4 ,0.6125,1.0465,0.0742,1999.6208
B_crinitus,5,919, cls_4 ,0.8166,1.1031,8.9564,63.9
B_crinitus,5,924, cls_4 ,0.6125,1.0465,13.3131,63.9
B_crinitus,5,925, cls_4 ,1.0208,1.1871,23.2302,63.9
B_crinitus,5,927, cls_4 ,0.4083,1.0975,2.3906,142.8847
B_crinitus,5,934, cls_4 ,0.2042,1.0155,9.7948,63.9
B_crinitus,5,935, cls_4 ,1.4291,1.0987,18.4517,71.4424
B_crinitus,5,936, cls_4 ,0.7146,1.0631,1.0952,159.75
B_crinitus,5,943, cls_4 ,9.4935,1.1627,42.4197,63.9
B_crinitus,5,945, cls_4 ,3.6749,1.1471,7.6032,63.9
B_crinitus,5,951, cls_4 ,8.0643,1.2322,41.9545,63.9
B_crinitus,5,952, cls_4 ,0.6125,1.0819,5.7108,101.0348
B_crinitus,5,953, cls_4 ,0.9187,1.1328,1.3558,159.75
B_crinitus,5,954, cls_4 ,5.4103,1.1808,45.1741,63.9
B_crinitus,5,961, cls_4 ,1.7354,1.1084,25.5813,63.9
B_crinitus,5,964, cls_4 ,0.9187,1.063,10.7691,95.85
B_crinitus,5,974, cls_4 ,0.4083,1,13.2186,63.9
B_crinitus,5,977, cls_4 ,1.9395,1.0809,1.6348,263.4664
B_crinitus,5,980, cls_4 ,0.6125,1.0047,28.1522,63.9
B_crinitus,5,984, cls_4 ,2.552,1.1726,3.9394,127.8
B_crinitus,5,985, cls_4 ,0.8166,1.1265,15.9966,63.9
B_crinitus,5,986, cls_4 ,0.4083,1.0537,18.9075,63.9
B_crinitus,5,990, cls_4 ,5.7165,1.2089,13.4679,63.9
B_crinitus,5,994, cls_4 ,1.327,1.0689,55.3977,63.9
B_crinitus,5,999, cls_4 ,0.7146,1.1197,39.4958,63.9
B_crinitus,5,1003, cls_4 ,1.327,1.0689,46.8531,63.9
B_crinitus,5,1009, cls_4 ,15.5162,1.2376,36.9325,63.9
B_crinitus,5,1011, cls_4 ,4.8999,1.0379,58.1602,63.9
B_crinitus,5,1015, cls_4 ,0.6125,1.1125,5.7883,131.7332
B_crinitus,5,1018, cls_4 ,1.1229,1.0402,6.2801,71.4424
B_crinitus,5,1019, cls_4 ,0.8166,1.0473,26.2685,63.9
B_crinitus,5,1020, cls_4 ,0.4083,1.0537,5.7506,71.4424
B_crinitus,5,1025, cls_4 ,0.9187,1.063,23.8228,63.9
B_crinitus,5,1029, cls_4 ,4.2874,1.1752,22.793,63.9
B_crinitus,5,1035, cls_4 ,0.3062,1.0358,13.6895,63.9
B_crinitus,5,1039, cls_4 ,0.8166,1.1477,6.7986,63.9
B_crinitus,5,1042, cls_4 ,2.0416,1.0592,1.1259,384.7289
B_crinitus,5,1046, cls_4 ,1.0208,1.1561,5.7233,63.9
B_crinitus,5,1047, cls_4 ,0.9187,1.0889,11.8701,63.9
B_crinitus,5,1049, cls_4 ,0.1021,1,40.5941,63.9
B_crinitus,5,1054, cls_4 ,1.8374,1.116,21.3713,63.9
B_crinitus,5,1065, cls_4 ,3.6749,1.1543,44.3249,63.9
B_crinitus,5,1071, cls_4 ,0.6125,1.0047,10.9378,63.9
B_crinitus,5,1079, cls_4 ,3.777,1.1775,3.5842,63.9
B_crinitus,5,1091, cls_4 ,3.2666,1.0894,7.9418,101.0348
B_crinitus,5,1094, cls_4 ,0.9187,1.1328,0.3345,544.0889
B_crinitus,5,1100, cls_4 ,1.0208,1.0764,4.0407,127.8
B_crinitus,5,1104, cls_4 ,0.8166,1.1265,2.1427,194.3443
B_crinitus,5,1105, cls_4 ,0.3062,1.0358,1.6473,272.9809
B_crinitus,5,1110, cls_4 ,0.1021,1,2.1332,63.9
B_crinitus,5,1115, cls_4 ,2.1437,1.1931,0.8463,101.0348
B_crinitus,5,1118, cls_4 ,0.2042,1.0155,1.451,63.9
B_crinitus,5,1148, cls_4 ,0.5104,1.0688,2.468,101.0348
B_crinitus,5,1174, cls_4 ,0.4083,1.0975,0.7578,400.3324
B_crinitus,5,1176, cls_4 ,4.8999,1.1491,1.4545,101.0348
B_crinitus,5,1184, cls_4 ,0.1021,1,3.2428,127.8
B_crinitus,5,1190, cls_4 ,2.9603,1.0769,0.5899,364.286
B_crinitus,5,1191, cls_4 ,1.225,1.0556,2.6253,127.8
B_crinitus,5,1206, cls_4 ,0.4083,1.0537,6.3524,90.3682
B_crinitus,5,1209, cls_4 ,4.2874,1.1155,3.3407,115.1974
B_crinitus,5,1210, cls_4 ,3.3686,1.1246,1.8229,127.8
B_crinitus,5,1214, cls_4 ,0.8166,1.1265,4.0718,90.3682
B_crinitus,5,1226, cls_4 ,2.6541,1.1003,3.6215,115.1974
B_crinitus,5,1232, cls_4 ,0.7146,1.0283,4.6719,71.4424
B_crinitus,5,1244, cls_4 ,1.0208,1.0509,4.8446,63.9
B_crinitus,5,1248, cls_4 ,1.0208,1.0993,3.3494,63.9
B_crinitus,5,1254, cls_4 ,1.0208,1.1561,2.176,63.9
B_crinitus,5,1255, cls_4 ,0.6125,1.0819,3.7823,63.9
B_crinitus,5,1268, cls_4 ,0.4083,1,2.8008,63.9
B_crinitus,5,1277, cls_4 ,0.3062,1.0358,0.4657,225.9206
B_crinitus,5,1279, cls_4 ,0.4083,1.0975,0.2777,558.8967
B_crinitus,5,1320, cls_4 ,1.4291,1.0606,0.6931,223.65
B_crinitus,5,1324, cls_4 ,0.2042,1.0155,0.4474,63.9
B_crinitus,5,1326, cls_4 ,0.1021,1,0.6933,63.9
B_crinitus,5,1330, cls_4 ,0.9187,1.1328,0.1373,636.5992
B_crinitus,5,1331, cls_4 ,0.3062,1.0914,1.4524,127.8
B_crinitus,5,1332, cls_4 ,1.9395,1.096,1.9031,63.9
B_crinitus,5,1342, cls_4 ,1.225,1.0556,0.9058,127.8
B_crinitus,5,1347, cls_4 ,0.6125,1.0465,0.2205,636.5992
B_crinitus,5,1348, cls_4 ,0.2042,1.0155,5.484,63.9
B_crinitus,5,1349, cls_4 ,0.2042,1.0155,5.5789,63.9
B_crinitus,5,1361, cls_4 ,0.8166,1.0473,0.799,159.75
B_crinitus,5,1368, cls_4 ,0.4083,1,0.102,515.1783
B_crinitus,5,1369, cls_4 ,0.4083,1.0537,0.2276,460.7895
B_crinitus,5,1396, cls_4 ,0.6125,1.0819,0.1068,515.1783
B_crinitus,5,1400, cls_4 ,0.6125,1.1637,0.2436,357.2119
B_crinitus,5,1591, cls_4 ,1.7354,1.1599,0.2471,101.0348
B_crinitus,5,1596, cls_4 ,0.2042,1.0155,1.7463,101.0348
