SPECIES,UA, PID , TYPE , FRAC , ENN, PROX , AREA ,,,,,
M_tridactyla,1,1, cls_1 ,1.2532,63.9,724.4805,18584.8324,,,,,
M_tridactyla,1,17, cls_1 ,1,63.9,45515.3379,0.1021,,,,,
M_tridactyla,1,35, cls_1 ,1,71.4424,36412.2961,0.1021,,,,,
M_tridactyla,1,59, cls_1 ,1,63.9,45515.5694,0.1021,,,,,
M_tridactyla,1,60, cls_1 ,1.0909,63.9,45515.4719,0.2042,,,,,
M_tridactyla,1,73, cls_1 ,1.0471,63.9,45515.393,1.9395,,,,,
M_tridactyla,1,80, cls_1 ,1.0769,63.9,45515.6086,0.8166,,,,,
M_tridactyla,1,84, cls_1 ,1,71.4424,36413.9618,0.1021,,,,,
M_tridactyla,1,159, cls_1 ,1.0155,63.9,45515.4444,0.2042,,,,,
M_tridactyla,1,178, cls_1 ,1.1278,90.3682,22758.148,7.4519,,,,,
M_tridactyla,1,193, cls_1 ,1.1589,90.3682,22758.0233,1.4291,,,,,
M_tridactyla,1,197, cls_1 ,1.1489,63.9,1822.1603,7.656,,,,,
M_tridactyla,1,198, cls_1 ,1.0465,172.056,6279.51,0.6125,,,,,
M_tridactyla,1,205, cls_1 ,1,63.9,1511.6084,0.1021,,,,,
M_tridactyla,1,209, cls_1 ,1.1589,135.5524,10119.1381,1.4291,,,,,
M_tridactyla,1,210, cls_1 ,1.0769,101.0348,14013.2229,0.8166,,,,,
M_tridactyla,1,213, cls_1 ,1.1095,63.9,45519.3903,8.0643,,,,,
M_tridactyla,1,215, cls_1 ,1.0283,63.9,45515.9967,0.7146,,,,,
M_tridactyla,1,218, cls_1 ,1.0155,71.4424,14006.4587,0.2042,,,,,
M_tridactyla,1,224, cls_1 ,1.0909,71.4424,36412.7199,0.2042,,,,,
M_tridactyla,1,227, cls_1 ,1.0175,63.9,14006.066,2.1437,,,,,
M_tridactyla,1,228, cls_1 ,1.0358,63.9,45518.0157,0.3062,,,,,
M_tridactyla,1,229, cls_1 ,1.0441,63.9,45520.7431,4.5936,,,,,
M_tridactyla,1,231, cls_1 ,1,63.9,2276.6234,0.1021,,,,,
M_tridactyla,1,232, cls_1 ,1.1197,101.0348,18206.5873,0.7146,,,,,
M_tridactyla,1,235, cls_1 ,1,63.9,1821.7271,0.1021,,,,,
M_tridactyla,1,238, cls_1 ,1,63.9,10120.5492,0.1021,,,,,
M_tridactyla,1,239, cls_1 ,1.0155,71.4424,3501.9157,0.2042,,,,,
M_tridactyla,1,247, cls_1 ,1.0155,71.4424,14006.6238,0.2042,,,,,
M_tridactyla,1,248, cls_1 ,1.1197,71.4424,18207.717,0.7146,,,,,
M_tridactyla,1,251, cls_1 ,1,71.4424,36413.3524,0.1021,,,,,
M_tridactyla,1,256, cls_1 ,1.1075,101.0348,18207.0583,1.5312,,,,,
M_tridactyla,1,263, cls_1 ,1.0465,71.4424,36412.7237,0.6125,,,,,
M_tridactyla,1,266, cls_1 ,1.0894,95.85,20230.3404,3.2666,,,,,
M_tridactyla,1,268, cls_1 ,1.0688,71.4424,36412.9946,0.5104,,,,,
M_tridactyla,1,280, cls_1 ,1.0843,159.75,7283.7089,2.4499,,,,,
M_tridactyla,1,284, cls_1 ,1.0836,63.9,45516.11,1.6333,,,,,
M_tridactyla,1,286, cls_1 ,1,71.4424,36412.6993,0.1021,,,,,
M_tridactyla,1,287, cls_1 ,1.105,90.3682,4923.9902,0.5104,,,,,
M_tridactyla,1,291, cls_1 ,1.0537,63.9,45516.7565,0.4083,,,,,
M_tridactyla,1,294, cls_1 ,1.1462,225.9206,264.937,2.1437,,,,,
M_tridactyla,1,295, cls_1 ,1.0688,71.4424,36413.4006,0.5104,,,,,
M_tridactyla,1,297, cls_1 ,1.0358,71.4424,7288.7156,0.3062,,,,,
M_tridactyla,1,301, cls_1 ,1,63.9,45517.0691,0.1021,,,,,
M_tridactyla,1,304, cls_1 ,1.0769,63.9,2987.3992,0.8166,,,,,
M_tridactyla,1,306, cls_1 ,1.0688,63.9,36413.136,0.5104,,,,,
M_tridactyla,1,307, cls_1 ,1.0283,63.9,3718.5669,0.7146,,,,,
M_tridactyla,1,308, cls_1 ,1.1294,71.4424,9105.5403,2.0416,,,,,
M_tridactyla,1,312, cls_1 ,1.0805,131.7332,7284.3124,1.4291,,,,,
M_tridactyla,1,315, cls_1 ,1.0155,63.9,45516.1293,0.2042,,,,,
M_tridactyla,1,319, cls_1 ,1.0909,71.4424,36412.9453,0.2042,,,,,
M_tridactyla,1,320, cls_1 ,1.1746,63.9,135.8642,1.8374,,,,,
M_tridactyla,1,322, cls_1 ,1.0473,71.4424,36413.7391,0.8166,,,,,
M_tridactyla,1,326, cls_1 ,1.0982,71.4424,14006.6759,1.225,,,,,
M_tridactyla,1,330, cls_1 ,1.0473,101.0348,2147.598,0.8166,,,,,
M_tridactyla,1,333, cls_1 ,1.0465,95.85,20232.4913,0.6125,,,,,
M_tridactyla,1,334, cls_1 ,1.0717,90.3682,22758.7999,4.2874,,,,,
M_tridactyla,1,337, cls_1 ,1.0402,142.8847,9103.7555,1.1229,,,,,
M_tridactyla,1,338, cls_1 ,1.089,63.9,45516.6784,1.327,,,,,
M_tridactyla,1,340, cls_1 ,1.0261,71.4424,18210.2491,0.5104,,,,,
M_tridactyla,1,345, cls_1 ,1.1474,71.4424,36414.5204,2.9603,,,,,
M_tridactyla,1,346, cls_1 ,1.1017,249.5375,1247.8446,2.3478,,,,,
M_tridactyla,1,347, cls_1 ,1.0537,63.9,129.8454,0.4083,,,,,
M_tridactyla,1,349, cls_1 ,1.1283,63.9,2992.5868,4.0832,,,,,
M_tridactyla,1,351, cls_1 ,1.1372,202.0695,83.9197,1.5312,,,,,
M_tridactyla,1,354, cls_1 ,1.0467,95.85,14010.6932,1.327,,,,,
M_tridactyla,1,358, cls_1 ,1.1001,63.9,1083.7906,1.6333,,,,,
M_tridactyla,1,359, cls_1 ,1.1251,364.286,189.1046,2.3478,,,,,
M_tridactyla,1,360, cls_1 ,1.0131,71.4424,586.2483,0.8166,,,,,
M_tridactyla,1,362, cls_1 ,1.0932,249.5375,314.8025,0.7146,,,,,
M_tridactyla,1,364, cls_1 ,1.0895,71.4424,7286.0299,33.4823,,,,,
M_tridactyla,1,366, cls_1 ,1.1199,63.9,47.453,1.0208,,,,,
M_tridactyla,1,367, cls_1 ,1.0631,63.9,52.8573,0.7146,,,,,
M_tridactyla,1,368, cls_1 ,1,95.85,18210.2127,0.1021,,,,,
M_tridactyla,1,369, cls_1 ,1.053,71.4424,1562.6037,1.5312,,,,,
M_tridactyla,1,370, cls_1 ,1,71.4424,457.4751,0.1021,,,,,
M_tridactyla,1,373, cls_1 ,1.1031,386.0533,1248.0897,0.8166,,,,,
M_tridactyla,1,374, cls_1 ,1.0283,255.6,430.3468,0.7146,,,,,
M_tridactyla,1,377, cls_1 ,1.0688,63.9,45526.8735,0.5104,,,,,
M_tridactyla,1,378, cls_1 ,1.1409,63.9,693.3891,2.0416,,,,,
M_tridactyla,1,379, cls_1 ,1.1574,71.4424,36414.302,3.5728,,,,,
M_tridactyla,1,380, cls_1 ,1.1776,63.9,22769.8134,3.9811,,,,,
M_tridactyla,1,382, cls_1 ,1.0283,255.6,2804.7941,0.7146,,,,,
M_tridactyla,1,384, cls_1 ,1.0155,71.4424,99.4956,0.2042,,,,,
M_tridactyla,1,385, cls_1 ,1.2432,63.9,14014.9703,18.5786,,,,,
M_tridactyla,1,386, cls_1 ,1.0473,63.9,296.6602,0.8166,,,,,
M_tridactyla,1,387, cls_1 ,1.1031,142.8847,4051.3698,0.8166,,,,,
M_tridactyla,1,388, cls_1 ,1.0754,71.4424,91.3384,2.0416,,,,,
M_tridactyla,1,389, cls_1 ,1.1265,159.75,1464.7954,0.8166,,,,,
M_tridactyla,1,390, cls_1 ,1.0606,142.8847,2250.9661,1.4291,,,,,
M_tridactyla,1,391, cls_1 ,1.0688,180.7365,5692.7215,0.5104,,,,,
M_tridactyla,1,392, cls_1 ,1.0819,63.9,11385.6989,0.6125,,,,,
M_tridactyla,1,393, cls_1 ,1.0278,524.019,216.1114,1.9395,,,,,
M_tridactyla,1,395, cls_1 ,1.1431,63.9,175.2674,4.8999,,,,,
M_tridactyla,1,396, cls_1 ,1.0631,90.3682,187.0038,0.7146,,,,,
M_tridactyla,1,397, cls_1 ,1.118,63.9,36436.3887,2.7562,,,,,
M_tridactyla,1,399, cls_1 ,1.1789,63.9,10122.4397,32.9719,,,,,
M_tridactyla,1,401, cls_1 ,1.1167,63.9,5718.645,1.225,,,,,
M_tridactyla,1,404, cls_1 ,1.1576,115.1974,6295.7917,9.2893,,,,,
M_tridactyla,1,405, cls_1 ,1,63.9,154.9453,0.1021,,,,,
M_tridactyla,1,407, cls_1 ,1.1821,63.9,204.3154,5.8186,,,,,
M_tridactyla,1,408, cls_1 ,1.0465,180.7365,143.6377,0.6125,,,,,
M_tridactyla,1,409, cls_1 ,1.0914,63.9,148.2273,0.3062,,,,,
M_tridactyla,1,410, cls_1 ,1.112,63.9,119.397,14.2912,,,,,
M_tridactyla,1,411, cls_1 ,1.0335,90.3682,22760.2933,1.8374,,,,,
M_tridactyla,1,414, cls_1 ,1.0402,63.9,268.9103,1.1229,,,,,
M_tridactyla,1,416, cls_1 ,1.1085,172.056,100.16,1.1229,,,,,
M_tridactyla,1,417, cls_1 ,1.1031,319.5,932.5802,0.8166,,,,,
M_tridactyla,1,420, cls_1 ,1.0155,63.9,45518.0939,0.2042,,,,,
M_tridactyla,1,421, cls_1 ,1.1358,90.3682,402.4196,2.3478,,,,,
M_tridactyla,1,423, cls_1 ,1.0473,415.35,84.3295,0.8166,,,,,
M_tridactyla,1,425, cls_1 ,1.1271,71.4424,31.7115,1.1229,,,,,
M_tridactyla,1,426, cls_1 ,1.0261,63.9,643.9083,0.5104,,,,,
M_tridactyla,1,429, cls_1 ,1.079,204.5798,55.6974,4.3895,,,,,
M_tridactyla,1,430, cls_1 ,1.1183,172.056,78.2756,15.5162,,,,,
M_tridactyla,1,431, cls_1 ,1.0808,63.9,106.2232,8.5747,,,,,
M_tridactyla,1,432, cls_1 ,1.1197,95.85,88.2374,0.7146,,,,,
M_tridactyla,1,434, cls_1 ,1.1265,249.5375,22.3134,0.8166,,,,,
M_tridactyla,1,437, cls_1 ,1.1155,232.5995,3437.8329,4.2874,,,,,
M_tridactyla,1,440, cls_1 ,1.1667,71.4424,27.4747,0.4083,,,,,
M_tridactyla,1,441, cls_1 ,1.1613,63.9,36450.9434,11.7392,,,,,
M_tridactyla,1,442, cls_1 ,1.0805,95.85,65.2806,1.4291,,,,,
M_tridactyla,1,443, cls_1 ,1,63.9,88.9692,0.1021,,,,,
M_tridactyla,1,444, cls_1 ,1.0556,63.9,136.5402,1.225,,,,,
M_tridactyla,1,446, cls_1 ,1,71.4424,22.7557,0.1021,,,,,
M_tridactyla,1,447, cls_1 ,1.0688,63.9,45527.313,0.5104,,,,,
M_tridactyla,1,448, cls_1 ,1.1493,63.9,45518.5553,186.1944,,,,,
M_tridactyla,1,449, cls_1 ,1.0606,115.1974,52.0493,1.4291,,,,,
M_tridactyla,1,450, cls_1 ,1,131.7332,59.6384,0.1021,,,,,
M_tridactyla,1,451, cls_1 ,1.1974,101.0348,75.4743,42.6695,,,,,
M_tridactyla,1,452, cls_1 ,1.046,63.9,285.0729,1.6333,,,,,
M_tridactyla,1,454, cls_1 ,1.0358,71.4424,36615.3011,0.3062,,,,,
M_tridactyla,1,456, cls_1 ,1.1328,131.7332,10715.7774,0.9187,,,,,
M_tridactyla,1,457, cls_1 ,1.1806,63.9,3736.0592,2.552,,,,,
M_tridactyla,1,458, cls_1 ,1.0261,63.9,2359.6019,0.5104,,,,,
M_tridactyla,1,466, cls_1 ,1.0914,63.9,45517.4271,0.3062,,,,,
M_tridactyla,1,467, cls_1 ,1.1577,127.8,40.5168,18.4765,,,,,
M_tridactyla,1,468, cls_1 ,1.1031,71.4424,134.4681,0.8166,,,,,
M_tridactyla,1,471, cls_1 ,1.1434,127.8,53.2538,0.7146,,,,,
M_tridactyla,1,472, cls_1 ,1.1039,63.9,785.1825,4.7978,,,,,
M_tridactyla,1,473, cls_1 ,1.0467,95.85,5072.5124,1.327,,,,,
M_tridactyla,1,475, cls_1 ,1.1073,71.4424,410.8127,1.327,,,,,
M_tridactyla,1,477, cls_1 ,1.0914,63.9,215.0708,0.3062,,,,,
M_tridactyla,1,478, cls_1 ,1.1708,71.4424,668.2816,9.3914,,,,,
M_tridactyla,1,479, cls_1 ,1.1309,344.112,38.5319,1.4291,,,,,
M_tridactyla,1,480, cls_1 ,1.2162,90.3682,512.2029,9.5955,,,,,
M_tridactyla,1,481, cls_1 ,1.1157,63.9,18216.6834,3.3686,,,,,
M_tridactyla,1,483, cls_1 ,1.088,71.4424,127.5966,1.1229,,,,,
M_tridactyla,1,486, cls_1 ,1.0493,95.85,679.7966,3.879,,,,,
M_tridactyla,1,488, cls_1 ,1.1601,71.4424,36435.165,3.2666,,,,,
M_tridactyla,1,489, cls_1 ,1.1861,71.4424,227.0229,8.3706,,,,,
M_tridactyla,1,490, cls_1 ,1.2639,63.9,684.4084,74.6207,,,,,
M_tridactyla,1,493, cls_1 ,1.1655,63.9,668.3116,71.8645,,,,,
M_tridactyla,1,495, cls_1 ,1.0688,610.4039,31.3326,0.5104,,,,,
M_tridactyla,1,498, cls_1 ,1.1362,63.9,4462.1503,0.5104,,,,,
M_tridactyla,1,501, cls_1 ,1.0537,90.3682,110.0262,0.4083,,,,,
M_tridactyla,1,502, cls_1 ,1.105,63.9,128.7658,0.5104,,,,,
M_tridactyla,1,504, cls_1 ,1.0654,63.9,45516.7561,1.1229,,,,,
M_tridactyla,1,507, cls_1 ,1.0155,71.4424,91.1883,0.2042,,,,,
M_tridactyla,1,508, cls_1 ,1.1197,95.85,752.6978,0.7146,,,,,
M_tridactyla,1,509, cls_1 ,1.0998,131.7332,101.7029,3.2666,,,,,
M_tridactyla,1,510, cls_1 ,1.1424,63.9,1534.1464,27.4596,,,,,
M_tridactyla,1,511, cls_1 ,1.1085,95.85,1087.75,1.1229,,,,,
M_tridactyla,1,512, cls_1 ,1.0047,71.4424,36415.4032,0.6125,,,,,
M_tridactyla,1,513, cls_1 ,1.1744,71.4424,83.6491,8.4727,,,,,
M_tridactyla,1,514, cls_1 ,1.1346,63.9,121.1494,0.4083,,,,,
M_tridactyla,1,515, cls_1 ,1.105,63.9,45516.967,0.5104,,,,,
M_tridactyla,1,516, cls_1 ,1.088,63.9,31.7646,1.1229,,,,,
M_tridactyla,1,521, cls_1 ,1.0465,63.9,22776.2108,0.6125,,,,,
M_tridactyla,1,523, cls_1 ,1,63.9,5719.3701,0.1021,,,,,
M_tridactyla,1,524, cls_1 ,1,63.9,28.5717,0.1021,,,,,
M_tridactyla,1,525, cls_1 ,1.056,63.9,461.9039,2.4499,,,,,
M_tridactyla,1,526, cls_1 ,1.1447,63.9,45530.668,6.6352,,,,,
M_tridactyla,1,527, cls_1 ,1.0155,71.4424,36415.8965,0.2042,,,,,
M_tridactyla,1,528, cls_1 ,1.12,63.9,22759.7198,11.6371,,,,,
M_tridactyla,1,537, cls_1 ,1.0654,159.75,192.0832,1.1229,,,,,
M_tridactyla,1,538, cls_1 ,1.1796,71.4424,14025.4668,5.0019,,,,,
M_tridactyla,1,542, cls_1 ,1.131,71.4424,351.0444,7.9623,,,,,
M_tridactyla,1,545, cls_1 ,1.1395,202.0695,131.0054,0.6125,,,,,
M_tridactyla,1,546, cls_1 ,1.2448,115.1974,467.1078,21.641,,,,,
M_tridactyla,1,547, cls_1 ,1.1533,63.9,35.6854,11.9434,,,,,
M_tridactyla,1,548, cls_1 ,1,63.9,56.7695,0.1021,,,,,
M_tridactyla,1,550, cls_1 ,1.0721,63.9,268.3096,3.4707,,,,,
M_tridactyla,1,552, cls_1 ,1.1066,131.7332,17.2053,3.0624,,,,,
M_tridactyla,1,554, cls_1 ,1.0358,63.9,294.7558,0.3062,,,,,
M_tridactyla,1,559, cls_1 ,1.0769,127.8,382.5299,0.8166,,,,,
M_tridactyla,1,561, cls_1 ,1.0283,101.0348,32.8718,0.7146,,,,,
M_tridactyla,1,562, cls_1 ,1.0465,127.8,281.0672,0.6125,,,,,
M_tridactyla,1,563, cls_1 ,1.0836,131.7332,18.3786,1.6333,,,,,
M_tridactyla,1,564, cls_1 ,1.0819,63.9,196.3047,0.6125,,,,,
M_tridactyla,1,565, cls_1 ,1.118,95.85,7293.5546,4.1853,,,,,
M_tridactyla,1,566, cls_1 ,1.1511,115.1974,5694.8657,2.2458,,,,,
M_tridactyla,1,571, cls_1 ,1.1421,63.9,140.4977,9.2893,,,,,
M_tridactyla,1,572, cls_1 ,1.1898,101.0348,180.4768,94.8326,,,,,
M_tridactyla,1,574, cls_1 ,1.1478,63.9,136.8044,38.178,,,,,
M_tridactyla,1,575, cls_1 ,1,63.9,103.5272,0.1021,,,,,
M_tridactyla,1,576, cls_1 ,1,71.4424,256.7758,0.1021,,,,,
M_tridactyla,1,577, cls_1 ,1.0769,115.1974,1127.4459,0.8166,,,,,
M_tridactyla,1,583, cls_1 ,1.053,63.9,140.5172,1.5312,,,,,
M_tridactyla,1,584, cls_1 ,1.1212,172.056,343.645,11.0247,,,,,
M_tridactyla,1,596, cls_1 ,1.0395,90.3682,238.5678,1.7354,,,,,
M_tridactyla,1,599, cls_1 ,1,63.9,45520.2701,0.1021,,,,,
M_tridactyla,1,600, cls_1 ,1.1027,115.1974,891.2114,4.4915,,,,,
M_tridactyla,1,602, cls_1 ,1.0386,127.8,15.6258,1.4291,,,,,
M_tridactyla,1,603, cls_1 ,1.1031,319.5,14.8672,0.8166,,,,,
M_tridactyla,1,606, cls_1 ,1.0769,321.0935,161.1422,0.8166,,,,,
M_tridactyla,1,608, cls_1 ,1.0993,63.9,25.8161,1.0208,,,,,
M_tridactyla,1,609, cls_1 ,1.0261,159.75,15.1744,0.5104,,,,,
M_tridactyla,1,611, cls_1 ,1.1008,63.9,16.6437,3.879,,,,,
M_tridactyla,1,613, cls_1 ,1.0529,135.5524,394.1045,1.8374,,,,,
M_tridactyla,1,614, cls_1 ,1.0606,159.75,222.1575,1.4291,,,,,
M_tridactyla,1,615, cls_1 ,1.0631,101.0348,5063.6063,0.7146,,,,,
M_tridactyla,1,618, cls_1 ,1.0914,90.3682,19.7468,0.3062,,,,,
M_tridactyla,1,622, cls_1 ,1.1256,63.9,375.9735,4.4915,,,,,
M_tridactyla,1,623, cls_1 ,1.112,285.7695,84.3875,0.9187,,,,,
M_tridactyla,1,625, cls_1 ,1.1125,115.1974,368.3507,0.6125,,,,,
M_tridactyla,1,626, cls_1 ,1.1856,71.4424,106.307,13.8829,,,,,
M_tridactyla,1,628, cls_1 ,1.0631,194.3443,150.5266,0.7146,,,,,
M_tridactyla,1,630, cls_1 ,1.1125,101.0348,9107.1704,0.6125,,,,,
M_tridactyla,1,632, cls_1 ,1.0606,214.3271,37.0693,1.4291,,,,,
M_tridactyla,1,638, cls_1 ,1.0131,575.1,473.4776,0.8166,,,,,
M_tridactyla,1,640, cls_1 ,1.0968,63.9,18.6058,4.3895,,,,,
M_tridactyla,1,644, cls_1 ,1.1605,415.35,20.9813,6.8394,,,,,
M_tridactyla,1,645, cls_1 ,1.0283,63.9,21.901,0.7146,,,,,
M_tridactyla,1,647, cls_1 ,1.0465,71.4424,36414.3292,0.6125,,,,,
M_tridactyla,1,648, cls_1 ,1.0402,63.9,130.3313,1.1229,,,,,
M_tridactyla,1,649, cls_1 ,1.0261,434.567,186.2873,0.5104,,,,,
M_tridactyla,1,650, cls_1 ,1,101.0348,155.7651,0.1021,,,,,
M_tridactyla,1,651, cls_1 ,1,71.4424,131.7718,0.1021,,,,,
M_tridactyla,1,652, cls_1 ,1.0473,127.8,15.4537,0.8166,,,,,
M_tridactyla,1,655, cls_1 ,1.0465,95.85,111.3398,0.6125,,,,,
M_tridactyla,1,658, cls_1 ,1.1328,333.5678,59.1319,0.9187,,,,,
M_tridactyla,1,659, cls_1 ,1.1154,95.85,97.0801,1.4291,,,,,
M_tridactyla,1,662, cls_1 ,1.0311,115.1974,46.4968,1.5312,,,,,
M_tridactyla,1,663, cls_1 ,1.0631,127.8,29.302,0.7146,,,,,
M_tridactyla,1,667, cls_1 ,1.0358,63.9,219.3809,0.3062,,,,,
M_tridactyla,1,673, cls_1 ,1.062,63.9,218.0998,5.2061,,,,,
M_tridactyla,1,674, cls_1 ,1,63.9,221.8059,0.1021,,,,,
M_tridactyla,1,679, cls_1 ,1.1224,127.8,42.1099,3.1645,,,,,
M_tridactyla,1,681, cls_1 ,1.0944,115.1974,130.2346,6.5331,,,,,
M_tridactyla,1,684, cls_1 ,1.0537,95.85,114.7381,0.4083,,,,,
M_tridactyla,1,686, cls_1 ,1.1173,115.1974,179.1552,5.2061,,,,,
M_tridactyla,1,687, cls_1 ,1.1163,90.3682,66.6548,9.6976,,,,,
M_tridactyla,1,688, cls_1 ,1.1296,191.7,71.7158,1.6333,,,,,
M_tridactyla,1,689, cls_1 ,1.126,95.85,52.9001,5.104,,,,,
M_tridactyla,1,692, cls_1 ,1.0556,95.85,82.3601,1.225,,,,,
M_tridactyla,1,693, cls_1 ,1.0819,287.55,45.7054,0.6125,,,,,
M_tridactyla,1,694, cls_1 ,1.1431,172.056,381.1252,6.7373,,,,,
M_tridactyla,1,695, cls_1 ,1.0473,142.8847,85.8408,0.8166,,,,,
M_tridactyla,1,696, cls_1 ,1,63.9,215.3318,0.1021,,,,,
M_tridactyla,1,697, cls_1 ,1.088,285.7695,59.9656,1.1229,,,,,
M_tridactyla,1,703, cls_1 ,1.2644,71.4424,1022.0065,69.5167,,,,,
M_tridactyla,1,705, cls_1 ,1.0667,159.75,33.6968,3.2666,,,,,
M_tridactyla,1,707, cls_1 ,1.0261,127.8,89.2679,0.5104,,,,,
M_tridactyla,1,709, cls_1 ,1.1638,127.8,75.7285,0.5104,,,,,
M_tridactyla,1,710, cls_1 ,1.2521,63.9,27.2769,46.4465,,,,,
M_tridactyla,1,712, cls_1 ,1.1154,285.7695,33.6717,1.6333,,,,,
M_tridactyla,1,715, cls_1 ,1.1412,180.7365,24.8078,2.4499,,,,,
M_tridactyla,1,716, cls_1 ,1.0467,544.0889,37.5854,1.327,,,,,
M_tridactyla,1,717, cls_1 ,1.0654,71.4424,835.4448,1.1229,,,,,
M_tridactyla,1,722, cls_1 ,1,63.9,131.5692,0.1021,,,,,
M_tridactyla,1,723, cls_1 ,1.0473,159.75,25.4248,0.8166,,,,,
M_tridactyla,1,724, cls_1 ,1.1584,63.9,38.5175,9.9018,,,,,
M_tridactyla,1,726, cls_1 ,1.0769,287.55,46.4081,0.8166,,,,,
M_tridactyla,1,728, cls_1 ,1,191.7,30.5504,0.9187,,,,,
M_tridactyla,1,733, cls_1 ,1.088,159.75,28.2724,1.1229,,,,,
M_tridactyla,1,736, cls_1 ,1.105,225.9206,51.7289,0.5104,,,,,
M_tridactyla,1,738, cls_1 ,1.0688,95.85,20238.7603,0.5104,,,,,
M_tridactyla,1,739, cls_1 ,1.0261,135.5524,40.6092,0.5104,,,,,
M_tridactyla,1,743, cls_1 ,1.0769,90.3682,141.2753,0.8166,,,,,
M_tridactyla,1,745, cls_1 ,1.0465,63.9,47.9574,0.6125,,,,,
M_tridactyla,1,747, cls_1 ,1.0805,90.3682,111.6507,1.4291,,,,,
M_tridactyla,1,749, cls_1 ,1.063,90.3682,72.5875,0.9187,,,,,
M_tridactyla,1,750, cls_1 ,1,101.0348,34.4523,0.1021,,,,,
M_tridactyla,1,751, cls_1 ,1.1745,71.4424,50.8205,19.9056,,,,,
M_tridactyla,1,753, cls_1 ,1.0261,135.5524,40.8374,0.5104,,,,,
M_tridactyla,1,756, cls_1 ,1.0889,63.9,43.6565,2.3478,,,,,
M_tridactyla,1,761, cls_1 ,1,127.8,22.6259,0.1021,,,,,
M_tridactyla,1,763, cls_1 ,1,285.7695,33.1629,0.1021,,,,,
M_tridactyla,1,764, cls_1 ,1.1197,194.3443,100.2356,0.7146,,,,,
M_tridactyla,1,765, cls_1 ,1.1032,271.1047,19.1577,3.4707,,,,,
M_tridactyla,1,766, cls_1 ,1.064,71.4424,996.756,4.1853,,,,,
M_tridactyla,1,771, cls_1 ,1.0358,127.8,38.5934,0.3062,,,,,
M_tridactyla,1,775, cls_1 ,1.0993,131.7332,83.8201,1.0208,,,,,
M_tridactyla,1,778, cls_1 ,1,416.577,24.4089,0.1021,,,,,
M_tridactyla,1,779, cls_1 ,1.1513,63.9,43.4462,3.777,,,,,
M_tridactyla,1,780, cls_1 ,1.1042,115.1974,40.9859,2.0416,,,,,
M_tridactyla,1,782, cls_1 ,1.0155,172.056,27.0889,0.2042,,,,,
M_tridactyla,1,784, cls_1 ,1.0155,90.3682,34.1501,0.2042,,,,,
M_tridactyla,1,785, cls_1 ,1.0909,95.85,28.89,0.2042,,,,,
M_tridactyla,1,786, cls_1 ,1.0764,63.9,127.7544,1.0208,,,,,
M_tridactyla,1,787, cls_1 ,1.0863,71.4424,56.234,9.6976,,,,,
M_tridactyla,1,789, cls_1 ,1.0836,172.056,27.1698,1.6333,,,,,
M_tridactyla,1,792, cls_1 ,1.1367,90.3682,27.5098,5.2061,,,,,
M_tridactyla,1,794, cls_1 ,1.0819,499.075,18.9132,0.6125,,,,,
M_tridactyla,1,797, cls_1 ,1.0473,95.85,26.1863,0.8166,,,,,
M_tridactyla,1,798, cls_1 ,1.1066,142.8847,23.2083,2.2458,,,,,
M_tridactyla,1,800, cls_1 ,1.0283,127.8,90.7157,0.7146,,,,,
M_tridactyla,1,801, cls_1 ,1.1277,115.1974,35.3843,10.3101,,,,,
M_tridactyla,1,802, cls_1 ,1.0935,172.056,33.5527,7.0435,,,,,
M_tridactyla,1,803, cls_1 ,1.0465,520.1083,97.9983,0.6125,,,,,
M_tridactyla,1,804, cls_1 ,1.128,531.754,49.9278,3.2666,,,,,
M_tridactyla,1,805, cls_1 ,1.1125,63.9,28.698,0.6125,,,,,
M_tridactyla,1,806, cls_1 ,1.0819,63.9,82.5712,0.6125,,,,,
M_tridactyla,1,809, cls_1 ,1.1123,63.9,71.6962,5.104,,,,,
M_tridactyla,1,810, cls_1 ,1.1695,345.5921,182.873,0.9187,,,,,
M_tridactyla,1,814, cls_1 ,1.1782,159.75,54.243,4.3895,,,,,
M_tridactyla,1,816, cls_1 ,1.0616,345.5921,158.7971,4.2874,,,,,
M_tridactyla,1,822, cls_1 ,1.0932,287.55,14.4799,0.7146,,,,,
M_tridactyla,1,824, cls_1 ,1.1125,101.0348,104.8514,0.6125,,,,,
M_tridactyla,1,828, cls_1 ,1.1075,63.9,86.2779,1.5312,,,,,
M_tridactyla,1,829, cls_1 ,1.063,843.5042,27.5513,0.9187,,,,,
M_tridactyla,1,831, cls_1 ,1.0306,63.9,24.1404,1.225,,,,,
M_tridactyla,1,832, cls_1 ,1.0932,63.9,73.5263,0.7146,,,,,
M_tridactyla,1,841, cls_1 ,1.1637,63.9,23.8121,0.6125,,,,,
M_tridactyla,1,844, cls_1 ,1.0278,115.1974,81.6178,1.9395,,,,,
M_tridactyla,1,845, cls_1 ,1.1805,63.9,18.4679,13.5767,,,,,
M_tridactyla,1,846, cls_1 ,1.1094,101.0348,101.2546,3.5728,,,,,
M_tridactyla,1,848, cls_1 ,1.1031,63.9,10.7624,0.8166,,,,,
M_tridactyla,1,850, cls_1 ,1.0229,63.9,43.7083,2.4499,,,,,
M_tridactyla,1,851, cls_1 ,1.036,263.4664,21.6772,6.8394,,,,,
M_tridactyla,1,852, cls_1 ,1.1265,71.4424,21.0685,0.8166,,,,,
M_tridactyla,1,853, cls_1 ,1.088,115.1974,15.0827,1.1229,,,,,
M_tridactyla,1,854, cls_1 ,1.1137,115.1974,32.5385,2.3478,,,,,
M_tridactyla,1,855, cls_1 ,1.0688,63.9,10.8601,0.5104,,,,,
M_tridactyla,1,857, cls_1 ,1.0914,101.0348,62.8383,0.3062,,,,,
M_tridactyla,1,858, cls_1 ,1,71.4424,19.3561,0.1021,,,,,
M_tridactyla,1,859, cls_1 ,1.1443,63.9,11.1145,1.1229,,,,,
M_tridactyla,1,860, cls_1 ,1.1701,71.4424,63.2192,4.4915,,,,,
M_tridactyla,1,861, cls_1 ,1.175,71.4424,79.2682,1.1229,,,,,
M_tridactyla,1,862, cls_1 ,1.1197,71.4424,18.516,0.7146,,,,,
M_tridactyla,1,863, cls_1 ,1.1197,71.4424,20.1081,0.7146,,,,,
M_tridactyla,1,864, cls_1 ,1.0654,131.7332,8.8078,1.1229,,,,,
M_tridactyla,1,865, cls_1 ,1.0465,127.8,58.2169,0.6125,,,,,
M_tridactyla,1,866, cls_1 ,1.0465,95.85,60.2154,0.6125,,,,,
M_tridactyla,1,867, cls_1 ,1.0932,115.1974,14.3514,0.7146,,,,,
M_tridactyla,1,869, cls_1 ,1,63.9,12.3498,0.1021,,,,,
M_tridactyla,1,871, cls_1 ,1.178,63.9,92.6192,11.5351,,,,,
M_tridactyla,1,876, cls_1 ,1.2363,71.4424,53.115,137.5021,,,,,
M_tridactyla,1,878, cls_1 ,1.1778,95.85,58.6377,1.225,,,,,
M_tridactyla,1,879, cls_1 ,1.0592,115.1974,10.543,2.0416,,,,,
M_tridactyla,1,880, cls_1 ,1.1467,71.4424,179.7458,8.1664,,,,,
M_tridactyla,1,883, cls_1 ,1,287.55,11.7694,0.1021,,,,,
M_tridactyla,1,884, cls_1 ,1.0358,63.9,13.4467,0.3062,,,,,
M_tridactyla,1,885, cls_1 ,1.179,159.75,14.1058,2.2458,,,,,
M_tridactyla,1,887, cls_1 ,1.063,115.1974,12.1732,0.9187,,,,,
M_tridactyla,1,889, cls_1 ,1.1292,95.85,49.6011,1.8374,,,,,
M_tridactyla,1,890, cls_1 ,1.0358,63.9,14.1742,0.3062,,,,,
M_tridactyla,1,891, cls_1 ,1.1296,71.4424,14.9939,1.6333,,,,,
M_tridactyla,1,893, cls_1 ,1.0975,384.7289,14.9667,0.4083,,,,,
M_tridactyla,1,894, cls_1 ,1.0688,71.4424,15.5994,0.5104,,,,,
M_tridactyla,1,896, cls_1 ,1.1239,115.1974,12.6545,2.1437,,,,,
M_tridactyla,1,897, cls_1 ,1.088,600.286,27.0881,1.1229,,,,,
M_tridactyla,1,898, cls_1 ,1.0654,63.9,45.2555,1.1229,,,,,
M_tridactyla,1,899, cls_1 ,1.1417,90.3682,13.3728,8.5747,,,,,
M_tridactyla,1,902, cls_1 ,1,90.3682,12.6396,0.1021,,,,,
M_tridactyla,1,904, cls_1 ,1.0155,63.9,181.4878,0.2042,,,,,
M_tridactyla,1,905, cls_1 ,1,63.9,42.5519,0.1021,,,,,
M_tridactyla,1,908, cls_1 ,1.1125,63.9,67.5119,0.6125,,,,,
M_tridactyla,1,909, cls_1 ,1.0395,63.9,24.6432,1.7354,,,,,
M_tridactyla,1,910, cls_1 ,1.0311,63.9,28.1072,1.5312,,,,,
M_tridactyla,1,911, cls_1 ,1.0819,285.7695,25.9799,0.6125,,,,,
M_tridactyla,1,912, cls_1 ,1.0131,159.75,12.8094,0.8166,,,,,
M_tridactyla,1,913, cls_1 ,1.1294,339.6332,11.8725,2.0416,,,,,
M_tridactyla,1,914, cls_1 ,1.0769,159.75,12.6363,0.8166,,,,,
M_tridactyla,1,917, cls_1 ,1.1197,685.9956,14.1644,0.7146,,,,,
M_tridactyla,1,926, cls_1 ,1.0836,127.8,10.4141,17.9661,,,,,
M_tridactyla,1,927, cls_1 ,1.0932,63.9,16.6162,0.7146,,,,,
M_tridactyla,1,928, cls_1 ,1.0869,95.85,158.2758,1.8374,,,,,
M_tridactyla,1,930, cls_1 ,1.1117,180.7365,23.6136,2.1437,,,,,
M_tridactyla,1,931, cls_1 ,1,71.4424,11.9869,0.4083,,,,,
M_tridactyla,1,932, cls_1 ,1.1075,63.9,18.7656,1.5312,,,,,
M_tridactyla,1,933, cls_1 ,1.088,162.9137,10.7615,1.1229,,,,,
M_tridactyla,1,934, cls_1 ,1.0805,620.3568,6.5746,1.4291,,,,,
M_tridactyla,1,935, cls_1 ,1.0155,71.4424,11.9263,0.2042,,,,,
M_tridactyla,1,936, cls_1 ,1.155,63.9,12.1106,9.1872,,,,,
M_tridactyla,1,937, cls_1 ,1.1358,90.3682,118.5534,2.3478,,,,,
M_tridactyla,1,938, cls_1 ,1.1319,180.7365,21.9357,3.6749,,,,,
M_tridactyla,1,939, cls_1 ,1.0261,63.9,19.3961,0.5104,,,,,
M_tridactyla,1,940, cls_1 ,1.1442,63.9,46.0072,24.6013,,,,,
M_tridactyla,1,942, cls_1 ,1.0155,63.9,19.8856,0.2042,,,,,
M_tridactyla,1,943, cls_1 ,1.0665,63.9,14.8058,4.0832,,,,,
M_tridactyla,1,944, cls_1 ,1.0155,620.3568,5.1893,0.2042,,,,,
M_tridactyla,1,948, cls_1 ,1.0975,90.3682,99.8566,0.4083,,,,,
M_tridactyla,1,949, cls_1 ,1.0993,71.4424,15.5744,1.0208,,,,,
M_tridactyla,1,955, cls_1 ,1,63.9,30.9486,0.4083,,,,,
M_tridactyla,1,958, cls_1 ,1.0155,71.4424,280.8211,0.2042,,,,,
M_tridactyla,1,960, cls_1 ,1.164,63.9,79.9307,11.433,,,,,
M_tridactyla,1,961, cls_1 ,1.0805,214.3271,17.8586,1.4291,,,,,
M_tridactyla,1,962, cls_1 ,1.1631,71.4424,15.1357,1.5312,,,,,
M_tridactyla,1,963, cls_1 ,1.0706,71.4424,16.7951,2.4499,,,,,
M_tridactyla,1,966, cls_1 ,1,71.4424,12.3894,0.1021,,,,,
M_tridactyla,1,967, cls_1 ,1.0306,63.9,19.8954,1.225,,,,,
M_tridactyla,1,968, cls_1 ,1.2113,142.8847,140.636,20.1098,,,,,
M_tridactyla,1,969, cls_1 ,1.1154,131.7332,28.3661,8.881,,,,,
M_tridactyla,1,970, cls_1 ,1.1256,162.9137,10.4605,4.4915,,,,,
M_tridactyla,1,971, cls_1 ,1.1781,214.3271,25.2064,5.3082,,,,,
M_tridactyla,1,972, cls_1 ,1.0509,71.4424,11.815,1.0208,,,,,
M_tridactyla,1,976, cls_1 ,1,63.9,63.717,0.1021,,,,,
M_tridactyla,1,978, cls_1 ,1.0631,263.4664,15.1332,0.7146,,,,,
M_tridactyla,1,980, cls_1 ,1,71.4424,19.2114,0.1021,,,,,
M_tridactyla,1,982, cls_1 ,1.0805,180.7365,34.5133,1.4291,,,,,
M_tridactyla,1,983, cls_1 ,1.078,629.342,6.5622,1.225,,,,,
M_tridactyla,1,984, cls_1 ,1.1271,131.7332,18.6291,1.1229,,,,,
M_tridactyla,1,985, cls_1 ,1.0889,191.7,24.0696,2.3478,,,,,
M_tridactyla,1,987, cls_1 ,1.1469,142.8847,45.0021,1.9395,,,,,
M_tridactyla,1,988, cls_1 ,1.1554,90.3682,16.3015,1.6333,,,,,
M_tridactyla,1,989, cls_1 ,1.0909,71.4424,29.4974,1.5312,,,,,
M_tridactyla,1,990, cls_1 ,1.1267,131.7332,51.166,60.3294,,,,,
M_tridactyla,1,991, cls_1 ,1.1032,63.9,32.1731,9.0851,,,,,
M_tridactyla,1,992, cls_1 ,1.0932,214.3271,11.4276,0.7146,,,,,
M_tridactyla,1,993, cls_1 ,1.079,71.4424,19.1944,6.6352,,,,,
M_tridactyla,1,994, cls_1 ,1.1412,90.3682,56.7699,2.4499,,,,,
M_tridactyla,1,996, cls_1 ,1.0819,115.1974,12.1279,0.6125,,,,,
M_tridactyla,1,997, cls_1 ,1.1409,71.4424,18.5557,2.2458,,,,,
M_tridactyla,1,998, cls_1 ,1.022,90.3682,16.076,1.0208,,,,,
M_tridactyla,1,999, cls_1 ,1.0982,214.3271,10.6601,1.225,,,,,
M_tridactyla,1,1002, cls_1 ,1.1228,204.5798,87.6423,1.5312,,,,,
M_tridactyla,1,1003, cls_1 ,1.0556,115.1974,11.3679,1.225,,,,,
M_tridactyla,1,1005, cls_1 ,1.0933,71.4424,19.7195,1.7354,,,,,
M_tridactyla,1,1006, cls_1 ,1.2232,63.9,41.0345,14.2912,,,,,
M_tridactyla,1,1007, cls_1 ,1.2534,63.9,31.2398,317.7758,,,,,
M_tridactyla,1,1008, cls_1 ,1.0575,63.9,50.0771,3.1645,,,,,
M_tridactyla,1,1009, cls_1 ,1.128,90.3682,76.6822,3.2666,,,,,
M_tridactyla,1,1011, cls_1 ,1.1574,272.9809,6.807,7.0435,,,,,
M_tridactyla,1,1012, cls_1 ,1.0283,63.9,26.7226,0.7146,,,,,
M_tridactyla,1,1013, cls_1 ,1.0465,115.1974,11.4173,0.6125,,,,,
M_tridactyla,1,1014, cls_1 ,1.0115,90.3682,36.9634,1.1229,,,,,
M_tridactyla,1,1016, cls_1 ,1.1337,159.75,10.3441,1.225,,,,,
M_tridactyla,1,1017, cls_1 ,1,71.4424,15.0232,0.1021,,,,,
M_tridactyla,1,1021, cls_1 ,1.0836,214.3271,81.3843,1.6333,,,,,
M_tridactyla,1,1023, cls_1 ,1.105,230.3947,8.8329,0.5104,,,,,
M_tridactyla,1,1026, cls_1 ,1.1283,232.5995,7.5148,4.0832,,,,,
M_tridactyla,1,1029, cls_1 ,1.0465,232.5995,7.0714,0.6125,,,,,
M_tridactyla,1,1032, cls_1 ,1.0987,63.9,55.0021,1.4291,,,,,
M_tridactyla,1,1043, cls_1 ,1.1443,131.7332,34.6061,1.1229,,,,,
M_tridactyla,1,1046, cls_1 ,1.0509,90.3682,20.1898,1.0208,,,,,
M_tridactyla,1,1048, cls_1 ,1.0828,958.5,5.9303,9.4935,,,,,
M_tridactyla,1,1049, cls_1 ,1.0864,90.3682,14.0381,11.433,,,,,
M_tridactyla,1,1051, cls_1 ,1.0358,71.4424,627.9915,0.3062,,,,,
M_tridactyla,1,1052, cls_1 ,1.1415,257.5891,6.297,1.8374,,,,,
M_tridactyla,1,1053, cls_1 ,1.1372,364.286,4.4104,1.5312,,,,,
M_tridactyla,1,1054, cls_1 ,1.112,131.7332,11.2868,0.9187,,,,,
M_tridactyla,1,1055, cls_1 ,1,172.056,9.9251,0.1021,,,,,
M_tridactyla,1,1061, cls_1 ,1.0283,800.6647,6.511,0.7146,,,,,
M_tridactyla,1,1062, cls_1 ,1.1307,63.9,38.2024,5.5123,,,,,
M_tridactyla,1,1067, cls_1 ,1.0691,63.9,13.1124,3.5728,,,,,
M_tridactyla,1,1068, cls_1 ,1.0971,115.1974,5.3752,2.4499,,,,,
M_tridactyla,1,1070, cls_1 ,1.1075,115.1974,252.1989,2.7562,,,,,
M_tridactyla,1,1072, cls_1 ,1.0537,63.9,15.0542,0.4083,,,,,
M_tridactyla,1,1073, cls_1 ,1.0819,115.1974,6.0011,0.6125,,,,,
M_tridactyla,1,1076, cls_1 ,1.0909,63.9,783.9877,0.2042,,,,,
M_tridactyla,1,1077, cls_1 ,1.119,63.9,20.4179,12.2496,,,,,
M_tridactyla,1,1078, cls_1 ,1.0358,63.9,628.5906,0.3062,,,,,
M_tridactyla,1,1079, cls_1 ,1.0909,95.85,96.8825,0.2042,,,,,
M_tridactyla,1,1086, cls_1 ,1.0631,71.4424,630.7767,0.7146,,,,,
M_tridactyla,1,1087, cls_1 ,1.1789,127.8,12.3599,8.6768,,,,,
M_tridactyla,1,1088, cls_1 ,1.1292,63.9,6.1625,1.8374,,,,,
M_tridactyla,1,1090, cls_1 ,1.0465,63.9,783.2142,0.6125,,,,,
M_tridactyla,1,1094, cls_1 ,1.0933,162.9137,10.7789,1.7354,,,,,
M_tridactyla,1,1096, cls_1 ,1.0932,63.9,8.4612,0.7146,,,,,
M_tridactyla,1,1103, cls_1 ,1.1177,63.9,13.0492,11.433,,,,,
M_tridactyla,1,1104, cls_1 ,1.0808,162.9137,7.8423,8.5747,,,,,
M_tridactyla,1,1105, cls_1 ,1.053,303.1043,7.567,1.5312,,,,,
M_tridactyla,1,1110, cls_1 ,1.0465,63.9,33.2806,0.6125,,,,,
M_tridactyla,1,1119, cls_1 ,1.0752,255.6,7.3062,3.3686,,,,,
M_tridactyla,1,1122, cls_1 ,1.1554,316.2889,5.4789,2.7562,,,,,
M_tridactyla,1,1124, cls_1 ,1.0131,63.9,34.0885,0.8166,,,,,
M_tridactyla,1,1126, cls_1 ,1.1009,71.4424,18.433,6.5331,,,,,
M_tridactyla,1,1128, cls_1 ,1.0927,71.4424,18.4711,3.1645,,,,,
M_tridactyla,1,1130, cls_1 ,1.0473,115.1974,9.3798,0.8166,,,,,
M_tridactyla,1,1135, cls_1 ,1.1346,230.3947,5.0115,5.0019,,,,,
M_tridactyla,1,1138, cls_1 ,1.0819,230.3947,4.4678,3.879,,,,,
M_tridactyla,1,2, cls_4 ,1.0465,1738.2679,0.043,0.6125,,,,,
M_tridactyla,1,14, cls_4 ,1.1275,191.7,1.3733,6.7373,,,,,
M_tridactyla,1,23, cls_4 ,1.1197,131.7332,1.4879,0.7146,,,,,
M_tridactyla,1,24, cls_4 ,1.0671,172.056,2.3661,4.4915,,,,,
M_tridactyla,1,29, cls_4 ,1.0769,131.7332,2.7706,0.8166,,,,,
M_tridactyla,1,30, cls_4 ,1.105,620.3568,0.2496,0.5104,,,,,
M_tridactyla,1,33, cls_4 ,1.0517,225.9206,0.6487,2.552,,,,,
M_tridactyla,1,34, cls_4 ,1.0537,225.9206,1.428,0.4083,,,,,
M_tridactyla,1,87, cls_4 ,1.1103,2616.9761,0.0239,2.9603,,,,,
M_tridactyla,1,113, cls_4 ,1,63.9,0.8057,0.1021,,,,,
M_tridactyla,1,115, cls_4 ,1.0358,63.9,0.3111,0.3062,,,,,
M_tridactyla,1,132, cls_4 ,1.0688,639.7983,0.0512,0.5104,,,,,
M_tridactyla,1,133, cls_4 ,1.0975,325.8273,0.0889,0.4083,,,,,
M_tridactyla,1,137, cls_4 ,1.105,325.8273,0.0695,0.5104,,,,,
M_tridactyla,1,170, cls_4 ,1.0386,4274.141,0.011,1.4291,,,,,
M_tridactyla,1,171, cls_4 ,1.1025,357.2119,0.7558,6.4311,,,,,
M_tridactyla,1,189, cls_4 ,1.1366,159.75,2.4888,8.2685,,,,,
M_tridactyla,1,194, cls_4 ,1.1325,71.4424,9.6572,4.7978,,,,,
M_tridactyla,1,196, cls_4 ,1.07,71.4424,10.0196,3.1645,,,,,
M_tridactyla,1,201, cls_4 ,1.0903,230.3947,1.0669,2.0416,,,,,
M_tridactyla,1,217, cls_4 ,1.0283,255.6,0.5964,0.7146,,,,,
M_tridactyla,1,244, cls_4 ,1.0509,115.1974,1.7315,1.0208,,,,,
M_tridactyla,1,249, cls_4 ,1.059,63.9,6.869,1.7354,,,,,
M_tridactyla,1,258, cls_4 ,1.1412,63.9,4.458,2.4499,,,,,
M_tridactyla,1,260, cls_4 ,1.0769,321.0935,0.0694,0.8166,,,,,
M_tridactyla,1,276, cls_4 ,1.0914,321.0935,0.1206,0.3062,,,,,
M_tridactyla,1,290, cls_4 ,1.0819,688.2241,0.1167,0.6125,,,,,
M_tridactyla,1,303, cls_4 ,1.126,71.4424,5.4892,3.0624,,,,,
M_tridactyla,1,311, cls_4 ,1.1017,71.4424,6.3941,2.3478,,,,,
M_tridactyla,1,324, cls_4 ,1.0509,63.9,4.2247,1.0208,,,,,
M_tridactyla,1,335, cls_4 ,1.1506,63.9,3.6425,1.5312,,,,,
M_tridactyla,1,336, cls_4 ,1.1454,71.4424,3.8886,1.4291,,,,,
M_tridactyla,1,341, cls_4 ,1.078,71.4424,3.9878,1.225,,,,,
M_tridactyla,1,348, cls_4 ,1.0592,135.5524,1.0905,2.0416,,,,,
M_tridactyla,1,363, cls_4 ,1.0261,1485.2455,0.0619,0.5104,,,,,
M_tridactyla,1,403, cls_4 ,1.0047,1890.4575,0.0651,0.6125,,,,,
M_tridactyla,1,445, cls_4 ,1.0688,3294.7251,0.0095,0.5104,,,,,
M_tridactyla,1,459, cls_4 ,1.1367,63.9,1.6119,3.777,,,,,
M_tridactyla,1,482, cls_4 ,1.0465,63.9,9.3723,0.6125,,,,,
M_tridactyla,1,505, cls_4 ,1.1355,159.75,1.2757,6.2269,,,,,
M_tridactyla,1,506, cls_4 ,1.1602,159.75,2.6228,1.1229,,,,,
M_tridactyla,1,517, cls_4 ,1.112,202.0695,0.365,0.9187,,,,,
M_tridactyla,1,531, cls_4 ,1.1241,583.0328,0.153,2.8582,,,,,
M_tridactyla,1,534, cls_4 ,1.0988,3294.7251,0.0134,2.1437,,,,,
M_tridactyla,1,539, cls_4 ,1.0819,202.0695,0.5349,0.6125,,,,,
M_tridactyla,1,553, cls_4 ,1.0529,159.75,2.6006,1.8374,,,,,
M_tridactyla,1,597, cls_4 ,1.0647,63.9,3.0242,1.9395,,,,,
M_tridactyla,1,598, cls_4 ,1.0654,63.9,5.2698,1.1229,,,,,
M_tridactyla,1,621, cls_4 ,1.1355,263.4664,0.4342,6.2269,,,,,
M_tridactyla,1,624, cls_4 ,1.1073,172.056,0.7383,1.327,,,,,
M_tridactyla,1,635, cls_4 ,1.0688,596.8753,0.331,0.5104,,,,,
M_tridactyla,1,637, cls_4 ,1.0261,3344.9987,0.0148,0.5104,,,,,
M_tridactyla,1,653, cls_4 ,1.0465,857.3085,0.165,0.6125,,,,,
M_tridactyla,1,668, cls_4 ,1.0993,263.4664,1.5609,1.0208,,,,,
M_tridactyla,1,677, cls_4 ,1.0844,243.324,0.8827,2.7562,,,,,
M_tridactyla,1,699, cls_4 ,1.1126,63.9,1.8576,4.0832,,,,,
M_tridactyla,1,700, cls_4 ,1.0631,71.4424,1.3889,0.7146,,,,,
M_tridactyla,1,701, cls_4 ,1.0909,71.4424,2.0009,0.2042,,,,,
M_tridactyla,1,732, cls_4 ,1,243.324,0.9789,0.4083,,,,,
M_tridactyla,1,735, cls_4 ,1.0688,63.9,10.2065,0.5104,,,,,
M_tridactyla,1,788, cls_4 ,1.0283,71.4424,0.2465,0.7146,,,,,
M_tridactyla,1,799, cls_4 ,1,71.4424,1.4431,0.1021,,,,,
M_tridactyla,1,875, cls_4 ,1.063,2065.1665,0.0394,0.9187,,,,,
M_tridactyla,1,882, cls_4 ,1.105,1976.2567,0.0115,0.5104,,,,,
M_tridactyla,1,977, cls_4 ,1.053,1976.2567,0.0096,1.5312,,,,,
M_tridactyla,1,1019, cls_4 ,1.0982,3114.9202,0.0094,1.225,,,,,
M_tridactyla,1,1038, cls_4 ,1.0769,2107.005,0.0112,0.8166,,,,,
M_tridactyla,1,1127, cls_4 ,1.0631,639,0.0198,0.7146,,,,,
M_tridactyla,1,1132, cls_4 ,1.1638,639,0.024,0.5104,,,,,
M_tridactyla,1,3, cls_3 ,1,71.4424,5.6472,0.1021,,,,,
M_tridactyla,1,4, cls_3 ,1.1679,71.4424,6.0751,1.327,,,,,
M_tridactyla,1,5, cls_3 ,1.1575,202.0695,3.3446,13.3725,,,,,
M_tridactyla,1,6, cls_3 ,1.0706,314.671,1.3707,1.8374,,,,,
M_tridactyla,1,7, cls_3 ,1.1338,71.4424,7.104,6.329,,,,,
M_tridactyla,1,8, cls_3 ,1.0047,71.4424,15.3567,0.6125,,,,,
M_tridactyla,1,9, cls_3 ,1.0889,314.671,1.4497,0.9187,,,,,
M_tridactyla,1,10, cls_3 ,1.0654,71.4424,16.3929,1.1229,,,,,
M_tridactyla,1,11, cls_3 ,1.0688,159.75,5.2994,0.5104,,,,,
M_tridactyla,1,12, cls_3 ,1.1434,180.7365,6.517,0.7146,,,,,
M_tridactyla,1,13, cls_3 ,1.1653,63.9,7.8982,4.6957,,,,,
M_tridactyla,1,15, cls_3 ,1,63.9,5.4095,0.1021,,,,,
M_tridactyla,1,16, cls_3 ,1.0537,63.9,4.9371,0.4083,,,,,
M_tridactyla,1,18, cls_3 ,1.0306,63.9,15.663,1.225,,,,,
M_tridactyla,1,19, cls_3 ,1.0689,958.5,1.6913,1.327,,,,,
M_tridactyla,1,20, cls_3 ,1.0219,845.9211,2.1181,1.327,,,,,
M_tridactyla,1,21, cls_3 ,1.1354,63.9,7.8405,2.1437,,,,,
M_tridactyla,1,22, cls_3 ,1.085,63.9,51.4461,2.1437,,,,,
M_tridactyla,1,25, cls_3 ,1.1863,63.9,9.9896,19.9056,,,,,
M_tridactyla,1,26, cls_3 ,1.0358,71.4424,12.7187,0.3062,,,,,
M_tridactyla,1,27, cls_3 ,1.1434,63.9,12.1746,0.7146,,,,,
M_tridactyla,1,28, cls_3 ,1.0975,71.4424,13.2536,0.4083,,,,,
M_tridactyla,1,31, cls_3 ,1.0982,90.3682,15.3935,1.225,,,,,
M_tridactyla,1,32, cls_3 ,1.1436,90.3682,7.8105,3.0624,,,,,
M_tridactyla,1,36, cls_3 ,1.0155,95.85,2.6783,0.2042,,,,,
M_tridactyla,1,37, cls_3 ,1,95.85,3.0087,0.1021,,,,,
M_tridactyla,1,38, cls_3 ,1.0752,316.2889,5.6332,3.3686,,,,,
M_tridactyla,1,39, cls_3 ,1,63.9,5.6907,0.1021,,,,,
M_tridactyla,1,40, cls_3 ,1,71.4424,3.2763,0.1021,,,,,
M_tridactyla,1,41, cls_3 ,1.1443,223.65,4.4593,1.1229,,,,,
M_tridactyla,1,42, cls_3 ,1.0819,63.9,4.4831,0.6125,,,,,
M_tridactyla,1,43, cls_3 ,1,71.4424,3.6115,0.1021,,,,,
M_tridactyla,1,44, cls_3 ,1.167,127.8,3.5621,0.8166,,,,,
M_tridactyla,1,46, cls_3 ,1.1565,63.9,6.6368,2.1437,,,,,
M_tridactyla,1,47, cls_3 ,1.1876,71.4424,6.0413,18.8848,,,,,
M_tridactyla,1,48, cls_3 ,1.0358,63.9,9.7304,0.3062,,,,,
M_tridactyla,1,49, cls_3 ,1.0492,131.7332,6.083,2.2458,,,,,
M_tridactyla,1,50, cls_3 ,1,557.9828,5.8243,0.1021,,,,,
M_tridactyla,1,51, cls_3 ,1.1429,127.8,14.3978,1.6333,,,,,
M_tridactyla,1,55, cls_3 ,1.1638,71.4424,40.5366,0.5104,,,,,
M_tridactyla,1,56, cls_3 ,1.1754,71.4424,159.343,35.8302,,,,,
M_tridactyla,1,62, cls_3 ,1,319.5,4.0094,0.1021,,,,,
M_tridactyla,1,63, cls_3 ,1.1311,90.3682,53.7674,2.4499,,,,,
M_tridactyla,1,66, cls_3 ,1.184,101.0348,7.1178,5.7165,,,,,
M_tridactyla,1,67, cls_3 ,1.1388,115.1974,13.9801,1.0208,,,,,
M_tridactyla,1,68, cls_3 ,1.0473,63.9,25.9671,0.8166,,,,,
M_tridactyla,1,69, cls_3 ,1.1482,71.4424,13.3432,3.1645,,,,,
M_tridactyla,1,71, cls_3 ,1.0283,71.4424,12.9755,0.7146,,,,,
M_tridactyla,1,72, cls_3 ,1.1233,63.9,77.1837,4.5936,,,,,
M_tridactyla,1,74, cls_3 ,1.1508,63.9,10.6413,10.3101,,,,,
M_tridactyla,1,75, cls_3 ,1.1246,404.1391,7.7331,3.3686,,,,,
M_tridactyla,1,77, cls_3 ,1.1109,71.4424,105.882,71.7624,,,,,
M_tridactyla,1,78, cls_3 ,1.1642,95.85,17.2792,2.552,,,,,
M_tridactyla,1,79, cls_3 ,1.0813,90.3682,98.4085,4.6957,,,,,
M_tridactyla,1,81, cls_3 ,1.1848,63.9,19.5318,8.4727,,,,,
M_tridactyla,1,85, cls_3 ,1.0819,63.9,30.4021,0.6125,,,,,
M_tridactyla,1,88, cls_3 ,1.063,63.9,30.5289,0.9187,,,,,
M_tridactyla,1,89, cls_3 ,1.1125,63.9,30.8695,0.6125,,,,,
M_tridactyla,1,91, cls_3 ,1.0932,445.012,3.2751,0.7146,,,,,
M_tridactyla,1,93, cls_3 ,1.0769,274.8443,15.1906,0.8166,,,,,
M_tridactyla,1,94, cls_3 ,1.1313,90.3682,103.571,6.8394,,,,,
M_tridactyla,1,95, cls_3 ,1.0492,63.9,17.4169,2.2458,,,,,
M_tridactyla,1,98, cls_3 ,1.1226,135.5524,3.5662,1.7354,,,,,
M_tridactyla,1,100, cls_3 ,1.0537,63.9,5.2395,0.4083,,,,,
M_tridactyla,1,102, cls_3 ,1.0688,63.9,5.6089,0.5104,,,,,
M_tridactyla,1,103, cls_3 ,1.0261,159.75,36.2771,0.5104,,,,,
M_tridactyla,1,104, cls_3 ,1.1426,772.1066,6.4581,2.8582,,,,,
M_tridactyla,1,105, cls_3 ,1.0283,95.85,96.3884,0.7146,,,,,
M_tridactyla,1,108, cls_3 ,1.1265,186.2989,7.9805,0.8166,,,,,
M_tridactyla,1,109, cls_3 ,1.0155,63.9,5.7104,0.2042,,,,,
M_tridactyla,1,110, cls_3 ,1.0507,186.2989,7.8091,5.3082,,,,,
M_tridactyla,1,111, cls_3 ,1.0358,63.9,5.6994,0.3062,,,,,
M_tridactyla,1,112, cls_3 ,1.1902,90.3682,103.9739,13.2704,,,,,
M_tridactyla,1,114, cls_3 ,1.0556,142.8847,22.582,1.225,,,,,
M_tridactyla,1,116, cls_3 ,1.1301,131.7332,50.9055,2.2458,,,,,
M_tridactyla,1,117, cls_3 ,1.0473,142.8847,49.4238,0.8166,,,,,
M_tridactyla,1,119, cls_3 ,1.1345,63.9,30.8825,14.4954,,,,,
M_tridactyla,1,120, cls_3 ,1.123,328.9454,17.8218,1.9395,,,,,
M_tridactyla,1,121, cls_3 ,1.1502,90.3682,83.9837,3.5728,,,,,
M_tridactyla,1,123, cls_3 ,1.0916,90.3682,74.2677,52.5713,,,,,
M_tridactyla,1,124, cls_3 ,1.1462,772.1066,7.945,2.1437,,,,,
M_tridactyla,1,125, cls_3 ,1.1536,373.9652,15.1126,4.1853,,,,,
M_tridactyla,1,126, cls_3 ,1.1595,63.9,75.4638,82.8892,,,,,
M_tridactyla,1,127, cls_3 ,1.1325,63.9,57.2121,4.7978,,,,,
M_tridactyla,1,128, cls_3 ,1.1327,63.9,39.5864,10.208,,,,,
M_tridactyla,1,131, cls_3 ,1.1596,63.9,19.9387,21.3348,,,,,
M_tridactyla,1,134, cls_3 ,1.0889,101.0348,7.3522,0.9187,,,,,
M_tridactyla,1,135, cls_3 ,1.1387,63.9,234.5889,5.4103,,,,,
M_tridactyla,1,139, cls_3 ,1.1205,63.9,9.3592,9.2893,,,,,
M_tridactyla,1,140, cls_3 ,1,71.4424,13.8354,0.1021,,,,,
M_tridactyla,1,141, cls_3 ,1.0728,115.1974,3.9498,1.5312,,,,,
M_tridactyla,1,143, cls_3 ,1,71.4424,48.7774,0.4083,,,,,
M_tridactyla,1,144, cls_3 ,1.0492,131.7332,99.7516,2.2458,,,,,
M_tridactyla,1,145, cls_3 ,1.0769,172.056,15.2565,0.8166,,,,,
M_tridactyla,1,146, cls_3 ,1.063,71.4424,15.1308,0.9187,,,,,
M_tridactyla,1,148, cls_3 ,1.0358,101.0348,5.2843,0.3062,,,,,
M_tridactyla,1,149, cls_3 ,1.0402,127.8,49.8134,1.1229,,,,,
M_tridactyla,1,150, cls_3 ,1.0688,127.8,48.82,0.5104,,,,,
M_tridactyla,1,151, cls_3 ,1.0473,101.0348,3.9425,0.8166,,,,,
M_tridactyla,1,153, cls_3 ,1.1162,127.8,18.4054,6.7373,,,,,
M_tridactyla,1,155, cls_3 ,1.161,63.9,29.0503,13.6788,,,,,
M_tridactyla,1,157, cls_3 ,1.1532,71.4424,899.04,12.3517,,,,,
M_tridactyla,1,158, cls_3 ,1,63.9,47.2859,0.1021,,,,,
M_tridactyla,1,160, cls_3 ,1.1299,607.05,13.8302,3.4707,,,,,
M_tridactyla,1,161, cls_3 ,1.0647,63.9,1090.9618,1.9395,,,,,
M_tridactyla,1,162, cls_3 ,1,95.85,14.8797,0.1021,,,,,
M_tridactyla,1,163, cls_3 ,1.0537,63.9,29.0168,0.4083,,,,,
M_tridactyla,1,164, cls_3 ,1,71.4424,112.1347,0.1021,,,,,
M_tridactyla,1,165, cls_3 ,1.0903,71.4424,888.905,2.0416,,,,,
M_tridactyla,1,166, cls_3 ,1.2501,63.9,2018.6912,441.1908,,,,,
M_tridactyla,1,167, cls_3 ,1.0556,63.9,53.8368,1.225,,,,,
M_tridactyla,1,168, cls_3 ,1.1496,202.0695,7.6597,6.6352,,,,,
M_tridactyla,1,169, cls_3 ,1.0688,404.1391,5.6024,0.5104,,,,,
M_tridactyla,1,172, cls_3 ,1.0465,404.1391,6.3339,0.6125,,,,,
M_tridactyla,1,173, cls_3 ,1.0932,664.8364,5.8889,0.7146,,,,,
M_tridactyla,1,174, cls_3 ,1,63.9,235.7581,0.1021,,,,,
M_tridactyla,1,180, cls_3 ,1.078,243.324,58.614,1.225,,,,,
M_tridactyla,1,183, cls_3 ,1.1301,1024.3949,18.2414,2.2458,,,,,
M_tridactyla,1,184, cls_3 ,1.0819,707.2434,8.4702,0.6125,,,,,
M_tridactyla,1,186, cls_3 ,1.0688,457.4544,9.6634,0.5104,,,,,
M_tridactyla,1,188, cls_3 ,1.1443,457.4544,9.038,1.1229,,,,,
M_tridactyla,1,191, cls_3 ,1.0229,142.8847,37.8723,2.4499,,,,,
M_tridactyla,1,192, cls_3 ,1.0631,830.7,25.3678,0.7146,,,,,
M_tridactyla,1,195, cls_3 ,1.0155,162.9137,38.102,0.2042,,,,,
M_tridactyla,1,199, cls_3 ,1.0933,101.0348,10237.3505,1.7354,,,,,
M_tridactyla,1,200, cls_3 ,1.3252,63.9,656.2606,10445.9741,,,,,
M_tridactyla,1,202, cls_3 ,1.1664,63.9,4112.3236,74.2123,,,,,
M_tridactyla,1,203, cls_3 ,1.138,71.4424,20470.1544,6.7373,,,,,
M_tridactyla,1,204, cls_3 ,1.0631,1792.0504,30.8828,0.7146,,,,,
M_tridactyla,1,206, cls_3 ,1.0537,71.4424,20471.5487,0.4083,,,,,
M_tridactyla,1,207, cls_3 ,1.0475,101.0348,10237.414,3.0624,,,,,
M_tridactyla,1,208, cls_3 ,1.0537,63.9,302.7613,0.4083,,,,,
M_tridactyla,1,211, cls_3 ,1.0537,63.9,356.2573,0.4083,,,,,
M_tridactyla,1,212, cls_3 ,1.0982,131.7332,6027.084,1.225,,,,,
M_tridactyla,1,214, cls_3 ,1.0721,63.9,20476.0276,3.4707,,,,,
M_tridactyla,1,216, cls_3 ,1.0769,63.9,1122.1759,0.8166,,,,,
M_tridactyla,1,219, cls_3 ,1.0688,71.4424,213.4588,0.5104,,,,,
M_tridactyla,1,220, cls_3 ,1.1294,63.9,7885.4358,2.0416,,,,,
M_tridactyla,1,221, cls_3 ,1,71.4424,169.1332,0.1021,,,,,
M_tridactyla,1,222, cls_3 ,1.0467,95.85,314.9412,1.327,,,,,
M_tridactyla,1,223, cls_3 ,1.1162,95.85,784.6976,6.7373,,,,,
M_tridactyla,1,225, cls_3 ,1.1319,71.4424,951.6926,3.6749,,,,,
M_tridactyla,1,226, cls_3 ,1.1125,63.9,6407.3869,0.6125,,,,,
M_tridactyla,1,230, cls_3 ,1.0657,1328.9049,27.2541,1.6333,,,,,
M_tridactyla,1,234, cls_3 ,1.078,63.9,3968.5147,1.225,,,,,
M_tridactyla,1,236, cls_3 ,1.0751,63.9,457.229,9.6976,,,,,
M_tridactyla,1,237, cls_3 ,1.0845,63.9,1429.6559,5.8186,,,,,
M_tridactyla,1,240, cls_3 ,1.1094,63.9,20469.5755,3.5728,,,,,
M_tridactyla,1,241, cls_3 ,1.0509,63.9,10242.5769,1.0208,,,,,
M_tridactyla,1,242, cls_3 ,1.0477,115.1974,15.3003,2.6541,,,,,
M_tridactyla,1,243, cls_3 ,1.1105,63.9,25588.1634,22.0493,,,,,
M_tridactyla,1,245, cls_3 ,1.0689,115.1974,14.021,1.327,,,,,
M_tridactyla,1,246, cls_3 ,1.1845,63.9,393.6646,8.7789,,,,,
M_tridactyla,1,250, cls_3 ,1.1221,71.4424,5191.1514,16.537,,,,,
M_tridactyla,1,253, cls_3 ,1.0335,71.4424,985.7202,1.8374,,,,,
M_tridactyla,1,254, cls_3 ,1.0688,127.8,318.5158,0.5104,,,,,
M_tridactyla,1,255, cls_3 ,1.0631,95.85,2283.4642,0.7146,,,,,
M_tridactyla,1,259, cls_3 ,1.0131,63.9,25584.052,0.8166,,,,,
M_tridactyla,1,261, cls_3 ,1.0311,63.9,4161.1039,1.5312,,,,,
M_tridactyla,1,262, cls_3 ,1.1031,63.9,8049.1623,3.1645,,,,,
M_tridactyla,1,264, cls_3 ,1.053,63.9,17.0709,1.5312,,,,,
M_tridactyla,1,267, cls_3 ,1.0728,63.9,18.4656,1.5312,,,,,
M_tridactyla,1,269, cls_3 ,1.0155,63.9,19.4186,0.2042,,,,,
M_tridactyla,1,270, cls_3 ,1.0805,90.3682,726.2073,1.4291,,,,,
M_tridactyla,1,271, cls_3 ,1.0766,63.9,363.6302,4.0832,,,,,
M_tridactyla,1,272, cls_3 ,1.0914,71.4424,736.9112,0.3062,,,,,
M_tridactyla,1,273, cls_3 ,1.0932,162.9137,1357.1418,0.7146,,,,,
M_tridactyla,1,274, cls_3 ,1.0358,71.4424,3232.8156,0.3062,,,,,
M_tridactyla,1,275, cls_3 ,1.0556,95.85,423.8905,1.225,,,,,
M_tridactyla,1,277, cls_3 ,1.0909,90.3682,12801.6393,0.2042,,,,,
M_tridactyla,1,278, cls_3 ,1.0647,95.85,525.8368,1.9395,,,,,
M_tridactyla,1,279, cls_3 ,1.1209,63.9,25586.3217,3.777,,,,,
M_tridactyla,1,281, cls_3 ,1.0819,142.8847,990.4169,0.6125,,,,,
M_tridactyla,1,282, cls_3 ,1.1763,63.9,11409.7125,11.7392,,,,,
M_tridactyla,1,283, cls_3 ,1.1337,63.9,1647.4354,1.225,,,,,
M_tridactyla,1,285, cls_3 ,1.0688,63.9,25607.8092,0.5104,,,,,
M_tridactyla,1,288, cls_3 ,1.0358,63.9,710.5864,0.3062,,,,,
M_tridactyla,1,289, cls_3 ,1.0819,345.5921,17.6812,0.6125,,,,,
M_tridactyla,1,296, cls_3 ,1,63.9,910.7718,0.1021,,,,,
M_tridactyla,1,298, cls_3 ,1.1666,90.3682,11371.7888,16.0266,,,,,
M_tridactyla,1,299, cls_3 ,1,63.9,1159.1632,0.1021,,,,,
M_tridactyla,1,300, cls_3 ,1.1306,101.0348,2048.2933,7.2477,,,,,
M_tridactyla,1,302, cls_3 ,1.0155,63.9,3206.7543,0.2042,,,,,
M_tridactyla,1,305, cls_3 ,1.1265,63.9,11374.6735,2.552,,,,,
M_tridactyla,1,309, cls_3 ,1.0358,63.9,7885.3209,0.3062,,,,,
M_tridactyla,1,310, cls_3 ,1.0283,445.012,23.4772,0.7146,,,,,
M_tridactyla,1,316, cls_3 ,1.1313,131.7332,6021.2228,11.2288,,,,,
M_tridactyla,1,317, cls_3 ,1.2271,71.4424,11406.7865,27.4596,,,,,
M_tridactyla,1,321, cls_3 ,1.1619,71.4424,7927.7603,17.2516,,,,,
M_tridactyla,1,323, cls_3 ,1.0155,90.3682,1064.564,0.2042,,,,,
M_tridactyla,1,327, cls_3 ,1.0819,63.9,25590.8482,0.6125,,,,,
M_tridactyla,1,328, cls_3 ,1.0987,63.9,1584.9588,1.4291,,,,,
M_tridactyla,1,329, cls_3 ,1.0155,63.9,25589.2489,0.2042,,,,,
M_tridactyla,1,331, cls_3 ,1.0706,71.4424,20467.0938,2.4499,,,,,
M_tridactyla,1,332, cls_3 ,1.1265,63.9,3204.193,2.552,,,,,
M_tridactyla,1,339, cls_3 ,1.1035,71.4424,20470.0856,2.8582,,,,,
M_tridactyla,1,344, cls_3 ,1,90.3682,3020.4389,0.1021,,,,,
M_tridactyla,1,350, cls_3 ,1,90.3682,10239.584,0.1021,,,,,
M_tridactyla,1,355, cls_3 ,1.0465,223.65,65.773,0.6125,,,,,
M_tridactyla,1,356, cls_3 ,1.1204,388.6885,693.9238,23.5805,,,,,
M_tridactyla,1,365, cls_3 ,1,63.9,25585.7951,0.1021,,,,,
M_tridactyla,1,375, cls_3 ,1.0556,223.65,110.4456,1.225,,,,,
M_tridactyla,1,381, cls_3 ,1.0716,71.4424,20467.49,8.2685,,,,,
M_tridactyla,1,394, cls_3 ,1,71.4424,7872.268,0.1021,,,,,
M_tridactyla,1,398, cls_3 ,1,71.4424,5685.7013,0.1021,,,,,
M_tridactyla,1,400, cls_3 ,1.0047,833.1541,151.2847,0.6125,,,,,
M_tridactyla,1,402, cls_3 ,1.0366,434.567,523.4851,2.1437,,,,,
M_tridactyla,1,406, cls_3 ,1.0605,194.3443,2766.5026,3.4707,,,,,
M_tridactyla,1,419, cls_3 ,1.0657,115.1974,7872.9729,1.6333,,,,,
M_tridactyla,1,428, cls_3 ,1.0851,90.3682,12792.8797,3.0624,,,,,
M_tridactyla,1,433, cls_3 ,1,162.9137,3936.1829,0.1021,,,,,
M_tridactyla,1,436, cls_3 ,1,63.9,25583.7279,0.9187,,,,,
M_tridactyla,1,453, cls_3 ,1.1297,142.8847,1969.8865,2.9603,,,,,
M_tridactyla,1,460, cls_3 ,1.0261,71.4424,2498.7535,0.5104,,,,,
M_tridactyla,1,463, cls_3 ,1.1638,71.4424,20468.2184,0.5104,,,,,
M_tridactyla,1,464, cls_3 ,1.0889,115.1974,2559.8899,0.9187,,,,,
M_tridactyla,1,465, cls_3 ,1.0819,135.5524,5685.9952,0.6125,,,,,
M_tridactyla,1,470, cls_3 ,1.1519,115.1974,7874.351,0.9187,,,,,
M_tridactyla,1,474, cls_3 ,1.0537,71.4424,20469.1587,0.4083,,,,,
M_tridactyla,1,484, cls_3 ,1.1084,115.1974,7873.8516,1.7354,,,,,
M_tridactyla,1,491, cls_3 ,1,63.9,25584.0653,0.1021,,,,,
M_tridactyla,1,494, cls_3 ,1.1228,71.4424,20468.9047,1.5312,,,,,
M_tridactyla,1,503, cls_3 ,1,63.9,25583.2381,0.1021,,,,,
M_tridactyla,1,518, cls_3 ,1.078,71.4424,20469.8874,1.225,,,,,
M_tridactyla,1,519, cls_3 ,1.1596,159.75,4095.7627,2.8582,,,,,
M_tridactyla,1,529, cls_3 ,1,71.4424,638.9506,0.1021,,,,,
M_tridactyla,1,533, cls_3 ,1.022,63.9,25583.9202,1.0208,,,,,
M_tridactyla,1,536, cls_3 ,1.1704,71.4424,1056.842,23.4785,,,,,
M_tridactyla,1,544, cls_3 ,1.088,63.9,25585.4564,1.1229,,,,,
M_tridactyla,1,567, cls_3 ,1.1465,63.9,651.678,6.8394,,,,,
M_tridactyla,1,568, cls_3 ,1.1819,90.3682,382.6946,9.2893,,,,,
M_tridactyla,1,569, cls_3 ,1,63.9,159.5362,0.1021,,,,,
M_tridactyla,1,570, cls_3 ,1,63.9,157.0634,0.1021,,,,,
M_tridactyla,1,578, cls_3 ,1.1524,90.3682,386.4961,30.2158,,,,,
M_tridactyla,1,579, cls_3 ,1.1371,63.9,524.3026,7.8602,,,,,
M_tridactyla,1,581, cls_3 ,1.0909,71.4424,961.3456,0.2042,,,,,
M_tridactyla,1,589, cls_3 ,1.0358,63.9,25584.2055,0.3062,,,,,
M_tridactyla,1,591, cls_3 ,1.0971,63.9,962.2516,2.4499,,,,,
M_tridactyla,1,601, cls_3 ,1.2025,63.9,4083.6529,58.6961,,,,,
M_tridactyla,1,604, cls_3 ,1.0764,95.85,1425.3863,1.0208,,,,,
M_tridactyla,1,605, cls_3 ,1.063,71.4424,435.6435,0.9187,,,,,
M_tridactyla,1,610, cls_3 ,1.0631,101.0348,173.0128,0.7146,,,,,
M_tridactyla,1,612, cls_3 ,1.1197,63.9,296.6049,0.7146,,,,,
M_tridactyla,1,620, cls_3 ,1.0982,71.4424,11372.0615,1.225,,,,,
M_tridactyla,1,627, cls_3 ,1.0728,63.9,4100.0084,1.5312,,,,,
M_tridactyla,1,631, cls_3 ,1.1543,71.4424,20481.674,1.327,,,,,
M_tridactyla,1,636, cls_3 ,1.1099,63.9,20472.3659,1.9395,,,,,
M_tridactyla,1,639, cls_3 ,1.0741,101.0348,10234.7242,4.1853,,,,,
M_tridactyla,1,641, cls_3 ,1.0283,63.9,25585.6629,0.7146,,,,,
M_tridactyla,1,646, cls_3 ,1.1199,63.9,25585.5623,1.0208,,,,,
M_tridactyla,1,654, cls_3 ,1.0358,63.9,329.7163,0.3062,,,,,
M_tridactyla,1,656, cls_3 ,1.1574,63.9,5578.216,52.5713,,,,,
M_tridactyla,1,661, cls_3 ,1.105,63.9,457.1058,0.5104,,,,,
M_tridactyla,1,666, cls_3 ,1.0311,90.3682,12793.2874,1.5312,,,,,
M_tridactyla,1,671, cls_3 ,1.1597,63.9,25584.2052,2.6541,,,,,
M_tridactyla,1,672, cls_3 ,1.0338,63.9,25611.8906,0.9187,,,,,
M_tridactyla,1,675, cls_3 ,1.0872,339.6332,584.6689,12.5559,,,,,
M_tridactyla,1,678, cls_3 ,1.063,159.75,4094.7318,0.9187,,,,,
M_tridactyla,1,683, cls_3 ,1.1322,101.0348,10233.7071,2.6541,,,,,
M_tridactyla,1,714, cls_3 ,1.122,115.1974,672.8749,5.3082,,,,,
M_tridactyla,1,718, cls_3 ,1.0819,63.9,218.7923,0.6125,,,,,
M_tridactyla,1,720, cls_3 ,1.2051,63.9,25586.376,5.9207,,,,,
M_tridactyla,1,730, cls_3 ,1.1046,90.3682,12796.984,2.552,,,,,
M_tridactyla,1,731, cls_3 ,1.1451,101.0348,3226.2367,12.1475,,,,,
M_tridactyla,1,734, cls_3 ,1.1974,63.9,1893.4433,1822.0304,,,,,
M_tridactyla,1,737, cls_3 ,1.1519,101.0348,2090.8434,0.9187,,,,,
M_tridactyla,1,740, cls_3 ,1.0509,63.9,204.9133,1.0208,,,,,
M_tridactyla,1,741, cls_3 ,1.1727,90.3682,2516.0288,97.1804,,,,,
M_tridactyla,1,742, cls_3 ,1.0465,63.9,248.0757,0.6125,,,,,
M_tridactyla,1,758, cls_3 ,1.1947,71.4424,20470.4359,5.6144,,,,,
M_tridactyla,1,760, cls_3 ,1,63.9,25583.2897,0.1021,,,,,
M_tridactyla,1,790, cls_3 ,1.0467,71.4424,20468.5794,1.327,,,,,
M_tridactyla,1,791, cls_3 ,1.1035,90.3682,12802.8482,2.8582,,,,,
M_tridactyla,1,808, cls_3 ,1,71.4424,20471.6844,0.1021,,,,,
M_tridactyla,1,812, cls_3 ,1,142.8847,224.4324,0.1021,,,,,
M_tridactyla,1,813, cls_3 ,1.1369,71.4424,20469.0579,0.3062,,,,,
M_tridactyla,1,815, cls_3 ,1.1197,319.5,99.9182,0.7146,,,,,
M_tridactyla,1,818, cls_3 ,1.0358,63.9,393.2393,0.3062,,,,,
M_tridactyla,1,820, cls_3 ,1.0909,214.3271,293.0112,0.2042,,,,,
M_tridactyla,1,821, cls_3 ,1.0556,115.1974,1027.039,1.225,,,,,
M_tridactyla,1,823, cls_3 ,1.1554,63.9,2283.4811,1.6333,,,,,
M_tridactyla,1,825, cls_3 ,1.0769,186.2989,547.1951,0.8166,,,,,
M_tridactyla,1,827, cls_3 ,1.0647,63.9,20472.783,1.9395,,,,,
M_tridactyla,1,833, cls_3 ,1.105,71.4424,305.9716,0.5104,,,,,
M_tridactyla,1,837, cls_3 ,1.0688,63.9,1211.346,0.5104,,,,,
M_tridactyla,1,842, cls_3 ,1.0932,71.4424,573.6852,0.7146,,,,,
M_tridactyla,1,872, cls_3 ,1,131.7332,1417.58,0.1021,,,,,
M_tridactyla,1,877, cls_3 ,1,115.1974,1887.3117,0.1021,,,,,
M_tridactyla,1,903, cls_3 ,1.0689,63.9,4473.4981,1.327,,,,,
M_tridactyla,1,919, cls_3 ,1.059,159.75,372.3343,1.7354,,,,,
M_tridactyla,1,924, cls_3 ,1,63.9,25590.191,0.1021,,,,,
M_tridactyla,1,925, cls_3 ,1.1753,71.4424,20472.7376,9.9018,,,,,
M_tridactyla,1,929, cls_3 ,1.1744,63.9,397.5925,573.0785,,,,,
M_tridactyla,1,947, cls_3 ,1.125,63.9,1781.4695,16.0266,,,,,
M_tridactyla,1,951, cls_3 ,1.1301,63.9,25587.9205,2.2458,,,,,
M_tridactyla,1,956, cls_3 ,1,63.9,1396.4455,0.1021,,,,,
M_tridactyla,1,957, cls_3 ,1.0155,63.9,1395.0812,0.2042,,,,,
M_tridactyla,1,959, cls_3 ,1.0749,63.9,1426.1999,5.0019,,,,,
M_tridactyla,1,965, cls_3 ,1.1031,63.9,2660.0658,0.8166,,,,,
M_tridactyla,1,974, cls_3 ,1.1148,63.9,25741.1393,8.0643,,,,,
M_tridactyla,1,1030, cls_3 ,1.0909,191.7,303.8704,0.2042,,,,,
M_tridactyla,1,1031, cls_3 ,1.128,63.9,342.5577,10.7184,,,,,
M_tridactyla,1,1036, cls_3 ,1,63.9,25591.1363,0.1021,,,,,
M_tridactyla,1,1037, cls_3 ,1.0963,135.5524,5694.3019,2.7562,,,,,
M_tridactyla,1,1041, cls_3 ,1.1265,127.8,977.6259,0.8166,,,,,
M_tridactyla,1,1044, cls_3 ,1.2052,63.9,4623.0435,380.7593,,,,,
M_tridactyla,1,1047, cls_3 ,1.1413,71.4424,340.5754,3.3686,,,,,
M_tridactyla,1,1057, cls_3 ,1.1624,63.9,7898.7275,9.1872,,,,,
M_tridactyla,1,1059, cls_3 ,1.1519,63.9,639.9268,7.7581,,,,,
M_tridactyla,1,1060, cls_3 ,1.0937,63.9,332.4849,5.7165,,,,,
M_tridactyla,1,1063, cls_3 ,1,71.4424,3629.035,0.1021,,,,,
M_tridactyla,1,1065, cls_3 ,1.105,127.8,6402.0957,0.5104,,,,,
M_tridactyla,1,1069, cls_3 ,1,63.9,1474.5448,0.1021,,,,,
M_tridactyla,1,1074, cls_3 ,1.0819,63.9,484.8958,0.6125,,,,,
M_tridactyla,1,1075, cls_3 ,1.2257,63.9,202.1043,8.7789,,,,,
M_tridactyla,1,1081, cls_3 ,1.1642,71.4424,20473.1255,1.8374,,,,,
M_tridactyla,1,1084, cls_3 ,1.1332,71.4424,271.5811,21.641,,,,,
M_tridactyla,1,1089, cls_3 ,1.1597,162.9137,169.6135,2.6541,,,,,
M_tridactyla,1,1093, cls_3 ,1.0358,115.1974,478.2162,0.3062,,,,,
M_tridactyla,1,1095, cls_3 ,1.0358,71.4424,100.8016,0.3062,,,,,
M_tridactyla,1,1097, cls_3 ,1.1767,90.3682,166.733,6.6352,,,,,
M_tridactyla,1,1098, cls_3 ,1.0465,214.3271,352.8468,0.6125,,,,,
M_tridactyla,1,1099, cls_3 ,1.0909,90.3682,88.9196,0.2042,,,,,
M_tridactyla,1,1102, cls_3 ,1.0889,95.85,566.5005,0.9187,,,,,
M_tridactyla,1,1108, cls_3 ,1.1681,63.9,296.2542,6.6352,,,,,
M_tridactyla,1,1109, cls_3 ,1,115.1974,76.1029,0.1021,,,,,
M_tridactyla,1,1111, cls_3 ,1.207,63.9,209.8207,6.0227,,,,,
M_tridactyla,1,1112, cls_3 ,1.0473,115.1974,82.1399,0.8166,,,,,
M_tridactyla,1,1114, cls_3 ,1,71.4424,139.2228,0.1021,,,,,
M_tridactyla,1,1115, cls_3 ,1.089,71.4424,158.539,1.327,,,,,
M_tridactyla,1,1116, cls_3 ,1.1328,287.55,427.0081,0.9187,,,,,
M_tridactyla,1,1118, cls_3 ,1,101.0348,70.7554,0.1021,,,,,
M_tridactyla,1,1120, cls_3 ,1,243.324,164.5213,0.1021,,,,,
M_tridactyla,1,1123, cls_3 ,1.0604,214.3271,108.046,8.6768,,,,,
M_tridactyla,1,1131, cls_3 ,1.0471,63.9,948.6039,1.9395,,,,,
M_tridactyla,1,1134, cls_3 ,1.1434,101.0348,63.9677,0.7146,,,,,
M_tridactyla,1,1136, cls_3 ,1.0937,836.2115,25.5587,2.2458,,,,,
M_tridactyla,1,1137, cls_3 ,1.2173,95.85,427.6996,3.2666,,,,,
M_tridactyla,1,45, cls_2 ,1.1328,497.0254,0.0884,0.9187,,,,,
M_tridactyla,1,52, cls_2 ,1.0465,406.6571,0.2157,0.6125,,,,,
M_tridactyla,1,53, cls_2 ,1.1066,180.7365,0.1758,2.2458,,,,,
M_tridactyla,1,54, cls_2 ,1.0261,101.0348,3.1251,0.5104,,,,,
M_tridactyla,1,57, cls_2 ,1.1314,63.9,0.7748,3.1645,,,,,
M_tridactyla,1,58, cls_2 ,1.0155,180.7365,0.8066,0.2042,,,,,
M_tridactyla,1,61, cls_2 ,1,63.9,7.7993,0.1021,,,,,
M_tridactyla,1,64, cls_2 ,1,71.4424,0.7144,0.1021,,,,,
M_tridactyla,1,65, cls_2 ,1,71.4424,1.4193,0.1021,,,,,
M_tridactyla,1,70, cls_2 ,1.022,95.85,0.2653,1.0208,,,,,
M_tridactyla,1,76, cls_2 ,1.1609,131.7332,0.316,2.2458,,,,,
M_tridactyla,1,82, cls_2 ,1.0631,971.7213,0.075,0.7146,,,,,
M_tridactyla,1,83, cls_2 ,1,294.5644,0.4059,0.1021,,,,,
M_tridactyla,1,86, cls_2 ,1.1346,131.7332,1.3736,0.4083,,,,,
M_tridactyla,1,90, cls_2 ,1.1358,90.3682,6.598,1.7354,,,,,
M_tridactyla,1,92, cls_2 ,1,71.4424,2.0229,0.1021,,,,,
M_tridactyla,1,96, cls_2 ,1,71.4424,6.262,0.1021,,,,,
M_tridactyla,1,97, cls_2 ,1.0609,71.4424,0.3868,3.0624,,,,,
M_tridactyla,1,99, cls_2 ,1.1407,90.3682,2.3083,5.3082,,,,,
M_tridactyla,1,101, cls_2 ,1.0937,230.3947,0.3121,2.2458,,,,,
M_tridactyla,1,106, cls_2 ,1.1309,1745.8855,0.0281,1.4291,,,,,
M_tridactyla,1,107, cls_2 ,1.0975,225.9206,0.6573,0.4083,,,,,
M_tridactyla,1,118, cls_2 ,1.0819,204.5798,0.7608,0.6125,,,,,
M_tridactyla,1,122, cls_2 ,1.112,204.5798,0.4546,0.9187,,,,,
M_tridactyla,1,130, cls_2 ,1.0734,557.9828,0.291,3.0624,,,,,
M_tridactyla,1,136, cls_2 ,1.0155,314.671,0.303,0.2042,,,,,
M_tridactyla,1,138, cls_2 ,1.1125,230.3947,0.616,0.6125,,,,,
M_tridactyla,1,142, cls_2 ,1.1066,230.3947,0.1639,3.0624,,,,,
M_tridactyla,1,147, cls_2 ,1.0311,101.0348,0.3907,1.5312,,,,,
M_tridactyla,1,152, cls_2 ,1.1296,457.4544,0.1896,1.6333,,,,,
M_tridactyla,1,154, cls_2 ,1.0909,95.85,1.7302,0.2042,,,,,
M_tridactyla,1,156, cls_2 ,1,95.85,0.8532,0.1021,,,,,
M_tridactyla,1,175, cls_2 ,1.1519,63.9,0.4116,0.9187,,,,,
M_tridactyla,1,176, cls_2 ,1,63.9,2.4014,0.1021,,,,,
M_tridactyla,1,177, cls_2 ,1.0465,457.4544,0.1944,0.6125,,,,,
M_tridactyla,1,179, cls_2 ,1.0471,63.9,10.9624,1.9395,,,,,
M_tridactyla,1,181, cls_2 ,1.0155,202.0695,2.288,0.2042,,,,,
M_tridactyla,1,182, cls_2 ,1.1261,63.9,5.4473,3.879,,,,,
M_tridactyla,1,185, cls_2 ,1.1795,243.324,0.4367,7.2477,,,,,
M_tridactyla,1,187, cls_2 ,1.0734,159.75,2.0831,3.0624,,,,,
M_tridactyla,1,233, cls_2 ,1.0338,2631.9509,0.0319,0.9187,,,,,
M_tridactyla,1,252, cls_2 ,1.0819,4760.9788,0.0072,0.6125,,,,,
M_tridactyla,1,469, cls_2 ,1.0465,3702.4798,0.0111,0.6125,,,,,
M_tridactyla,1,549, cls_2 ,1.0819,90.3682,1.5305,0.6125,,,,,
M_tridactyla,1,556, cls_2 ,1.1265,63.9,2.7115,0.8166,,,,,
M_tridactyla,1,560, cls_2 ,1.0764,63.9,2.7546,1.0208,,,,,
M_tridactyla,1,685, cls_2 ,1.1154,2906.0453,0.0171,1.4291,,,,,
M_tridactyla,1,752, cls_2 ,1.0688,63.9,1.3175,0.5104,,,,,
M_tridactyla,1,762, cls_2 ,1.1362,63.9,1.3372,0.5104,,,,,
M_tridactyla,1,793, cls_2 ,1.0819,406.6571,0.1255,0.6125,,,,,
M_tridactyla,1,830, cls_2 ,1,420.2366,0.1974,0.1021,,,,,
M_tridactyla,1,849, cls_2 ,1.0819,272.9809,0.7402,0.6125,,,,,
M_tridactyla,1,870, cls_2 ,1.1346,71.4424,2.3858,5.0019,,,,,
M_tridactyla,1,892, cls_2 ,1.0402,71.4424,9.9608,1.1229,,,,,
M_tridactyla,1,895, cls_2 ,1.1154,487.6956,0.1063,1.4291,,,,,
M_tridactyla,1,906, cls_2 ,1.0769,274.8443,0.5911,0.8166,,,,,
M_tridactyla,1,922, cls_2 ,1.0509,487.6956,0.1483,1.0208,,,,,
M_tridactyla,1,945, cls_2 ,1.1167,583.0328,0.0443,1.225,,,,,
M_tridactyla,1,964, cls_2 ,1.1199,583.0328,0.0596,1.0208,,,,,
M_tridactyla,1,1001, cls_2 ,1.1388,798.75,0.033,1.0208,,,,,
M_tridactyla,1,1010, cls_2 ,1.0537,2683.8,0.0081,0.4083,,,,,
M_tridactyla,1,1066, cls_2 ,1.0047,1311.5076,0.0146,0.6125,,,,,
M_tridactyla,1,129, cls_5 ,1.0909,8040.0447,0.0399,0.2042,,,,,
M_tridactyla,1,413, cls_5 ,1.105,1879.6269,0.4073,0.5104,,,,,
M_tridactyla,1,435, cls_5 ,1.0465,1287.9457,0.0774,0.6125,,,,,
M_tridactyla,1,530, cls_5 ,1.2868,345.5921,1.0414,139.0333,,,,,
M_tridactyla,1,532, cls_5 ,1.0283,180.7365,0.2376,0.7146,,,,,
M_tridactyla,1,535, cls_5 ,1.0358,575.9868,4.2559,0.3062,,,,,
M_tridactyla,1,541, cls_5 ,1.0283,1287.9457,0.0942,0.7146,,,,,
M_tridactyla,1,543, cls_5 ,1,180.7365,0.4292,0.1021,,,,,
M_tridactyla,1,555, cls_5 ,1.0769,1859.973,0.2342,0.8166,,,,,
M_tridactyla,1,557, cls_5 ,1.0914,416.577,8.102,0.3062,,,,,
M_tridactyla,1,587, cls_5 ,1.1362,557.9828,2.7136,0.5104,,,,,
M_tridactyla,1,590, cls_5 ,1.063,1391.935,0.5467,0.9187,,,,,
M_tridactyla,1,616, cls_5 ,1.105,667.1356,1.0654,0.5104,,,,,
M_tridactyla,1,721, cls_5 ,1.0766,1859.973,0.5034,4.4915,,,,,
M_tridactyla,1,744, cls_5 ,1.0492,1178.6909,0.6868,2.2458,,,,,
M_tridactyla,1,759, cls_5 ,1.0465,345.5921,11.7592,0.6125,,,,,
M_tridactyla,1,795, cls_5 ,1.0338,685.9956,1.6643,0.9187,,,,,
M_tridactyla,1,817, cls_5 ,1.2128,63.9,1.8686,28.0721,,,,,
M_tridactyla,1,819, cls_5 ,1,204.5798,7.6109,0.1021,,,,,
M_tridactyla,1,826, cls_5 ,1,63.9,69.312,0.1021,,,,,
M_tridactyla,1,838, cls_5 ,1,101.0348,88.788,0.1021,,,,,
M_tridactyla,1,840, cls_5 ,1.0395,549.6886,5.0038,1.7354,,,,,
M_tridactyla,1,843, cls_5 ,1.2019,101.0348,3.2815,90.0348,,,,,
M_tridactyla,1,847, cls_5 ,1.0442,804.4804,1.957,3.1645,,,,,
M_tridactyla,1,873, cls_5 ,1.0764,71.4424,9.5502,1.0208,,,,,
M_tridactyla,1,874, cls_5 ,1.1619,71.4424,12.6008,4.5936,,,,,
M_tridactyla,1,881, cls_5 ,1.1409,204.5798,7.8338,2.0416,,,,,
M_tridactyla,1,886, cls_5 ,1.1472,90.3682,4.1052,17.6599,,,,,
M_tridactyla,1,888, cls_5 ,1,71.4424,30.8834,0.1021,,,,,
M_tridactyla,1,900, cls_5 ,1.1319,71.4424,1.1304,3.6749,,,,,
M_tridactyla,1,901, cls_5 ,1.0155,101.0348,17.7389,0.2042,,,,,
M_tridactyla,1,918, cls_5 ,1.1297,101.0348,17.2091,36.6468,,,,,
M_tridactyla,1,920, cls_5 ,1,71.4424,7.9667,0.1021,,,,,
M_tridactyla,1,921, cls_5 ,1.063,1193.7505,0.3917,0.9187,,,,,
M_tridactyla,1,923, cls_5 ,1.2055,426.2662,4.407,17.9661,,,,,
M_tridactyla,1,941, cls_5 ,1.1602,204.5798,2.1349,1.1229,,,,,
M_tridactyla,1,946, cls_5 ,1.1281,257.5891,3.2891,5.0019,,,,,
M_tridactyla,1,950, cls_5 ,1.1661,90.3682,18.7801,45.1195,,,,,
M_tridactyla,1,952, cls_5 ,1.1166,301.4157,1.3888,3.0624,,,,,
M_tridactyla,1,953, cls_5 ,1.0358,301.4157,1.7458,0.3062,,,,,
M_tridactyla,1,954, cls_5 ,1,204.5798,2.2316,0.1021,,,,,
M_tridactyla,1,973, cls_5 ,1.0358,451.8412,1.2985,0.3062,,,,,
M_tridactyla,1,975, cls_5 ,1.0358,415.35,7.0384,0.3062,,,,,
M_tridactyla,1,979, cls_5 ,1.1158,101.0348,52.12,9.2893,,,,,
M_tridactyla,1,981, cls_5 ,1.1696,101.0348,4.0889,82.0725,,,,,
M_tridactyla,1,995, cls_5 ,1.0914,101.0348,82.8669,0.3062,,,,,
M_tridactyla,1,1000, cls_5 ,1.0465,90.3682,60.4613,0.6125,,,,,
M_tridactyla,1,1004, cls_5 ,1.1562,415.35,7.1934,6.2269,,,,,
M_tridactyla,1,1015, cls_5 ,1.0604,159.75,3.168,2.3478,,,,,
M_tridactyla,1,1018, cls_5 ,1.2069,63.9,36.6419,22.7639,,,,,
M_tridactyla,1,1020, cls_5 ,1.1031,159.75,3.0262,0.8166,,,,,
M_tridactyla,1,1022, cls_5 ,1,63.9,58.1892,0.1021,,,,,
M_tridactyla,1,1024, cls_5 ,1,142.8847,1.6356,0.1021,,,,,
M_tridactyla,1,1025, cls_5 ,1,142.8847,1.8015,0.1021,,,,,
M_tridactyla,1,1027, cls_5 ,1.116,90.3682,7.7621,1.8374,,,,,
M_tridactyla,1,1028, cls_5 ,1.1557,257.5891,2.0263,22.2535,,,,,
M_tridactyla,1,1033, cls_5 ,1.1436,63.9,47.825,28.8887,,,,,
M_tridactyla,1,1034, cls_5 ,1.1433,71.4424,21.3566,25.418,,,,,
M_tridactyla,1,1035, cls_5 ,1.056,127.8,20.9034,2.4499,,,,,
M_tridactyla,1,1039, cls_5 ,1.0358,90.3682,10.1485,0.3062,,,,,
M_tridactyla,1,1040, cls_5 ,1.0465,257.5891,4.5676,0.6125,,,,,
M_tridactyla,1,1042, cls_5 ,1.1441,159.75,2.0972,11.433,,,,,
M_tridactyla,1,1045, cls_5 ,1.1688,474.9709,1.6749,27.7658,,,,,
M_tridactyla,1,1050, cls_5 ,1.135,186.2989,8.6649,8.7789,,,,,
M_tridactyla,1,1056, cls_5 ,1.1097,63.9,78.243,12.9642,,,,,
M_tridactyla,1,1058, cls_5 ,1,159.75,6.2603,0.4083,,,,,
M_tridactyla,1,1064, cls_5 ,1.1559,486.6479,2.4674,11.6371,,,,,
M_tridactyla,1,1071, cls_5 ,1.1042,223.65,4.1828,2.0416,,,,,
M_tridactyla,1,1080, cls_5 ,1.1241,159.75,2.3524,15.1079,,,,,
M_tridactyla,1,1082, cls_5 ,1.102,63.9,38.3726,1.8374,,,,,
M_tridactyla,1,1083, cls_5 ,1,71.4424,52.2745,0.1021,,,,,
M_tridactyla,1,1085, cls_5 ,1.0155,159.75,7.6592,0.2042,,,,,
M_tridactyla,1,1091, cls_5 ,1,71.4424,8.1878,0.1021,,,,,
M_tridactyla,1,1092, cls_5 ,1.0358,71.4424,11.2668,0.3062,,,,,
M_tridactyla,1,1100, cls_5 ,1,587.3936,2.1467,0.1021,,,,,
M_tridactyla,1,1101, cls_5 ,1.0992,225.9206,3.3851,39.9134,,,,,
M_tridactyla,1,1106, cls_5 ,1.1305,180.7365,1.5223,9.5955,,,,,
M_tridactyla,1,1107, cls_5 ,1,301.4157,2.9663,0.1021,,,,,
M_tridactyla,1,1113, cls_5 ,1.1238,232.5995,3.7862,3.6749,,,,,
M_tridactyla,1,1117, cls_5 ,1,614.5705,1.6891,0.1021,,,,,
M_tridactyla,1,1121, cls_5 ,1.0465,63.9,4.2492,0.6125,,,,,
M_tridactyla,1,1125, cls_5 ,1.0155,63.9,3.4527,0.2042,,,,,
M_tridactyla,1,1129, cls_5 ,1.1207,474.9709,2.4958,32.6657,,,,,
M_tridactyla,1,1133, cls_5 ,1.0555,818.3193,1.38,7.8602,,,,,
M_tridactyla,1,190, cls_6 ,1.0467,3589.9348,0.1498,1.327,,,,,
M_tridactyla,1,257, cls_6 ,1.0556,294.5644,0.8073,1.225,,,,,
M_tridactyla,1,265, cls_6 ,1.078,294.5644,1.0902,1.225,,,,,
M_tridactyla,1,292, cls_6 ,1.1063,159.75,3.3557,3.3686,,,,,
M_tridactyla,1,293, cls_6 ,1.059,71.4424,2.3644,1.7354,,,,,
M_tridactyla,1,313, cls_6 ,1.0543,63.9,41.7726,3.2666,,,,,
M_tridactyla,1,314, cls_6 ,1.0465,71.4424,4.8095,0.6125,,,,,
M_tridactyla,1,318, cls_6 ,1.172,63.9,19.99,15.9245,,,,,
M_tridactyla,1,325, cls_6 ,1.0492,357.2119,1.35,2.2458,,,,,
M_tridactyla,1,342, cls_6 ,1.109,180.7365,7.0563,2.4499,,,,,
M_tridactyla,1,343, cls_6 ,1.1334,115.1974,7.784,6.0227,,,,,
M_tridactyla,1,352, cls_6 ,1.0909,71.4424,32.7123,0.2042,,,,,
M_tridactyla,1,353, cls_6 ,1.0685,159.75,3.9103,6.329,,,,,
M_tridactyla,1,357, cls_6 ,1.0509,127.8,7.5593,1.0208,,,,,
M_tridactyla,1,361, cls_6 ,1.0796,63.9,10.503,5.2061,,,,,
M_tridactyla,1,371, cls_6 ,1.078,127.8,4.004,1.225,,,,,
M_tridactyla,1,372, cls_6 ,1.0689,63.9,19.2476,1.327,,,,,
M_tridactyla,1,376, cls_6 ,1.07,127.8,4.3469,3.1645,,,,,
M_tridactyla,1,383, cls_6 ,1.1536,71.4424,32.9242,4.1853,,,,,
M_tridactyla,1,412, cls_6 ,1.1518,172.056,2.9831,2.0416,,,,,
M_tridactyla,1,415, cls_6 ,1.0311,90.3682,2.5188,1.5312,,,,,
M_tridactyla,1,418, cls_6 ,1.0688,135.5524,3.6325,0.5104,,,,,
M_tridactyla,1,422, cls_6 ,1.0688,90.3682,3.8464,0.5104,,,,,
M_tridactyla,1,424, cls_6 ,1.0484,512.1975,1.3143,21.4369,,,,,
M_tridactyla,1,427, cls_6 ,1.0473,135.5524,4.6399,0.8166,,,,,
M_tridactyla,1,438, cls_6 ,1.0647,249.5375,0.7105,1.9395,,,,,
M_tridactyla,1,439, cls_6 ,1.1815,142.8847,4.8601,16.6391,,,,,
M_tridactyla,1,455, cls_6 ,1.0576,63.9,20.0554,3.5728,,,,,
M_tridactyla,1,461, cls_6 ,1.0395,249.5375,0.8131,1.7354,,,,,
M_tridactyla,1,462, cls_6 ,1.0897,287.55,3.0663,5.104,,,,,
M_tridactyla,1,476, cls_6 ,1.1096,63.9,15.1963,3.879,,,,,
M_tridactyla,1,485, cls_6 ,1.1125,159.75,2.0753,0.6125,,,,,
M_tridactyla,1,487, cls_6 ,1,71.4424,1.3162,0.1021,,,,,
M_tridactyla,1,492, cls_6 ,1,63.9,2.0665,0.1021,,,,,
M_tridactyla,1,496, cls_6 ,1.0606,194.3443,4.5879,1.4291,,,,,
M_tridactyla,1,497, cls_6 ,1.0638,512.1975,1.9329,8.3706,,,,,
M_tridactyla,1,499, cls_6 ,1.0887,159.75,1.3294,2.9603,,,,,
M_tridactyla,1,500, cls_6 ,1.0537,63.9,1.2743,0.4083,,,,,
M_tridactyla,1,520, cls_6 ,1.0606,319.5,3.0476,1.4291,,,,,
M_tridactyla,1,522, cls_6 ,1.0465,2467.6075,0.4414,0.6125,,,,,
M_tridactyla,1,540, cls_6 ,1.0402,415.35,3.116,1.1229,,,,,
M_tridactyla,1,551, cls_6 ,1.1745,63.9,14.7899,7.0435,,,,,
M_tridactyla,1,558, cls_6 ,1.1658,63.9,12.9818,7.656,,,,,
M_tridactyla,1,573, cls_6 ,1,272.9809,0.7711,0.1021,,,,,
M_tridactyla,1,580, cls_6 ,1,63.9,33.3052,0.1021,,,,,
M_tridactyla,1,582, cls_6 ,1.1153,63.9,25.8995,3.6749,,,,,
M_tridactyla,1,585, cls_6 ,1.088,127.8,2.271,1.1229,,,,,
M_tridactyla,1,586, cls_6 ,1,115.1974,1.3701,0.1021,,,,,
M_tridactyla,1,588, cls_6 ,1.0688,63.9,1.8433,0.5104,,,,,
M_tridactyla,1,592, cls_6 ,1,63.9,3.3148,0.1021,,,,,
M_tridactyla,1,593, cls_6 ,1.1299,135.5524,3.4585,284.0893,,,,,
M_tridactyla,1,594, cls_6 ,1.0853,339.6332,19.3819,9.7997,,,,,
M_tridactyla,1,595, cls_6 ,1.0914,71.4424,11.8796,0.3062,,,,,
M_tridactyla,1,607, cls_6 ,1,127.8,3.2119,0.1021,,,,,
M_tridactyla,1,617, cls_6 ,1.1177,191.7,28.8128,11.433,,,,,
M_tridactyla,1,619, cls_6 ,1.0962,172.056,2.0142,3.0624,,,,,
M_tridactyla,1,629, cls_6 ,1.0278,243.324,2.5441,1.9395,,,,,
M_tridactyla,1,633, cls_6 ,1,344.112,1.6999,0.4083,,,,,
M_tridactyla,1,634, cls_6 ,1.0604,127.8,2.4541,2.3478,,,,,
M_tridactyla,1,642, cls_6 ,1.0537,127.8,3.7793,0.4083,,,,,
M_tridactyla,1,643, cls_6 ,1.0689,127.8,3.3203,1.327,,,,,
M_tridactyla,1,657, cls_6 ,1.0706,301.4157,1.5632,1.8374,,,,,
M_tridactyla,1,660, cls_6 ,1.1284,172.056,4.3031,5.3082,,,,,
M_tridactyla,1,664, cls_6 ,1.096,949.9418,0.5184,1.9395,,,,,
M_tridactyla,1,665, cls_6 ,1.0261,172.056,5.6762,0.5104,,,,,
M_tridactyla,1,669, cls_6 ,1.1197,95.85,13.9611,0.7146,,,,,
M_tridactyla,1,670, cls_6 ,1.0631,172.056,10.4804,0.7146,,,,,
M_tridactyla,1,676, cls_6 ,1.109,71.4424,28.879,169.4532,,,,,
M_tridactyla,1,680, cls_6 ,1,101.0348,13.1998,0.1021,,,,,
M_tridactyla,1,682, cls_6 ,1.0411,95.85,8.4846,9.1872,,,,,
M_tridactyla,1,690, cls_6 ,1.0975,95.85,50.0448,6.329,,,,,
M_tridactyla,1,691, cls_6 ,1.1075,142.8847,9.1207,1.5312,,,,,
M_tridactyla,1,698, cls_6 ,1.0473,90.3682,8.0952,0.8166,,,,,
M_tridactyla,1,702, cls_6 ,1.1031,71.4424,6.8303,3.1645,,,,,
M_tridactyla,1,704, cls_6 ,1.0909,142.8847,7.1389,0.2042,,,,,
M_tridactyla,1,706, cls_6 ,1.1027,71.4424,89.336,4.4915,,,,,
M_tridactyla,1,708, cls_6 ,1.1676,135.5524,17.7027,11.0247,,,,,
M_tridactyla,1,711, cls_6 ,1.1576,63.9,23.9317,44.9153,,,,,
M_tridactyla,1,713, cls_6 ,1.0155,142.8847,8.7331,0.2042,,,,,
M_tridactyla,1,719, cls_6 ,1,71.4424,15.7287,0.1021,,,,,
M_tridactyla,1,725, cls_6 ,1.1197,71.4424,52.0236,0.7146,,,,,
M_tridactyla,1,727, cls_6 ,1.0465,63.9,10.6385,0.6125,,,,,
M_tridactyla,1,729, cls_6 ,1,63.9,12.1022,0.1021,,,,,
M_tridactyla,1,746, cls_6 ,1.1389,71.4424,252.502,11.6371,,,,,
M_tridactyla,1,748, cls_6 ,1.1057,63.9,317.419,10.3101,,,,,
M_tridactyla,1,754, cls_6 ,1.0982,135.5524,13.0603,1.225,,,,,
M_tridactyla,1,755, cls_6 ,1,95.85,50.249,0.1021,,,,,
M_tridactyla,1,757, cls_6 ,1.0909,135.5524,155.8379,0.2042,,,,,
M_tridactyla,1,767, cls_6 ,1.0402,90.3682,20.7888,1.1229,,,,,
M_tridactyla,1,768, cls_6 ,1.1457,71.4424,47.684,116.5756,,,,,
M_tridactyla,1,769, cls_6 ,1.0746,90.3682,99.1402,8.5747,,,,,
M_tridactyla,1,770, cls_6 ,1.056,63.9,7.904,2.4499,,,,,
M_tridactyla,1,772, cls_6 ,1,63.9,31.9976,0.1021,,,,,
M_tridactyla,1,773, cls_6 ,1.053,63.9,26.542,1.5312,,,,,
M_tridactyla,1,774, cls_6 ,1.0752,63.9,110.9621,2.3478,,,,,
M_tridactyla,1,776, cls_6 ,1.0509,63.9,10.5987,1.0208,,,,,
M_tridactyla,1,777, cls_6 ,1,357.2119,23.0122,0.1021,,,,,
M_tridactyla,1,781, cls_6 ,1.2271,63.9,63.4854,125.8649,,,,,
M_tridactyla,1,783, cls_6 ,1.0605,223.65,27.7349,3.4707,,,,,
M_tridactyla,1,796, cls_6 ,1.0529,202.0695,5.1162,1.8374,,,,,
M_tridactyla,1,807, cls_6 ,1.0556,115.1974,138.9113,1.225,,,,,
M_tridactyla,1,811, cls_6 ,1.0977,202.0695,1.5497,7.656,,,,,
M_tridactyla,1,834, cls_6 ,1.1589,63.9,310.2056,1.4291,,,,,
M_tridactyla,1,835, cls_6 ,1.1708,274.8443,6.182,4.6957,,,,,
M_tridactyla,1,836, cls_6 ,1.0465,709.4051,0.4272,0.6125,,,,,
M_tridactyla,1,839, cls_6 ,1,71.4424,234.0327,0.1021,,,,,
M_tridactyla,1,856, cls_6 ,1.1136,71.4424,332.5607,12.9642,,,,,
M_tridactyla,1,868, cls_6 ,1,274.8443,4.8156,0.1021,,,,,
M_tridactyla,1,907, cls_6 ,1.0975,700.7182,3.5075,0.4083,,,,,
M_tridactyla,1,915, cls_6 ,1.1214,223.65,1.2287,3.4707,,,,,
M_tridactyla,1,916, cls_6 ,1.0932,223.65,1.7103,0.7146,,,,,
M_tridactyla,1,986, cls_6 ,1.0975,1776.6039,0.4612,0.4083,,,,,
M_tridactyla,2,1, cls_1 ,1.1889,71.4424,136.6409,488.8623,,,,,
M_tridactyla,2,4, cls_1 ,1.0261,95.85,534.7341,0.5104,,,,,
M_tridactyla,2,5, cls_1 ,1.085,142.8847,22.9819,2.1437,,,,,
M_tridactyla,2,6, cls_1 ,1.0467,142.8847,13.2178,1.327,,,,,
M_tridactyla,2,7, cls_1 ,1.0537,162.9137,13.3349,0.4083,,,,,
M_tridactyla,2,8, cls_1 ,1.1226,339.6332,19.4063,1.7354,,,,,
M_tridactyla,2,10, cls_1 ,1.0703,95.85,50.2974,15.1079,,,,,
M_tridactyla,2,11, cls_1 ,1.0951,63.9,72.1207,38.8926,,,,,
M_tridactyla,2,13, cls_1 ,1.0995,95.85,37.4855,61.1461,,,,,
M_tridactyla,2,14, cls_1 ,1.1073,142.8847,8.3468,1.327,,,,,
M_tridactyla,2,16, cls_1 ,1.0556,142.8847,6.9509,1.225,,,,,
M_tridactyla,2,18, cls_1 ,1.0654,194.3443,6.5402,1.1229,,,,,
M_tridactyla,2,19, cls_1 ,1.1254,71.4424,18.9035,13.8829,,,,,
M_tridactyla,2,20, cls_1 ,1.0701,71.4424,35.7084,2.1437,,,,,
M_tridactyla,2,21, cls_1 ,1.0155,90.3682,604.4544,0.2042,,,,,
M_tridactyla,2,22, cls_1 ,1.083,71.4424,107.7398,3.4707,,,,,
M_tridactyla,2,23, cls_1 ,1.0741,225.9206,8.6851,4.1853,,,,,
M_tridactyla,2,24, cls_1 ,1.0706,71.4424,152.9602,1.8374,,,,,
M_tridactyla,2,25, cls_1 ,1.0706,115.1974,13.4668,2.4499,,,,,
M_tridactyla,2,28, cls_1 ,1.203,63.9,1122.3287,23.6826,,,,,
M_tridactyla,2,29, cls_1 ,1.1299,202.0695,48.5203,11.8413,,,,,
M_tridactyla,2,30, cls_1 ,1.1031,63.9,78.6774,0.8166,,,,,
M_tridactyla,2,31, cls_1 ,1.0734,63.9,27.6522,3.0624,,,,,
M_tridactyla,2,32, cls_1 ,1,63.9,63.6508,0.1021,,,,,
M_tridactyla,2,33, cls_1 ,1,63.9,54.215,0.1021,,,,,
M_tridactyla,2,36, cls_1 ,1,63.9,92.1929,0.4083,,,,,
M_tridactyla,2,38, cls_1 ,1.0739,63.9,22.2832,5.5123,,,,,
M_tridactyla,2,39, cls_1 ,1.1436,159.75,10.8624,4.5936,,,,,
M_tridactyla,2,42, cls_1 ,1.0631,95.85,56.1553,0.7146,,,,,
M_tridactyla,2,43, cls_1 ,1.0261,249.5375,81.5329,0.5104,,,,,
M_tridactyla,2,46, cls_1 ,1.116,115.1974,14.3613,1.8374,,,,,
M_tridactyla,2,47, cls_1 ,1.0338,191.7,71.8704,0.9187,,,,,
M_tridactyla,2,48, cls_1 ,1.0898,159.75,41.9196,14.0871,,,,,
M_tridactyla,2,49, cls_1 ,1.0943,71.4424,22.3506,3.777,,,,,
M_tridactyla,2,50, cls_1 ,1.1031,314.671,27.8777,0.8166,,,,,
M_tridactyla,2,51, cls_1 ,1.0155,71.4424,197.1605,0.2042,,,,,
M_tridactyla,2,52, cls_1 ,1.1376,63.9,38.2487,4.2874,,,,,
M_tridactyla,2,54, cls_1 ,1.1124,71.4424,592.2802,41.1383,,,,,
M_tridactyla,2,55, cls_1 ,1.0869,71.4424,29.1063,1.8374,,,,,
M_tridactyla,2,56, cls_1 ,1.0155,71.4424,603.6972,0.2042,,,,,
M_tridactyla,2,57, cls_1 ,1.2436,63.9,74.4854,239.5823,,,,,
M_tridactyla,2,59, cls_1 ,1.052,131.7332,15.8318,3.777,,,,,
M_tridactyla,2,60, cls_1 ,1.0131,71.4424,23.4315,0.8166,,,,,
M_tridactyla,2,61, cls_1 ,1.0819,115.1974,36.557,0.6125,,,,,
M_tridactyla,2,62, cls_1 ,1.1477,274.8443,27.3322,0.8166,,,,,
M_tridactyla,2,63, cls_1 ,1.2487,63.9,241.9009,238.9699,,,,,
M_tridactyla,2,64, cls_1 ,1.1192,90.3682,34.6547,10.3101,,,,,
M_tridactyla,2,65, cls_1 ,1.1265,71.4424,109.8754,0.8166,,,,,
M_tridactyla,2,66, cls_1 ,1.0261,131.7332,17.9185,0.5104,,,,,
M_tridactyla,2,67, cls_1 ,1.1208,71.4424,478.0032,31.1345,,,,,
M_tridactyla,2,68, cls_1 ,1.1125,95.85,20.6717,0.6125,,,,,
M_tridactyla,2,70, cls_1 ,1.1808,63.9,285.4679,23.5805,,,,,
M_tridactyla,2,72, cls_1 ,1.0537,71.4424,57.3091,0.4083,,,,,
M_tridactyla,2,73, cls_1 ,1.0492,63.9,72.4455,2.2458,,,,,
M_tridactyla,2,74, cls_1 ,1.0752,63.9,276.409,2.3478,,,,,
M_tridactyla,2,78, cls_1 ,1.1167,159.75,81.5362,1.225,,,,,
M_tridactyla,2,79, cls_1 ,1.1915,180.7365,11.9105,1.7354,,,,,
M_tridactyla,2,81, cls_1 ,1,71.4424,473.1421,0.1021,,,,,
M_tridactyla,2,82, cls_1 ,1.0358,71.4424,962.4988,0.3062,,,,,
M_tridactyla,2,86, cls_1 ,1.1599,115.1974,18.4959,1.7354,,,,,
M_tridactyla,2,87, cls_1 ,1.1042,115.1974,15.1295,2.0416,,,,,
M_tridactyla,2,88, cls_1 ,1.0718,71.4424,474.885,2.7562,,,,,
M_tridactyla,2,90, cls_1 ,1.112,71.4424,160.5287,0.9187,,,,,
M_tridactyla,2,91, cls_1 ,1,214.3271,33.5486,0.1021,,,,,
M_tridactyla,2,92, cls_1 ,1.0876,63.9,26.1838,21.7431,,,,,
M_tridactyla,2,93, cls_1 ,1.1429,71.4424,86.3083,1.6333,,,,,
M_tridactyla,2,94, cls_1 ,1.1387,115.1974,25.6042,5.104,,,,,
M_tridactyla,2,95, cls_1 ,1.0358,71.4424,130.6144,0.3062,,,,,
M_tridactyla,2,96, cls_1 ,1.1239,180.7365,29.4789,2.1437,,,,,
M_tridactyla,2,97, cls_1 ,1.0988,71.4424,987.1021,2.1437,,,,,
M_tridactyla,2,98, cls_1 ,1.1829,127.8,304.2176,30.6241,,,,,
M_tridactyla,2,99, cls_1 ,1.1231,71.4424,129.6907,51.5505,,,,,
M_tridactyla,2,101, cls_1 ,1.1031,115.1974,43.2412,0.8166,,,,,
M_tridactyla,2,102, cls_1 ,1.0556,115.1974,184.9098,1.225,,,,,
M_tridactyla,2,104, cls_1 ,1.0688,115.1974,14.3712,0.5104,,,,,
M_tridactyla,2,105, cls_1 ,1.07,159.75,13.1181,3.1645,,,,,
M_tridactyla,2,106, cls_1 ,1.0358,63.9,589.7644,0.3062,,,,,
M_tridactyla,2,108, cls_1 ,1.0688,115.1974,42.9842,0.5104,,,,,
M_tridactyla,2,109, cls_1 ,1.1409,101.0348,19.1973,2.0416,,,,,
M_tridactyla,2,113, cls_1 ,1.1867,127.8,121.975,61.8606,,,,,
M_tridactyla,2,114, cls_1 ,1.0261,135.5524,146.8945,0.5104,,,,,
M_tridactyla,2,116, cls_1 ,1.1031,101.0348,21.279,0.8166,,,,,
M_tridactyla,2,117, cls_1 ,1.1482,63.9,63.6537,3.1645,,,,,
M_tridactyla,2,118, cls_1 ,1.1453,90.3682,302.53,4.7978,,,,,
M_tridactyla,2,120, cls_1 ,1.1114,95.85,70.7671,5.5123,,,,,
M_tridactyla,2,121, cls_1 ,1.0863,63.9,46.559,9.6976,,,,,
M_tridactyla,2,122, cls_1 ,1.0654,101.0348,10.6336,1.1229,,,,,
M_tridactyla,2,123, cls_1 ,1.0792,115.1974,158.1974,3.9811,,,,,
M_tridactyla,2,125, cls_1 ,1.1075,202.0695,32.2132,2.7562,,,,,
M_tridactyla,2,127, cls_1 ,1.1125,142.8847,14.1291,0.6125,,,,,
M_tridactyla,2,128, cls_1 ,1.0155,159.75,21.2145,0.2042,,,,,
M_tridactyla,2,129, cls_1 ,1.1085,101.0348,10.9513,1.1229,,,,,
M_tridactyla,2,130, cls_1 ,1.0718,63.9,51.6533,2.7562,,,,,
M_tridactyla,2,131, cls_1 ,1.1523,63.9,194.1491,44.9153,,,,,
M_tridactyla,2,133, cls_1 ,1.0631,90.3682,14.3319,0.7146,,,,,
M_tridactyla,2,134, cls_1 ,1.0631,159.75,16.6437,0.7146,,,,,
M_tridactyla,2,135, cls_1 ,1.0047,486.6479,16.323,0.6125,,,,,
M_tridactyla,2,136, cls_1 ,1.1296,71.4424,17.6417,8.4727,,,,,
M_tridactyla,2,137, cls_1 ,1.0819,63.9,600.8178,0.6125,,,,,
M_tridactyla,2,139, cls_1 ,1.0909,71.4424,11.1602,0.2042,,,,,
M_tridactyla,2,140, cls_1 ,1.1323,101.0348,26.8526,71.3541,,,,,
M_tridactyla,2,141, cls_1 ,1.0688,384.7289,17.7432,0.5104,,,,,
M_tridactyla,2,142, cls_1 ,1.1008,90.3682,66.691,3.879,,,,,
M_tridactyla,2,144, cls_1 ,1.1028,159.75,31.7555,8.1664,,,,,
M_tridactyla,2,146, cls_1 ,1.0982,131.7332,53.3138,1.225,,,,,
M_tridactyla,2,147, cls_1 ,1.0261,71.4424,34.4215,0.5104,,,,,
M_tridactyla,2,148, cls_1 ,1.0819,71.4424,10.1071,0.6125,,,,,
M_tridactyla,2,151, cls_1 ,1.1149,351.45,13.4332,17.864,,,,,
M_tridactyla,2,152, cls_1 ,1.0805,159.75,31.9429,1.4291,,,,,
M_tridactyla,2,153, cls_1 ,1.0599,71.4424,10.4661,13.6788,,,,,
M_tridactyla,2,154, cls_1 ,1.0509,63.9,14.8421,1.0208,,,,,
M_tridactyla,2,156, cls_1 ,1.0155,63.9,15.371,0.2042,,,,,
M_tridactyla,2,157, cls_1 ,1.1022,95.85,40.1363,7.7581,,,,,
M_tridactyla,2,158, cls_1 ,1.0631,90.3682,307.3752,0.7146,,,,,
M_tridactyla,2,159, cls_1 ,1.0631,95.85,12.1757,0.7146,,,,,
M_tridactyla,2,160, cls_1 ,1.1449,90.3682,43.2438,28.4804,,,,,
M_tridactyla,2,161, cls_1 ,1.0358,63.9,13.9097,0.3062,,,,,
M_tridactyla,2,163, cls_1 ,1.0744,71.4424,56.7365,4.5936,,,,,
M_tridactyla,2,164, cls_1 ,1,180.7365,43.7611,0.1021,,,,,
M_tridactyla,2,165, cls_1 ,1.0687,131.7332,26.6682,6.8394,,,,,
M_tridactyla,2,166, cls_1 ,1.1085,127.8,8.638,1.1229,,,,,
M_tridactyla,2,168, cls_1 ,1.0716,95.85,81.6941,3.879,,,,,
M_tridactyla,2,169, cls_1 ,1.123,71.4424,560.3711,1.9395,,,,,
M_tridactyla,2,170, cls_1 ,1.1369,243.324,9.5363,0.3062,,,,,
M_tridactyla,2,171, cls_1 ,1.1349,135.5524,44.3233,3.5728,,,,,
M_tridactyla,2,172, cls_1 ,1.0688,115.1974,16.1308,0.5104,,,,,
M_tridactyla,2,173, cls_1 ,1.1073,63.9,9.5184,1.327,,,,,
M_tridactyla,2,174, cls_1 ,1.1154,90.3682,307.1724,1.4291,,,,,
M_tridactyla,2,175, cls_1 ,1.1936,101.0348,31.6765,19.1911,,,,,
M_tridactyla,2,176, cls_1 ,1,101.0348,39.3169,0.1021,,,,,
M_tridactyla,2,178, cls_1 ,1.1202,71.4424,224.1707,2.9603,,,,,
M_tridactyla,2,179, cls_1 ,1.1265,63.9,595.6634,0.8166,,,,,
M_tridactyla,2,180, cls_1 ,1.0473,90.3682,28.3767,0.8166,,,,,
M_tridactyla,2,181, cls_1 ,1.0932,71.4424,96.091,0.7146,,,,,
M_tridactyla,2,182, cls_1 ,1.0358,71.4424,25.2284,0.3062,,,,,
M_tridactyla,2,183, cls_1 ,1.0728,63.9,18.5063,1.5312,,,,,
M_tridactyla,2,184, cls_1 ,1.0631,186.2989,8.1724,0.7146,,,,,
M_tridactyla,2,185, cls_1 ,1,63.9,11.1717,0.1021,,,,,
M_tridactyla,2,186, cls_1 ,1.0338,131.7332,57.656,0.9187,,,,,
M_tridactyla,2,187, cls_1 ,1.0805,115.1974,20.4293,1.4291,,,,,
M_tridactyla,2,188, cls_1 ,1.1125,274.8443,7.9058,0.6125,,,,,
M_tridactyla,2,189, cls_1 ,1,63.9,11.201,0.1021,,,,,
M_tridactyla,2,190, cls_1 ,1.0537,63.9,11.428,0.4083,,,,,
M_tridactyla,2,191, cls_1 ,1.0932,71.4424,167.9514,0.7146,,,,,
M_tridactyla,2,192, cls_1 ,1.0769,115.1974,74.2187,0.8166,,,,,
M_tridactyla,2,193, cls_1 ,1.1265,71.4424,30.2092,0.8166,,,,,
M_tridactyla,2,194, cls_1 ,1.0402,285.7695,10.4323,1.1229,,,,,
M_tridactyla,2,197, cls_1 ,1.0706,294.5644,8.1178,1.8374,,,,,
M_tridactyla,2,198, cls_1 ,1.1031,101.0348,297.5163,0.8166,,,,,
M_tridactyla,2,199, cls_1 ,1.2174,71.4424,380.4616,70.4354,,,,,
M_tridactyla,2,202, cls_1 ,1.112,63.9,11.4543,0.9187,,,,,
M_tridactyla,2,203, cls_1 ,1,90.3682,54.9438,0.1021,,,,,
M_tridactyla,2,204, cls_1 ,1.0932,63.9,21.4562,38.7905,,,,,
M_tridactyla,2,206, cls_1 ,1,186.2989,7.4572,0.1021,,,,,
M_tridactyla,2,208, cls_1 ,1.1731,135.5524,41.236,11.433,,,,,
M_tridactyla,2,209, cls_1 ,1.063,274.8443,7.2624,0.9187,,,,,
M_tridactyla,2,210, cls_1 ,1.0932,71.4424,62.4692,0.7146,,,,,
M_tridactyla,2,211, cls_1 ,1.0701,63.9,28.5371,6.2269,,,,,
M_tridactyla,2,212, cls_1 ,1.1031,71.4424,13.9105,0.8166,,,,,
M_tridactyla,2,213, cls_1 ,1.0622,214.3271,62.3274,2.6541,,,,,
M_tridactyla,2,214, cls_1 ,1.0465,71.4424,15.8383,0.6125,,,,,
M_tridactyla,2,215, cls_1 ,1.0537,63.9,54.7885,0.4083,,,,,
M_tridactyla,2,216, cls_1 ,1.1559,63.9,156.305,10.5143,,,,,
M_tridactyla,2,217, cls_1 ,1.078,63.9,103.4389,1.225,,,,,
M_tridactyla,2,219, cls_1 ,1.0884,71.4424,46.6483,2.6541,,,,,
M_tridactyla,2,220, cls_1 ,1.1679,159.75,7.9766,1.327,,,,,
M_tridactyla,2,223, cls_1 ,1.0583,90.3682,212.7229,2.7562,,,,,
M_tridactyla,2,224, cls_1 ,1.1252,95.85,47.0088,21.1306,,,,,
M_tridactyla,2,225, cls_1 ,1.1272,63.9,35.2226,8.6768,,,,,
M_tridactyla,2,227, cls_1 ,1.156,142.8847,107.8178,4.5936,,,,,
M_tridactyla,2,228, cls_1 ,1.0311,142.8847,101.9778,1.5312,,,,,
M_tridactyla,2,229, cls_1 ,1.2417,63.9,79.2986,159.9598,,,,,
M_tridactyla,2,230, cls_1 ,1.1299,63.9,25.2175,6.2269,,,,,
M_tridactyla,2,231, cls_1 ,1.0473,63.9,125.3203,0.8166,,,,,
M_tridactyla,2,232, cls_1 ,1.0889,101.0348,98.5838,0.9187,,,,,
M_tridactyla,2,234, cls_1 ,1.0764,142.8847,28.4335,1.0208,,,,,
M_tridactyla,2,235, cls_1 ,1.0932,257.5891,7.332,0.7146,,,,,
M_tridactyla,2,236, cls_1 ,1.046,115.1974,60.9731,1.6333,,,,,
M_tridactyla,2,238, cls_1 ,1.0473,71.4424,44.4631,0.8166,,,,,
M_tridactyla,2,239, cls_1 ,1.0417,90.3682,33.7969,2.0416,,,,,
M_tridactyla,2,240, cls_1 ,1.116,71.4424,32.3319,4.5936,,,,,
M_tridactyla,2,241, cls_1 ,1.0688,186.2989,8.534,0.5104,,,,,
M_tridactyla,2,242, cls_1 ,1.0261,131.7332,8.9609,0.5104,,,,,
M_tridactyla,2,243, cls_1 ,1.1126,90.3682,39.0285,4.0832,,,,,
M_tridactyla,2,244, cls_1 ,1.1637,71.4424,10.2098,0.6125,,,,,
M_tridactyla,2,246, cls_1 ,1.0789,63.9,422.972,24.9076,,,,,
M_tridactyla,2,247, cls_1 ,1,63.9,9.2471,0.1021,,,,,
M_tridactyla,2,248, cls_1 ,1.1328,172.056,20.2668,0.9187,,,,,
M_tridactyla,2,249, cls_1 ,1.093,71.4424,562.0371,4.1853,,,,,
M_tridactyla,2,250, cls_1 ,1.0631,127.8,167.652,0.7146,,,,,
M_tridactyla,2,251, cls_1 ,1.063,769.4579,135.9559,0.9187,,,,,
M_tridactyla,2,252, cls_1 ,1.0688,63.9,9.2919,0.5104,,,,,
M_tridactyla,2,254, cls_1 ,1.0654,71.4424,9.8717,1.1229,,,,,
M_tridactyla,2,255, cls_1 ,1.1292,95.85,45.527,11.0247,,,,,
M_tridactyla,2,256, cls_1 ,1.112,249.5375,33.0958,0.9187,,,,,
M_tridactyla,2,257, cls_1 ,1.1031,90.3682,8.2549,0.8166,,,,,
M_tridactyla,2,258, cls_1 ,1.0386,180.7365,20.1638,1.4291,,,,,
M_tridactyla,2,259, cls_1 ,1.0606,90.3682,8.325,1.4291,,,,,
M_tridactyla,2,261, cls_1 ,1.0261,63.9,410.1654,0.5104,,,,,
M_tridactyla,2,262, cls_1 ,1.1828,63.9,81.0271,11.6371,,,,,
M_tridactyla,2,263, cls_1 ,1.0261,319.5,10.6733,0.5104,,,,,
M_tridactyla,2,265, cls_1 ,1.0932,172.056,17.4554,0.7146,,,,,
M_tridactyla,2,266, cls_1 ,1.0465,71.4424,9.2171,0.6125,,,,,
M_tridactyla,2,267, cls_1 ,1.105,314.671,6.9397,0.5104,,,,,
M_tridactyla,2,268, cls_1 ,1.0395,90.3682,67.3012,1.7354,,,,,
M_tridactyla,2,269, cls_1 ,1.0819,131.7332,63.4269,0.6125,,,,,
M_tridactyla,2,270, cls_1 ,1.0909,71.4424,37.6209,0.2042,,,,,
M_tridactyla,2,271, cls_1 ,1.063,357.2119,11.4555,0.9187,,,,,
M_tridactyla,2,272, cls_1 ,1.0386,63.9,31.4788,1.4291,,,,,
M_tridactyla,2,273, cls_1 ,1.1528,63.9,12.7435,6.7373,,,,,
M_tridactyla,2,274, cls_1 ,1.0155,95.85,31.8053,0.2042,,,,,
M_tridactyla,2,275, cls_1 ,1.1544,63.9,108.5866,158.1223,,,,,
M_tridactyla,2,276, cls_1 ,1.0631,71.4424,21.7683,0.7146,,,,,
M_tridactyla,2,277, cls_1 ,1.1443,131.7332,10.8826,1.1229,,,,,
M_tridactyla,2,278, cls_1 ,1.1725,90.3682,44.9345,27.6637,,,,,
M_tridactyla,2,279, cls_1 ,1.1372,71.4424,178.9856,13.1684,,,,,
M_tridactyla,2,280, cls_1 ,1.1617,115.1974,69.2955,10.6163,,,,,
M_tridactyla,2,281, cls_1 ,1.1031,71.4424,8.6885,0.8166,,,,,
M_tridactyla,2,283, cls_1 ,1.0485,95.85,271.9178,10.6163,,,,,
M_tridactyla,2,284, cls_1 ,1.0914,232.5995,12.0998,0.3062,,,,,
M_tridactyla,2,285, cls_1 ,1.0473,243.324,22.4529,0.8166,,,,,
M_tridactyla,2,287, cls_1 ,1.0606,90.3682,46.4028,1.4291,,,,,
M_tridactyla,2,289, cls_1 ,1.1004,90.3682,24.1202,12.5559,,,,,
M_tridactyla,2,290, cls_1 ,1.1434,71.4424,21.2218,0.7146,,,,,
M_tridactyla,2,291, cls_1 ,1.0492,127.8,15.5359,2.2458,,,,,
M_tridactyla,2,296, cls_1 ,1.0465,63.9,52.3545,0.6125,,,,,
M_tridactyla,2,298, cls_1 ,1.1271,71.4424,28.2377,1.1229,,,,,
M_tridactyla,2,300, cls_1 ,1.1063,95.85,26.6531,3.3686,,,,,
M_tridactyla,2,303, cls_1 ,1.0914,131.7332,120.5834,0.3062,,,,,
M_tridactyla,2,304, cls_1 ,1.1717,223.65,50.9215,2.7562,,,,,
M_tridactyla,2,305, cls_1 ,1.078,115.1974,32.7858,1.225,,,,,
M_tridactyla,2,306, cls_1 ,1.0631,71.4424,22.4917,0.7146,,,,,
M_tridactyla,2,307, cls_1 ,1.1046,90.3682,15.7887,2.552,,,,,
M_tridactyla,2,310, cls_1 ,1.0771,285.7695,10.7424,3.6749,,,,,
M_tridactyla,2,312, cls_1 ,1.0543,131.7332,293.7304,3.2666,,,,,
M_tridactyla,2,315, cls_1 ,1.078,115.1974,88.1999,1.225,,,,,
M_tridactyla,2,316, cls_1 ,1.1528,71.4424,74.3095,36.7489,,,,,
M_tridactyla,2,317, cls_1 ,1.0651,71.4424,321.3863,2.2458,,,,,
M_tridactyla,2,318, cls_1 ,1.1155,63.9,27.9316,20.2119,,,,,
M_tridactyla,2,319, cls_1 ,1.0465,230.3947,7.3497,0.6125,,,,,
M_tridactyla,2,320, cls_1 ,1.0688,63.9,23.8673,0.5104,,,,,
M_tridactyla,2,321, cls_1 ,1.1431,71.4424,35.3178,4.8999,,,,,
M_tridactyla,2,323, cls_1 ,1.0914,63.9,22173.4835,0.3062,,,,,
M_tridactyla,2,324, cls_1 ,1.0975,71.4424,65.8074,0.4083,,,,,
M_tridactyla,2,325, cls_1 ,1.0358,159.75,12.8725,0.3062,,,,,
M_tridactyla,2,326, cls_1 ,1.0616,63.9,57.7691,4.2874,,,,,
M_tridactyla,2,327, cls_1 ,1.0769,204.5798,7.3037,1.7354,,,,,
M_tridactyla,2,328, cls_1 ,1.0359,71.4424,157.2955,2.552,,,,,
M_tridactyla,2,329, cls_1 ,1.0631,90.3682,100.4163,0.7146,,,,,
M_tridactyla,2,330, cls_1 ,1.3342,63.9,1511.8016,9053.2932,,,,,
M_tridactyla,2,331, cls_1 ,1.1387,159.75,21.3768,22.0493,,,,,
M_tridactyla,2,332, cls_1 ,1.0261,95.85,16.9318,0.5104,,,,,
M_tridactyla,2,334, cls_1 ,1.0606,115.1974,70.3242,1.4291,,,,,
M_tridactyla,2,335, cls_1 ,1.0283,159.75,9.5846,0.7146,,,,,
M_tridactyla,2,336, cls_1 ,1.1075,63.9,22.3814,2.7562,,,,,
M_tridactyla,2,337, cls_1 ,1.0155,71.4424,62.0404,0.2042,,,,,
M_tridactyla,2,338, cls_1 ,1.0973,71.4424,1977.6707,29.7054,,,,,
M_tridactyla,2,339, cls_1 ,1.0769,90.3682,31.4491,0.8166,,,,,
M_tridactyla,2,340, cls_1 ,1.128,214.3271,10.3613,4.3895,,,,,
M_tridactyla,2,341, cls_1 ,1.1511,71.4424,32.7477,9.1872,,,,,
M_tridactyla,2,342, cls_1 ,1.0155,159.75,18.4633,0.2042,,,,,
M_tridactyla,2,343, cls_1 ,1.126,101.0348,12.1065,3.0624,,,,,
M_tridactyla,2,344, cls_1 ,1.1395,90.3682,73.4892,0.6125,,,,,
M_tridactyla,2,345, cls_1 ,1.0631,172.056,25.5321,0.7146,,,,,
M_tridactyla,2,346, cls_1 ,1.0772,63.9,74.4761,14.6996,,,,,
M_tridactyla,2,347, cls_1 ,1.0811,71.4424,80.3871,24.2951,,,,,
M_tridactyla,2,348, cls_1 ,1,204.5798,7.347,0.1021,,,,,
M_tridactyla,2,349, cls_1 ,1.0975,63.9,10.1463,0.4083,,,,,
M_tridactyla,2,350, cls_1 ,1.1914,63.9,57.5067,31.9511,,,,,
M_tridactyla,2,351, cls_1 ,1.0819,101.0348,13.8021,0.6125,,,,,
M_tridactyla,2,352, cls_1 ,1.199,63.9,34.7994,2.9603,,,,,
M_tridactyla,2,353, cls_1 ,1.116,63.9,23.0055,1.8374,,,,,
M_tridactyla,2,355, cls_1 ,1.1031,63.9,9.5822,0.8166,,,,,
M_tridactyla,2,356, cls_1 ,1.1125,115.1974,51.7295,0.6125,,,,,
M_tridactyla,2,357, cls_1 ,1.0982,71.4424,203.2306,1.225,,,,,
M_tridactyla,2,358, cls_1 ,1.1696,230.3947,10.4442,21.8452,,,,,
M_tridactyla,2,359, cls_1 ,1.0972,249.5375,24.5699,3.6749,,,,,
M_tridactyla,2,360, cls_1 ,1.088,95.85,145.7652,1.1229,,,,,
M_tridactyla,2,361, cls_1 ,1.0358,71.4424,32.4353,0.3062,,,,,
M_tridactyla,2,362, cls_1 ,1.1187,115.1974,151.5195,2.2458,,,,,
M_tridactyla,2,365, cls_1 ,1.219,63.9,27.7419,10.5143,,,,,
M_tridactyla,2,366, cls_1 ,1.0155,71.4424,44.1562,0.2042,,,,,
M_tridactyla,2,367, cls_1 ,1.0358,63.9,14.6823,0.3062,,,,,
M_tridactyla,2,368, cls_1 ,1.0386,63.9,49.5184,1.4291,,,,,
M_tridactyla,2,369, cls_1 ,1.089,63.9,11.7051,1.327,,,,,
M_tridactyla,2,370, cls_1 ,1.1989,71.4424,53.1745,117.1881,,,,,
M_tridactyla,2,371, cls_1 ,1.0766,159.75,48.8436,4.0832,,,,,
M_tridactyla,2,372, cls_1 ,1.1353,249.5375,18.1677,1.9395,,,,,
M_tridactyla,2,373, cls_1 ,1.0631,63.9,21.5782,0.7146,,,,,
M_tridactyla,2,374, cls_1 ,1.1435,71.4424,31.1731,7.0435,,,,,
M_tridactyla,2,375, cls_1 ,1.0283,223.65,10.8505,0.7146,,,,,
M_tridactyla,2,376, cls_1 ,1.1564,95.85,83.5602,8.0643,,,,,
M_tridactyla,2,377, cls_1 ,1.1807,71.4424,99.7186,1.327,,,,,
M_tridactyla,2,380, cls_1 ,1.1732,71.4424,30.8928,5.3082,,,,,
M_tridactyla,2,381, cls_1 ,1.1736,63.9,55.4063,36.5447,,,,,
M_tridactyla,2,382, cls_1 ,1.0358,71.4424,14.9844,0.3062,,,,,
M_tridactyla,2,383, cls_1 ,1.0604,289.3196,9.474,2.3478,,,,,
M_tridactyla,2,385, cls_1 ,1.0836,63.9,25.5815,1.6333,,,,,
M_tridactyla,2,386, cls_1 ,1.1982,159.75,17.9214,2.3478,,,,,
M_tridactyla,2,388, cls_1 ,1,63.9,105.26,0.1021,,,,,
M_tridactyla,2,389, cls_1 ,1.1309,115.1974,11.1548,1.4291,,,,,
M_tridactyla,2,393, cls_1 ,1.0335,95.85,14.3576,1.8374,,,,,
M_tridactyla,2,394, cls_1 ,1.063,223.65,80.7046,0.9187,,,,,
M_tridactyla,2,395, cls_1 ,1.0993,159.75,14.0575,1.0208,,,,,
M_tridactyla,2,396, cls_1 ,1.0993,314.671,9.0608,1.0208,,,,,
M_tridactyla,2,398, cls_1 ,1.1043,63.9,61.8085,4.0832,,,,,
M_tridactyla,2,399, cls_1 ,1.0769,457.4544,140.6955,0.8166,,,,,
M_tridactyla,2,402, cls_1 ,1.046,159.75,9.8287,1.6333,,,,,
M_tridactyla,2,403, cls_1 ,1.0932,90.3682,10.7066,0.7146,,,,,
M_tridactyla,2,404, cls_1 ,1.0473,95.85,13.8602,0.8166,,,,,
M_tridactyla,2,406, cls_1 ,1,95.85,9.2912,0.1021,,,,,
M_tridactyla,2,407, cls_1 ,1.1565,71.4424,250.2924,2.1437,,,,,
M_tridactyla,2,408, cls_1 ,1.0537,71.4424,239.6231,0.4083,,,,,
M_tridactyla,2,409, cls_1 ,1.1198,90.3682,34.1741,20.5181,,,,,
M_tridactyla,2,410, cls_1 ,1.0721,191.7,8.1671,3.4707,,,,,
M_tridactyla,2,411, cls_1 ,1.1088,63.9,95.424,6.8394,,,,,
M_tridactyla,2,412, cls_1 ,1.1099,71.4424,15.0852,1.9395,,,,,
M_tridactyla,2,413, cls_1 ,1,71.4424,29.519,0.1021,,,,,
M_tridactyla,2,414, cls_1 ,1.0688,95.85,9.6137,0.5104,,,,,
M_tridactyla,2,415, cls_1 ,1.0283,95.85,43.3632,0.7146,,,,,
M_tridactyla,2,416, cls_1 ,1.0758,90.3682,197.4783,2.6541,,,,,
M_tridactyla,2,417, cls_1 ,1.0465,90.3682,10.1197,0.6125,,,,,
M_tridactyla,2,419, cls_1 ,1.0764,434.567,10.0349,1.0208,,,,,
M_tridactyla,2,423, cls_1 ,1.0909,90.3682,10.5879,0.2042,,,,,
M_tridactyla,2,424, cls_1 ,1.0932,127.8,15.4247,0.7146,,,,,
M_tridactyla,2,425, cls_1 ,1.0155,71.4424,14.6511,0.2042,,,,,
M_tridactyla,2,426, cls_1 ,1.0467,90.3682,8.3887,1.327,,,,,
M_tridactyla,2,427, cls_1 ,1.0716,135.5524,12.3411,3.879,,,,,
M_tridactyla,2,428, cls_1 ,1.2069,71.4424,8922.3437,91.6681,,,,,
M_tridactyla,2,429, cls_1 ,1.0836,63.9,393.52,1.6333,,,,,
M_tridactyla,2,430, cls_1 ,1.089,159.75,67.3205,1.327,,,,,
M_tridactyla,2,432, cls_1 ,1.0764,101.0348,8.4799,1.0208,,,,,
M_tridactyla,2,433, cls_1 ,1.0809,71.4424,114.6112,1.9395,,,,,
M_tridactyla,2,434, cls_1 ,1.2012,63.9,261.103,0.8166,,,,,
M_tridactyla,2,435, cls_1 ,1.0799,71.4424,12.6457,2.2458,,,,,
M_tridactyla,2,436, cls_1 ,1.1877,95.85,20.0326,46.3444,,,,,
M_tridactyla,2,437, cls_1 ,1.0509,90.3682,236.2063,1.0208,,,,,
M_tridactyla,2,438, cls_1 ,1.0465,90.3682,79.8312,0.6125,,,,,
M_tridactyla,2,439, cls_1 ,1,63.9,43.5356,0.1021,,,,,
M_tridactyla,2,440, cls_1 ,1.0691,63.9,66.2833,3.5728,,,,,
M_tridactyla,2,441, cls_1 ,1.197,63.9,419.5884,4.0832,,,,,
M_tridactyla,2,442, cls_1 ,1.1066,90.3682,9.1516,10.7184,,,,,
M_tridactyla,2,444, cls_1 ,1.1839,71.4424,50.2307,53.4901,,,,,
M_tridactyla,2,447, cls_1 ,1.096,135.5524,11.6885,1.9395,,,,,
M_tridactyla,2,448, cls_1 ,1.0606,225.9206,12.3371,1.4291,,,,,
M_tridactyla,2,451, cls_1 ,1.0537,162.9137,13.8473,0.4083,,,,,
M_tridactyla,2,452, cls_1 ,1.0955,71.4424,320.3196,4.0832,,,,,
M_tridactyla,2,454, cls_1 ,1.0537,71.4424,12.628,0.4083,,,,,
M_tridactyla,2,455, cls_1 ,1.078,214.3271,14.3355,1.225,,,,,
M_tridactyla,2,456, cls_1 ,1.1031,63.9,104.6378,0.8166,,,,,
M_tridactyla,2,457, cls_1 ,1.088,71.4424,251.2192,1.1229,,,,,
M_tridactyla,2,458, cls_1 ,1.0654,255.6,6.2976,1.1229,,,,,
M_tridactyla,2,460, cls_1 ,1.0631,180.7365,20.5779,0.7146,,,,,
M_tridactyla,2,461, cls_1 ,1.0465,194.3443,19.4814,0.6125,,,,,
M_tridactyla,2,462, cls_1 ,1.0473,71.4424,97.7078,0.8166,,,,,
M_tridactyla,2,463, cls_1 ,1.1197,71.4424,9.5632,0.7146,,,,,
M_tridactyla,2,466, cls_1 ,1.0465,71.4424,15.2133,0.6125,,,,,
M_tridactyla,2,467, cls_1 ,1.1518,95.85,36.9124,2.0416,,,,,
M_tridactyla,2,468, cls_1 ,1.0358,95.85,22.3068,0.3062,,,,,
M_tridactyla,2,469, cls_1 ,1.1002,71.4424,299.3459,10.9226,,,,,
M_tridactyla,2,475, cls_1 ,1.0775,115.1974,130.443,6.7373,,,,,
M_tridactyla,2,477, cls_1 ,1.0688,63.9,115.245,0.5104,,,,,
M_tridactyla,2,479, cls_1 ,1.1549,101.0348,15.2926,9.9018,,,,,
M_tridactyla,2,480, cls_1 ,1.0465,95.85,14.6533,0.6125,,,,,
M_tridactyla,2,484, cls_1 ,1.139,225.9206,9.3913,4.7978,,,,,
M_tridactyla,2,485, cls_1 ,1.1595,255.6,16.1112,9.7997,,,,,
M_tridactyla,2,486, cls_1 ,1.0283,162.9137,25.3975,0.7146,,,,,
M_tridactyla,2,487, cls_1 ,1.1197,90.3682,140.1118,0.7146,,,,,
M_tridactyla,2,488, cls_1 ,1.1358,101.0348,20.7798,2.3478,,,,,
M_tridactyla,2,489, cls_1 ,1.0283,357.2119,5.6176,0.7146,,,,,
M_tridactyla,2,490, cls_1 ,1,63.9,20.454,0.1021,,,,,
M_tridactyla,2,491, cls_1 ,1.1337,131.7332,101.4811,9.6976,,,,,
M_tridactyla,2,494, cls_1 ,1.0889,95.85,12.9114,0.9187,,,,,
M_tridactyla,2,501, cls_1 ,1.0358,63.9,16.335,0.3062,,,,,
M_tridactyla,2,503, cls_1 ,1.0155,71.4424,97.7006,0.2042,,,,,
M_tridactyla,2,506, cls_1 ,1.1175,101.0348,33.2737,12.4538,,,,,
M_tridactyla,2,507, cls_1 ,1.1214,95.85,7.7294,5.0019,,,,,
M_tridactyla,2,508, cls_1 ,1.0982,255.6,18.6358,4.6957,,,,,
M_tridactyla,2,509, cls_1 ,1.0819,90.3682,158.182,0.6125,,,,,
M_tridactyla,2,510, cls_1 ,1.1454,115.1974,88.5607,1.4291,,,,,
M_tridactyla,2,511, cls_1 ,1.1222,71.4424,38.7922,2.6541,,,,,
M_tridactyla,2,513, cls_1 ,1.0769,63.9,25.7492,1.7354,,,,,
M_tridactyla,2,514, cls_1 ,1.0869,63.9,118.2272,1.8374,,,,,
M_tridactyla,2,515, cls_1 ,1.046,202.0695,8.3461,1.6333,,,,,
M_tridactyla,2,521, cls_1 ,1.0706,95.85,14.4278,2.4499,,,,,
M_tridactyla,2,523, cls_1 ,1.1738,415.35,8.0909,2.3478,,,,,
M_tridactyla,2,524, cls_1 ,1.0358,71.4424,26.834,0.3062,,,,,
M_tridactyla,2,526, cls_1 ,1.046,127.8,13.8732,1.6333,,,,,
M_tridactyla,2,527, cls_1 ,1.1454,63.9,45.1509,13.3725,,,,,
M_tridactyla,2,528, cls_1 ,1.1796,71.4424,112.4116,10.7184,,,,,
M_tridactyla,2,533, cls_1 ,1.0626,101.0348,50.1832,10.4122,,,,,
M_tridactyla,2,536, cls_1 ,1,71.4424,185.0607,0.1021,,,,,
M_tridactyla,2,537, cls_1 ,1.1847,115.1974,8.2298,0.8166,,,,,
M_tridactyla,2,539, cls_1 ,1.0769,127.8,34.6276,1.7354,,,,,
M_tridactyla,2,540, cls_1 ,1.0949,71.4424,69.2945,15.21,,,,,
M_tridactyla,2,542, cls_1 ,1,71.4424,24.6229,0.1021,,,,,
M_tridactyla,2,543, cls_1 ,1.0631,344.112,6.6822,0.7146,,,,,
M_tridactyla,2,549, cls_1 ,1.1649,115.1974,7.6702,0.7146,,,,,
M_tridactyla,2,552, cls_1 ,1.0155,159.75,51.3486,0.2042,,,,,
M_tridactyla,2,553, cls_1 ,1.0688,95.85,29.3791,0.5104,,,,,
M_tridactyla,2,554, cls_1 ,1.0988,230.3947,7.1283,2.1437,,,,,
M_tridactyla,2,557, cls_1 ,1,364.286,6.7354,0.1021,,,,,
M_tridactyla,2,563, cls_1 ,1.2101,90.3682,51.9344,13.0663,,,,,
M_tridactyla,2,564, cls_1 ,1.1444,63.9,20.461,19.7015,,,,,
M_tridactyla,2,567, cls_1 ,1.0465,71.4424,48.3726,0.6125,,,,,
M_tridactyla,2,568, cls_1 ,1.1265,71.4424,245.9245,0.8166,,,,,
M_tridactyla,2,570, cls_1 ,1.0445,63.9,59.2348,2.3478,,,,,
M_tridactyla,2,571, cls_1 ,1.1479,90.3682,50.1432,6.1248,,,,,
M_tridactyla,2,572, cls_1 ,1.0338,90.3682,51.1277,0.9187,,,,,
M_tridactyla,2,573, cls_1 ,1.0987,115.1974,27.117,1.4291,,,,,
M_tridactyla,2,574, cls_1 ,1.0465,71.4424,69.6997,0.6125,,,,,
M_tridactyla,2,577, cls_1 ,1.0836,101.0348,70.0507,1.6333,,,,,
M_tridactyla,2,578, cls_1 ,1.0606,63.9,117.1818,1.4291,,,,,
M_tridactyla,2,579, cls_1 ,1.0838,71.4424,83.3387,4.1853,,,,,
M_tridactyla,2,582, cls_1 ,1.0358,71.4424,7.2957,0.3062,,,,,
M_tridactyla,2,585, cls_1 ,1.0819,63.9,21.1207,0.6125,,,,,
M_tridactyla,2,586, cls_1 ,1.1125,63.9,50.3104,0.6125,,,,,
M_tridactyla,2,587, cls_1 ,1.0937,127.8,25.5966,2.2458,,,,,
M_tridactyla,2,588, cls_1 ,1.1622,71.4424,57.9978,14.6996,,,,,
M_tridactyla,2,589, cls_1 ,1.2193,63.9,11.8002,32.6657,,,,,
M_tridactyla,2,590, cls_1 ,1.0338,71.4424,7.6074,0.9187,,,,,
M_tridactyla,2,592, cls_1 ,1.0701,230.3947,6.9722,2.1437,,,,,
M_tridactyla,2,596, cls_1 ,1.1406,95.85,160.118,10.208,,,,,
M_tridactyla,2,598, cls_1 ,1.0402,159.75,6.9743,1.1229,,,,,
M_tridactyla,2,601, cls_1 ,1.1767,71.4424,215.5073,70.0271,,,,,
M_tridactyla,2,602, cls_1 ,1.088,63.9,22179.6365,1.1229,,,,,
M_tridactyla,2,606, cls_1 ,1.0306,204.5798,17.9059,1.225,,,,,
M_tridactyla,2,607, cls_1 ,1.1031,95.85,5235.1488,0.8166,,,,,
M_tridactyla,2,608, cls_1 ,1.0982,71.4424,6.8344,1.225,,,,,
M_tridactyla,2,609, cls_1 ,1.0688,249.5375,6.7336,0.5104,,,,,
M_tridactyla,2,610, cls_1 ,1,71.4424,7.2796,0.1021,,,,,
M_tridactyla,2,612, cls_1 ,1.1031,71.4424,135.0395,0.8166,,,,,
M_tridactyla,2,613, cls_1 ,1.0769,90.3682,53.4731,0.8166,,,,,
M_tridactyla,2,614, cls_1 ,1.0973,71.4424,329.7198,5.5123,,,,,
M_tridactyla,2,615, cls_1 ,1.0887,319.5,5.7126,2.9603,,,,,
M_tridactyla,2,619, cls_1 ,1.1139,63.9,51.5257,30.522,,,,,
M_tridactyla,2,621, cls_1 ,1.1847,243.324,6.4613,0.8166,,,,,
M_tridactyla,2,622, cls_1 ,1.0889,71.4424,74.8359,0.9187,,,,,
M_tridactyla,2,623, cls_1 ,1.0261,90.3682,44.1199,0.5104,,,,,
M_tridactyla,2,625, cls_1 ,1.1818,71.4424,17768.3249,59.7169,,,,,
M_tridactyla,2,626, cls_1 ,1.0718,127.8,1711.2838,2.7562,,,,,
M_tridactyla,2,627, cls_1 ,1.0769,115.1974,41.72,0.8166,,,,,
M_tridactyla,2,628, cls_1 ,1.022,272.9809,8.8143,1.0208,,,,,
M_tridactyla,2,630, cls_1 ,1.1021,63.9,51.2942,16.537,,,,,
M_tridactyla,2,633, cls_1 ,1.1443,63.9,62.5935,1.1229,,,,,
M_tridactyla,2,634, cls_1 ,1.0982,115.1974,926.1473,1.225,,,,,
M_tridactyla,2,636, cls_1 ,1,71.4424,9.4256,0.1021,,,,,
M_tridactyla,2,638, cls_1 ,1.1715,558.8967,8.083,1.4291,,,,,
M_tridactyla,2,639, cls_1 ,1.0283,204.5798,19.5651,0.7146,,,,,
M_tridactyla,2,640, cls_1 ,1.0402,71.4424,78.5914,1.1229,,,,,
M_tridactyla,2,641, cls_1 ,1.1125,186.2989,23.0784,0.6125,,,,,
M_tridactyla,2,642, cls_1 ,1.1244,71.4424,63.0068,6.9415,,,,,
M_tridactyla,2,643, cls_1 ,1.0155,63.9,87.3693,0.2042,,,,,
M_tridactyla,2,644, cls_1 ,1.0155,71.4424,22.391,0.2042,,,,,
M_tridactyla,2,645, cls_1 ,1.0846,101.0348,3608.8523,3.777,,,,,
M_tridactyla,2,646, cls_1 ,1.1096,90.3682,28.5357,3.879,,,,,
M_tridactyla,2,647, cls_1 ,1.0657,71.4424,6.543,1.6333,,,,,
M_tridactyla,2,648, cls_1 ,1.188,63.9,318.9405,78.7039,,,,,
M_tridactyla,2,649, cls_1 ,1.0819,135.5524,56.3699,0.6125,,,,,
M_tridactyla,2,650, cls_1 ,1,71.4424,157.0772,0.1021,,,,,
M_tridactyla,2,654, cls_1 ,1.0537,71.4424,24.5535,0.4083,,,,,
M_tridactyla,2,656, cls_1 ,1.1445,71.4424,82.4826,68.7,,,,,
M_tridactyla,2,660, cls_1 ,1.0261,186.2989,17.816,0.5104,,,,,
M_tridactyla,2,661, cls_1 ,1,63.9,158.7871,0.1021,,,,,
M_tridactyla,2,663, cls_1 ,1.078,131.7332,68.7752,1.225,,,,,
M_tridactyla,2,665, cls_1 ,1.1265,272.9809,35.7496,0.8166,,,,,
M_tridactyla,2,666, cls_1 ,1.1434,127.8,78.4925,23.6826,,,,,
M_tridactyla,2,668, cls_1 ,1.1296,272.9809,5.7311,1.6333,,,,,
M_tridactyla,2,671, cls_1 ,1.0155,63.9,15.7687,0.2042,,,,,
M_tridactyla,2,674, cls_1 ,1.0657,255.6,21.6867,1.6333,,,,,
M_tridactyla,2,675, cls_1 ,1.0993,63.9,27.6057,1.0208,,,,,
M_tridactyla,2,676, cls_1 ,1,101.0348,25.7353,0.1021,,,,,
M_tridactyla,2,678, cls_1 ,1.0417,159.75,13.8741,2.0416,,,,,
M_tridactyla,2,680, cls_1 ,1.0465,257.5891,5.4388,0.6125,,,,,
M_tridactyla,2,683, cls_1 ,1.088,95.85,13.0738,1.1229,,,,,
M_tridactyla,2,684, cls_1 ,1.0846,127.8,15.0161,3.777,,,,,
M_tridactyla,2,685, cls_1 ,1.1395,63.9,28.2014,0.6125,,,,,
M_tridactyla,2,688, cls_1 ,1.1087,142.8847,12.9591,44.8132,,,,,
M_tridactyla,2,689, cls_1 ,1.0643,63.9,49.4351,2.9603,,,,,
M_tridactyla,2,691, cls_1 ,1.0047,214.3271,60.2001,0.6125,,,,,
M_tridactyla,2,692, cls_1 ,1.0784,214.3271,1988.3075,3.2666,,,,,
M_tridactyla,2,693, cls_1 ,1.063,101.0348,8873.112,0.9187,,,,,
M_tridactyla,2,694, cls_1 ,1.1001,63.9,6839.7111,1.6333,,,,,
M_tridactyla,2,695, cls_1 ,1.0631,71.4424,2261.8112,0.7146,,,,,
M_tridactyla,2,696, cls_1 ,1.0306,95.85,14.8548,1.225,,,,,
M_tridactyla,2,699, cls_1 ,1.0609,63.9,250.9728,3.0624,,,,,
M_tridactyla,2,700, cls_1 ,1.1068,71.4424,165.839,9.6976,,,,,
M_tridactyla,2,703, cls_1 ,1.0386,127.8,12.019,1.4291,,,,,
M_tridactyla,2,704, cls_1 ,1.0537,63.9,90.5893,0.4083,,,,,
M_tridactyla,2,706, cls_1 ,1.1075,63.9,20.8801,1.5312,,,,,
M_tridactyla,2,707, cls_1 ,1.0467,71.4424,33.18,1.327,,,,,
M_tridactyla,2,708, cls_1 ,1.1712,63.9,22190.7557,2.9603,,,,,
M_tridactyla,2,709, cls_1 ,1.1507,101.0348,11.7612,5.104,,,,,
M_tridactyla,2,710, cls_1 ,1.0884,63.9,16.1236,2.6541,,,,,
M_tridactyla,2,711, cls_1 ,1.0358,63.9,23.5905,0.3062,,,,,
M_tridactyla,2,712, cls_1 ,1.0592,115.1974,62.2823,2.0416,,,,,
M_tridactyla,2,713, cls_1 ,1.096,416.577,6.0246,1.9395,,,,,
M_tridactyla,2,714, cls_1 ,1.0975,257.5891,5.2538,0.4083,,,,,
M_tridactyla,2,717, cls_1 ,1.1661,101.0348,67.1284,4.1853,,,,,
M_tridactyla,2,718, cls_1 ,1.1181,95.85,922.4829,5.5123,,,,,
M_tridactyla,2,719, cls_1 ,1.0914,63.9,39.2167,0.3062,,,,,
M_tridactyla,2,720, cls_1 ,1.135,223.65,19.7044,3.0624,,,,,
M_tridactyla,2,723, cls_1 ,1.0155,71.4424,28.8576,0.2042,,,,,
M_tridactyla,2,731, cls_1 ,1.1829,63.9,54.987,5.3082,,,,,
M_tridactyla,2,734, cls_1 ,1.1974,95.85,356.9645,9.2893,,,,,
M_tridactyla,2,735, cls_1 ,1.0465,63.9,10.328,0.6125,,,,,
M_tridactyla,2,736, cls_1 ,1.1197,71.4424,9.4915,0.7146,,,,,
M_tridactyla,2,740, cls_1 ,1.1522,95.85,42.3873,5.3082,,,,,
M_tridactyla,2,741, cls_1 ,1.167,63.9,508.6437,559.706,,,,,
M_tridactyla,2,742, cls_1 ,1.0261,63.9,9.2989,0.5104,,,,,
M_tridactyla,2,743, cls_1 ,1.1154,71.4424,5.6499,1.4291,,,,,
M_tridactyla,2,746, cls_1 ,1.0473,115.1974,64.5693,0.8166,,,,,
M_tridactyla,2,748, cls_1 ,1.1031,191.7,16.3236,7.2477,,,,,
M_tridactyla,2,749, cls_1 ,1.0889,95.85,14.3545,0.9187,,,,,
M_tridactyla,2,750, cls_1 ,1.0473,127.8,35.4071,0.8166,,,,,
M_tridactyla,2,753, cls_1 ,1.1638,191.7,93.7692,0.5104,,,,,
M_tridactyla,2,754, cls_1 ,1.0657,127.8,31.5226,1.6333,,,,,
M_tridactyla,2,759, cls_1 ,1,71.4424,53.5876,0.1021,,,,,
M_tridactyla,2,760, cls_1 ,1.0473,115.1974,49.1828,0.8166,,,,,
M_tridactyla,2,763, cls_1 ,1.177,159.75,134.8991,7.1456,,,,,
M_tridactyla,2,764, cls_1 ,1.0926,71.4424,62.298,2.552,,,,,
M_tridactyla,2,765, cls_1 ,1.0155,71.4424,7.7511,0.2042,,,,,
M_tridactyla,2,766, cls_1 ,1.0537,63.9,6.6147,0.4083,,,,,
M_tridactyla,2,767, cls_1 ,1.0473,287.55,8.67,0.8166,,,,,
M_tridactyla,2,768, cls_1 ,1.2184,63.9,120.7203,57.4712,,,,,
M_tridactyla,2,770, cls_1 ,1.1166,404.1391,5.1027,3.0624,,,,,
M_tridactyla,2,772, cls_1 ,1.0882,159.75,202.3982,27.4596,,,,,
M_tridactyla,2,773, cls_1 ,1.2158,63.9,22199.6699,48.4881,,,,,
M_tridactyla,2,774, cls_1 ,1.0914,63.9,6.9412,0.3062,,,,,
M_tridactyla,2,775, cls_1 ,1.0769,101.0348,37.5951,0.8166,,,,,
M_tridactyla,2,776, cls_1 ,1.0283,95.85,15.3556,0.7146,,,,,
M_tridactyla,2,777, cls_1 ,1.1409,63.9,66.4689,2.2458,,,,,
M_tridactyla,2,778, cls_1 ,1.0706,90.3682,13.2108,1.8374,,,,,
M_tridactyla,2,779, cls_1 ,1,63.9,22175.1821,0.1021,,,,,
M_tridactyla,2,781, cls_1 ,1.0283,71.4424,167.1063,0.7146,,,,,
M_tridactyla,2,787, cls_1 ,1.0654,90.3682,75.9157,1.1229,,,,,
M_tridactyla,2,788, cls_1 ,1.1046,415.35,6.935,2.552,,,,,
M_tridactyla,2,789, cls_1 ,1.0937,90.3682,82.1127,2.2458,,,,,
M_tridactyla,2,790, cls_1 ,1.1084,71.4424,322.3847,1.7354,,,,,
M_tridactyla,2,791, cls_1 ,1,90.3682,1091.7077,0.4083,,,,,
M_tridactyla,2,792, cls_1 ,1.1125,63.9,61.3944,0.6125,,,,,
M_tridactyla,2,795, cls_1 ,1.1265,63.9,67.1944,0.8166,,,,,
M_tridactyla,2,796, cls_1 ,1.1001,71.4424,68.2569,1.6333,,,,,
M_tridactyla,2,797, cls_1 ,1.0606,90.3682,9870.0596,1.4291,,,,,
M_tridactyla,2,799, cls_1 ,1.1921,159.75,19.3686,5.3082,,,,,
M_tridactyla,2,800, cls_1 ,1.0843,90.3682,43.3445,2.4499,,,,,
M_tridactyla,2,802, cls_1 ,1.0155,71.4424,1209.7328,0.2042,,,,,
M_tridactyla,2,804, cls_1 ,1.0475,90.3682,93.5307,8.5747,,,,,
M_tridactyla,2,805, cls_1 ,1.0991,115.1974,4929.9219,5.8186,,,,,
M_tridactyla,2,806, cls_1 ,1.1104,71.4424,17742.5227,8.881,,,,,
M_tridactyla,2,809, cls_1 ,1.088,287.55,9.5788,1.1229,,,,,
M_tridactyla,2,810, cls_1 ,1.1836,71.4424,9863.622,18.8848,,,,,
M_tridactyla,2,811, cls_1 ,1.0473,101.0348,567.3217,0.8166,,,,,
M_tridactyla,2,812, cls_1 ,1.1001,63.9,22174.0004,1.6333,,,,,
M_tridactyla,2,813, cls_1 ,1.1955,63.9,19.2189,20.6202,,,,,
M_tridactyla,2,819, cls_1 ,1.15,63.9,69.4852,11.9434,,,,,
M_tridactyla,2,820, cls_1 ,1.2407,63.9,250.6596,34.299,,,,,
M_tridactyla,2,821, cls_1 ,1.0537,71.4424,5.5874,0.4083,,,,,
M_tridactyla,2,833, cls_1 ,1.2021,63.9,130.8246,27.3575,,,,,
M_tridactyla,2,834, cls_1 ,1.0155,71.4424,6.0057,0.2042,,,,,
M_tridactyla,2,836, cls_1 ,1.1526,115.1974,135.9986,3.2666,,,,,
M_tridactyla,2,837, cls_1 ,1.1239,272.9809,227.1581,2.1437,,,,,
M_tridactyla,2,840, cls_1 ,1.0909,620.3568,5.6945,0.2042,,,,,
M_tridactyla,2,842, cls_1 ,1.0971,214.3271,52.0795,2.4499,,,,,
M_tridactyla,2,848, cls_1 ,1.063,544.0889,15.5204,0.9187,,,,,
M_tridactyla,2,853, cls_1 ,1.0338,404.1391,11.5638,0.9187,,,,,
M_tridactyla,2,857, cls_1 ,1,63.9,223.0249,0.1021,,,,,
M_tridactyla,2,858, cls_1 ,1,71.4424,17741.1401,0.1021,,,,,
M_tridactyla,2,862, cls_1 ,1.0819,71.4424,17743.8382,0.6125,,,,,
M_tridactyla,2,866, cls_1 ,1.1519,63.9,1792.3458,3.0624,,,,,
M_tridactyla,2,868, cls_1 ,1.1757,115.1974,32.6211,4.4915,,,,,
M_tridactyla,2,870, cls_1 ,1.1183,63.9,72.745,3.5728,,,,,
M_tridactyla,2,871, cls_1 ,1.059,172.056,6.2911,1.7354,,,,,
M_tridactyla,2,876, cls_1 ,1.1182,101.0348,137.4768,6.2269,,,,,
M_tridactyla,2,877, cls_1 ,1.0993,90.3682,77.4639,1.0208,,,,,
M_tridactyla,2,878, cls_1 ,1.0819,63.9,25.0975,0.6125,,,,,
M_tridactyla,2,881, cls_1 ,1.0402,131.7332,92.5397,1.1229,,,,,
M_tridactyla,2,885, cls_1 ,1.0965,63.9,38.952,3.3686,,,,,
M_tridactyla,2,887, cls_1 ,1.0769,101.0348,51.7347,0.8166,,,,,
M_tridactyla,2,888, cls_1 ,1,71.4424,85.8053,0.1021,,,,,
M_tridactyla,2,889, cls_1 ,1.125,225.9206,619.7735,6.5331,,,,,
M_tridactyla,2,890, cls_1 ,1.0556,159.75,552.4528,1.225,,,,,
M_tridactyla,2,891, cls_1 ,1.0306,63.9,22178.2978,1.225,,,,,
M_tridactyla,2,895, cls_1 ,1,63.9,152.0516,0.1021,,,,,
M_tridactyla,2,896, cls_1 ,1.0988,172.056,6.4339,2.1437,,,,,
M_tridactyla,2,898, cls_1 ,1.1117,71.4424,131.9536,2.1437,,,,,
M_tridactyla,2,902, cls_1 ,1.068,95.85,9858.4874,4.8999,,,,,
M_tridactyla,2,905, cls_1 ,1.102,95.85,80.978,1.8374,,,,,
M_tridactyla,2,906, cls_1 ,1.2287,63.9,17824.3123,73.2936,,,,,
M_tridactyla,2,912, cls_1 ,1,90.3682,702.3859,0.1021,,,,,
M_tridactyla,2,913, cls_1 ,1.0887,71.4424,4938.1189,2.9603,,,,,
M_tridactyla,2,914, cls_1 ,1.1505,63.9,172.5365,22.4577,,,,,
M_tridactyla,2,916, cls_1 ,1.0889,287.55,131.0318,0.9187,,,,,
M_tridactyla,2,917, cls_1 ,1.063,95.85,91.1173,0.9187,,,,,
M_tridactyla,2,918, cls_1 ,1.1265,95.85,143.74,0.8166,,,,,
M_tridactyla,2,919, cls_1 ,1.1434,90.3682,11088.5275,0.7146,,,,,
M_tridactyla,2,920, cls_1 ,1.105,63.9,46.7942,0.5104,,,,,
M_tridactyla,2,921, cls_1 ,1.1066,90.3682,228.3349,7.8602,,,,,
M_tridactyla,2,923, cls_1 ,1.0982,95.85,121.0036,1.225,,,,,
M_tridactyla,2,924, cls_1 ,1,127.8,19.2984,0.1021,,,,,
M_tridactyla,2,932, cls_1 ,1.1076,95.85,147.9128,14.3933,,,,,
M_tridactyla,2,934, cls_1 ,1.0728,223.65,37.7958,1.5312,,,,,
M_tridactyla,2,936, cls_1 ,1.1276,63.9,146.1716,6.0227,,,,,
M_tridactyla,2,940, cls_1 ,1.0473,186.2989,12.2542,0.8166,,,,,
M_tridactyla,2,941, cls_1 ,1.0688,142.8847,115.5221,0.5104,,,,,
M_tridactyla,2,944, cls_1 ,1.0465,63.9,11.9251,0.6125,,,,,
M_tridactyla,2,945, cls_1 ,1.022,63.9,8.7465,1.0208,,,,,
M_tridactyla,2,947, cls_1 ,1.254,63.9,93.5322,167.4116,,,,,
M_tridactyla,2,949, cls_1 ,1.1271,71.4424,137.7124,1.1229,,,,,
M_tridactyla,2,950, cls_1 ,1.1596,63.9,22194.8957,8.7789,,,,,
M_tridactyla,2,952, cls_1 ,1.1652,63.9,22185.3183,24.8055,,,,,
M_tridactyla,2,953, cls_1 ,1,63.9,418.9117,0.4083,,,,,
M_tridactyla,2,958, cls_1 ,1.063,101.0348,343.994,0.9187,,,,,
M_tridactyla,2,960, cls_1 ,1.0769,159.75,15.4599,0.8166,,,,,
M_tridactyla,2,961, cls_1 ,1.0537,63.9,308.1188,0.4083,,,,,
M_tridactyla,2,962, cls_1 ,1.0467,63.9,87.0801,1.327,,,,,
M_tridactyla,2,963, cls_1 ,1.0556,131.7332,38.8838,1.225,,,,,
M_tridactyla,2,968, cls_1 ,1.1153,101.0348,7.2479,3.6749,,,,,
M_tridactyla,2,969, cls_1 ,1,71.4424,258.4642,0.1021,,,,,
M_tridactyla,2,970, cls_1 ,1.035,95.85,578.8796,4.4915,,,,,
M_tridactyla,2,971, cls_1 ,1,63.9,258.9393,0.1021,,,,,
M_tridactyla,2,972, cls_1 ,1.096,364.286,7.9965,1.9395,,,,,
M_tridactyla,2,974, cls_1 ,1,63.9,306.1562,0.1021,,,,,
M_tridactyla,2,976, cls_1 ,1.1597,63.9,2426.8062,82.685,,,,,
M_tridactyla,2,977, cls_1 ,1.0155,71.4424,254.7204,0.2042,,,,,
M_tridactyla,2,983, cls_1 ,1.0631,159.75,19.5473,0.7146,,,,,
M_tridactyla,2,984, cls_1 ,1.1589,127.8,40.9632,1.4291,,,,,
M_tridactyla,2,986, cls_1 ,1.1217,90.3682,211.5775,11.433,,,,,
M_tridactyla,2,987, cls_1 ,1.1396,63.9,474.8958,11.1267,,,,,
M_tridactyla,2,988, cls_1 ,1.0769,364.286,7.0281,0.8166,,,,,
M_tridactyla,2,994, cls_1 ,1.1601,63.9,22366.012,21.2327,,,,,
M_tridactyla,2,995, cls_1 ,1.0799,131.7332,1416.9347,2.2458,,,,,
M_tridactyla,2,998, cls_1 ,1.0889,63.9,116.398,0.9187,,,,,
M_tridactyla,2,1000, cls_1 ,1.0932,194.3443,7.016,0.7146,,,,,
M_tridactyla,2,1003, cls_1 ,1,71.4424,6852.9327,0.1021,,,,,
M_tridactyla,2,1005, cls_1 ,1.0261,127.8,33.9767,0.5104,,,,,
M_tridactyla,2,1007, cls_1 ,1.1328,486.6479,7.5129,0.9187,,,,,
M_tridactyla,2,1009, cls_1 ,1.1946,71.4424,8878.9769,14.9037,,,,,
M_tridactyla,2,1012, cls_1 ,1.0688,101.0348,16.3659,0.5104,,,,,
M_tridactyla,2,1015, cls_1 ,1.1296,71.4424,72.5995,1.6333,,,,,
M_tridactyla,2,1016, cls_1 ,1.1674,95.85,33.7879,3.2666,,,,,
M_tridactyla,2,1022, cls_1 ,1.0509,71.4424,15.1641,1.0208,,,,,
M_tridactyla,2,1027, cls_1 ,1.0261,71.4424,56.8098,0.5104,,,,,
M_tridactyla,2,1029, cls_1 ,1.1547,63.9,22221.9321,20.0077,,,,,
M_tridactyla,2,1032, cls_1 ,1.0889,71.4424,88.3464,0.9187,,,,,
M_tridactyla,2,1033, cls_1 ,1.1285,63.9,63.0698,9.7997,,,,,
M_tridactyla,2,1035, cls_1 ,1,71.4424,15.1988,0.1021,,,,,
M_tridactyla,2,1038, cls_1 ,1.0881,159.75,11.7911,4.3895,,,,,
M_tridactyla,2,1039, cls_1 ,1.1103,63.9,13.0533,2.9603,,,,,
M_tridactyla,2,1042, cls_1 ,1.1242,63.9,58.8818,1.327,,,,,
M_tridactyla,2,1044, cls_1 ,1.0537,63.9,21.4729,0.4083,,,,,
M_tridactyla,2,1045, cls_1 ,1.0688,90.3682,9885.9238,0.5104,,,,,
M_tridactyla,2,1048, cls_1 ,1.0358,101.0348,131.4097,0.3062,,,,,
M_tridactyla,2,1049, cls_1 ,1.0283,101.0348,8875.4349,0.7146,,,,,
M_tridactyla,2,1051, cls_1 ,1.1624,63.9,8.0891,6.4311,,,,,
M_tridactyla,2,1052, cls_1 ,1.1197,115.1974,20.8942,0.7146,,,,,
M_tridactyla,2,1054, cls_1 ,1.0358,115.1974,16.2268,0.3062,,,,,
M_tridactyla,2,1055, cls_1 ,1.1327,115.1974,24.0565,5.4103,,,,,
M_tridactyla,2,1056, cls_1 ,1,63.9,22355.8497,0.1021,,,,,
M_tridactyla,2,1057, cls_1 ,1,63.9,18.7929,0.1021,,,,,
M_tridactyla,2,1058, cls_1 ,1.0358,101.0348,354.5101,0.3062,,,,,
M_tridactyla,2,1059, cls_1 ,1.1519,115.1974,5286.1456,3.0624,,,,,
M_tridactyla,2,1061, cls_1 ,1.0465,71.4424,338.6629,0.6125,,,,,
M_tridactyla,2,1065, cls_1 ,1.0749,232.5995,53.6853,5.0019,,,,,
M_tridactyla,2,1066, cls_1 ,1.0338,71.4424,999.064,0.9187,,,,,
M_tridactyla,2,1067, cls_1 ,1,71.4424,511.948,0.1021,,,,,
M_tridactyla,2,1068, cls_1 ,1,71.4424,1087.5521,0.1021,,,,,
M_tridactyla,2,1069, cls_1 ,1.0982,191.7,10.2617,1.225,,,,,
M_tridactyla,2,1072, cls_1 ,1.1114,71.4424,1110.3626,5.5123,,,,,
M_tridactyla,2,1073, cls_1 ,1.1125,63.9,897.0462,0.6125,,,,,
M_tridactyla,2,1074, cls_1 ,1.1125,243.324,9.8926,0.6125,,,,,
M_tridactyla,2,1075, cls_1 ,1.089,90.3682,15.9382,1.327,,,,,
M_tridactyla,2,1076, cls_1 ,1.1084,63.9,1781.6718,1.7354,,,,,
M_tridactyla,2,1079, cls_1 ,1.0764,63.9,34.514,1.0208,,,,,
M_tridactyla,2,1080, cls_1 ,1.1387,63.9,8.0516,5.104,,,,,
M_tridactyla,2,1081, cls_1 ,1.0631,63.9,414.7353,0.7146,,,,,
M_tridactyla,2,1082, cls_1 ,1.075,101.0348,56.5817,5.9207,,,,,
M_tridactyla,2,1083, cls_1 ,1,63.9,19.7142,0.1021,,,,,
M_tridactyla,2,1089, cls_1 ,1.0889,90.3682,17.5684,0.9187,,,,,
M_tridactyla,2,1093, cls_1 ,1,303.1043,6.5252,0.1021,,,,,
M_tridactyla,2,1094, cls_1 ,1.0537,162.9137,8.2781,0.4083,,,,,
M_tridactyla,2,1096, cls_1 ,1.0889,63.9,1068.7961,0.9187,,,,,
M_tridactyla,2,1099, cls_1 ,1.0657,127.8,612.805,1.6333,,,,,
M_tridactyla,2,1100, cls_1 ,1.1074,90.3682,29.5045,32.8698,,,,,
M_tridactyla,2,1104, cls_1 ,1.0728,63.9,13.9955,1.5312,,,,,
M_tridactyla,2,1107, cls_1 ,1.1935,63.9,1797.5558,6.1248,,,,,
M_tridactyla,2,1108, cls_1 ,1.0402,95.85,9855.7398,1.1229,,,,,
M_tridactyla,2,1109, cls_1 ,1.1415,90.3682,169.5414,1.8374,,,,,
M_tridactyla,2,1111, cls_1 ,1.0889,63.9,14.4887,2.3478,,,,,
M_tridactyla,2,1112, cls_1 ,1.0665,63.9,22174.8907,4.0832,,,,,
M_tridactyla,2,1113, cls_1 ,1.1412,71.4424,2778.4299,2.4499,,,,,
M_tridactyla,2,1114, cls_1 ,1.1085,90.3682,11094.7386,1.1229,,,,,
M_tridactyla,2,1116, cls_1 ,1.0155,321.0935,20.7654,0.2042,,,,,
M_tridactyla,2,1117, cls_1 ,1.0631,162.9137,8.9498,0.7146,,,,,
M_tridactyla,2,1118, cls_1 ,1.0537,63.9,118.1764,0.4083,,,,,
M_tridactyla,2,1119, cls_1 ,1.053,71.4424,17742.6901,1.5312,,,,,
M_tridactyla,2,1120, cls_1 ,1.1075,63.9,22187.2919,2.7562,,,,,
M_tridactyla,2,1121, cls_1 ,1.105,63.9,414.2892,0.5104,,,,,
M_tridactyla,2,1122, cls_1 ,1.0809,255.6,7.2476,1.9395,,,,,
M_tridactyla,2,1126, cls_1 ,1.1271,71.4424,19.5893,1.1229,,,,,
M_tridactyla,2,1129, cls_1 ,1.1642,71.4424,16.7329,1.8374,,,,,
M_tridactyla,2,1131, cls_1 ,1.0465,63.9,147.7084,0.6125,,,,,
M_tridactyla,2,1132, cls_1 ,1.0758,71.4424,2615.1624,2.6541,,,,,
M_tridactyla,2,1134, cls_1 ,1.0473,95.85,187.8335,0.8166,,,,,
M_tridactyla,2,1136, cls_1 ,1.0537,271.1047,357.1988,0.4083,,,,,
M_tridactyla,2,1137, cls_1 ,1.1371,63.9,17747.9761,4.5936,,,,,
M_tridactyla,2,1138, cls_1 ,1.1265,243.324,9.9244,0.8166,,,,,
M_tridactyla,2,1142, cls_1 ,1.0261,95.85,34.2719,0.5104,,,,,
M_tridactyla,2,1144, cls_1 ,1.1846,63.9,17756.2881,1.8374,,,,,
M_tridactyla,2,1149, cls_1 ,1.1125,63.9,9865.8176,0.6125,,,,,
M_tridactyla,2,1150, cls_1 ,1.0155,63.9,414.5605,0.2042,,,,,
M_tridactyla,2,1151, cls_1 ,1.0819,95.85,38.3503,0.6125,,,,,
M_tridactyla,2,1152, cls_1 ,1.056,71.4424,2331.2586,36.3406,,,,,
M_tridactyla,2,1156, cls_1 ,1.1075,191.7,9.3518,1.5312,,,,,
M_tridactyla,2,1157, cls_1 ,1.0889,191.7,9.7018,0.9187,,,,,
M_tridactyla,2,1158, cls_1 ,1.0358,63.9,22173.7552,0.3062,,,,,
M_tridactyla,2,1160, cls_1 ,1,71.4424,17739.5865,0.1021,,,,,
M_tridactyla,2,1161, cls_1 ,1.0608,255.6,11.1224,3.879,,,,,
M_tridactyla,2,1163, cls_1 ,1.1419,63.9,22174.3806,4.3895,,,,,
M_tridactyla,2,1165, cls_1 ,1.0556,101.0348,57.1479,1.225,,,,,
M_tridactyla,2,1167, cls_1 ,1,63.9,22185.374,0.1021,,,,,
M_tridactyla,2,1168, cls_1 ,1.0358,71.4424,17.1169,0.3062,,,,,
M_tridactyla,2,1170, cls_1 ,1.089,127.8,4437.5065,1.327,,,,,
M_tridactyla,2,1171, cls_1 ,1.0261,303.1043,25.0917,0.5104,,,,,
M_tridactyla,2,1175, cls_1 ,1.0688,63.9,22175.1324,0.5104,,,,,
M_tridactyla,2,1176, cls_1 ,1.0155,71.4424,17.623,0.2042,,,,,
M_tridactyla,2,1177, cls_1 ,1.0803,63.9,22174.3615,7.0435,,,,,
M_tridactyla,2,1178, cls_1 ,1.0909,71.4424,93.6887,0.2042,,,,,
M_tridactyla,2,1181, cls_1 ,1.1617,71.4424,55.9966,11.3309,,,,,
M_tridactyla,2,1182, cls_1 ,1.1579,131.7332,18.7428,47.4673,,,,,
M_tridactyla,2,1183, cls_1 ,1,271.1047,10.1635,0.1021,,,,,
M_tridactyla,2,1184, cls_1 ,1.0047,186.2989,23.4786,0.6125,,,,,
M_tridactyla,2,1188, cls_1 ,1.0606,159.75,309.6483,1.4291,,,,,
M_tridactyla,2,1192, cls_1 ,1,71.4424,1677.8603,0.1021,,,,,
M_tridactyla,2,1193, cls_1 ,1.059,127.8,24.1996,1.7354,,,,,
M_tridactyla,2,1195, cls_1 ,1.0778,71.4424,31.8372,25.2138,,,,,
M_tridactyla,2,1196, cls_1 ,1.0529,271.1047,10.4847,1.8374,,,,,
M_tridactyla,2,1199, cls_1 ,1.0261,115.1974,6827.4227,0.5104,,,,,
M_tridactyla,2,1200, cls_1 ,1.0819,63.9,1116.4191,0.6125,,,,,
M_tridactyla,2,1201, cls_1 ,1.1125,71.4424,40.5109,0.6125,,,,,
M_tridactyla,2,1205, cls_1 ,1.0465,232.5995,17.2428,0.6125,,,,,
M_tridactyla,2,1206, cls_1 ,1,63.9,22173.8318,0.1021,,,,,
M_tridactyla,2,1208, cls_1 ,1.1371,71.4424,13.1592,16.0266,,,,,
M_tridactyla,2,1212, cls_1 ,1.07,101.0348,3558.4714,3.1645,,,,,
M_tridactyla,2,1213, cls_1 ,1.0769,63.9,9860.0212,1.7354,,,,,
M_tridactyla,2,1215, cls_1 ,1.0926,294.5644,14.2476,2.552,,,,,
M_tridactyla,2,1216, cls_1 ,1.1738,63.9,33.4545,11.0247,,,,,
M_tridactyla,2,1218, cls_1 ,1.0283,95.85,1842.6001,0.7146,,,,,
M_tridactyla,2,1222, cls_1 ,1.0909,294.5644,16.135,0.2042,,,,,
M_tridactyla,2,1223, cls_1 ,1.0971,230.3947,14.9855,2.4499,,,,,
M_tridactyla,2,1227, cls_1 ,1.1679,95.85,8872.181,26.0305,,,,,
M_tridactyla,2,1229, cls_1 ,1.0547,127.8,15.4116,13.6788,,,,,
M_tridactyla,2,1230, cls_1 ,1.0047,127.8,19.9506,0.6125,,,,,
M_tridactyla,2,1234, cls_1 ,1.1001,71.4424,102.5757,1.6333,,,,,
M_tridactyla,2,1235, cls_1 ,1,71.4424,54.5878,0.1021,,,,,
M_tridactyla,2,1236, cls_1 ,1.0155,71.4424,17749.0193,0.2042,,,,,
M_tridactyla,2,1238, cls_1 ,1.1913,71.4424,31.3502,23.8868,,,,,
M_tridactyla,2,1239, cls_1 ,1.0889,90.3682,6828.3882,3.9811,,,,,
M_tridactyla,2,1240, cls_1 ,1.0402,71.4424,36.7861,1.1229,,,,,
M_tridactyla,2,1242, cls_1 ,1.0912,159.75,344.0949,11.433,,,,,
M_tridactyla,2,1244, cls_1 ,1.0473,63.9,56.1118,0.8166,,,,,
M_tridactyla,2,1249, cls_1 ,1.078,71.4424,24.1776,1.225,,,,,
M_tridactyla,2,1252, cls_1 ,1.0606,223.65,11.55,1.4291,,,,,
M_tridactyla,2,1255, cls_1 ,1.1846,101.0348,80.3839,21.0285,,,,,
M_tridactyla,2,1256, cls_1 ,1.101,63.9,220.3284,119.9443,,,,,
M_tridactyla,2,1259, cls_1 ,1.2067,71.4424,77.6523,57.0629,,,,,
M_tridactyla,2,1260, cls_1 ,1.063,159.75,1315.5256,0.9187,,,,,
M_tridactyla,2,1262, cls_1 ,1.0975,225.9206,27.6611,0.4083,,,,,
M_tridactyla,2,1267, cls_1 ,1.1183,127.8,42.1332,30.522,,,,,
M_tridactyla,2,1272, cls_1 ,1.0283,71.4424,258.8802,0.7146,,,,,
M_tridactyla,2,1274, cls_1 ,1.1482,127.8,5544.3415,1.7354,,,,,
M_tridactyla,2,1275, cls_1 ,1.0131,294.5644,11.3574,0.8166,,,,,
M_tridactyla,2,1276, cls_1 ,1.1099,71.4424,440.7902,1.9395,,,,,
M_tridactyla,2,1277, cls_1 ,1.1193,90.3682,45.7321,5.104,,,,,
M_tridactyla,2,1278, cls_1 ,1.0517,159.75,25.9746,2.552,,,,,
M_tridactyla,2,1283, cls_1 ,1.0465,131.7332,393.4069,0.6125,,,,,
M_tridactyla,2,1284, cls_1 ,1.112,63.9,13.8603,0.9187,,,,,
M_tridactyla,2,1286, cls_1 ,1.112,383.4,15.5793,0.9187,,,,,
M_tridactyla,2,1287, cls_1 ,1.1474,115.1974,20.3433,2.9603,,,,,
M_tridactyla,2,1288, cls_1 ,1,101.0348,52.5962,0.1021,,,,,
M_tridactyla,2,1289, cls_1 ,1.0402,115.1974,449.9617,1.1229,,,,,
M_tridactyla,2,1290, cls_1 ,1.1084,101.0348,8870.0507,1.7354,,,,,
M_tridactyla,2,1291, cls_1 ,1.1125,186.2989,16.6497,0.6125,,,,,
M_tridactyla,2,1292, cls_1 ,1,63.9,18.1173,0.1021,,,,,
M_tridactyla,2,1294, cls_1 ,1.0769,115.1974,3062.3861,0.8166,,,,,
M_tridactyla,2,1295, cls_1 ,1.1226,63.9,20.7543,1.7354,,,,,
M_tridactyla,2,1300, cls_1 ,1.0836,115.1974,6824.0243,1.6333,,,,,
M_tridactyla,2,1301, cls_1 ,1.1565,71.4424,31.8608,25.1117,,,,,
M_tridactyla,2,1302, cls_1 ,1,71.4424,138.5382,0.1021,,,,,
M_tridactyla,2,1303, cls_1 ,1.0261,223.65,56.7171,0.5104,,,,,
M_tridactyla,2,1304, cls_1 ,1.1529,90.3682,2171.5116,6.4311,,,,,
M_tridactyla,2,1305, cls_1 ,1.1299,71.4424,4438.398,6.2269,,,,,
M_tridactyla,2,1307, cls_1 ,1.0283,63.9,22173.5928,0.7146,,,,,
M_tridactyla,2,1308, cls_1 ,1.0473,63.9,22176.1802,0.8166,,,,,
M_tridactyla,2,1309, cls_1 ,1.0932,63.9,22173.5981,0.7146,,,,,
M_tridactyla,2,1310, cls_1 ,1.0816,90.3682,44.0411,7.4519,,,,,
M_tridactyla,2,1311, cls_1 ,1.0556,172.056,15.136,1.225,,,,,
M_tridactyla,2,1312, cls_1 ,1.1103,159.75,21.2642,7.1456,,,,,
M_tridactyla,2,1313, cls_1 ,1.0932,90.3682,6834.4751,0.7146,,,,,
M_tridactyla,2,1314, cls_1 ,1,71.4424,663.2124,0.1021,,,,,
M_tridactyla,2,1315, cls_1 ,1.089,159.75,1777.2198,1.327,,,,,
M_tridactyla,2,1316, cls_1 ,1.1214,90.3682,5548.2313,3.4707,,,,,
M_tridactyla,2,1317, cls_1 ,1.1415,71.4424,121.7622,1.8374,,,,,
M_tridactyla,2,1319, cls_1 ,1.0769,95.85,9855.5873,0.8166,,,,,
M_tridactyla,2,1320, cls_1 ,1.1815,71.4424,24.819,22.1514,,,,,
M_tridactyla,2,1321, cls_1 ,1.0845,95.85,15.6267,5.8186,,,,,
M_tridactyla,2,1325, cls_1 ,1.1554,90.3682,89.8614,2.7562,,,,,
M_tridactyla,2,1326, cls_1 ,1.163,71.4424,90.8833,39.8113,,,,,
M_tridactyla,2,1327, cls_1 ,1.063,71.4424,17741.4033,0.9187,,,,,
M_tridactyla,2,1329, cls_1 ,1.0115,71.4424,17740.9076,1.1229,,,,,
M_tridactyla,2,1330, cls_1 ,1.0769,71.4424,17741.8967,1.7354,,,,,
M_tridactyla,2,1335, cls_1 ,1.078,172.056,11.2638,1.225,,,,,
M_tridactyla,2,1337, cls_1 ,1.0155,101.0348,8873.7106,0.2042,,,,,
M_tridactyla,2,1338, cls_1 ,1.1337,90.3682,73.9661,1.225,,,,,
M_tridactyla,2,1340, cls_1 ,1.0975,71.4424,9860.1203,0.4083,,,,,
M_tridactyla,2,1342, cls_1 ,1.0661,63.9,5555.4357,9.3914,,,,,
M_tridactyla,2,1343, cls_1 ,1.0283,101.0348,68.0483,0.7146,,,,,
M_tridactyla,2,1345, cls_1 ,1.0645,131.7332,4438.5955,7.1456,,,,,
M_tridactyla,2,1346, cls_1 ,1.0545,101.0348,6828.4218,2.8582,,,,,
M_tridactyla,2,1350, cls_1 ,1.0729,159.75,1820.5816,5.104,,,,,
M_tridactyla,2,1352, cls_1 ,1.1296,71.4424,4442.8156,1.6333,,,,,
M_tridactyla,2,1354, cls_1 ,1.0741,142.8847,2220.8115,4.1853,,,,,
M_tridactyla,2,1355, cls_1 ,1.0769,63.9,1554.4787,0.8166,,,,,
M_tridactyla,2,1356, cls_1 ,1.0155,71.4424,264.9622,0.2042,,,,,
M_tridactyla,2,1357, cls_1 ,1.1406,186.2989,54.1317,10.6163,,,,,
M_tridactyla,2,1358, cls_1 ,1.082,63.9,329.199,84.9308,,,,,
M_tridactyla,2,1359, cls_1 ,1.1197,101.0348,270.5022,0.7146,,,,,
M_tridactyla,2,1364, cls_1 ,1.0764,63.9,604.896,1.0208,,,,,
M_tridactyla,2,1368, cls_1 ,1.0932,142.8847,485.711,0.7146,,,,,
M_tridactyla,2,1369, cls_1 ,1,63.9,22177.4037,0.1021,,,,,
M_tridactyla,2,1370, cls_1 ,1.0909,71.4424,331.7771,0.2042,,,,,
M_tridactyla,2,1372, cls_1 ,1.102,191.7,2467.1314,1.8374,,,,,
M_tridactyla,2,1376, cls_1 ,1.0889,115.1974,1368.3109,0.9187,,,,,
M_tridactyla,2,1377, cls_1 ,1.1346,63.9,414.1809,0.4083,,,,,
M_tridactyla,2,1378, cls_1 ,1.1329,95.85,9866.5995,8.5747,,,,,
M_tridactyla,2,1380, cls_1 ,1.0932,95.85,36.9469,0.7146,,,,,
M_tridactyla,2,1385, cls_1 ,1.0155,71.4424,177.0158,0.2042,,,,,
M_tridactyla,2,1388, cls_1 ,1.1484,63.9,3424.6263,11.7392,,,,,
M_tridactyla,2,1391, cls_1 ,1.0887,63.9,6828.2513,2.9603,,,,,
M_tridactyla,2,1392, cls_1 ,1.059,71.4424,17740.4245,1.7354,,,,,
M_tridactyla,2,1394, cls_1 ,1.1596,63.9,2776.5325,13.8829,,,,,
M_tridactyla,2,1397, cls_1 ,1.0261,63.9,266.7687,0.5104,,,,,
M_tridactyla,2,1398, cls_1 ,1.1297,71.4424,57.0803,2.9603,,,,,
M_tridactyla,2,1399, cls_1 ,1.0819,63.9,51.6521,0.6125,,,,,
M_tridactyla,2,1400, cls_1 ,1.0465,71.4424,334.7747,0.6125,,,,,
M_tridactyla,2,1401, cls_1 ,1.0982,63.9,90.5655,1.225,,,,,
M_tridactyla,2,1404, cls_1 ,1.0657,63.9,17746.64,1.6333,,,,,
M_tridactyla,2,1405, cls_1 ,1.1717,95.85,83.1639,14.0871,,,,,
M_tridactyla,2,1407, cls_1 ,1.0358,63.9,30.664,0.3062,,,,,
M_tridactyla,2,1408, cls_1 ,1.056,204.5798,25.9039,2.4499,,,,,
M_tridactyla,2,1411, cls_1 ,1.0671,101.0348,12.4467,4.4915,,,,,
M_tridactyla,2,1413, cls_1 ,1.1077,142.8847,83.5378,5.7165,,,,,
M_tridactyla,2,1417, cls_1 ,1.1351,63.9,22175.8878,4.3895,,,,,
M_tridactyla,2,1418, cls_1 ,1.0155,115.1974,13.3409,0.2042,,,,,
M_tridactyla,2,1419, cls_1 ,1.1462,63.9,650.3594,2.1437,,,,,
M_tridactyla,2,1420, cls_1 ,1,63.9,590.0769,0.1021,,,,,
M_tridactyla,2,1421, cls_1 ,1.0485,115.1974,43.3681,4.3895,,,,,
M_tridactyla,2,1422, cls_1 ,1.1536,159.75,35.6558,4.1853,,,,,
M_tridactyla,2,1423, cls_1 ,1.105,63.9,22175.7529,0.5104,,,,,
M_tridactyla,2,1425, cls_1 ,1.1031,131.7332,582.6173,0.8166,,,,,
M_tridactyla,2,1428, cls_1 ,1.0819,95.85,35.744,0.6125,,,,,
M_tridactyla,2,1429, cls_1 ,1.0975,63.9,96.9601,0.4083,,,,,
M_tridactyla,2,1430, cls_1 ,1.1069,95.85,9856.964,3.9811,,,,,
M_tridactyla,2,1431, cls_1 ,1.0728,131.7332,1812.5711,1.5312,,,,,
M_tridactyla,2,1434, cls_1 ,1.0889,63.9,62.3984,0.9187,,,,,
M_tridactyla,2,1435, cls_1 ,1.1474,63.9,22.7056,19.089,,,,,
M_tridactyla,2,1436, cls_1 ,1.0537,202.0695,2219.3485,0.4083,,,,,
M_tridactyla,2,1438, cls_1 ,1.0688,71.4424,652.9273,0.5104,,,,,
M_tridactyla,2,1440, cls_1 ,1.0889,180.7365,715.8861,0.9187,,,,,
M_tridactyla,2,1447, cls_1 ,1,186.2989,11.0341,0.1021,,,,,
M_tridactyla,2,1450, cls_1 ,1.0728,101.0348,19.5209,1.5312,,,,,
M_tridactyla,2,1451, cls_1 ,1.1457,101.0348,27.9783,9.6976,,,,,
M_tridactyla,2,1453, cls_1 ,1.0358,71.4424,17740.0828,0.3062,,,,,
M_tridactyla,2,1456, cls_1 ,1.0819,101.0348,8871.7983,0.6125,,,,,
M_tridactyla,2,1459, cls_1 ,1.0402,71.4424,492.7172,1.1229,,,,,
M_tridactyla,2,1460, cls_1 ,1.2188,71.4424,3553.5733,9.5955,,,,,
M_tridactyla,2,1461, cls_1 ,1.2147,90.3682,4941.1339,2.4499,,,,,
M_tridactyla,2,1462, cls_1 ,1.0689,71.4424,17738.513,1.327,,,,,
M_tridactyla,2,1463, cls_1 ,1,71.4424,14.9753,0.1021,,,,,
M_tridactyla,2,1465, cls_1 ,1.078,186.2989,377.0047,1.225,,,,,
M_tridactyla,2,1469, cls_1 ,1.0358,71.4424,12.0849,0.3062,,,,,
M_tridactyla,2,1470, cls_1 ,1.1409,63.9,3562.8152,2.0416,,,,,
M_tridactyla,2,1473, cls_1 ,1.2416,63.9,217.2582,11.1267,,,,,
M_tridactyla,2,1474, cls_1 ,1.1309,180.7365,12.0577,1.4291,,,,,
M_tridactyla,2,1475, cls_1 ,1.1331,63.9,23.83,4.1853,,,,,
M_tridactyla,2,1476, cls_1 ,1.0933,71.4424,17743.0709,1.7354,,,,,
M_tridactyla,2,1480, cls_1 ,1.1545,71.4424,17740.4707,6.329,,,,,
M_tridactyla,2,1481, cls_1 ,1.1328,63.9,467.2405,0.9187,,,,,
M_tridactyla,2,1483, cls_1 ,1.0688,63.9,22179.9069,0.5104,,,,,
M_tridactyla,2,1489, cls_1 ,1.0261,101.0348,17.4227,0.5104,,,,,
M_tridactyla,2,1490, cls_1 ,1.0283,90.3682,7.9987,0.7146,,,,,
M_tridactyla,2,1491, cls_1 ,1.0131,63.9,29.6279,0.8166,,,,,
M_tridactyla,2,1492, cls_1 ,1.0884,71.4424,233.4939,2.6541,,,,,
M_tridactyla,2,1493, cls_1 ,1,63.9,335.5626,0.1021,,,,,
M_tridactyla,2,1495, cls_1 ,1,63.9,4456.5262,0.1021,,,,,
M_tridactyla,2,1496, cls_1 ,1.0939,63.9,15.3748,12.8621,,,,,
M_tridactyla,2,1497, cls_1 ,1.0402,90.3682,11091.0788,1.1229,,,,,
M_tridactyla,2,1501, cls_1 ,1.1047,159.75,34.9269,8.4727,,,,,
M_tridactyla,2,1502, cls_1 ,1.1289,63.9,1235.259,3.777,,,,,
M_tridactyla,2,1503, cls_1 ,1.1942,71.4424,17741.6611,4.1853,,,,,
M_tridactyla,2,1505, cls_1 ,1.0884,63.9,2400.5003,2.6541,,,,,
M_tridactyla,2,1507, cls_1 ,1.0688,63.9,17747.1091,0.5104,,,,,
M_tridactyla,2,1508, cls_1 ,1.0909,71.4424,17741.1125,0.2042,,,,,
M_tridactyla,2,1509, cls_1 ,1.0993,90.3682,7.7521,1.0208,,,,,
M_tridactyla,2,1510, cls_1 ,1.1066,90.3682,82.4286,2.2458,,,,,
M_tridactyla,2,1514, cls_1 ,1.2522,63.9,185.4535,31.9511,,,,,
M_tridactyla,2,1517, cls_1 ,1.1637,95.85,20.2781,2.7562,,,,,
M_tridactyla,2,1519, cls_1 ,1.0903,63.9,41.2021,2.0416,,,,,
M_tridactyla,2,1520, cls_1 ,1.1981,90.3682,58.8301,16.6391,,,,,
M_tridactyla,2,1522, cls_1 ,1.0465,63.9,17745.9347,0.6125,,,,,
M_tridactyla,2,1525, cls_1 ,1.0688,115.1974,21.6835,0.5104,,,,,
M_tridactyla,2,1527, cls_1 ,1.0402,95.85,1398.1197,1.1229,,,,,
M_tridactyla,2,1530, cls_1 ,1.0358,63.9,13.9855,0.3062,,,,,
M_tridactyla,2,1531, cls_1 ,1.0338,131.7332,10.2538,0.9187,,,,,
M_tridactyla,2,1532, cls_1 ,1.0155,63.9,65.0537,0.2042,,,,,
M_tridactyla,2,1533, cls_1 ,1.1154,63.9,1206.9318,1.4291,,,,,
M_tridactyla,2,1544, cls_1 ,1,63.9,11.5741,0.4083,,,,,
M_tridactyla,2,1545, cls_1 ,1.0688,63.9,65.395,0.5104,,,,,
M_tridactyla,2,1546, cls_1 ,1.1226,63.9,868.1092,10.4122,,,,,
M_tridactyla,2,1547, cls_1 ,1.1073,71.4424,17742.3125,1.327,,,,,
M_tridactyla,2,1549, cls_1 ,1.0465,272.9809,916.853,0.6125,,,,,
M_tridactyla,2,1553, cls_1 ,1,63.9,37.7771,0.4083,,,,,
M_tridactyla,2,1554, cls_1 ,1.1395,63.9,26.2197,0.6125,,,,,
M_tridactyla,2,1555, cls_1 ,1.1526,63.9,159.7139,3.2666,,,,,
M_tridactyla,2,1558, cls_1 ,1.0537,71.4424,17740.693,0.4083,,,,,
M_tridactyla,2,1559, cls_1 ,1.1042,95.85,9858.495,2.0416,,,,,
M_tridactyla,2,1561, cls_1 ,1.0993,63.9,190.1843,1.0208,,,,,
M_tridactyla,2,1562, cls_1 ,1.0631,63.9,39.3928,0.7146,,,,,
M_tridactyla,2,1563, cls_1 ,1,63.9,530.3083,0.1021,,,,,
M_tridactyla,2,1564, cls_1 ,1.0283,191.7,326.3826,0.7146,,,,,
M_tridactyla,2,1566, cls_1 ,1,71.4424,8882.3234,0.1021,,,,,
M_tridactyla,2,1572, cls_1 ,1.1065,101.0348,22.8661,3.6749,,,,,
M_tridactyla,2,1573, cls_1 ,1.0909,159.75,74.2445,0.2042,,,,,
M_tridactyla,2,1574, cls_1 ,1.1372,63.9,317.5735,1.5312,,,,,
M_tridactyla,2,1575, cls_1 ,1.1042,63.9,312.1408,2.0416,,,,,
M_tridactyla,2,1580, cls_1 ,1,101.0348,9.0111,0.1021,,,,,
M_tridactyla,2,1585, cls_1 ,1.1484,316.2889,5.2435,3.879,,,,,
M_tridactyla,2,1586, cls_1 ,1,71.4424,583.0905,0.1021,,,,,
M_tridactyla,2,1590, cls_1 ,1.116,127.8,128.0393,1.8374,,,,,
M_tridactyla,2,1592, cls_1 ,1.1332,328.9454,481.6683,3.3686,,,,,
M_tridactyla,2,1593, cls_1 ,1.0819,505.1739,8.4208,0.6125,,,,,
M_tridactyla,2,1594, cls_1 ,1.0155,101.0348,25.546,0.2042,,,,,
M_tridactyla,2,1595, cls_1 ,1.1305,71.4424,1208.7455,4.2874,,,,,
M_tridactyla,2,1596, cls_1 ,1.0819,71.4424,421.3461,0.6125,,,,,
M_tridactyla,2,1599, cls_1 ,1.0932,596.8753,10.8309,0.7146,,,,,
M_tridactyla,2,1600, cls_1 ,1.0858,135.5524,30.9718,5.3082,,,,,
M_tridactyla,2,1601, cls_1 ,1.1412,319.5,241.1994,3.879,,,,,
M_tridactyla,2,1604, cls_1 ,1.0155,101.0348,869.036,0.2042,,,,,
M_tridactyla,2,1607, cls_1 ,1.0261,101.0348,8869.8718,0.5104,,,,,
M_tridactyla,2,1608, cls_1 ,1,101.0348,8873.9766,0.1021,,,,,
M_tridactyla,2,1611, cls_1 ,1.1265,71.4424,394.1763,0.8166,,,,,
M_tridactyla,2,1612, cls_1 ,1.1429,90.3682,1230.0925,1.6333,,,,,
M_tridactyla,2,1614, cls_1 ,1.0805,90.3682,63.0403,1.4291,,,,,
M_tridactyla,2,1618, cls_1 ,1.1809,90.3682,11088.8693,14.9037,,,,,
M_tridactyla,2,1620, cls_1 ,1.0926,204.5798,5.226,2.552,,,,,
M_tridactyla,2,1622, cls_1 ,1.0688,101.0348,240.8921,0.5104,,,,,
M_tridactyla,2,1625, cls_1 ,1.1289,101.0348,28.77,3.777,,,,,
M_tridactyla,2,1626, cls_1 ,1,272.9809,348.7781,0.1021,,,,,
M_tridactyla,2,1627, cls_1 ,1.0988,142.8847,135.4622,2.1437,,,,,
M_tridactyla,2,1628, cls_1 ,1.2155,63.9,62.6254,23.4785,,,,,
M_tridactyla,2,1630, cls_1 ,1.0998,162.9137,198.7169,2.9603,,,,,
M_tridactyla,2,1635, cls_1 ,1.0914,159.75,3570.6975,0.3062,,,,,
M_tridactyla,2,1637, cls_1 ,1.046,63.9,83.6017,1.6333,,,,,
M_tridactyla,2,1640, cls_1 ,1.0131,316.2889,4.9801,0.8166,,,,,
M_tridactyla,2,1641, cls_1 ,1.1063,71.4424,7.8223,3.3686,,,,,
M_tridactyla,2,1642, cls_1 ,1.1477,191.7,2466.2358,0.8166,,,,,
M_tridactyla,2,1643, cls_1 ,1.0631,142.8847,128.2383,0.7146,,,,,
M_tridactyla,2,1645, cls_1 ,1.0631,204.5798,6.3147,0.7146,,,,,
M_tridactyla,2,1646, cls_1 ,1.1532,90.3682,84.6713,12.3517,,,,,
M_tridactyla,2,1647, cls_1 ,1.1614,63.9,22239.8021,48.8964,,,,,
M_tridactyla,2,1650, cls_1 ,1.0889,225.9206,99.0063,0.9187,,,,,
M_tridactyla,2,1651, cls_1 ,1.1108,63.9,609.2375,5.9207,,,,,
M_tridactyla,2,1652, cls_1 ,1.0283,63.9,206.2808,0.7146,,,,,
M_tridactyla,2,1654, cls_1 ,1.1226,204.5798,842.9088,1.7354,,,,,
M_tridactyla,2,1656, cls_1 ,1,63.9,242.6752,0.1021,,,,,
M_tridactyla,2,1657, cls_1 ,1.0932,90.3682,11091.0282,0.7146,,,,,
M_tridactyla,2,1658, cls_1 ,1.0769,63.9,22172.611,0.8166,,,,,
M_tridactyla,2,1659, cls_1 ,1.1641,63.9,75.6144,9.6976,,,,,
M_tridactyla,2,1660, cls_1 ,1.088,71.4424,379.9888,1.1229,,,,,
M_tridactyla,2,1661, cls_1 ,1.0932,186.2989,12.8363,0.7146,,,,,
M_tridactyla,2,1664, cls_1 ,1.0155,71.4424,15.0333,0.2042,,,,,
M_tridactyla,2,1665, cls_1 ,1.0771,95.85,32.3235,3.6749,,,,,
M_tridactyla,2,1667, cls_1 ,1.1154,90.3682,11088.4175,1.4291,,,,,
M_tridactyla,2,1668, cls_1 ,1.0932,63.9,22173.8432,0.7146,,,,,
M_tridactyla,2,1672, cls_1 ,1.0937,95.85,42.6541,2.2458,,,,,
M_tridactyla,2,1673, cls_1 ,1.1197,71.4424,17835.1353,0.7146,,,,,
M_tridactyla,2,1674, cls_1 ,1.0359,101.0348,854.5647,2.552,,,,,
M_tridactyla,2,1675, cls_1 ,1.1663,71.4424,17741.7299,10.8205,,,,,
M_tridactyla,2,1677, cls_1 ,1.1761,101.0348,210.746,7.7581,,,,,
M_tridactyla,2,1678, cls_1 ,1.07,71.4424,172.6453,3.1645,,,,,
M_tridactyla,2,1680, cls_1 ,1.0701,71.4424,120.5128,2.1437,,,,,
M_tridactyla,2,1681, cls_1 ,1.0688,63.9,460.7994,0.5104,,,,,
M_tridactyla,2,1682, cls_1 ,1.1662,63.9,22178.9647,39.6071,,,,,
M_tridactyla,2,1683, cls_1 ,1.1282,90.3682,36.4837,16.537,,,,,
M_tridactyla,2,1685, cls_1 ,1.0537,71.4424,531.0027,0.4083,,,,,
M_tridactyla,2,1687, cls_1 ,1.1756,63.9,6960.0397,20.5181,,,,,
M_tridactyla,2,1691, cls_1 ,1,71.4424,29.2093,0.1021,,,,,
M_tridactyla,2,1693, cls_1 ,1.1692,90.3682,26.8317,26.6429,,,,,
M_tridactyla,2,1694, cls_1 ,1.1477,90.3682,25.8857,0.8166,,,,,
M_tridactyla,2,1695, cls_1 ,1.1434,71.4424,273.0311,0.7146,,,,,
M_tridactyla,2,1696, cls_1 ,1.078,159.75,31.9266,1.225,,,,,
M_tridactyla,2,1697, cls_1 ,1.0846,63.9,73.6662,3.777,,,,,
M_tridactyla,2,1698, cls_1 ,1.0689,159.75,97.9575,1.327,,,,,
M_tridactyla,2,1699, cls_1 ,1.0556,127.8,33.1388,7.2477,,,,,
M_tridactyla,2,1700, cls_1 ,1.0509,71.4424,70.0013,1.0208,,,,,
M_tridactyla,2,1702, cls_1 ,1.0261,63.9,22190.2113,0.5104,,,,,
M_tridactyla,2,1703, cls_1 ,1.0654,71.4424,58.3778,1.1229,,,,,
M_tridactyla,2,1706, cls_1 ,1.0769,71.4424,77.0967,1.7354,,,,,
M_tridactyla,2,1707, cls_1 ,1.1729,63.9,24.3738,27.0513,,,,,
M_tridactyla,2,1708, cls_1 ,1.1085,101.0348,15.2655,1.1229,,,,,
M_tridactyla,2,1709, cls_1 ,1.1075,71.4424,49.589,1.5312,,,,,
M_tridactyla,2,1713, cls_1 ,1.0933,131.7332,20.207,1.7354,,,,,
M_tridactyla,2,1714, cls_1 ,1.0274,223.65,16.6881,4.2874,,,,,
M_tridactyla,2,1719, cls_1 ,1.1187,127.8,15.3075,2.2458,,,,,
M_tridactyla,2,1720, cls_1 ,1.1366,71.4424,32.1199,2.552,,,,,
M_tridactyla,2,1721, cls_1 ,1.0631,214.3271,142.103,0.7146,,,,,
M_tridactyla,2,1726, cls_1 ,1.0338,127.8,110.6275,0.9187,,,,,
M_tridactyla,2,1731, cls_1 ,1.0465,127.8,17.3315,0.6125,,,,,
M_tridactyla,2,1736, cls_1 ,1.167,71.4424,17768.1023,0.8166,,,,,
M_tridactyla,2,1737, cls_1 ,1.0335,71.4424,17739.9289,1.8374,,,,,
M_tridactyla,2,1739, cls_1 ,1.1638,63.9,22186.9118,0.5104,,,,,
M_tridactyla,2,1740, cls_1 ,1.0975,71.4424,15.0582,0.4083,,,,,
M_tridactyla,2,1743, cls_1 ,1.1096,127.8,166.8529,3.2666,,,,,
M_tridactyla,2,1744, cls_1 ,1.105,95.85,9860.1377,0.5104,,,,,
M_tridactyla,2,1746, cls_1 ,1.2174,115.1974,131.2539,44.2007,,,,,
M_tridactyla,2,1748, cls_1 ,1.0975,63.9,73.712,0.4083,,,,,
M_tridactyla,2,1752, cls_1 ,1.022,127.8,6.448,1.0208,,,,,
M_tridactyla,2,1753, cls_1 ,1.089,90.3682,11089.9906,1.327,,,,,
M_tridactyla,2,1754, cls_1 ,1.0155,71.4424,5551.7527,0.2042,,,,,
M_tridactyla,2,1755, cls_1 ,1.1187,95.85,9857.6341,2.2458,,,,,
M_tridactyla,2,1757, cls_1 ,1.0509,71.4424,23.8343,1.0208,,,,,
M_tridactyla,2,1759, cls_1 ,1.1781,71.4424,44.4859,1.9395,,,,,
M_tridactyla,2,1760, cls_1 ,1.1366,90.3682,14.256,2.552,,,,,
M_tridactyla,2,1763, cls_1 ,1.0283,71.4424,17739.7033,0.7146,,,,,
M_tridactyla,2,1764, cls_1 ,1.0261,255.6,5.3677,0.5104,,,,,
M_tridactyla,2,1765, cls_1 ,1.0465,127.8,13.7644,0.6125,,,,,
M_tridactyla,2,1766, cls_1 ,1.0688,172.056,297.6866,0.5104,,,,,
M_tridactyla,2,1767, cls_1 ,1.0537,101.0348,8872.5268,0.4083,,,,,
M_tridactyla,2,1770, cls_1 ,1.0556,127.8,6.4135,1.225,,,,,
M_tridactyla,2,1778, cls_1 ,1.1233,115.1974,13.6099,3.9811,,,,,
M_tridactyla,2,1783, cls_1 ,1.1477,71.4424,8882.1713,0.8166,,,,,
M_tridactyla,2,1786, cls_1 ,1.0402,63.9,22173.2299,1.1229,,,,,
M_tridactyla,2,1787, cls_1 ,1.0467,127.8,5.3837,1.327,,,,,
M_tridactyla,2,1789, cls_1 ,1.1004,71.4424,1544.8149,4.5936,,,,,
M_tridactyla,2,1790, cls_1 ,1.0932,115.1974,15.4679,0.7146,,,,,
M_tridactyla,2,1793, cls_1 ,1,63.9,26.0649,0.1021,,,,,
M_tridactyla,2,1796, cls_1 ,1.0909,131.7332,13.0304,0.2042,,,,,
M_tridactyla,2,1798, cls_1 ,1.1682,90.3682,11124.7828,26.9492,,,,,
M_tridactyla,2,1799, cls_1 ,1.1513,63.9,24.4823,6.2269,,,,,
M_tridactyla,2,1802, cls_1 ,1.1242,115.1974,261.6208,1.327,,,,,
M_tridactyla,2,1809, cls_1 ,1.0537,63.9,13.0596,0.4083,,,,,
M_tridactyla,2,1810, cls_1 ,1.0537,127.8,2789.6998,0.4083,,,,,
M_tridactyla,2,1812, cls_1 ,1.0465,63.9,13.7139,0.6125,,,,,
M_tridactyla,2,1813, cls_1 ,1.0547,131.7332,58.2351,3.6749,,,,,
M_tridactyla,2,1814, cls_1 ,1.1381,71.4424,1840.2535,3.4707,,,,,
M_tridactyla,2,1817, cls_1 ,1.0283,191.7,13.5081,0.7146,,,,,
M_tridactyla,2,1821, cls_1 ,1.0911,71.4424,17.4834,10.3101,,,,,
M_tridactyla,2,1822, cls_1 ,1.1162,63.9,22197.2198,28.9908,,,,,
M_tridactyla,2,1824, cls_1 ,1.1166,131.7332,1402.195,4.8999,,,,,
M_tridactyla,2,1826, cls_1 ,1.1371,71.4424,17771.6562,28.4804,,,,,
M_tridactyla,2,1827, cls_1 ,1.1396,115.1974,23.9959,3.6749,,,,,
M_tridactyla,2,1828, cls_1 ,1.1585,71.4424,45.9404,4.4915,,,,,
M_tridactyla,2,1829, cls_1 ,1.1153,127.8,13.308,5.3082,,,,,
M_tridactyla,2,1832, cls_1 ,1.0465,101.0348,8878.9151,0.6125,,,,,
M_tridactyla,2,1833, cls_1 ,1.0616,101.0348,8871.3681,4.2874,,,,,
M_tridactyla,2,1834, cls_1 ,1.0654,127.8,13.3165,1.1229,,,,,
M_tridactyla,2,1835, cls_1 ,1.0909,131.7332,12.5151,1.5312,,,,,
M_tridactyla,2,1836, cls_1 ,1.0909,95.85,16.4344,1.5312,,,,,
M_tridactyla,2,1837, cls_1 ,1.1448,71.4424,45.9557,8.6768,,,,,
M_tridactyla,2,1838, cls_1 ,1.0155,127.8,193.9549,0.2042,,,,,
M_tridactyla,2,1839, cls_1 ,1,71.4424,29.2601,0.1021,,,,,
M_tridactyla,2,1840, cls_1 ,1.0465,71.4424,54.524,0.6125,,,,,
M_tridactyla,2,1845, cls_1 ,1.0155,101.0348,198.9995,0.2042,,,,,
M_tridactyla,2,1846, cls_1 ,1.0402,115.1974,290.9331,1.1229,,,,,
M_tridactyla,2,1847, cls_1 ,1.1042,131.7332,7.299,2.0416,,,,,
M_tridactyla,2,1848, cls_1 ,1.0769,63.9,603.9998,0.8166,,,,,
M_tridactyla,2,1849, cls_1 ,1.1242,127.8,1814.098,1.327,,,,,
M_tridactyla,2,1851, cls_1 ,1.0155,71.4424,258.297,0.2042,,,,,
M_tridactyla,2,1852, cls_1 ,1.0647,71.4424,17738.5964,1.9395,,,,,
M_tridactyla,2,1853, cls_1 ,1.1861,90.3682,892.5024,20.7223,,,,,
M_tridactyla,2,1854, cls_1 ,1.1265,71.4424,58.3491,0.8166,,,,,
M_tridactyla,2,1855, cls_1 ,1.0631,294.5644,8.1366,0.7146,,,,,
M_tridactyla,2,1857, cls_1 ,1.0473,272.9809,12.64,0.8166,,,,,
M_tridactyla,2,1859, cls_1 ,1.0358,131.7332,7.532,0.3062,,,,,
M_tridactyla,2,1860, cls_1 ,1.0769,272.9809,15.5908,0.8166,,,,,
M_tridactyla,2,1861, cls_1 ,1.1084,90.3682,51.9568,4.5936,,,,,
M_tridactyla,2,1862, cls_1 ,1.0283,115.1974,6836.9041,0.7146,,,,,
M_tridactyla,2,1864, cls_1 ,1.1125,63.9,22173.7258,0.6125,,,,,
M_tridactyla,2,1865, cls_1 ,1,63.9,22173.1025,0.1021,,,,,
M_tridactyla,2,1866, cls_1 ,1.0473,63.9,22173.1119,0.8166,,,,,
M_tridactyla,2,1869, cls_1 ,1.1154,115.1974,31.7341,1.4291,,,,,
M_tridactyla,2,1870, cls_1 ,1.1183,95.85,9855.3655,3.5728,,,,,
M_tridactyla,2,1871, cls_1 ,1.0688,63.9,22172.8217,0.5104,,,,,
M_tridactyla,2,1872, cls_1 ,1.1197,90.3682,11086.7392,0.7146,,,,,
M_tridactyla,2,1873, cls_1 ,1.07,90.3682,101.5839,3.1645,,,,,
M_tridactyla,2,1875, cls_1 ,1.102,255.6,208.9036,1.8374,,,,,
M_tridactyla,2,1877, cls_1 ,1.046,90.3682,11089.544,1.6333,,,,,
M_tridactyla,2,1906, cls_1 ,1.0819,71.4424,17738.0782,0.6125,,,,,
M_tridactyla,2,2, cls_3 ,1.1428,71.4424,1107.1713,254.0777,,,,,
M_tridactyla,2,3, cls_3 ,1.2923,63.9,1727.5165,5635.4423,,,,,
M_tridactyla,2,9, cls_3 ,1,71.4424,11046.8727,0.1021,,,,,
M_tridactyla,2,12, cls_3 ,1,115.1974,4251.2972,0.4083,,,,,
M_tridactyla,2,15, cls_3 ,1.1008,101.0348,375.9215,3.879,,,,,
M_tridactyla,2,26, cls_3 ,1,71.4424,1227.1925,0.1021,,,,,
M_tridactyla,2,27, cls_3 ,1.2297,63.9,36335.9146,307.2616,,,,,
M_tridactyla,2,35, cls_3 ,1.3604,63.9,3990.8105,18140.4771,,,,,
M_tridactyla,2,37, cls_3 ,1,63.9,13807.0437,0.1021,,,,,
M_tridactyla,2,40, cls_3 ,1.0358,71.4424,35738.1249,0.3062,,,,,
M_tridactyla,2,45, cls_3 ,1,63.9,44737.1507,0.1021,,,,,
M_tridactyla,2,58, cls_3 ,1.0338,194.3443,1535.8615,0.9187,,,,,
M_tridactyla,2,69, cls_3 ,1.0311,225.9206,241.0106,1.5312,,,,,
M_tridactyla,2,71, cls_3 ,1.0358,71.4424,19750.2293,0.3062,,,,,
M_tridactyla,2,75, cls_3 ,1.053,95.85,1347.7744,1.5312,,,,,
M_tridactyla,2,76, cls_3 ,1.088,71.4424,35544.92,1.1229,,,,,
M_tridactyla,2,77, cls_3 ,1.1075,71.4424,1307.0432,2.7562,,,,,
M_tridactyla,2,80, cls_3 ,1.0338,63.9,44430.7175,0.9187,,,,,
M_tridactyla,2,84, cls_3 ,1.0982,90.3682,3595.7731,1.225,,,,,
M_tridactyla,2,89, cls_3 ,1.1362,204.5798,1351.1709,0.5104,,,,,
M_tridactyla,2,103, cls_3 ,1.0864,71.4424,35545.9429,12.658,,,,,
M_tridactyla,2,112, cls_3 ,1.0386,101.0348,17779.8665,1.4291,,,,,
M_tridactyla,2,145, cls_3 ,1.0225,90.3682,22219.61,2.0416,,,,,
M_tridactyla,2,162, cls_3 ,1.1212,63.9,44431.685,10.1059,,,,,
M_tridactyla,2,177, cls_3 ,1.0358,63.9,2015.0297,0.3062,,,,,
M_tridactyla,2,196, cls_3 ,1,63.9,44428.6493,0.4083,,,,,
M_tridactyla,2,222, cls_3 ,1.0933,71.4424,35547.0634,1.7354,,,,,
M_tridactyla,2,233, cls_3 ,1.0909,71.4424,35543.4099,0.2042,,,,,
M_tridactyla,2,264, cls_3 ,1.0817,71.4424,22218.6392,3.1645,,,,,
M_tridactyla,2,286, cls_3 ,1.0631,63.9,35552.4488,0.7146,,,,,
M_tridactyla,2,292, cls_3 ,1.0155,63.9,44430.7858,0.2042,,,,,
M_tridactyla,2,293, cls_3 ,1.0155,63.9,44429.6499,0.2042,,,,,
M_tridactyla,2,295, cls_3 ,1.0358,101.0348,17772.8025,0.3062,,,,,
M_tridactyla,2,301, cls_3 ,1.0932,63.9,10461.3925,0.7146,,,,,
M_tridactyla,2,309, cls_3 ,1,63.9,13812.9722,0.1021,,,,,
M_tridactyla,2,314, cls_3 ,1.0155,63.9,44429.0613,0.2042,,,,,
M_tridactyla,2,363, cls_3 ,1.1432,101.0348,990.9716,39.5051,,,,,
M_tridactyla,2,378, cls_3 ,1.063,101.0348,2443.9174,0.9187,,,,,
M_tridactyla,2,379, cls_3 ,1.1265,63.9,13817.4336,0.8166,,,,,
M_tridactyla,2,387, cls_3 ,1.0417,71.4424,35554.884,2.0416,,,,,
M_tridactyla,2,390, cls_3 ,1.063,142.8847,3376.1489,0.9187,,,,,
M_tridactyla,2,392, cls_3 ,1,71.4424,4256.435,0.1021,,,,,
M_tridactyla,2,400, cls_3 ,1.0987,63.9,20644.8624,1.4291,,,,,
M_tridactyla,2,401, cls_3 ,1.0909,63.9,4804.3968,0.2042,,,,,
M_tridactyla,2,418, cls_3 ,1.1388,127.8,3486.4548,1.0208,,,,,
M_tridactyla,2,420, cls_3 ,1.0155,71.4424,36290.9726,0.2042,,,,,
M_tridactyla,2,422, cls_3 ,1.1424,63.9,192.0814,14.6996,,,,,
M_tridactyla,2,449, cls_3 ,1.1477,95.85,20033.6397,0.8166,,,,,
M_tridactyla,2,459, cls_3 ,1,71.4424,2552.216,0.1021,,,,,
M_tridactyla,2,464, cls_3 ,1.1073,71.4424,2066.7684,1.327,,,,,
M_tridactyla,2,465, cls_3 ,1.0654,63.9,312.42,1.1229,,,,,
M_tridactyla,2,470, cls_3 ,1.2757,63.9,852.5571,571.4452,,,,,
M_tridactyla,2,471, cls_3 ,1.0717,101.0348,5546.8111,4.2874,,,,,
M_tridactyla,2,473, cls_3 ,1.0283,101.0348,17775.5923,0.7146,,,,,
M_tridactyla,2,474, cls_3 ,1.0769,63.9,35547.8895,0.8166,,,,,
M_tridactyla,2,478, cls_3 ,1.1888,71.4424,35550.0949,1.1229,,,,,
M_tridactyla,2,483, cls_3 ,1.0509,63.9,13675.6867,1.0208,,,,,
M_tridactyla,2,493, cls_3 ,1.0155,285.7695,1058.7414,0.2042,,,,,
M_tridactyla,2,495, cls_3 ,1.1039,90.3682,17774.8786,4.7978,,,,,
M_tridactyla,2,496, cls_3 ,1.1226,71.4424,188.8302,1.7354,,,,,
M_tridactyla,2,497, cls_3 ,1.0932,71.4424,375.1011,0.7146,,,,,
M_tridactyla,2,498, cls_3 ,1.0657,63.9,1434.4793,1.6333,,,,,
M_tridactyla,2,499, cls_3 ,1.0914,142.8847,682.7915,0.3062,,,,,
M_tridactyla,2,505, cls_3 ,1.1075,95.85,140.79,2.7562,,,,,
M_tridactyla,2,512, cls_3 ,1.0975,142.8847,770.1918,0.4083,,,,,
M_tridactyla,2,516, cls_3 ,1.0972,63.9,13895.0445,42.8737,,,,,
M_tridactyla,2,520, cls_3 ,1,63.9,44430.7868,0.1021,,,,,
M_tridactyla,2,522, cls_3 ,1,101.0348,5606.813,0.1021,,,,,
M_tridactyla,2,525, cls_3 ,1.0331,127.8,3481.4548,3.0624,,,,,
M_tridactyla,2,529, cls_3 ,1.1206,63.9,1453.4502,4.0832,,,,,
M_tridactyla,2,531, cls_3 ,1,115.1974,2307.1159,0.1021,,,,,
M_tridactyla,2,532, cls_3 ,1.1328,172.056,2766.5502,0.9187,,,,,
M_tridactyla,2,535, cls_3 ,1.1225,71.4424,35628.1518,8.6768,,,,,
M_tridactyla,2,546, cls_3 ,1.1032,159.75,4164.0911,3.4707,,,,,
M_tridactyla,2,559, cls_3 ,1,272.9809,522.6319,0.1021,,,,,
M_tridactyla,2,562, cls_3 ,1.1031,159.75,933.7005,0.8166,,,,,
M_tridactyla,2,575, cls_3 ,1.1311,127.8,629.6118,5.8186,,,,,
M_tridactyla,2,595, cls_3 ,1,63.9,44429.822,0.1021,,,,,
M_tridactyla,2,618, cls_3 ,1,384.7289,716.1068,0.1021,,,,,
M_tridactyla,2,629, cls_3 ,1.1001,127.8,344.5944,1.6333,,,,,
M_tridactyla,2,637, cls_3 ,1.0932,135.5524,623.1832,0.7146,,,,,
M_tridactyla,2,653, cls_3 ,1,71.4424,35587.0217,0.1021,,,,,
M_tridactyla,2,655, cls_3 ,1.0899,71.4424,35546.464,4.6957,,,,,
M_tridactyla,2,657, cls_3 ,1.1509,63.9,14368.4087,2.4499,,,,,
M_tridactyla,2,658, cls_3 ,1.0631,95.85,1849.1616,0.7146,,,,,
M_tridactyla,2,662, cls_3 ,1,271.1047,392.6007,0.1021,,,,,
M_tridactyla,2,667, cls_3 ,1.1031,230.3947,215.8518,3.1645,,,,,
M_tridactyla,2,679, cls_3 ,1.0555,63.9,1069.0454,7.8602,,,,,
M_tridactyla,2,687, cls_3 ,1.1339,90.3682,22268.4823,8.881,,,,,
M_tridactyla,2,702, cls_3 ,1.0521,127.8,11143.0485,6.329,,,,,
M_tridactyla,2,721, cls_3 ,1.1771,63.9,22871.5646,26.3367,,,,,
M_tridactyla,2,726, cls_3 ,1.0465,63.9,566.2357,0.6125,,,,,
M_tridactyla,2,729, cls_3 ,1.1265,180.7365,1270.2714,2.552,,,,,
M_tridactyla,2,733, cls_3 ,1.1366,186.2989,1010.3416,2.552,,,,,
M_tridactyla,2,751, cls_3 ,1.0155,71.4424,35544.0422,0.2042,,,,,
M_tridactyla,2,752, cls_3 ,1.128,63.9,44565.9468,54.8171,,,,,
M_tridactyla,2,771, cls_3 ,1.1187,135.5524,1438.4406,8.1664,,,,,
M_tridactyla,2,783, cls_3 ,1.1365,63.9,6107.6173,3.2666,,,,,
M_tridactyla,2,785, cls_3 ,1.1806,101.0348,17808.6477,3.6749,,,,,
M_tridactyla,2,798, cls_3 ,1.1701,180.7365,2287.8546,5.7165,,,,,
M_tridactyla,2,803, cls_3 ,1.053,71.4424,1264.4525,1.5312,,,,,
M_tridactyla,2,816, cls_3 ,1.0909,63.9,744.9549,0.2042,,,,,
M_tridactyla,2,823, cls_3 ,1.1031,63.9,1416.3794,3.1645,,,,,
M_tridactyla,2,824, cls_3 ,1.1013,63.9,1878.3149,14.1892,,,,,
M_tridactyla,2,827, cls_3 ,1.1488,101.0348,13746.0272,14.1892,,,,,
M_tridactyla,2,828, cls_3 ,1.0975,131.7332,4047.6725,0.4083,,,,,
M_tridactyla,2,831, cls_3 ,1,63.9,44562.0068,0.1021,,,,,
M_tridactyla,2,838, cls_3 ,1.0604,90.3682,719.8498,2.3478,,,,,
M_tridactyla,2,843, cls_3 ,1.1003,101.0348,698.1104,7.4519,,,,,
M_tridactyla,2,844, cls_3 ,1.0909,202.0695,2467.3283,0.2042,,,,,
M_tridactyla,2,849, cls_3 ,1.1065,63.9,1420.8107,3.6749,,,,,
M_tridactyla,2,852, cls_3 ,1.0306,101.0348,5513.6888,1.225,,,,,
M_tridactyla,2,860, cls_3 ,1.1817,95.85,19967.5553,6.329,,,,,
M_tridactyla,2,867, cls_3 ,1.1369,63.9,2632.5046,9.3914,,,,,
M_tridactyla,2,869, cls_3 ,1.0047,63.9,44457.041,0.6125,,,,,
M_tridactyla,2,903, cls_3 ,1.0631,131.7332,2998.5058,0.7146,,,,,
M_tridactyla,2,909, cls_3 ,1,159.75,5295.3404,0.1021,,,,,
M_tridactyla,2,926, cls_3 ,1.0509,63.9,8964.4468,2.9603,,,,,
M_tridactyla,2,964, cls_3 ,1.077,63.9,44431.4318,4.8999,,,,,
M_tridactyla,2,966, cls_3 ,1.1659,90.3682,757.6049,7.3498,,,,,
M_tridactyla,2,981, cls_3 ,1.1174,63.9,19750.9035,16.2308,,,,,
M_tridactyla,2,985, cls_3 ,1.2957,63.9,36138.4163,725.5864,,,,,
M_tridactyla,2,992, cls_3 ,1.1376,63.9,1417.9786,2.7562,,,,,
M_tridactyla,2,996, cls_3 ,1.1008,172.056,773.9461,6.1248,,,,,
M_tridactyla,2,1002, cls_3 ,1.0465,63.9,2777.701,0.6125,,,,,
M_tridactyla,2,1004, cls_3 ,1.1631,71.4424,954.0115,7.8602,,,,,
M_tridactyla,2,1006, cls_3 ,1,71.4424,86.5552,0.1021,,,,,
M_tridactyla,2,1008, cls_3 ,1.0509,71.4424,13681.777,1.0208,,,,,
M_tridactyla,2,1013, cls_3 ,1.0688,63.9,44429.3236,0.5104,,,,,
M_tridactyla,2,1014, cls_3 ,1.0889,71.4424,87.2966,0.9187,,,,,
M_tridactyla,2,1021, cls_3 ,1.0791,95.85,19820.3522,4.7978,,,,,
M_tridactyla,2,1024, cls_3 ,1.0648,71.4424,35544.6548,4.5936,,,,,
M_tridactyla,2,1046, cls_3 ,1.0909,63.9,44436.0925,0.2042,,,,,
M_tridactyla,2,1047, cls_3 ,1.0688,63.9,44433.7676,0.5104,,,,,
M_tridactyla,2,1050, cls_3 ,1.0537,71.4424,35550.6246,0.4083,,,,,
M_tridactyla,2,1053, cls_3 ,1.088,172.056,246.389,1.1229,,,,,
M_tridactyla,2,1063, cls_3 ,1.0914,71.4424,781.5216,0.3062,,,,,
M_tridactyla,2,1070, cls_3 ,1,95.85,19750.5659,0.1021,,,,,
M_tridactyla,2,1071, cls_3 ,1.088,71.4424,35545.2052,1.1229,,,,,
M_tridactyla,2,1077, cls_3 ,1.0631,90.3682,22230.8598,0.7146,,,,,
M_tridactyla,2,1086, cls_3 ,1.1305,63.9,590.8935,4.2874,,,,,
M_tridactyla,2,1090, cls_3 ,1,90.3682,22216.1738,0.1021,,,,,
M_tridactyla,2,1091, cls_3 ,1.1282,63.9,260.5065,24.0909,,,,,
M_tridactyla,2,1092, cls_3 ,1.1606,63.9,44437.2749,8.3706,,,,,
M_tridactyla,2,1095, cls_3 ,1,63.9,9884.491,0.1021,,,,,
M_tridactyla,2,1103, cls_3 ,1.0543,63.9,10459.4319,3.2666,,,,,
M_tridactyla,2,1106, cls_3 ,1.0989,115.1974,13676.0101,9.4935,,,,,
M_tridactyla,2,1124, cls_3 ,1.0769,63.9,44431.5018,0.8166,,,,,
M_tridactyla,2,1127, cls_3 ,1,63.9,44431.3305,0.1021,,,,,
M_tridactyla,2,1128, cls_3 ,1.0047,127.8,2102.9888,0.6125,,,,,
M_tridactyla,2,1133, cls_3 ,1,71.4424,35547.5182,0.1021,,,,,
M_tridactyla,2,1140, cls_3 ,1.0651,63.9,35546.5548,2.2458,,,,,
M_tridactyla,2,1141, cls_3 ,1.0473,63.9,35550.3256,0.8166,,,,,
M_tridactyla,2,1143, cls_3 ,1.0283,127.8,11109.3916,0.7146,,,,,
M_tridactyla,2,1145, cls_3 ,1.0799,95.85,853.5232,2.2458,,,,,
M_tridactyla,2,1146, cls_3 ,1.0914,63.9,44430.7733,0.3062,,,,,
M_tridactyla,2,1148, cls_3 ,1.1149,63.9,3438.0618,40.8321,,,,,
M_tridactyla,2,1154, cls_3 ,1.0688,63.9,1817.6251,0.5104,,,,,
M_tridactyla,2,1155, cls_3 ,1.1298,63.9,44438.5998,10.5143,,,,,
M_tridactyla,2,1164, cls_3 ,1.0261,127.8,565.1658,0.5104,,,,,
M_tridactyla,2,1169, cls_3 ,1.0338,172.056,156.1233,0.9187,,,,,
M_tridactyla,2,1173, cls_3 ,1.0445,63.9,316.8967,2.3478,,,,,
M_tridactyla,2,1174, cls_3 ,1.1337,115.1974,588.5034,1.225,,,,,
M_tridactyla,2,1179, cls_3 ,1.0769,63.9,7212.5711,0.8166,,,,,
M_tridactyla,2,1180, cls_3 ,1,63.9,224.5838,0.1021,,,,,
M_tridactyla,2,1185, cls_3 ,1.1825,63.9,1502.9893,13.985,,,,,
M_tridactyla,2,1186, cls_3 ,1.1167,63.9,44430.6693,13.0663,,,,,
M_tridactyla,2,1189, cls_3 ,1.0631,90.3682,3645.2876,0.7146,,,,,
M_tridactyla,2,1190, cls_3 ,1.1154,159.75,344.2126,1.4291,,,,,
M_tridactyla,2,1191, cls_3 ,1.0358,63.9,248.2329,0.3062,,,,,
M_tridactyla,2,1194, cls_3 ,1.0729,162.9137,266.1852,5.104,,,,,
M_tridactyla,2,1198, cls_3 ,1.0846,71.4424,1760.1568,3.777,,,,,
M_tridactyla,2,1202, cls_3 ,1.1154,406.6571,739.9788,1.4291,,,,,
M_tridactyla,2,1203, cls_3 ,1.0261,63.9,244.651,0.5104,,,,,
M_tridactyla,2,1207, cls_3 ,1.0261,63.9,1807.5562,0.5104,,,,,
M_tridactyla,2,1211, cls_3 ,1.0338,63.9,427.6606,0.9187,,,,,
M_tridactyla,2,1224, cls_3 ,1.1855,63.9,348.2813,11.3309,,,,,
M_tridactyla,2,1225, cls_3 ,1.0706,71.4424,298.6561,2.4499,,,,,
M_tridactyla,2,1228, cls_3 ,1.0155,63.9,112.2177,0.2042,,,,,
M_tridactyla,2,1232, cls_3 ,1.0386,131.7332,439.5582,1.4291,,,,,
M_tridactyla,2,1233, cls_3 ,1.069,142.8847,381.6881,3.9811,,,,,
M_tridactyla,2,1237, cls_3 ,1.0131,63.9,1796.7053,0.8166,,,,,
M_tridactyla,2,1243, cls_3 ,1.0689,127.8,319.8263,1.327,,,,,
M_tridactyla,2,1246, cls_3 ,1.0537,63.9,1440.8206,0.4083,,,,,
M_tridactyla,2,1247, cls_3 ,1.0402,127.8,11115.6292,1.1229,,,,,
M_tridactyla,2,1248, cls_3 ,1.0465,127.8,465.619,0.6125,,,,,
M_tridactyla,2,1250, cls_3 ,1.1197,90.3682,271.4567,0.7146,,,,,
M_tridactyla,2,1251, cls_3 ,1.0706,63.9,1800.9312,1.8374,,,,,
M_tridactyla,2,1258, cls_3 ,1.0761,131.7332,10459.0695,9.5955,,,,,
M_tridactyla,2,1261, cls_3 ,1.0492,159.75,7111.0226,2.2458,,,,,
M_tridactyla,2,1265, cls_3 ,1,63.9,44428.7455,0.1021,,,,,
M_tridactyla,2,1266, cls_3 ,1.1908,63.9,44449.1479,69.3125,,,,,
M_tridactyla,2,1269, cls_3 ,1.1715,95.85,513.2266,43.0779,,,,,
M_tridactyla,2,1270, cls_3 ,1.014,95.85,819.7124,1.4291,,,,,
M_tridactyla,2,1271, cls_3 ,1,63.9,44430.1075,0.1021,,,,,
M_tridactyla,2,1273, cls_3 ,1.1096,63.9,885.9685,3.879,,,,,
M_tridactyla,2,1280, cls_3 ,1,63.9,44430.2554,0.1021,,,,,
M_tridactyla,2,1281, cls_3 ,1.1574,186.2989,5238.0286,7.0435,,,,,
M_tridactyla,2,1285, cls_3 ,1.0809,71.4424,35544.2681,1.9395,,,,,
M_tridactyla,2,1293, cls_3 ,1.0899,71.4424,35545.8969,4.6957,,,,,
M_tridactyla,2,1296, cls_3 ,1.105,115.1974,13674.4317,0.5104,,,,,
M_tridactyla,2,1299, cls_3 ,1.0155,71.4424,993.0839,0.2042,,,,,
M_tridactyla,2,1306, cls_3 ,1.0346,71.4424,1518.7945,3.9811,,,,,
M_tridactyla,2,1322, cls_3 ,1.1309,95.85,2442.9397,1.4291,,,,,
M_tridactyla,2,1323, cls_3 ,1.1265,90.3682,1234.5067,0.8166,,,,,
M_tridactyla,2,1324, cls_3 ,1.1826,63.9,44495.4661,10.7184,,,,,
M_tridactyla,2,1331, cls_3 ,1.0402,101.0348,17779.6779,1.1229,,,,,
M_tridactyla,2,1332, cls_3 ,1.0473,90.3682,22215.7712,0.8166,,,,,
M_tridactyla,2,1333, cls_3 ,1,63.9,1480.4565,0.1021,,,,,
M_tridactyla,2,1334, cls_3 ,1.0358,63.9,2765.1338,0.3062,,,,,
M_tridactyla,2,1336, cls_3 ,1.1099,71.4424,729.2086,1.9395,,,,,
M_tridactyla,2,1341, cls_3 ,1.1503,63.9,519.6144,17.5578,,,,,
M_tridactyla,2,1344, cls_3 ,1.1031,127.8,768.5187,0.8166,,,,,
M_tridactyla,2,1347, cls_3 ,1.1827,63.9,1933.6319,50.1214,,,,,
M_tridactyla,2,1348, cls_3 ,1.1532,90.3682,22223.3837,1.8374,,,,,
M_tridactyla,2,1351, cls_3 ,1.1362,71.4424,1081.8889,0.5104,,,,,
M_tridactyla,2,1360, cls_3 ,1.1241,63.9,44430.9309,25.2138,,,,,
M_tridactyla,2,1361, cls_3 ,1.0261,71.4424,35543.7557,0.5104,,,,,
M_tridactyla,2,1362, cls_3 ,1.1249,63.9,1308.0238,8.881,,,,,
M_tridactyla,2,1363, cls_3 ,1.0987,71.4424,707.2124,1.4291,,,,,
M_tridactyla,2,1365, cls_3 ,1.105,63.9,1154.2848,0.5104,,,,,
M_tridactyla,2,1366, cls_3 ,1.0401,63.9,44477.6085,2.8582,,,,,
M_tridactyla,2,1367, cls_3 ,1.0473,63.9,732.657,0.8166,,,,,
M_tridactyla,2,1373, cls_3 ,1.0647,71.4424,35549.0545,1.9395,,,,,
M_tridactyla,2,1383, cls_3 ,1.0155,115.1974,7128.2255,0.2042,,,,,
M_tridactyla,2,1384, cls_3 ,1,71.4424,35545.2979,0.1021,,,,,
M_tridactyla,2,1386, cls_3 ,1.0358,63.9,35589.1878,0.3062,,,,,
M_tridactyla,2,1387, cls_3 ,1.1653,63.9,44483.0246,52.6734,,,,,
M_tridactyla,2,1393, cls_3 ,1.105,63.9,35655.3554,16.6391,,,,,
M_tridactyla,2,1395, cls_3 ,1.0529,90.3682,11122.3873,1.8374,,,,,
M_tridactyla,2,1396, cls_3 ,1.151,63.9,1195.5242,36.851,,,,,
M_tridactyla,2,1409, cls_3 ,1.1337,71.4424,17843.5105,1.225,,,,,
M_tridactyla,2,1412, cls_3 ,1,63.9,1179.0826,0.1021,,,,,
M_tridactyla,2,1415, cls_3 ,1.0792,71.4424,35567.1906,21.3348,,,,,
M_tridactyla,2,1426, cls_3 ,1.059,63.9,2641.8417,1.7354,,,,,
M_tridactyla,2,1427, cls_3 ,1.1242,63.9,4509.7393,1.327,,,,,
M_tridactyla,2,1433, cls_3 ,1.1031,101.0348,134.328,11.1267,,,,,
M_tridactyla,2,1441, cls_3 ,1.1046,255.6,83.367,2.552,,,,,
M_tridactyla,2,1443, cls_3 ,1.1955,90.3682,22300.7961,7.656,,,,,
M_tridactyla,2,1444, cls_3 ,1.0155,71.4424,1562.0174,0.2042,,,,,
M_tridactyla,2,1445, cls_3 ,1.078,90.3682,22220.5487,1.225,,,,,
M_tridactyla,2,1446, cls_3 ,1.2042,71.4424,204.5585,82.7871,,,,,
M_tridactyla,2,1448, cls_3 ,1,63.9,7159.7118,0.1021,,,,,
M_tridactyla,2,1449, cls_3 ,1,63.9,1039.7178,0.4083,,,,,
M_tridactyla,2,1455, cls_3 ,1.1532,71.4424,35546.5709,1.8374,,,,,
M_tridactyla,2,1458, cls_3 ,1.0465,101.0348,5559.0413,0.6125,,,,,
M_tridactyla,2,1471, cls_3 ,1,71.4424,2746.7585,0.1021,,,,,
M_tridactyla,2,1472, cls_3 ,1.0769,63.9,4946.0106,0.8166,,,,,
M_tridactyla,2,1482, cls_3 ,1.0509,63.9,2204.9379,1.0208,,,,,
M_tridactyla,2,1485, cls_3 ,1,63.9,1639.3455,0.1021,,,,,
M_tridactyla,2,1486, cls_3 ,1.0844,71.4424,10461.0468,2.7562,,,,,
M_tridactyla,2,1494, cls_3 ,1,71.4424,3560.7842,0.1021,,,,,
M_tridactyla,2,1499, cls_3 ,1.1125,101.0348,3424.3979,0.6125,,,,,
M_tridactyla,2,1500, cls_3 ,1.1349,202.0695,91.8168,10.8205,,,,,
M_tridactyla,2,1504, cls_3 ,1.0465,63.9,13672.7573,0.6125,,,,,
M_tridactyla,2,1506, cls_3 ,1.046,63.9,2478.3058,1.6333,,,,,
M_tridactyla,2,1511, cls_3 ,1,95.85,19747.8045,0.1021,,,,,
M_tridactyla,2,1513, cls_3 ,1.1759,71.4424,363.9946,41.0363,,,,,
M_tridactyla,2,1516, cls_3 ,1.0909,63.9,44430.4674,0.2042,,,,,
M_tridactyla,2,1518, cls_3 ,1.0537,63.9,35544.939,0.4083,,,,,
M_tridactyla,2,1523, cls_3 ,1.0909,71.4424,9881.8117,0.2042,,,,,
M_tridactyla,2,1524, cls_3 ,1.1274,63.9,44438.3068,21.2327,,,,,
M_tridactyla,2,1526, cls_3 ,1.1477,63.9,44431.6136,0.8166,,,,,
M_tridactyla,2,1535, cls_3 ,1,71.4424,5231.5797,0.1021,,,,,
M_tridactyla,2,1541, cls_3 ,1.0155,71.4424,5230.8715,0.2042,,,,,
M_tridactyla,2,1543, cls_3 ,1.0155,131.7332,578.4306,0.2042,,,,,
M_tridactyla,2,1550, cls_3 ,1,63.9,35597.0031,0.1021,,,,,
M_tridactyla,2,1552, cls_3 ,1,63.9,44429.2605,0.1021,,,,,
M_tridactyla,2,1560, cls_3 ,1.1301,71.4424,35545.3146,2.2458,,,,,
M_tridactyla,2,1567, cls_3 ,1.0975,95.85,1316.6447,0.4083,,,,,
M_tridactyla,2,1569, cls_3 ,1.046,115.1974,13672.9981,1.6333,,,,,
M_tridactyla,2,1576, cls_3 ,1,63.9,3633.8943,0.1021,,,,,
M_tridactyla,2,1578, cls_3 ,1.0932,101.0348,17773.1276,0.7146,,,,,
M_tridactyla,2,1579, cls_3 ,1.1017,95.85,3560.9648,2.3478,,,,,
M_tridactyla,2,1581, cls_3 ,1.0417,63.9,35544.7451,2.0416,,,,,
M_tridactyla,2,1584, cls_3 ,1.1542,71.4424,35543.615,5.2061,,,,,
M_tridactyla,2,1588, cls_3 ,1.1177,95.85,110.6502,8.6768,,,,,
M_tridactyla,2,1591, cls_3 ,1.0889,90.3682,22217.1335,0.9187,,,,,
M_tridactyla,2,1610, cls_3 ,1.0769,90.3682,4940.1153,1.7354,,,,,
M_tridactyla,2,1615, cls_3 ,1.0654,63.9,11112.049,1.1229,,,,,
M_tridactyla,2,1616, cls_3 ,1.0402,63.9,2097.6927,1.1229,,,,,
M_tridactyla,2,1617, cls_3 ,1.0395,63.9,48.0601,1.7354,,,,,
M_tridactyla,2,1624, cls_3 ,1.1085,101.0348,158.3839,1.1229,,,,,
M_tridactyla,2,1631, cls_3 ,1.0501,71.4424,394.0363,11.9434,,,,,
M_tridactyla,2,1633, cls_3 ,1.0982,63.9,143.3305,1.225,,,,,
M_tridactyla,2,1634, cls_3 ,1.0155,63.9,44428.1609,0.2042,,,,,
M_tridactyla,2,1636, cls_3 ,1.0689,63.9,44.28,1.327,,,,,
M_tridactyla,2,1639, cls_3 ,1.0631,159.75,7113.7313,0.7146,,,,,
M_tridactyla,2,1644, cls_3 ,1.1766,63.9,194.0107,18.6807,,,,,
M_tridactyla,2,1648, cls_3 ,1.1612,63.9,212.9767,11.0247,,,,,
M_tridactyla,2,1649, cls_3 ,1.0907,90.3682,45.799,6.329,,,,,
M_tridactyla,2,1670, cls_3 ,1.0688,63.9,2057.7133,0.5104,,,,,
M_tridactyla,2,1679, cls_3 ,1.0749,63.9,17827.9996,5.0019,,,,,
M_tridactyla,2,1684, cls_3 ,1.0823,63.9,11147.0195,22.2535,,,,,
M_tridactyla,2,1689, cls_3 ,1.1679,142.8847,260.4233,1.327,,,,,
M_tridactyla,2,1690, cls_3 ,1.063,115.1974,51.3387,0.9187,,,,,
M_tridactyla,2,1692, cls_3 ,1.1902,63.9,1495.8212,22.5597,,,,,
M_tridactyla,2,1701, cls_3 ,1.0769,63.9,107.2773,0.8166,,,,,
M_tridactyla,2,1704, cls_3 ,1.0987,63.9,3633.1163,1.4291,,,,,
M_tridactyla,2,1705, cls_3 ,1.0971,90.3682,22214.5361,2.4499,,,,,
M_tridactyla,2,1712, cls_3 ,1.0766,71.4424,35568.6301,4.0832,,,,,
M_tridactyla,2,1715, cls_3 ,1.0556,63.9,13684.6895,1.225,,,,,
M_tridactyla,2,1716, cls_3 ,1.0306,63.9,3634.2603,1.225,,,,,
M_tridactyla,2,1717, cls_3 ,1.0819,142.8847,1059.5139,0.6125,,,,,
M_tridactyla,2,1718, cls_3 ,1.2289,63.9,3426.3398,26.6429,,,,,
M_tridactyla,2,1722, cls_3 ,1.1557,63.9,44437.2953,12.0455,,,,,
M_tridactyla,2,1723, cls_3 ,1.0556,71.4424,35545.7452,1.225,,,,,
M_tridactyla,2,1724, cls_3 ,1,90.3682,22215.0543,0.1021,,,,,
M_tridactyla,2,1725, cls_3 ,1.063,115.1974,1660.6185,0.9187,,,,,
M_tridactyla,2,1727, cls_3 ,1.0758,63.9,35554.0394,2.6541,,,,,
M_tridactyla,2,1728, cls_3 ,1.1097,63.9,44472.1107,12.9642,,,,,
M_tridactyla,2,1730, cls_3 ,1.0844,115.1974,1232.6704,2.7562,,,,,
M_tridactyla,2,1732, cls_3 ,1.1563,63.9,13675.8823,5.104,,,,,
M_tridactyla,2,1733, cls_3 ,1.1154,63.9,7118.0786,1.6333,,,,,
M_tridactyla,2,1734, cls_3 ,1.0987,63.9,11119.1722,1.4291,,,,,
M_tridactyla,2,1735, cls_3 ,1.0465,63.9,250.9568,0.6125,,,,,
M_tridactyla,2,1738, cls_3 ,1,71.4424,35543.1947,0.1021,,,,,
M_tridactyla,2,1741, cls_3 ,1.1131,63.9,35550.0261,4.3895,,,,,
M_tridactyla,2,1742, cls_3 ,1.0965,63.9,126.6486,3.3686,,,,,
M_tridactyla,2,1747, cls_3 ,1.0473,63.9,13683.233,0.8166,,,,,
M_tridactyla,2,1751, cls_3 ,1.1643,63.9,250.6848,3.5728,,,,,
M_tridactyla,2,1758, cls_3 ,1.063,127.8,11111.5843,0.9187,,,,,
M_tridactyla,2,1761, cls_3 ,1.0537,131.7332,406.7432,0.4083,,,,,
M_tridactyla,2,1768, cls_3 ,1.0631,90.3682,22216.4779,0.7146,,,,,
M_tridactyla,2,1771, cls_3 ,1.1415,159.75,7110.8802,1.8374,,,,,
M_tridactyla,2,1773, cls_3 ,1,63.9,216.6545,0.1021,,,,,
M_tridactyla,2,1774, cls_3 ,1.0473,63.9,44428.0418,0.8166,,,,,
M_tridactyla,2,1775, cls_3 ,1.0417,63.9,44428.6859,2.0416,,,,,
M_tridactyla,2,1776, cls_3 ,1.0869,249.5375,2093.2678,1.8374,,,,,
M_tridactyla,2,1777, cls_3 ,1.0537,63.9,563.4008,0.4083,,,,,
M_tridactyla,2,1779, cls_3 ,1.0359,95.85,19747.7939,2.552,,,,,
M_tridactyla,2,1780, cls_3 ,1.1244,90.3682,13750.5778,6.9415,,,,,
M_tridactyla,2,1784, cls_3 ,1,90.3682,22218.7783,0.1021,,,,,
M_tridactyla,2,1785, cls_3 ,1.1299,63.9,22299.802,21.2327,,,,,
M_tridactyla,2,1791, cls_3 ,1.0467,131.7332,10454.7786,1.327,,,,,
M_tridactyla,2,1792, cls_3 ,1.1434,71.4424,1388.6105,0.7146,,,,,
M_tridactyla,2,1794, cls_3 ,1,71.4424,35543.436,0.1021,,,,,
M_tridactyla,2,1797, cls_3 ,1.0631,127.8,11108.239,0.7146,,,,,
M_tridactyla,2,1801, cls_3 ,1.0155,101.0348,17773.679,0.2042,,,,,
M_tridactyla,2,1803, cls_3 ,1.2441,63.9,35591.8234,64.0043,,,,,
M_tridactyla,2,1804, cls_3 ,1.0473,71.4424,3457.499,0.8166,,,,,
M_tridactyla,2,1806, cls_3 ,1.1051,172.056,6130.0915,4.3895,,,,,
M_tridactyla,2,1807, cls_3 ,1.0155,101.0348,4339.6173,0.2042,,,,,
M_tridactyla,2,1808, cls_3 ,1.046,63.9,44429.7456,1.6333,,,,,
M_tridactyla,2,1811, cls_3 ,1,90.3682,314.5705,0.1021,,,,,
M_tridactyla,2,1815, cls_3 ,1.0937,191.7,4938.1692,2.2458,,,,,
M_tridactyla,2,1816, cls_3 ,1.1199,101.0348,8890.6358,1.0208,,,,,
M_tridactyla,2,1818, cls_3 ,1.1001,71.4424,35543.7736,3.5728,,,,,
M_tridactyla,2,1820, cls_3 ,1.0338,95.85,1613.5675,0.9187,,,,,
M_tridactyla,2,1823, cls_3 ,1,63.9,1003.0026,0.1021,,,,,
M_tridactyla,2,1825, cls_3 ,1.112,71.4424,686.7584,0.9187,,,,,
M_tridactyla,2,1831, cls_3 ,1.1412,71.4424,566.2634,3.879,,,,,
M_tridactyla,2,1842, cls_3 ,1.0962,159.75,4807.0739,3.0624,,,,,
M_tridactyla,2,1843, cls_3 ,1.0654,71.4424,341.3213,1.1229,,,,,
M_tridactyla,2,1844, cls_3 ,1,63.9,389.0392,0.1021,,,,,
M_tridactyla,2,1856, cls_3 ,1.0583,159.75,6838.0734,7.0435,,,,,
M_tridactyla,2,1863, cls_3 ,1.0306,63.9,44428.0084,1.225,,,,,
M_tridactyla,2,1867, cls_3 ,1.0944,71.4424,35554.4671,4.4915,,,,,
M_tridactyla,2,1874, cls_3 ,1.1228,63.9,35597.1068,22.9681,,,,,
M_tridactyla,2,1876, cls_3 ,1.0996,202.0695,2003.143,5.0019,,,,,
M_tridactyla,2,1878, cls_3 ,1.0417,63.9,326.8295,2.0416,,,,,
M_tridactyla,2,1879, cls_3 ,1.0261,90.3682,244.2047,0.5104,,,,,
M_tridactyla,2,1880, cls_3 ,1.0911,63.9,2153.0992,13.8829,,,,,
M_tridactyla,2,1881, cls_3 ,1.1017,63.9,397.4618,4.1853,,,,,
M_tridactyla,2,1883, cls_3 ,1.1269,142.8847,5564.3321,7.1456,,,,,
M_tridactyla,2,1884, cls_3 ,1.095,63.9,249.9095,18.5786,,,,,
M_tridactyla,2,1885, cls_3 ,1,63.9,306.8883,0.1021,,,,,
M_tridactyla,2,1886, cls_3 ,1.0467,95.85,10458.2348,1.327,,,,,
M_tridactyla,2,1887, cls_3 ,1.1358,131.7332,143.0899,7.9623,,,,,
M_tridactyla,2,1888, cls_3 ,1.0631,271.1047,2469.1282,0.7146,,,,,
M_tridactyla,2,1889, cls_3 ,1.0402,95.85,7115.3279,1.1229,,,,,
M_tridactyla,2,1890, cls_3 ,1.1106,115.1974,163.518,21.3348,,,,,
M_tridactyla,2,1891, cls_3 ,1.0728,71.4424,1228.7109,1.5312,,,,,
M_tridactyla,2,1892, cls_3 ,1.0299,63.9,1536.7839,3.1645,,,,,
M_tridactyla,2,1893, cls_3 ,1.0509,63.9,1477.5568,1.0208,,,,,
M_tridactyla,2,1894, cls_3 ,1.0766,63.9,44430.0042,4.4915,,,,,
M_tridactyla,2,1895, cls_3 ,1.0475,71.4424,478.3939,3.0624,,,,,
M_tridactyla,2,1896, cls_3 ,1.0465,204.5798,1048.657,0.6125,,,,,
M_tridactyla,2,1897, cls_3 ,1.0283,204.5798,64.5278,0.7146,,,,,
M_tridactyla,2,1898, cls_3 ,1.0537,71.4424,1055.6864,0.4083,,,,,
M_tridactyla,2,1899, cls_3 ,1.053,131.7332,65.9599,1.5312,,,,,
M_tridactyla,2,1900, cls_3 ,1.0809,115.1974,191.8396,1.9395,,,,,
M_tridactyla,2,1901, cls_3 ,1.0856,232.5995,2223.499,4.8999,,,,,
M_tridactyla,2,1902, cls_3 ,1.0636,115.1974,114.6415,5.6144,,,,,
M_tridactyla,2,1903, cls_3 ,1.0283,232.5995,338.4339,0.7146,,,,,
M_tridactyla,2,1904, cls_3 ,1.0805,243.324,357.8215,1.4291,,,,,
M_tridactyla,2,1905, cls_3 ,1.1198,71.4424,110.2934,9.7997,,,,,
M_tridactyla,2,1907, cls_3 ,1.0889,71.4424,136.0293,0.9187,,,,,
M_tridactyla,2,17, cls_5 ,1.0047,1658.0172,0.0737,0.6125,,,,,
M_tridactyla,2,34, cls_5 ,1.3122,63.9,147.401,114.7382,,,,,
M_tridactyla,2,44, cls_5 ,1.053,1658.0172,0.126,1.5312,,,,,
M_tridactyla,2,100, cls_5 ,1.096,289.3196,0.7049,1.9395,,,,,
M_tridactyla,2,124, cls_5 ,1.0631,289.3196,0.973,0.7146,,,,,
M_tridactyla,2,143, cls_5 ,1.063,232.5995,0.2965,0.9187,,,,,
M_tridactyla,2,155, cls_5 ,1.063,232.5995,0.2965,0.9187,,,,,
M_tridactyla,2,167, cls_5 ,1.0764,1418.0906,0.2003,1.0208,,,,,
M_tridactyla,2,195, cls_5 ,1.0537,3276.55,0.055,0.4083,,,,,
M_tridactyla,2,297, cls_5 ,1.105,90.3682,140.5564,0.5104,,,,,
M_tridactyla,2,364, cls_5 ,1.0465,610.4039,3.2319,0.6125,,,,,
M_tridactyla,2,384, cls_5 ,1.2029,71.4424,224.9132,1.225,,,,,
M_tridactyla,2,391, cls_5 ,1.0155,1384.2132,0.9408,0.2042,,,,,
M_tridactyla,2,405, cls_5 ,1.0219,1534.2655,0.0322,1.327,,,,,
M_tridactyla,2,443, cls_5 ,1.0358,1754.634,0.4137,0.3062,,,,,
M_tridactyla,2,445, cls_5 ,1.0769,1917,0.1144,1.7354,,,,,
M_tridactyla,2,446, cls_5 ,1.0261,1470.0472,0.0704,0.5104,,,,,
M_tridactyla,2,500, cls_5 ,1.0537,1534.2655,0.0315,0.4083,,,,,
M_tridactyla,2,534, cls_5 ,1.1369,71.4424,225.7994,0.3062,,,,,
M_tridactyla,2,545, cls_5 ,1.2644,63.9,281.9949,58.492,,,,,
M_tridactyla,2,555, cls_5 ,1.0155,63.9,160.5598,0.2042,,,,,
M_tridactyla,2,556, cls_5 ,1,63.9,235.231,0.1021,,,,,
M_tridactyla,2,569, cls_5 ,1.0261,162.9137,0.3184,0.5104,,,,,
M_tridactyla,2,580, cls_5 ,1.1197,162.9137,0.2394,0.7146,,,,,
M_tridactyla,2,605, cls_5 ,1.0914,71.4424,117.6303,0.3062,,,,,
M_tridactyla,2,690, cls_5 ,1.0631,1727.9604,0.0577,0.7146,,,,,
M_tridactyla,2,697, cls_5 ,1.0505,352.8993,1.0469,4.7978,,,,,
M_tridactyla,2,722, cls_5 ,1.2097,571.539,0.2205,49.9172,,,,,
M_tridactyla,2,724, cls_5 ,1.1337,364.286,1.5108,1.225,,,,,
M_tridactyla,2,745, cls_5 ,1.0689,352.8993,1.7702,1.327,,,,,
M_tridactyla,2,755, cls_5 ,1,159.75,2.1115,0.1021,,,,,
M_tridactyla,2,758, cls_5 ,1.0338,1259.0895,0.1106,0.9187,,,,,
M_tridactyla,2,769, cls_5 ,1.0914,159.75,1.7019,0.3062,,,,,
M_tridactyla,2,782, cls_5 ,1.0467,357.2119,0.1787,1.327,,,,,
M_tridactyla,2,801, cls_5 ,1.1316,434.567,1.7311,6.1248,,,,,
M_tridactyla,2,846, cls_5 ,1.0869,357.2119,0.1487,1.8374,,,,,
M_tridactyla,2,856, cls_5 ,1.0131,1259.0895,0.1102,0.8166,,,,,
M_tridactyla,2,861, cls_5 ,1.0261,2426.9385,0.039,0.5104,,,,,
M_tridactyla,2,946, cls_5 ,1.0509,881.38,0.0702,1.0208,,,,,
M_tridactyla,2,1031, cls_5 ,1.0982,71.4424,0.6544,1.225,,,,,
M_tridactyla,2,1060, cls_5 ,1.0358,71.4424,2.4462,0.3062,,,,,
M_tridactyla,2,1078, cls_5 ,1.0932,2864.1175,0.1108,0.7146,,,,,
M_tridactyla,2,1125, cls_5 ,1.0261,1938.4463,0.2828,0.5104,,,,,
M_tridactyla,2,1204, cls_5 ,1.1415,71.4424,3.028,1.8374,,,,,
M_tridactyla,2,1226, cls_5 ,1.0728,71.4424,3.6266,1.5312,,,,,
M_tridactyla,2,1245, cls_5 ,1.0465,1383.1066,0.0384,0.6125,,,,,
M_tridactyla,2,1253, cls_5 ,1.1839,344.112,1.1486,4.5936,,,,,
M_tridactyla,2,1257, cls_5 ,1.1416,344.112,0.7696,10.1059,,,,,
M_tridactyla,2,1263, cls_5 ,1.0465,364.286,0.5219,0.6125,,,,,
M_tridactyla,2,1282, cls_5 ,1.1271,71.4424,2.4961,1.1229,,,,,
M_tridactyla,2,1297, cls_5 ,1.0631,71.4424,2.908,0.7146,,,,,
M_tridactyla,2,1318, cls_5 ,1.1811,709.4051,0.1117,3.2666,,,,,
M_tridactyla,2,1371, cls_5 ,1.0473,709.4051,0.1835,0.8166,,,,,
M_tridactyla,2,1379, cls_5 ,1.0283,2723.2573,0.0814,0.7146,,,,,
M_tridactyla,2,1381, cls_5 ,1.1768,230.3947,1.2079,5.6144,,,,,
M_tridactyla,2,1452, cls_5 ,1.0728,230.3947,4.3434,1.5312,,,,,
M_tridactyla,2,1464, cls_5 ,1.2321,71.4424,5.6746,20.7223,,,,,
M_tridactyla,2,1478, cls_5 ,1,2539.3718,0.0219,0.1021,,,,,
M_tridactyla,2,1568, cls_5 ,1.0465,1348.3506,0.1601,0.6125,,,,,
M_tridactyla,2,1589, cls_5 ,1.0509,223.65,4.322,1.0208,,,,,
M_tridactyla,2,1638, cls_5 ,1.0537,364.286,0.9388,0.4083,,,,,
M_tridactyla,2,1671, cls_5 ,1.1204,71.4424,40.8583,2.4499,,,,,
M_tridactyla,2,1676, cls_5 ,1.1929,364.286,0.6437,8.881,,,,,
M_tridactyla,2,1749, cls_5 ,1.0509,2173.0698,0.0283,1.0208,,,,,
M_tridactyla,2,1782, cls_5 ,1.1436,127.8,6.415,4.5936,,,,,
M_tridactyla,2,1788, cls_5 ,1.1867,127.8,3.1197,10.0039,,,,,
M_tridactyla,2,1830, cls_5 ,1.0261,274.8443,0.2224,0.5104,,,,,
M_tridactyla,2,1841, cls_5 ,1.0402,274.8443,0.1331,1.1229,,,,,
M_tridactyla,2,1850, cls_5 ,1.0914,314.671,0.1348,0.3062,,,,,
M_tridactyla,2,1858, cls_5 ,1.0509,314.671,0.0642,1.0208,,,,,
M_tridactyla,2,1868, cls_5 ,1.0688,1683.6771,0.0926,0.5104,,,,,
M_tridactyla,2,1882, cls_5 ,1.022,1731.7961,0.0372,1.0208,,,,,
M_tridactyla,2,41, cls_6 ,1.0537,319.5,0.334,0.4083,,,,,
M_tridactyla,2,53, cls_6 ,1.0926,319.5,0.1482,2.552,,,,,
M_tridactyla,2,111, cls_6 ,1.0819,1712.5319,0.2087,0.6125,,,,,
M_tridactyla,2,126, cls_6 ,1.1066,101.0348,23.779,2.2458,,,,,
M_tridactyla,2,132, cls_6 ,1.0631,1737.3868,0.1244,0.7146,,,,,
M_tridactyla,2,149, cls_6 ,1.1329,101.0348,4.4235,24.0909,,,,,
M_tridactyla,2,200, cls_6 ,1,90.3682,0.934,0.1021,,,,,
M_tridactyla,2,201, cls_6 ,1.0155,159.75,0.2527,0.2042,,,,,
M_tridactyla,2,205, cls_6 ,1.1395,90.3682,0.304,0.6125,,,,,
M_tridactyla,2,207, cls_6 ,1.1172,289.3196,3.3199,2.0416,,,,,
M_tridactyla,2,218, cls_6 ,1,575.9868,0.1204,0.1021,,,,,
M_tridactyla,2,221, cls_6 ,1.0987,115.1974,18.9379,1.4291,,,,,
M_tridactyla,2,226, cls_6 ,1.0799,257.5891,0.7212,2.2458,,,,,
M_tridactyla,2,237, cls_6 ,1.0155,294.5644,0.1848,0.2042,,,,,
M_tridactyla,2,245, cls_6 ,1,294.5644,0.2704,0.1021,,,,,
M_tridactyla,2,253, cls_6 ,1.0852,301.4157,3.16,6.2269,,,,,
M_tridactyla,2,260, cls_6 ,1.0769,257.5891,0.6894,0.8166,,,,,
M_tridactyla,2,282, cls_6 ,1.155,487.6956,0.1064,4.8999,,,,,
M_tridactyla,2,288, cls_6 ,1,101.0348,0.5813,0.1021,,,,,
M_tridactyla,2,294, cls_6 ,1.0155,90.3682,0.7521,0.2042,,,,,
M_tridactyla,2,299, cls_6 ,1.082,115.1974,6.5801,5.5123,,,,,
M_tridactyla,2,302, cls_6 ,1.0914,90.3682,0.5994,0.3062,,,,,
M_tridactyla,2,308, cls_6 ,1,115.1974,0.4708,0.1021,,,,,
M_tridactyla,2,311, cls_6 ,1.0688,512.1975,0.2132,0.5104,,,,,
M_tridactyla,2,313, cls_6 ,1.0926,316.2889,1.4309,2.552,,,,,
M_tridactyla,2,322, cls_6 ,1.0819,428.6542,0.3014,0.6125,,,,,
M_tridactyla,2,333, cls_6 ,1.1506,115.1974,5.0224,7.8602,,,,,
M_tridactyla,2,354, cls_6 ,1.0965,428.6542,0.1714,3.3686,,,,,
M_tridactyla,2,397, cls_6 ,1.0679,505.1739,0.8947,17.9661,,,,,
M_tridactyla,2,421, cls_6 ,1.0338,557.9828,0.3297,0.9187,,,,,
M_tridactyla,2,431, cls_6 ,1.1096,202.0695,3.5502,3.879,,,,,
M_tridactyla,2,450, cls_6 ,1.1043,202.0695,2.1372,12.0455,,,,,
M_tridactyla,2,453, cls_6 ,1.0547,243.324,0.3823,5.6144,,,,,
M_tridactyla,2,472, cls_6 ,1.0688,71.4424,26.5941,0.5104,,,,,
M_tridactyla,2,476, cls_6 ,1.1556,115.1974,7.3839,5.4103,,,,,
M_tridactyla,2,481, cls_6 ,1.1153,71.4424,4.6927,13.2704,,,,,
M_tridactyla,2,482, cls_6 ,1.1072,389.9995,1.1701,5.0019,,,,,
M_tridactyla,2,492, cls_6 ,1.0769,101.0348,3.5579,1.7354,,,,,
M_tridactyla,2,502, cls_6 ,1.0914,202.0695,2.1251,0.3062,,,,,
M_tridactyla,2,504, cls_6 ,1.0402,243.324,1.2064,1.1229,,,,,
M_tridactyla,2,517, cls_6 ,1,71.4424,6.6271,0.1021,,,,,
M_tridactyla,2,518, cls_6 ,1.0815,372.5978,1.8423,5.104,,,,,
M_tridactyla,2,519, cls_6 ,1.1689,71.4424,4.9559,2.4499,,,,,
M_tridactyla,2,530, cls_6 ,1.0319,115.1974,10.0552,2.6541,,,,,
M_tridactyla,2,538, cls_6 ,1.0358,63.9,2.5111,0.3062,,,,,
M_tridactyla,2,541, cls_6 ,1.096,384.7289,0.329,1.9395,,,,,
M_tridactyla,2,544, cls_6 ,1.0155,63.9,3.3432,0.2042,,,,,
M_tridactyla,2,547, cls_6 ,1.1125,101.0348,2.3408,3.4707,,,,,
M_tridactyla,2,548, cls_6 ,1.0465,71.4424,6.0899,0.6125,,,,,
M_tridactyla,2,550, cls_6 ,1.0819,63.9,2.5628,0.6125,,,,,
M_tridactyla,2,551, cls_6 ,1.0689,101.0348,4.5969,1.327,,,,,
M_tridactyla,2,558, cls_6 ,1,63.9,4.3413,0.1021,,,,,
M_tridactyla,2,560, cls_6 ,1.0131,159.75,2.0697,0.8166,,,,,
M_tridactyla,2,561, cls_6 ,1.1265,63.9,2.3161,0.8166,,,,,
M_tridactyla,2,565, cls_6 ,1.0467,71.4424,3.0351,1.327,,,,,
M_tridactyla,2,566, cls_6 ,1.0631,159.75,2.3353,0.7146,,,,,
M_tridactyla,2,576, cls_6 ,1,63.9,3.4301,0.1021,,,,,
M_tridactyla,2,581, cls_6 ,1.0402,357.2119,0.887,1.1229,,,,,
M_tridactyla,2,583, cls_6 ,1,71.4424,2.0164,0.1021,,,,,
M_tridactyla,2,584, cls_6 ,1.1358,63.9,5.1812,1.7354,,,,,
M_tridactyla,2,591, cls_6 ,1,135.5524,2.1916,0.1021,,,,,
M_tridactyla,2,593, cls_6 ,1.0688,101.0348,1.9425,0.5104,,,,,
M_tridactyla,2,594, cls_6 ,1,71.4424,2.2888,0.1021,,,,,
M_tridactyla,2,597, cls_6 ,1.0835,1725.3,0.091,5.0019,,,,,
M_tridactyla,2,599, cls_6 ,1,63.9,7.4955,0.1021,,,,,
M_tridactyla,2,600, cls_6 ,1.0689,63.9,2.4837,1.327,,,,,
M_tridactyla,2,604, cls_6 ,1.0909,71.4424,4.7762,0.2042,,,,,
M_tridactyla,2,611, cls_6 ,1.0889,71.4424,2.8457,0.9187,,,,,
M_tridactyla,2,616, cls_6 ,1.0749,159.75,2.063,5.0019,,,,,
M_tridactyla,2,617, cls_6 ,1.1871,101.0348,4.3188,1.0208,,,,,
M_tridactyla,2,620, cls_6 ,1,202.0695,1.9239,0.1021,,,,,
M_tridactyla,2,624, cls_6 ,1.0473,971.7213,0.1949,0.8166,,,,,
M_tridactyla,2,631, cls_6 ,1.0358,101.0348,3.2794,0.3062,,,,,
M_tridactyla,2,632, cls_6 ,1.0386,63.9,7.954,1.4291,,,,,
M_tridactyla,2,635, cls_6 ,1.123,101.0348,2.1782,1.9395,,,,,
M_tridactyla,2,651, cls_6 ,1,101.0348,2.5912,0.1021,,,,,
M_tridactyla,2,652, cls_6 ,1.0155,223.65,2.0824,0.2042,,,,,
M_tridactyla,2,659, cls_6 ,1.0622,101.0348,3.8938,2.6541,,,,,
M_tridactyla,2,664, cls_6 ,1.0881,225.9206,1.3419,11.2288,,,,,
M_tridactyla,2,669, cls_6 ,1.1534,71.4424,4.1539,3.4707,,,,,
M_tridactyla,2,670, cls_6 ,1.1397,71.4424,8.001,14.1892,,,,,
M_tridactyla,2,672, cls_6 ,1.0471,225.9206,2.7206,1.9395,,,,,
M_tridactyla,2,673, cls_6 ,1.1266,95.85,15.8821,6.4311,,,,,
M_tridactyla,2,677, cls_6 ,1.088,101.0348,5.0544,1.1229,,,,,
M_tridactyla,2,681, cls_6 ,1.0914,191.7,1.9446,0.3062,,,,,
M_tridactyla,2,682, cls_6 ,1,90.3682,5.4585,0.1021,,,,,
M_tridactyla,2,686, cls_6 ,1.0473,159.75,0.5532,0.8166,,,,,
M_tridactyla,2,698, cls_6 ,1.1337,71.4424,13.7783,1.225,,,,,
M_tridactyla,2,701, cls_6 ,1.0509,159.75,0.4641,1.0208,,,,,
M_tridactyla,2,705, cls_6 ,1.1672,71.4424,2.4717,1.6333,,,,,
M_tridactyla,2,715, cls_6 ,1,71.4424,5.0238,0.1021,,,,,
M_tridactyla,2,716, cls_6 ,1.0155,95.85,2.657,0.2042,,,,,
M_tridactyla,2,725, cls_6 ,1.1066,71.4424,3.7666,3.0624,,,,,
M_tridactyla,2,727, cls_6 ,1,101.0348,3.4881,0.1021,,,,,
M_tridactyla,2,728, cls_6 ,1.0909,71.4424,28.7577,0.2042,,,,,
M_tridactyla,2,730, cls_6 ,1.0537,95.85,2.7931,0.4083,,,,,
M_tridactyla,2,732, cls_6 ,1.0509,1359.2838,0.1525,1.0208,,,,,
M_tridactyla,2,737, cls_6 ,1.0261,63.9,3.0899,0.5104,,,,,
M_tridactyla,2,738, cls_6 ,1.0688,71.4424,7.3426,0.5104,,,,,
M_tridactyla,2,739, cls_6 ,1.0975,71.4424,10.1114,0.4083,,,,,
M_tridactyla,2,744, cls_6 ,1.0844,471.7361,1.4272,9.9018,,,,,
M_tridactyla,2,747, cls_6 ,1.0465,101.0348,2.3703,0.6125,,,,,
M_tridactyla,2,756, cls_6 ,1.0688,63.9,3.3994,0.5104,,,,,
M_tridactyla,2,757, cls_6 ,1.0131,63.9,2.7017,0.8166,,,,,
M_tridactyla,2,761, cls_6 ,1,63.9,4.9561,0.1021,,,,,
M_tridactyla,2,762, cls_6 ,1.1031,127.8,2.8783,0.8166,,,,,
M_tridactyla,2,780, cls_6 ,1.063,95.85,2.8264,0.9187,,,,,
M_tridactyla,2,784, cls_6 ,1.0611,325.8273,0.7253,14.2912,,,,,
M_tridactyla,2,786, cls_6 ,1,95.85,2.8337,0.1021,,,,,
M_tridactyla,2,793, cls_6 ,1.0402,142.8847,2.1421,1.1229,,,,,
M_tridactyla,2,794, cls_6 ,1,131.7332,1.6307,0.1021,,,,,
M_tridactyla,2,807, cls_6 ,1,325.8273,1.5754,0.1021,,,,,
M_tridactyla,2,808, cls_6 ,1.0975,115.1974,2.7467,0.4083,,,,,
M_tridactyla,2,814, cls_6 ,1.1031,63.9,4.8672,0.8166,,,,,
M_tridactyla,2,815, cls_6 ,1.0261,131.7332,1.4261,0.5104,,,,,
M_tridactyla,2,817, cls_6 ,1.0155,71.4424,3.8139,0.2042,,,,,
M_tridactyla,2,818, cls_6 ,1.1667,90.3682,3.5866,0.4083,,,,,
M_tridactyla,2,822, cls_6 ,1.0909,194.3443,1.2806,0.2042,,,,,
M_tridactyla,2,825, cls_6 ,1.1197,135.5524,1.9605,0.7146,,,,,
M_tridactyla,2,826, cls_6 ,1.0402,186.2989,0.7211,1.1229,,,,,
M_tridactyla,2,829, cls_6 ,1,71.4424,9.3369,0.1021,,,,,
M_tridactyla,2,830, cls_6 ,1.0889,63.9,4.0568,0.9187,,,,,
M_tridactyla,2,832, cls_6 ,1.0769,325.8273,1.6474,0.8166,,,,,
M_tridactyla,2,835, cls_6 ,1,135.5524,1.5922,0.1021,,,,,
M_tridactyla,2,839, cls_6 ,1.0943,71.4424,4.8796,3.777,,,,,
M_tridactyla,2,841, cls_6 ,1.105,71.4424,4.5382,0.5104,,,,,
M_tridactyla,2,845, cls_6 ,1.059,186.2989,0.7065,1.7354,,,,,
M_tridactyla,2,847, cls_6 ,1.1598,71.4424,5.1858,3.0624,,,,,
M_tridactyla,2,850, cls_6 ,1,71.4424,4.7437,0.1021,,,,,
M_tridactyla,2,851, cls_6 ,1,71.4424,4.1143,0.1021,,,,,
M_tridactyla,2,854, cls_6 ,1.1543,71.4424,9.8791,1.327,,,,,
M_tridactyla,2,855, cls_6 ,1.0932,115.1974,3.95,0.7146,,,,,
M_tridactyla,2,859, cls_6 ,1.1246,90.3682,2.5321,3.3686,,,,,
M_tridactyla,2,863, cls_6 ,1,71.4424,4.189,0.1021,,,,,
M_tridactyla,2,864, cls_6 ,1.0155,127.8,1.3629,0.2042,,,,,
M_tridactyla,2,865, cls_6 ,1,127.8,1.2145,0.1021,,,,,
M_tridactyla,2,872, cls_6 ,1,71.4424,4.1616,0.1021,,,,,
M_tridactyla,2,873, cls_6 ,1.0358,115.1974,1.7375,0.3062,,,,,
M_tridactyla,2,874, cls_6 ,1,71.4424,2.856,0.1021,,,,,
M_tridactyla,2,875, cls_6 ,1.1667,115.1974,1.926,0.4083,,,,,
M_tridactyla,2,879, cls_6 ,1.0769,101.0348,4.4279,0.8166,,,,,
M_tridactyla,2,880, cls_6 ,1,115.1974,3.8531,0.1021,,,,,
M_tridactyla,2,882, cls_6 ,1.0932,71.4424,7.844,0.7146,,,,,
M_tridactyla,2,883, cls_6 ,1.1125,71.4424,2.9781,0.6125,,,,,
M_tridactyla,2,884, cls_6 ,1.0909,115.1974,1.6502,0.2042,,,,,
M_tridactyla,2,886, cls_6 ,1,71.4424,3.1413,0.1021,,,,,
M_tridactyla,2,892, cls_6 ,1,71.4424,4.1991,0.1021,,,,,
M_tridactyla,2,893, cls_6 ,1.0509,71.4424,1.3803,1.0208,,,,,
M_tridactyla,2,894, cls_6 ,1.0769,202.0695,1.0983,0.8166,,,,,
M_tridactyla,2,897, cls_6 ,1.0909,71.4424,4.2554,0.2042,,,,,
M_tridactyla,2,899, cls_6 ,1,90.3682,5.7313,0.1021,,,,,
M_tridactyla,2,900, cls_6 ,1.0465,95.85,5.3515,0.6125,,,,,
M_tridactyla,2,901, cls_6 ,1.0261,101.0348,2.1639,0.5104,,,,,
M_tridactyla,2,904, cls_6 ,1.0688,101.0348,2.303,0.5104,,,,,
M_tridactyla,2,907, cls_6 ,1,142.8847,2.6878,0.1021,,,,,
M_tridactyla,2,908, cls_6 ,1.0769,127.8,3.3754,0.8166,,,,,
M_tridactyla,2,910, cls_6 ,1,127.8,4.1831,0.1021,,,,,
M_tridactyla,2,911, cls_6 ,1.0914,71.4424,4.6152,0.3062,,,,,
M_tridactyla,2,915, cls_6 ,1.1031,63.9,3.2023,3.1645,,,,,
M_tridactyla,2,922, cls_6 ,1,314.671,1.5765,0.1021,,,,,
M_tridactyla,2,925, cls_6 ,1,95.85,2.6065,0.1021,,,,,
M_tridactyla,2,927, cls_6 ,1,95.85,2.8855,0.1021,,,,,
M_tridactyla,2,928, cls_6 ,1.0556,95.85,3.4187,1.225,,,,,
M_tridactyla,2,929, cls_6 ,1.0155,63.9,10.4294,0.2042,,,,,
M_tridactyla,2,930, cls_6 ,1,90.3682,5.4289,0.1021,,,,,
M_tridactyla,2,931, cls_6 ,1.0769,95.85,8.8902,0.8166,,,,,
M_tridactyla,2,933, cls_6 ,1.0909,71.4424,5.041,0.2042,,,,,
M_tridactyla,2,935, cls_6 ,1.0606,115.1974,3.834,1.4291,,,,,
M_tridactyla,2,937, cls_6 ,1,71.4424,2.2997,0.1021,,,,,
M_tridactyla,2,938, cls_6 ,1.1672,63.9,15.8566,7.5539,,,,,
M_tridactyla,2,939, cls_6 ,1,95.85,2.7037,0.1021,,,,,
M_tridactyla,2,942, cls_6 ,1.0548,63.9,3.8861,4.5936,,,,,
M_tridactyla,2,943, cls_6 ,1.0914,63.9,13.4098,0.3062,,,,,
M_tridactyla,2,948, cls_6 ,1,71.4424,2.7318,0.1021,,,,,
M_tridactyla,2,951, cls_6 ,1.0688,4701.3206,0.0382,0.5104,,,,,
M_tridactyla,2,954, cls_6 ,1,71.4424,5.3312,0.1021,,,,,
M_tridactyla,2,955, cls_6 ,1.096,71.4424,1.6298,1.9395,,,,,
M_tridactyla,2,956, cls_6 ,1.1131,71.4424,1.5597,4.3895,,,,,
M_tridactyla,2,957, cls_6 ,1.0537,202.0695,1.0133,0.4083,,,,,
M_tridactyla,2,959, cls_6 ,1.0465,101.0348,3.4583,0.6125,,,,,
M_tridactyla,2,965, cls_6 ,1.0932,1022.4,0.1465,0.7146,,,,,
M_tridactyla,2,967, cls_6 ,1.046,115.1974,4.8774,1.6333,,,,,
M_tridactyla,2,973, cls_6 ,1.0358,101.0348,2.3603,0.3062,,,,,
M_tridactyla,2,978, cls_6 ,1.0631,101.0348,5.2502,0.7146,,,,,
M_tridactyla,2,979, cls_6 ,1.0537,101.0348,2.0745,0.4083,,,,,
M_tridactyla,2,980, cls_6 ,1,71.4424,9.1284,0.1021,,,,,
M_tridactyla,2,982, cls_6 ,1.1454,71.4424,4.0871,1.4291,,,,,
M_tridactyla,2,990, cls_6 ,1,159.75,2.2888,0.1021,,,,,
M_tridactyla,2,991, cls_6 ,1.1292,90.3682,1.4308,1.8374,,,,,
M_tridactyla,2,993, cls_6 ,1,95.85,10.6896,0.1021,,,,,
M_tridactyla,2,999, cls_6 ,1.0932,180.7365,2.1838,0.7146,,,,,
M_tridactyla,2,1001, cls_6 ,1,101.0348,1.7197,0.1021,,,,,
M_tridactyla,2,1010, cls_6 ,1.0155,101.0348,2.7868,0.2042,,,,,
M_tridactyla,2,1011, cls_6 ,1.0283,71.4424,6.5734,0.7146,,,,,
M_tridactyla,2,1017, cls_6 ,1.0806,180.7365,0.9765,2.8582,,,,,
M_tridactyla,2,1018, cls_6 ,1.0155,71.4424,2.6109,0.2042,,,,,
M_tridactyla,2,1019, cls_6 ,1,71.4424,2.8531,0.1021,,,,,
M_tridactyla,2,1020, cls_6 ,1,90.3682,3.6923,0.1021,,,,,
M_tridactyla,2,1023, cls_6 ,1.0909,63.9,3.1393,0.2042,,,,,
M_tridactyla,2,1028, cls_6 ,1,63.9,3.5556,0.1021,,,,,
M_tridactyla,2,1030, cls_6 ,1,71.4424,4.1051,0.1021,,,,,
M_tridactyla,2,1034, cls_6 ,1.1183,63.9,4.9217,4.4915,,,,,
M_tridactyla,2,1036, cls_6 ,1,71.4424,5.4938,0.1021,,,,,
M_tridactyla,2,1040, cls_6 ,1.1407,63.9,22.3366,5.3082,,,,,
M_tridactyla,2,1041, cls_6 ,1.0155,95.85,3.0862,0.2042,,,,,
M_tridactyla,2,1062, cls_6 ,1.0609,71.4424,5.9924,3.0624,,,,,
M_tridactyla,2,1064, cls_6 ,1,71.4424,17.7532,0.1021,,,,,
M_tridactyla,2,1084, cls_6 ,1,131.7332,2.3113,0.1021,,,,,
M_tridactyla,2,1085, cls_6 ,1.0556,1022.4,0.1321,1.225,,,,,
M_tridactyla,2,1087, cls_6 ,1.1969,63.9,19.0657,1.5312,,,,,
M_tridactyla,2,1088, cls_6 ,1.0654,191.7,1.7286,1.1229,,,,,
M_tridactyla,2,1098, cls_6 ,1.0473,191.7,1.3493,0.8166,,,,,
M_tridactyla,2,1102, cls_6 ,1.0889,95.85,3.5159,0.9187,,,,,
M_tridactyla,2,1105, cls_6 ,1.0471,95.85,3.6933,1.9395,,,,,
M_tridactyla,2,1115, cls_6 ,1.1085,90.3682,6.5572,1.1229,,,,,
M_tridactyla,2,1123, cls_6 ,1.0887,63.9,4.6184,2.9603,,,,,
M_tridactyla,2,1130, cls_6 ,1.0752,71.4424,4.9806,3.3686,,,,,
M_tridactyla,2,1135, cls_6 ,1.0358,162.9137,2.0873,0.3062,,,,,
M_tridactyla,2,1139, cls_6 ,1,204.5798,2.3771,0.1021,,,,,
M_tridactyla,2,1147, cls_6 ,1.0155,127.8,4.5778,0.2042,,,,,
M_tridactyla,2,1159, cls_6 ,1.0465,71.4424,9.3237,0.6125,,,,,
M_tridactyla,2,1162, cls_6 ,1.1031,71.4424,11.3627,0.8166,,,,,
M_tridactyla,2,1166, cls_6 ,1.0635,71.4424,4.6268,3.777,,,,,
M_tridactyla,2,1172, cls_6 ,1.0694,71.4424,4.4821,4.3895,,,,,
M_tridactyla,2,1187, cls_6 ,1.0509,71.4424,9.2036,1.0208,,,,,
M_tridactyla,2,1197, cls_6 ,1.0358,71.4424,3.3446,0.3062,,,,,
M_tridactyla,2,1209, cls_6 ,1.1362,71.4424,5.532,0.5104,,,,,
M_tridactyla,2,1214, cls_6 ,1.0261,1207.7776,0.3834,0.5104,,,,,
M_tridactyla,2,1217, cls_6 ,1.1031,71.4424,8.011,3.1645,,,,,
M_tridactyla,2,1219, cls_6 ,1.0706,90.3682,3.1487,1.8374,,,,,
M_tridactyla,2,1220, cls_6 ,1.1197,90.3682,4.1417,0.7146,,,,,
M_tridactyla,2,1231, cls_6 ,1.0805,543.15,1.1826,1.4291,,,,,
M_tridactyla,2,1241, cls_6 ,1.1418,71.4424,9.9882,2.6541,,,,,
M_tridactyla,2,1254, cls_6 ,1,101.0348,7.1916,0.1021,,,,,
M_tridactyla,2,1264, cls_6 ,1.2311,63.9,10.3957,108.0009,,,,,
M_tridactyla,2,1268, cls_6 ,1.0465,877.317,0.222,0.6125,,,,,
M_tridactyla,2,1279, cls_6 ,1.0688,63.9,265.0069,0.5104,,,,,
M_tridactyla,2,1298, cls_6 ,1.1462,63.9,265.178,2.552,,,,,
M_tridactyla,2,1328, cls_6 ,1.0509,159.75,14.135,1.0208,,,,,
M_tridactyla,2,1339, cls_6 ,1.0467,877.317,0.2758,1.327,,,,,
M_tridactyla,2,1349, cls_6 ,1.1199,142.8847,0.4867,1.0208,,,,,
M_tridactyla,2,1353, cls_6 ,1.1096,294.5644,0.2672,3.879,,,,,
M_tridactyla,2,1374, cls_6 ,1.0155,232.5995,0.7591,0.2042,,,,,
M_tridactyla,2,1375, cls_6 ,1,63.9,1.333,0.1021,,,,,
M_tridactyla,2,1382, cls_6 ,1.0496,159.75,42.4995,5.9207,,,,,
M_tridactyla,2,1389, cls_6 ,1,63.9,1.2646,0.1021,,,,,
M_tridactyla,2,1390, cls_6 ,1.0914,101.0348,0.8829,0.3062,,,,,
M_tridactyla,2,1402, cls_6 ,1.088,263.4664,1.0271,1.1229,,,,,
M_tridactyla,2,1403, cls_6 ,1,90.3682,2.254,0.1021,,,,,
M_tridactyla,2,1406, cls_6 ,1.089,90.3682,0.9621,1.327,,,,,
M_tridactyla,2,1410, cls_6 ,1.0819,90.3682,0.9246,0.6125,,,,,
M_tridactyla,2,1414, cls_6 ,1.1362,159.75,0.7896,0.5104,,,,,
M_tridactyla,2,1416, cls_6 ,1.0909,90.3682,1.2251,0.2042,,,,,
M_tridactyla,2,1424, cls_6 ,1.0909,115.1974,1.6029,0.2042,,,,,
M_tridactyla,2,1432, cls_6 ,1.0654,1257.4669,0.1584,1.1229,,,,,
M_tridactyla,2,1437, cls_6 ,1.0402,135.5524,1.7533,1.1229,,,,,
M_tridactyla,2,1439, cls_6 ,1.1125,115.1974,1.2088,0.6125,,,,,
M_tridactyla,2,1442, cls_6 ,1.1209,63.9,3.4128,3.777,,,,,
M_tridactyla,2,1454, cls_6 ,1,289.3196,0.476,0.1021,,,,,
M_tridactyla,2,1457, cls_6 ,1,71.4424,1.0918,0.1021,,,,,
M_tridactyla,2,1466, cls_6 ,1.0283,63.9,10.742,0.7146,,,,,
M_tridactyla,2,1467, cls_6 ,1.0706,101.0348,1.663,1.8374,,,,,
M_tridactyla,2,1468, cls_6 ,1.0909,71.4424,1.2102,0.2042,,,,,
M_tridactyla,2,1477, cls_6 ,1,71.4424,1.376,0.1021,,,,,
M_tridactyla,2,1479, cls_6 ,1.1369,71.4424,9.1974,0.3062,,,,,
M_tridactyla,2,1484, cls_6 ,1,71.4424,8.6915,0.1021,,,,,
M_tridactyla,2,1487, cls_6 ,1.0537,71.4424,2.556,0.4083,,,,,
M_tridactyla,2,1488, cls_6 ,1.0993,115.1974,2.1836,1.0208,,,,,
M_tridactyla,2,1498, cls_6 ,1,101.0348,2.8621,0.1021,,,,,
M_tridactyla,2,1512, cls_6 ,1.0975,204.5798,0.5831,0.4083,,,,,
M_tridactyla,2,1515, cls_6 ,1.0622,505.1739,0.3902,2.6541,,,,,
M_tridactyla,2,1521, cls_6 ,1.07,1088.1778,1.1095,4.7978,,,,,
M_tridactyla,2,1528, cls_6 ,1.0155,95.85,1.3888,0.2042,,,,,
M_tridactyla,2,1529, cls_6 ,1.0914,71.4424,1.9337,0.3062,,,,,
M_tridactyla,2,1534, cls_6 ,1,95.85,1.4273,0.1021,,,,,
M_tridactyla,2,1536, cls_6 ,1,204.5798,0.7328,0.1021,,,,,
M_tridactyla,2,1537, cls_6 ,1.0909,63.9,3.7447,0.2042,,,,,
M_tridactyla,2,1538, cls_6 ,1.0975,115.1974,0.9342,0.4083,,,,,
M_tridactyla,2,1539, cls_6 ,1,101.0348,1.9177,0.1021,,,,,
M_tridactyla,2,1540, cls_6 ,1.1443,214.3271,0.7917,1.1229,,,,,
M_tridactyla,2,1542, cls_6 ,1.0689,71.4424,1.7606,1.327,,,,,
M_tridactyla,2,1548, cls_6 ,1.0688,71.4424,1.7269,0.5104,,,,,
M_tridactyla,2,1551, cls_6 ,1.0556,63.9,1.3505,1.225,,,,,
M_tridactyla,2,1556, cls_6 ,1.0537,159.75,1.4132,0.4083,,,,,
M_tridactyla,2,1557, cls_6 ,1,115.1974,1.7519,0.1021,,,,,
M_tridactyla,2,1565, cls_6 ,1.0358,95.85,1.2845,0.3062,,,,,
M_tridactyla,2,1570, cls_6 ,1.1643,71.4424,1.2418,3.5728,,,,,
M_tridactyla,2,1571, cls_6 ,1.0688,71.4424,3.459,0.5104,,,,,
M_tridactyla,2,1577, cls_6 ,1,142.8847,1.8782,0.1021,,,,,
M_tridactyla,2,1582, cls_6 ,1,71.4424,8.0172,0.1021,,,,,
M_tridactyla,2,1583, cls_6 ,1,71.4424,2.353,0.1021,,,,,
M_tridactyla,2,1587, cls_6 ,1.0819,63.9,2.058,0.6125,,,,,
M_tridactyla,2,1597, cls_6 ,1.089,162.9137,1.6373,1.327,,,,,
M_tridactyla,2,1598, cls_6 ,1.0537,90.3682,3.8316,0.4083,,,,,
M_tridactyla,2,1602, cls_6 ,1.0914,63.9,3.0338,0.3062,,,,,
M_tridactyla,2,1603, cls_6 ,1.046,415.35,0.3598,1.6333,,,,,
M_tridactyla,2,1605, cls_6 ,1,63.9,2.6574,0.1021,,,,,
M_tridactyla,2,1606, cls_6 ,1.0914,63.9,1.3702,0.3062,,,,,
M_tridactyla,2,1609, cls_6 ,1.0758,90.3682,1.2276,2.6541,,,,,
M_tridactyla,2,1613, cls_6 ,1,71.4424,3.3955,0.1021,,,,,
M_tridactyla,2,1619, cls_6 ,1.1388,71.4424,1.6295,1.0208,,,,,
M_tridactyla,2,1621, cls_6 ,1.0465,90.3682,22.2229,0.6125,,,,,
M_tridactyla,2,1623, cls_6 ,1,90.3682,1.9786,0.1021,,,,,
M_tridactyla,2,1629, cls_6 ,1.1561,71.4424,5.6468,17.864,,,,,
M_tridactyla,2,1632, cls_6 ,1.0887,191.7,5.1232,2.9603,,,,,
M_tridactyla,2,1653, cls_6 ,1.0556,395.1997,0.3127,1.225,,,,,
M_tridactyla,2,1655, cls_6 ,1.0631,71.4424,0.3877,0.7146,,,,,
M_tridactyla,2,1662, cls_6 ,1.0631,830.7,0.2564,0.7146,,,,,
M_tridactyla,2,1663, cls_6 ,1.1125,703.6258,0.2812,0.6125,,,,,
M_tridactyla,2,1666, cls_6 ,1.0473,395.1997,0.3315,0.8166,,,,,
M_tridactyla,2,1669, cls_6 ,1,71.4424,1.5989,0.1021,,,,,
M_tridactyla,2,1686, cls_6 ,1.0809,71.4424,35.2921,1.9395,,,,,
M_tridactyla,2,1688, cls_6 ,1.0657,821.432,0.257,1.6333,,,,,
M_tridactyla,2,1710, cls_6 ,1.0467,457.4544,0.6726,1.327,,,,,
M_tridactyla,2,1711, cls_6 ,1.1137,131.7332,2.276,2.3478,,,,,
M_tridactyla,2,1729, cls_6 ,1.1032,131.7332,1.6618,3.4707,,,,,
M_tridactyla,2,1745, cls_6 ,1.0769,180.7365,0.9643,0.8166,,,,,
M_tridactyla,2,1750, cls_6 ,1.0663,90.3682,11.3642,2.552,,,,,
M_tridactyla,2,1756, cls_6 ,1.0468,294.5644,2.7799,3.9811,,,,,
M_tridactyla,2,1762, cls_6 ,1.0728,180.7365,1.5565,1.5312,,,,,
M_tridactyla,2,1769, cls_6 ,1.1092,71.4424,6.6248,7.656,,,,,
M_tridactyla,2,1772, cls_6 ,1.0993,71.4424,19.4206,1.0208,,,,,
M_tridactyla,2,1781, cls_6 ,1.1444,90.3682,28.771,4.2874,,,,,
M_tridactyla,2,1795, cls_6 ,1.0988,3230.7438,0.1688,2.1437,,,,,
M_tridactyla,2,1800, cls_6 ,1.1677,63.9,8.4145,22.7639,,,,,
M_tridactyla,2,1805, cls_6 ,1.0338,63.9,56.6239,0.9187,,,,,
M_tridactyla,2,1819, cls_6 ,1.0417,191.7,3.8053,2.0416,,,,,
M_tridactyla,2,83, cls_4 ,1.0769,63.9,5.9554,0.8166,,,,,
M_tridactyla,2,85, cls_4 ,1.0492,63.9,3.1882,2.2458,,,,,
M_tridactyla,2,107, cls_4 ,1.1808,142.8847,1.4128,5.4103,,,,,
M_tridactyla,2,110, cls_4 ,1,294.5644,0.8408,0.1021,,,,,
M_tridactyla,2,115, cls_4 ,1.1167,115.1974,4.6886,1.225,,,,,
M_tridactyla,2,119, cls_4 ,1.0971,115.1974,1.4282,2.4499,,,,,
M_tridactyla,2,138, cls_4 ,1.0706,223.65,0.4975,2.4499,,,,,
M_tridactyla,2,150, cls_4 ,1.0688,223.65,0.8675,0.5104,,,,,
M_tridactyla,2,603, cls_4 ,1.0604,3185.0801,0.0026,2.3478,,,,,
M_tridactyla,2,975, cls_4 ,1,202.0695,0.5094,0.1021,,,,,
M_tridactyla,2,989, cls_4 ,1.078,101.0348,1.2137,1.225,,,,,
M_tridactyla,2,997, cls_4 ,1.1075,2739.8871,0.0045,1.5312,,,,,
M_tridactyla,2,1025, cls_4 ,1.0631,90.3682,4.4624,0.7146,,,,,
M_tridactyla,2,1026, cls_4 ,1.1366,90.3682,1.3312,2.552,,,,,
M_tridactyla,2,1037, cls_4 ,1.0306,63.9,10.7252,1.225,,,,,
M_tridactyla,2,1043, cls_4 ,1.0992,63.9,3.136,4.2874,,,,,
M_tridactyla,2,1097, cls_4 ,1.1434,223.65,0.1612,0.7146,,,,,
M_tridactyla,2,1101, cls_4 ,1,115.1974,0.3839,0.1021,,,,,
M_tridactyla,2,1110, cls_4 ,1,115.1974,0.3927,0.1021,,,,,
M_tridactyla,2,1153, cls_4 ,1.1167,2739.8871,0.0036,1.225,,,,,
M_tridactyla,2,1210, cls_4 ,1.0819,63.9,1.0114,0.6125,,,,,
M_tridactyla,2,1221, cls_4 ,1.0975,63.9,1.5111,0.4083,,,,,
M_tridactyla,3,1, cls_5 ,1.2505,202.0695,0.8557,6.8394,,,,,
M_tridactyla,3,4, cls_5 ,1.1328,71.4424,3.4598,0.9187,,,,,
M_tridactyla,3,5, cls_5 ,1.2011,71.4424,2.2639,1.7354,,,,,
M_tridactyla,3,9, cls_5 ,1,225.9206,1.4914,0.1021,,,,,
M_tridactyla,3,11, cls_5 ,1.1477,90.3682,13.8945,0.8166,,,,,
M_tridactyla,3,12, cls_5 ,1,71.4424,4.0604,0.1021,,,,,
M_tridactyla,3,14, cls_5 ,1.0155,71.4424,1.6472,0.2042,,,,,
M_tridactyla,3,15, cls_5 ,1.2118,214.3271,0.7358,1.8374,,,,,
M_tridactyla,3,16, cls_5 ,1.0358,63.9,2.3754,0.3062,,,,,
M_tridactyla,3,17, cls_5 ,1.1649,63.9,2.1029,0.7146,,,,,
M_tridactyla,3,20, cls_5 ,1.2522,63.9,6.955,9.9018,,,,,
M_tridactyla,3,21, cls_5 ,1.1388,101.0348,2.0933,1.0208,,,,,
M_tridactyla,3,24, cls_5 ,1.1756,131.7332,1.0747,2.1437,,,,,
M_tridactyla,3,35, cls_5 ,1.105,63.9,3.6708,0.5104,,,,,
M_tridactyla,3,38, cls_5 ,1.1443,63.9,4.5603,1.1229,,,,,
M_tridactyla,3,41, cls_5 ,1.0909,71.4424,20.5528,0.2042,,,,,
M_tridactyla,3,42, cls_5 ,1.1904,95.85,3.1821,2.3478,,,,,
M_tridactyla,3,46, cls_5 ,1.2528,71.4424,1.1933,9.2893,,,,,
M_tridactyla,3,47, cls_5 ,1.2165,95.85,3.2911,2.552,,,,,
M_tridactyla,3,49, cls_5 ,1.1454,90.3682,1.7573,1.4291,,,,,
M_tridactyla,3,52, cls_5 ,1.1519,90.3682,5.9905,0.9187,,,,,
M_tridactyla,3,54, cls_5 ,1,71.4424,2.2235,0.1021,,,,,
M_tridactyla,3,58, cls_5 ,1.0914,71.4424,3.0519,0.3062,,,,,
M_tridactyla,3,63, cls_5 ,1.1835,101.0348,1.5557,4.1853,,,,,
M_tridactyla,3,65, cls_5 ,1.179,63.9,30.864,2.2458,,,,,
M_tridactyla,3,66, cls_5 ,1.168,63.9,5.9995,2.6541,,,,,
M_tridactyla,3,67, cls_5 ,1.1941,90.3682,0.9849,1.8374,,,,,
M_tridactyla,3,72, cls_5 ,1.0819,63.9,1.5604,0.6125,,,,,
M_tridactyla,3,73, cls_5 ,1.105,63.9,3.3908,0.5104,,,,,
M_tridactyla,3,75, cls_5 ,1,71.4424,2.1973,0.1021,,,,,
M_tridactyla,3,76, cls_5 ,1.0155,63.9,2.1488,0.2042,,,,,
M_tridactyla,3,78, cls_5 ,1,63.9,3.084,0.1021,,,,,
M_tridactyla,3,82, cls_5 ,1,71.4424,1.4004,0.1021,,,,,
M_tridactyla,3,83, cls_5 ,1.1125,63.9,2.3362,0.6125,,,,,
M_tridactyla,3,86, cls_5 ,1.0358,63.9,5.8171,0.3062,,,,,
M_tridactyla,3,89, cls_5 ,1.123,95.85,2.8206,1.9395,,,,,
M_tridactyla,3,94, cls_5 ,1.1271,95.85,2.3421,1.1229,,,,,
M_tridactyla,3,123, cls_5 ,1.0358,71.4424,0.2923,0.3062,,,,,
M_tridactyla,3,126, cls_5 ,1,71.4424,0.678,0.1021,,,,,
M_tridactyla,3,188, cls_5 ,1.0473,2641.6294,0.0535,0.8166,,,,,
M_tridactyla,3,248, cls_5 ,1.0473,3358.5514,0.029,0.8166,,,,,
M_tridactyla,3,420, cls_5 ,1.0283,1073.539,0.0158,0.7146,,,,,
M_tridactyla,3,453, cls_5 ,1.0155,63.9,1.5143,0.2042,,,,,
M_tridactyla,3,464, cls_5 ,1.0819,63.9,0.5138,0.6125,,,,,
M_tridactyla,3,499, cls_5 ,1.0537,1152.4166,0.0206,0.4083,,,,,
M_tridactyla,3,555, cls_5 ,1.0932,683.7599,0.0276,0.7146,,,,,
M_tridactyla,3,635, cls_5 ,1.105,683.7599,0.0352,0.5104,,,,,
M_tridactyla,3,672, cls_5 ,1.0975,3029.8642,0.0189,0.4083,,,,,
M_tridactyla,3,709, cls_5 ,1.0338,1175.6558,0.0197,0.9187,,,,,
M_tridactyla,3,722, cls_5 ,1.1226,1081.1193,0.0301,1.7354,,,,,
M_tridactyla,3,765, cls_5 ,1.0465,1081.1193,0.0434,0.6125,,,,,
M_tridactyla,3,896, cls_5 ,1.0631,3774.5649,0.0169,0.7146,,,,,
M_tridactyla,3,941, cls_5 ,1.0473,1956.0081,0.104,0.8166,,,,,
M_tridactyla,3,945, cls_5 ,1.2595,63.9,5.5139,30.522,,,,,
M_tridactyla,3,950, cls_5 ,1.0688,63.9,75.22,0.5104,,,,,
M_tridactyla,3,962, cls_5 ,1.1207,101.0348,24.0843,4.3895,,,,,
M_tridactyla,3,970, cls_5 ,1.1379,606.2086,0.7619,13.985,,,,,
M_tridactyla,3,978, cls_5 ,1.0769,63.9,13.5447,0.8166,,,,,
M_tridactyla,3,985, cls_5 ,1.1199,63.9,8.4373,1.0208,,,,,
M_tridactyla,3,1006, cls_5 ,1,63.9,74.8312,0.1021,,,,,
M_tridactyla,3,1014, cls_5 ,1,1857.5017,0.1048,0.1021,,,,,
M_tridactyla,3,1019, cls_5 ,1.0914,479.25,1.4273,0.3062,,,,,
M_tridactyla,3,2, cls_3 ,1.3364,63.9,682.1447,22225.3204,,,,,
M_tridactyla,3,40, cls_3 ,1,90.3682,27215.7685,0.1021,,,,,
M_tridactyla,3,45, cls_3 ,1,63.9,54431.1212,0.1021,,,,,
M_tridactyla,3,119, cls_3 ,1.0889,95.85,24191.8949,0.9187,,,,,
M_tridactyla,3,145, cls_3 ,1.1503,63.9,27219.2298,93.4034,,,,,
M_tridactyla,3,150, cls_3 ,1.0509,63.9,54431.4809,1.0208,,,,,
M_tridactyla,3,153, cls_3 ,1.0688,63.9,16976.9882,0.5104,,,,,
M_tridactyla,3,177, cls_3 ,1,115.1974,293.5347,0.1021,,,,,
M_tridactyla,3,186, cls_3 ,1.0769,127.8,13608.195,0.8166,,,,,
M_tridactyla,3,198, cls_3 ,1.0764,71.4424,43545.1201,7.8602,,,,,
M_tridactyla,3,200, cls_3 ,1,71.4424,43545.2761,0.1021,,,,,
M_tridactyla,3,205, cls_3 ,1.1428,63.9,987.5846,4.0832,,,,,
M_tridactyla,3,207, cls_3 ,1.063,172.056,429.4246,0.9187,,,,,
M_tridactyla,3,208, cls_3 ,1.077,63.9,54432.3458,4.8999,,,,,
M_tridactyla,3,217, cls_3 ,1.1418,95.85,24193.3826,2.6541,,,,,
M_tridactyla,3,218, cls_3 ,1.0509,135.5524,12100.1183,2.9603,,,,,
M_tridactyla,3,224, cls_3 ,1,63.9,1525.3803,0.4083,,,,,
M_tridactyla,3,235, cls_3 ,1.11,172.056,7511.6364,30.3178,,,,,
M_tridactyla,3,245, cls_3 ,1.0987,95.85,24192.1095,106.2655,,,,,
M_tridactyla,3,246, cls_3 ,1.1441,71.4424,43546.5859,3.777,,,,,
M_tridactyla,3,255, cls_3 ,1.1275,63.9,54433.8746,7.8602,,,,,
M_tridactyla,3,259, cls_3 ,1.0909,71.4424,43545.1948,0.2042,,,,,
M_tridactyla,3,270, cls_3 ,1.1395,63.9,54432.1791,0.6125,,,,,
M_tridactyla,3,280, cls_3 ,1.0261,63.9,27228.4243,0.5104,,,,,
M_tridactyla,3,283, cls_3 ,1.0358,71.4424,1907.0344,0.3062,,,,,
M_tridactyla,3,285, cls_3 ,1.1246,63.9,7517.3976,3.3686,,,,,
M_tridactyla,3,286, cls_3 ,1.1815,71.4424,2730.5242,13.7808,,,,,
M_tridactyla,3,290, cls_3 ,1.1966,63.9,6414.419,121.8838,,,,,
M_tridactyla,3,291, cls_3 ,1.0475,131.7332,6057.6229,3.0624,,,,,
M_tridactyla,3,293, cls_3 ,1.0663,131.7332,4469.1193,2.552,,,,,
M_tridactyla,3,296, cls_3 ,1.148,115.1974,16748.6319,5.8186,,,,,
M_tridactyla,3,307, cls_3 ,1.0721,127.8,13609.1817,3.4707,,,,,
M_tridactyla,3,326, cls_3 ,1,63.9,54431.2296,0.1021,,,,,
M_tridactyla,3,336, cls_3 ,1.1075,127.8,13608.0297,7.3498,,,,,
M_tridactyla,3,342, cls_3 ,1.0465,63.9,593.4091,0.6125,,,,,
M_tridactyla,3,346, cls_3 ,1.1901,95.85,24217.2306,22.9681,,,,,
M_tridactyla,3,348, cls_3 ,1.0869,63.9,54432.3784,1.8374,,,,,
M_tridactyla,3,349, cls_3 ,1.0465,90.3682,281.2013,0.6125,,,,,
M_tridactyla,3,350, cls_3 ,1.078,90.3682,27215.6444,1.225,,,,,
M_tridactyla,3,356, cls_3 ,1.0651,101.0348,21773.5001,2.2458,,,,,
M_tridactyla,3,360, cls_3 ,1.0961,194.3443,272.7343,12.5559,,,,,
M_tridactyla,3,371, cls_3 ,1.0909,63.9,444.1986,0.2042,,,,,
M_tridactyla,3,373, cls_3 ,1,63.9,54431.5864,0.1021,,,,,
M_tridactyla,3,387, cls_3 ,1.0338,95.85,664.6255,0.9187,,,,,
M_tridactyla,3,395, cls_3 ,1.1553,63.9,54439.0953,3.879,,,,,
M_tridactyla,3,402, cls_3 ,1.0972,63.9,54431.6292,3.6749,,,,,
M_tridactyla,3,409, cls_3 ,1.1073,383.4,279.9791,1.327,,,,,
M_tridactyla,3,412, cls_3 ,1.0836,225.9206,2182.4116,1.6333,,,,,
M_tridactyla,3,418, cls_3 ,1.063,127.8,13609.1937,0.9187,,,,,
M_tridactyla,3,419, cls_3 ,1.1738,115.1974,2174.2141,13.7808,,,,,
M_tridactyla,3,423, cls_3 ,1.0932,101.0348,21774.2332,0.7146,,,,,
M_tridactyla,3,431, cls_3 ,1.0465,95.85,24192.8308,0.6125,,,,,
M_tridactyla,3,440, cls_3 ,1.085,159.75,8709.6407,2.1437,,,,,
M_tridactyla,3,443, cls_3 ,1.1167,287.55,1259.0537,1.225,,,,,
M_tridactyla,3,445, cls_3 ,1,63.9,5313.8005,0.1021,,,,,
M_tridactyla,3,449, cls_3 ,1.0465,63.9,16750.3365,0.6125,,,,,
M_tridactyla,3,450, cls_3 ,1.0924,63.9,43547.0372,2.8582,,,,,
M_tridactyla,3,461, cls_3 ,1.0914,63.9,54431.7555,0.3062,,,,,
M_tridactyla,3,462, cls_3 ,1.0465,90.3682,27216.1048,0.6125,,,,,
M_tridactyla,3,470, cls_3 ,1.0932,63.9,13615.1068,0.7146,,,,,
M_tridactyla,3,474, cls_3 ,1,90.3682,27216.224,0.1021,,,,,
M_tridactyla,3,475, cls_3 ,1,71.4424,43545.5743,0.1021,,,,,
M_tridactyla,3,477, cls_3 ,1,142.8847,10886.852,0.1021,,,,,
M_tridactyla,3,480, cls_3 ,1.0572,95.85,24192.7322,8.9831,,,,,
M_tridactyla,3,483, cls_3 ,1.1372,63.9,54431.7423,1.5312,,,,,
M_tridactyla,3,484, cls_3 ,1.0358,71.4424,43545.2218,0.3062,,,,,
M_tridactyla,3,486, cls_3 ,1.171,95.85,24191.8151,1.7354,,,,,
M_tridactyla,3,487, cls_3 ,1.1554,131.7332,12807.8229,2.552,,,,,
M_tridactyla,3,491, cls_3 ,1,71.4424,43546.6044,0.1021,,,,,
M_tridactyla,3,496, cls_3 ,1.0769,63.9,54437.0648,0.8166,,,,,
M_tridactyla,3,504, cls_3 ,1.022,101.0348,21773.5227,1.0208,,,,,
M_tridactyla,3,535, cls_3 ,1.1167,63.9,54440.0156,1.225,,,,,
M_tridactyla,3,539, cls_3 ,1.1649,159.75,3754.9808,0.7146,,,,,
M_tridactyla,3,549, cls_3 ,1.1893,63.9,5889.413,7.3498,,,,,
M_tridactyla,3,550, cls_3 ,1.0987,63.9,54431.9026,1.4291,,,,,
M_tridactyla,3,560, cls_3 ,1.105,63.9,10905.681,0.5104,,,,,
M_tridactyla,3,561, cls_3 ,1.0819,71.4424,16750.5439,0.6125,,,,,
M_tridactyla,3,562, cls_3 ,1.1197,63.9,54432.4034,0.7146,,,,,
M_tridactyla,3,564, cls_3 ,1.0932,159.75,3350.7233,0.7146,,,,,
M_tridactyla,3,569, cls_3 ,1.0537,90.3682,13610.8453,0.4083,,,,,
M_tridactyla,3,571, cls_3 ,1.0909,90.3682,6805.9048,1.5312,,,,,
M_tridactyla,3,572, cls_3 ,1.0358,71.4424,43545.0419,0.3062,,,,,
M_tridactyla,3,573, cls_3 ,1.0993,232.5995,934.806,1.0208,,,,,
M_tridactyla,3,574, cls_3 ,1.1204,63.9,54432.4938,2.4499,,,,,
M_tridactyla,3,575, cls_3 ,1.0819,63.9,16752.7878,0.6125,,,,,
M_tridactyla,3,579, cls_3 ,1,95.85,3352.511,0.1021,,,,,
M_tridactyla,3,580, cls_3 ,1.0914,63.9,54431.4423,0.3062,,,,,
M_tridactyla,3,591, cls_3 ,1.1543,63.9,10891.7011,1.327,,,,,
M_tridactyla,3,592, cls_3 ,1.1001,101.0348,4357.1075,1.6333,,,,,
M_tridactyla,3,594, cls_3 ,1.1125,95.85,2180.7853,0.6125,,,,,
M_tridactyla,3,595, cls_3 ,1.0932,63.9,4362.5057,0.7146,,,,,
M_tridactyla,3,601, cls_3 ,1.1642,63.9,43549.9259,1.8374,,,,,
M_tridactyla,3,606, cls_3 ,1,159.75,2420.9905,0.1021,,,,,
M_tridactyla,3,607, cls_3 ,1.0509,95.85,24191.8787,1.0208,,,,,
M_tridactyla,3,609, cls_3 ,1.1554,186.2989,3571.459,1.6333,,,,,
M_tridactyla,3,610, cls_3 ,1.165,63.9,2160.8348,2.3478,,,,,
M_tridactyla,3,611, cls_3 ,1.0338,303.1043,1090.5557,0.9187,,,,,
M_tridactyla,3,612, cls_3 ,1.1346,115.1974,1291.0596,0.4083,,,,,
M_tridactyla,3,613, cls_3 ,1.0688,225.9206,2425.3671,0.5104,,,,,
M_tridactyla,3,618, cls_3 ,1,63.9,54431.7046,0.1021,,,,,
M_tridactyla,3,619, cls_3 ,1.1334,63.9,43548.2563,27.0513,,,,,
M_tridactyla,3,620, cls_3 ,1.0909,71.4424,924.615,0.2042,,,,,
M_tridactyla,3,622, cls_3 ,1.2018,101.0348,3352.6246,1.1229,,,,,
M_tridactyla,3,629, cls_3 ,1.1265,243.324,894.8868,0.8166,,,,,
M_tridactyla,3,637, cls_3 ,1.1125,71.4424,43545.1418,0.6125,,,,,
M_tridactyla,3,640, cls_3 ,1.0155,63.9,2252.2124,0.2042,,,,,
M_tridactyla,3,641, cls_3 ,1.1362,63.9,1883.9948,0.5104,,,,,
M_tridactyla,3,645, cls_3 ,1.0402,63.9,4361.4494,1.1229,,,,,
M_tridactyla,3,647, cls_3 ,1.0537,63.9,3821.1253,0.4083,,,,,
M_tridactyla,3,649, cls_3 ,1.1125,90.3682,16751.4897,0.6125,,,,,
M_tridactyla,3,650, cls_3 ,1.1388,101.0348,2180.8489,1.0208,,,,,
M_tridactyla,3,651, cls_3 ,1.112,255.6,3402.6512,0.9187,,,,,
M_tridactyla,3,653, cls_3 ,1.0547,63.9,54431.1634,3.6749,,,,,
M_tridactyla,3,654, cls_3 ,1.0799,71.4424,12811.2519,2.2458,,,,,
M_tridactyla,3,662, cls_3 ,1.1167,180.7365,3206.0189,1.225,,,,,
M_tridactyla,3,670, cls_3 ,1.1001,63.9,54432.6315,1.6333,,,,,
M_tridactyla,3,679, cls_3 ,1.1125,71.4424,43571.8389,0.6125,,,,,
M_tridactyla,3,680, cls_3 ,1.0975,63.9,54436.257,0.4083,,,,,
M_tridactyla,3,681, cls_3 ,1.1395,159.75,8709.701,0.6125,,,,,
M_tridactyla,3,694, cls_3 ,1.0819,71.4424,43548.5246,0.6125,,,,,
M_tridactyla,3,699, cls_3 ,1,63.9,54431.1656,0.1021,,,,,
M_tridactyla,3,702, cls_3 ,1.1638,95.85,24192.5234,0.5104,,,,,
M_tridactyla,3,708, cls_3 ,1.063,71.4424,43545.163,0.9187,,,,,
M_tridactyla,3,715, cls_3 ,1.1609,63.9,54431.482,4.3895,,,,,
M_tridactyla,3,725, cls_3 ,1.116,90.3682,27215.61,4.5936,,,,,
M_tridactyla,3,736, cls_3 ,1,63.9,54431.4179,0.1021,,,,,
M_tridactyla,3,739, cls_3 ,1.0734,71.4424,16749.6219,3.0624,,,,,
M_tridactyla,3,740, cls_3 ,1.0155,63.9,6411.0659,0.2042,,,,,
M_tridactyla,3,743, cls_3 ,1.0914,63.9,3356.7601,0.3062,,,,,
M_tridactyla,3,747, cls_3 ,1,90.3682,27219.1947,0.1021,,,,,
M_tridactyla,3,755, cls_3 ,1.0988,63.9,54431.4661,2.1437,,,,,
M_tridactyla,3,781, cls_3 ,1.1402,71.4424,43545.1407,4.1853,,,,,
M_tridactyla,3,783, cls_3 ,1.0688,63.9,27218.117,0.5104,,,,,
M_tridactyla,3,785, cls_3 ,1.063,63.9,4109.5794,0.9187,,,,,
M_tridactyla,3,811, cls_3 ,1.0701,63.9,54431.1614,2.1437,,,,,
M_tridactyla,3,838, cls_3 ,1.0752,90.3682,27216.0163,2.3478,,,,,
M_tridactyla,3,840, cls_3 ,1.0155,63.9,54434.1358,0.2042,,,,,
M_tridactyla,3,856, cls_3 ,1.0909,90.3682,27215.6167,0.2042,,,,,
M_tridactyla,3,874, cls_3 ,1.0465,63.9,54431.2321,0.6125,,,,,
M_tridactyla,3,879, cls_3 ,1.0155,71.4424,43545.1079,0.2042,,,,,
M_tridactyla,3,893, cls_3 ,1.0689,101.0348,21773.7284,1.327,,,,,
M_tridactyla,3,905, cls_3 ,1.0592,90.3682,2451.4887,2.0416,,,,,
M_tridactyla,3,908, cls_3 ,1.0473,90.3682,27215.765,0.8166,,,,,
M_tridactyla,3,911, cls_3 ,1.0395,63.9,4215.3198,1.7354,,,,,
M_tridactyla,3,917, cls_3 ,1.0635,63.9,21777.9488,10.3101,,,,,
M_tridactyla,3,931, cls_3 ,1.0764,71.4424,43544.9196,1.0208,,,,,
M_tridactyla,3,952, cls_3 ,1.0556,71.4424,27219.4701,1.225,,,,,
M_tridactyla,3,953, cls_3 ,1.0909,71.4424,43547.5021,0.2042,,,,,
M_tridactyla,3,956, cls_3 ,1.0998,63.9,54439.2021,7.0435,,,,,
M_tridactyla,3,958, cls_3 ,1,71.4424,12813.7264,0.1021,,,,,
M_tridactyla,3,965, cls_3 ,1.1855,101.0348,5480.8296,0.6125,,,,,
M_tridactyla,3,967, cls_3 ,1.0473,95.85,24199.0885,0.8166,,,,,
M_tridactyla,3,968, cls_3 ,1.1075,71.4424,43549.0726,1.5312,,,,,
M_tridactyla,3,972, cls_3 ,1.1167,115.1974,16784.4803,38.2801,,,,,
M_tridactyla,3,973, cls_3 ,1.0996,101.0348,1252.4996,20.416,,,,,
M_tridactyla,3,974, cls_3 ,1.1161,101.0348,758.3768,48.284,,,,,
M_tridactyla,3,977, cls_3 ,1.0597,71.4424,43551.5268,6.9415,,,,,
M_tridactyla,3,982, cls_3 ,1.0968,172.056,3027.9461,14.9037,,,,,
M_tridactyla,3,993, cls_3 ,1.1051,63.9,27219.1355,4.3895,,,,,
M_tridactyla,3,995, cls_3 ,1.0358,90.3682,27218.5145,0.3062,,,,,
M_tridactyla,3,996, cls_3 ,1.0874,127.8,1499.2619,3.6749,,,,,
M_tridactyla,3,998, cls_3 ,1,127.8,901.8359,0.1021,,,,,
M_tridactyla,3,1000, cls_3 ,1.0588,63.9,560.77,13.0663,,,,,
M_tridactyla,3,1002, cls_3 ,1.0638,172.056,1349.5878,8.3706,,,,,
M_tridactyla,3,1003, cls_3 ,1.1125,63.9,2235.6388,0.6125,,,,,
M_tridactyla,3,1009, cls_3 ,1.1845,272.9809,840.1812,0.7146,,,,,
M_tridactyla,3,1010, cls_3 ,1.1415,95.85,482.5341,1.8374,,,,,
M_tridactyla,3,1011, cls_3 ,1.0512,115.1974,448.6454,3.3686,,,,,
M_tridactyla,3,1012, cls_3 ,1.1073,131.7332,438.7759,1.327,,,,,
M_tridactyla,3,1015, cls_3 ,1.0473,95.85,341.0872,0.8166,,,,,
M_tridactyla,3,1017, cls_3 ,1.0358,63.9,193.7769,0.3062,,,,,
M_tridactyla,3,1021, cls_3 ,1.1125,101.0348,503.37,0.6125,,,,,
M_tridactyla,3,1022, cls_3 ,1,186.2989,126.1185,0.1021,,,,,
M_tridactyla,3,1024, cls_3 ,1,63.9,54431.6524,0.1021,,,,,
M_tridactyla,3,1025, cls_3 ,1,131.7332,241.0893,0.1021,,,,,
M_tridactyla,3,3, cls_1 ,1.1429,101.0348,26.892,1.6333,,,,,
M_tridactyla,3,6, cls_1 ,1.0402,194.3443,9.5137,1.1229,,,,,
M_tridactyla,3,7, cls_1 ,1,409.1596,6.1196,0.1021,,,,,
M_tridactyla,3,8, cls_1 ,1.1251,95.85,29.8613,2.3478,,,,,
M_tridactyla,3,10, cls_1 ,1.1438,63.9,18.5972,23.5805,,,,,
M_tridactyla,3,13, cls_1 ,1.0975,191.7,9.9335,0.4083,,,,,
M_tridactyla,3,18, cls_1 ,1.0971,243.324,14.7419,2.4499,,,,,
M_tridactyla,3,22, cls_1 ,1.0769,159.75,13.6041,0.8166,,,,,
M_tridactyla,3,23, cls_1 ,1.1319,90.3682,49.4083,12.9642,,,,,
M_tridactyla,3,25, cls_1 ,1.1537,71.4424,37.205,4.6957,,,,,
M_tridactyla,3,26, cls_1 ,1.0261,287.55,9.9692,0.5104,,,,,
M_tridactyla,3,27, cls_1 ,1.2068,63.9,46.1291,13.7808,,,,,
M_tridactyla,3,28, cls_1 ,1.0799,274.8443,6.5393,2.552,,,,,
M_tridactyla,3,30, cls_1 ,1,101.0348,22.5229,0.1021,,,,,
M_tridactyla,3,31, cls_1 ,1.059,63.9,80.9952,1.7354,,,,,
M_tridactyla,3,32, cls_1 ,1.1446,90.3682,134.6205,29.195,,,,,
M_tridactyla,3,33, cls_1 ,1.1226,63.9,44.3913,1.7354,,,,,
M_tridactyla,3,34, cls_1 ,1.0631,101.0348,13.753,0.7146,,,,,
M_tridactyla,3,36, cls_1 ,1.1414,90.3682,21.2245,17.2516,,,,,
M_tridactyla,3,37, cls_1 ,1.1297,101.0348,11.5278,2.9603,,,,,
M_tridactyla,3,39, cls_1 ,1.1518,71.4424,56.4355,2.0416,,,,,
M_tridactyla,3,43, cls_1 ,1.0819,214.3271,25.4684,0.6125,,,,,
M_tridactyla,3,44, cls_1 ,1.1628,71.4424,33.2204,15.8224,,,,,
M_tridactyla,3,48, cls_1 ,1.1124,95.85,67.0051,3.777,,,,,
M_tridactyla,3,50, cls_1 ,1.0894,159.75,11.4542,3.2666,,,,,
M_tridactyla,3,51, cls_1 ,1.0844,131.7332,21.6442,2.7562,,,,,
M_tridactyla,3,53, cls_1 ,1.1257,90.3682,207.0292,4.7978,,,,,
M_tridactyla,3,55, cls_1 ,1,71.4424,6.0376,0.1021,,,,,
M_tridactyla,3,56, cls_1 ,1.0932,90.3682,109.9438,0.7146,,,,,
M_tridactyla,3,57, cls_1 ,1.105,131.7332,9.0722,0.5104,,,,,
M_tridactyla,3,59, cls_1 ,1.1565,71.4424,1864.4962,40.2196,,,,,
M_tridactyla,3,60, cls_1 ,1.0283,465.199,5.0029,0.7146,,,,,
M_tridactyla,3,61, cls_1 ,1.0631,71.4424,5.4147,0.7146,,,,,
M_tridactyla,3,64, cls_1 ,1.0764,214.3271,8.7629,1.0208,,,,,
M_tridactyla,3,68, cls_1 ,1.105,131.7332,5.7303,0.5104,,,,,
M_tridactyla,3,69, cls_1 ,1.0728,131.7332,19.2486,1.5312,,,,,
M_tridactyla,3,70, cls_1 ,1.0543,95.85,1031.4276,7.9623,,,,,
M_tridactyla,3,71, cls_1 ,1.0465,90.3682,28.3894,0.6125,,,,,
M_tridactyla,3,74, cls_1 ,1.0022,131.7332,10.8332,1.225,,,,,
M_tridactyla,3,77, cls_1 ,1.0631,225.9206,6.0865,0.7146,,,,,
M_tridactyla,3,79, cls_1 ,1.0663,63.9,52.0748,2.552,,,,,
M_tridactyla,3,80, cls_1 ,1.1765,63.9,182.6281,12.0455,,,,,
M_tridactyla,3,84, cls_1 ,1.0654,225.9206,7.204,1.1229,,,,,
M_tridactyla,3,85, cls_1 ,1.1362,230.3947,6.2683,0.5104,,,,,
M_tridactyla,3,87, cls_1 ,1,63.9,53.7821,0.1021,,,,,
M_tridactyla,3,88, cls_1 ,1.0993,63.9,2289.7181,1.0208,,,,,
M_tridactyla,3,90, cls_1 ,1.1395,867.9587,2.4514,0.6125,,,,,
M_tridactyla,3,92, cls_1 ,1.105,71.4424,38.1761,0.5104,,,,,
M_tridactyla,3,93, cls_1 ,1.0467,90.3682,16.6205,1.327,,,,,
M_tridactyla,3,95, cls_1 ,1.1418,127.8,21.8219,2.6541,,,,,
M_tridactyla,3,96, cls_1 ,1.2141,63.9,65.2423,15.6183,,,,,
M_tridactyla,3,97, cls_1 ,1.088,90.3682,611.0979,1.1229,,,,,
M_tridactyla,3,98, cls_1 ,1,71.4424,92.902,0.1021,,,,,
M_tridactyla,3,99, cls_1 ,1.0654,186.2989,7.2281,1.1229,,,,,
M_tridactyla,3,100, cls_1 ,1.2384,63.9,1204.1359,929.4407,,,,,
M_tridactyla,3,101, cls_1 ,1.1398,63.9,2320.6429,1.327,,,,,
M_tridactyla,3,104, cls_1 ,1.0537,63.9,7.1063,0.4083,,,,,
M_tridactyla,3,105, cls_1 ,1.1358,186.2989,8.5813,1.7354,,,,,
M_tridactyla,3,106, cls_1 ,1.1362,95.85,25.4683,0.5104,,,,,
M_tridactyla,3,107, cls_1 ,1.0909,63.9,334.237,0.2042,,,,,
M_tridactyla,3,108, cls_1 ,1.0635,90.3682,16.2908,3.3686,,,,,
M_tridactyla,3,109, cls_1 ,1.0631,172.056,6.2798,0.7146,,,,,
M_tridactyla,3,110, cls_1 ,1.0809,101.0348,41.3859,27.0513,,,,,
M_tridactyla,3,111, cls_1 ,1.0657,115.1974,161.7637,1.6333,,,,,
M_tridactyla,3,112, cls_1 ,1.0509,63.9,5.9293,1.0208,,,,,
M_tridactyla,3,113, cls_1 ,1.1454,272.9809,10.8172,1.4291,,,,,
M_tridactyla,3,114, cls_1 ,1.1628,101.0348,15.1719,6.1248,,,,,
M_tridactyla,3,115, cls_1 ,1.0464,294.5644,41.4076,21.9473,,,,,
M_tridactyla,3,116, cls_1 ,1.0889,642.9813,3.4057,2.3478,,,,,
M_tridactyla,3,118, cls_1 ,1.1945,90.3682,568.5064,21.9473,,,,,
M_tridactyla,3,120, cls_1 ,1.0509,186.2989,33.2325,1.0208,,,,,
M_tridactyla,3,121, cls_1 ,1.0819,257.5891,9.2608,0.6125,,,,,
M_tridactyla,3,122, cls_1 ,1.1187,63.9,40.2375,2.2458,,,,,
M_tridactyla,3,124, cls_1 ,1.078,63.9,40.9483,1.225,,,,,
M_tridactyla,3,125, cls_1 ,1.1328,257.5891,79.0201,0.9187,,,,,
M_tridactyla,3,127, cls_1 ,1.0261,101.0348,23.7685,0.5104,,,,,
M_tridactyla,3,128, cls_1 ,1.0631,230.3947,11.0068,0.7146,,,,,
M_tridactyla,3,129, cls_1 ,1.1683,71.4424,789.0938,8.0643,,,,,
M_tridactyla,3,130, cls_1 ,1.0261,294.5644,111.2563,0.5104,,,,,
M_tridactyla,3,131, cls_1 ,1.063,159.75,200.6946,0.9187,,,,,
M_tridactyla,3,132, cls_1 ,1.0716,159.75,37.0336,3.879,,,,,
M_tridactyla,3,133, cls_1 ,1.0537,404.1391,3.7328,0.4083,,,,,
M_tridactyla,3,134, cls_1 ,1.053,225.9206,13.5282,1.5312,,,,,
M_tridactyla,3,135, cls_1 ,1,63.9,35.6662,0.1021,,,,,
M_tridactyla,3,136, cls_1 ,1.0473,162.9137,16.3679,0.8166,,,,,
M_tridactyla,3,137, cls_1 ,1.0537,159.75,199.1353,0.4083,,,,,
M_tridactyla,3,138, cls_1 ,1.2467,63.9,3532.0685,497.4371,,,,,
M_tridactyla,3,139, cls_1 ,1.1265,255.6,80.1104,0.8166,,,,,
M_tridactyla,3,140, cls_1 ,1.0283,230.3947,14.5522,0.7146,,,,,
M_tridactyla,3,141, cls_1 ,1.063,90.3682,53.9109,0.9187,,,,,
M_tridactyla,3,142, cls_1 ,1.046,63.9,2283.2919,1.6333,,,,,
M_tridactyla,3,143, cls_1 ,1.1021,101.0348,340.0699,9.1872,,,,,
M_tridactyla,3,144, cls_1 ,1.0338,289.3196,17.6839,0.9187,,,,,
M_tridactyla,3,146, cls_1 ,1.0473,95.85,294.6491,0.8166,,,,,
M_tridactyla,3,147, cls_1 ,1.0918,127.8,20.5905,57.1649,,,,,
M_tridactyla,3,148, cls_1 ,1.0927,63.9,64.5853,3.1645,,,,,
M_tridactyla,3,149, cls_1 ,1.0155,101.0348,18.6114,0.2042,,,,,
M_tridactyla,3,151, cls_1 ,1.1154,172.056,14.5003,1.6333,,,,,
M_tridactyla,3,152, cls_1 ,1.151,63.9,572.3851,20.8244,,,,,
M_tridactyla,3,154, cls_1 ,1.1454,95.85,5.5332,1.4291,,,,,
M_tridactyla,3,155, cls_1 ,1.0155,71.4424,801.0596,0.2042,,,,,
M_tridactyla,3,156, cls_1 ,1.1031,191.7,18.7036,0.8166,,,,,
M_tridactyla,3,157, cls_1 ,1.2331,63.9,337.6025,395.4589,,,,,
M_tridactyla,3,158, cls_1 ,1.1369,63.9,22.1537,0.3062,,,,,
M_tridactyla,3,159, cls_1 ,1.079,63.9,405.6989,4.3895,,,,,
M_tridactyla,3,160, cls_1 ,1.0465,71.4424,8.0421,0.6125,,,,,
M_tridactyla,3,161, cls_1 ,1.0932,63.9,83.7779,0.7146,,,,,
M_tridactyla,3,162, cls_1 ,1.0836,71.4424,6.2241,1.6333,,,,,
M_tridactyla,3,163, cls_1 ,1,63.9,24.2431,0.1021,,,,,
M_tridactyla,3,164, cls_1 ,1.1501,63.9,53.6464,20.0077,,,,,
M_tridactyla,3,165, cls_1 ,1.0909,159.75,367.7583,0.2042,,,,,
M_tridactyla,3,166, cls_1 ,1.0465,384.7289,66.0134,0.6125,,,,,
M_tridactyla,3,167, cls_1 ,1.0909,95.85,7.1963,0.2042,,,,,
M_tridactyla,3,168, cls_1 ,1.0335,583.0328,9.9604,1.8374,,,,,
M_tridactyla,3,169, cls_1 ,1.078,172.056,33.4381,1.225,,,,,
M_tridactyla,3,170, cls_1 ,1.0465,191.7,32.5717,0.6125,,,,,
M_tridactyla,3,172, cls_1 ,1.0155,135.5524,513.2652,0.2042,,,,,
M_tridactyla,3,173, cls_1 ,1.1342,127.8,571.5537,17.0474,,,,,
M_tridactyla,3,174, cls_1 ,1.21,71.4424,3578.2285,42.4654,,,,,
M_tridactyla,3,175, cls_1 ,1.1297,63.9,303.3112,2.9603,,,,,
M_tridactyla,3,176, cls_1 ,1.0769,95.85,6.4922,0.8166,,,,,
M_tridactyla,3,178, cls_1 ,1.0809,63.9,616.1513,1.9395,,,,,
M_tridactyla,3,179, cls_1 ,1.0909,71.4424,71.9203,0.2042,,,,,
M_tridactyla,3,180, cls_1 ,1.1805,63.9,193.0654,3.879,,,,,
M_tridactyla,3,181, cls_1 ,1.1204,159.75,13.9937,2.4499,,,,,
M_tridactyla,3,182, cls_1 ,1.1172,71.4424,237.522,2.0416,,,,,
M_tridactyla,3,183, cls_1 ,1.0465,71.4424,781.8086,0.6125,,,,,
M_tridactyla,3,184, cls_1 ,1.0358,63.9,65.867,0.3062,,,,,
M_tridactyla,3,185, cls_1 ,1.0701,429.8433,6.8013,2.1437,,,,,
M_tridactyla,3,187, cls_1 ,1.0509,63.9,144.6842,1.0208,,,,,
M_tridactyla,3,189, cls_1 ,1.0509,115.1974,30.2834,1.0208,,,,,
M_tridactyla,3,190, cls_1 ,1.0261,90.3682,371.2084,0.5104,,,,,
M_tridactyla,3,191, cls_1 ,1.2108,63.9,30.0349,22.5597,,,,,
M_tridactyla,3,192, cls_1 ,1.0537,285.7695,174.0559,0.4083,,,,,
M_tridactyla,3,193, cls_1 ,1.0631,90.3682,1016.4075,0.7146,,,,,
M_tridactyla,3,194, cls_1 ,1.063,131.7332,202.1387,0.9187,,,,,
M_tridactyla,3,195, cls_1 ,1.0465,225.9206,102.7651,0.6125,,,,,
M_tridactyla,3,196, cls_1 ,1.0155,63.9,107.1746,0.2042,,,,,
M_tridactyla,3,197, cls_1 ,1.0648,230.3947,54.0367,4.5936,,,,,
M_tridactyla,3,199, cls_1 ,1.0688,63.9,202.7003,0.5104,,,,,
M_tridactyla,3,201, cls_1 ,1.1783,95.85,47.4683,1.6333,,,,,
M_tridactyla,3,202, cls_1 ,1.105,142.8847,3.9301,0.5104,,,,,
M_tridactyla,3,203, cls_1 ,1.1007,127.8,43.352,13.6788,,,,,
M_tridactyla,3,204, cls_1 ,1.0465,90.3682,36.8352,0.6125,,,,,
M_tridactyla,3,206, cls_1 ,1.2422,63.9,1463.6575,1424.5299,,,,,
M_tridactyla,3,209, cls_1 ,1.0982,142.8847,3.8411,1.225,,,,,
M_tridactyla,3,210, cls_1 ,1.1983,71.4424,87.4447,2.6541,,,,,
M_tridactyla,3,211, cls_1 ,1.0819,71.4424,2849.7811,0.6125,,,,,
M_tridactyla,3,212, cls_1 ,1.0809,162.9137,125.518,1.9395,,,,,
M_tridactyla,3,213, cls_1 ,1.0706,90.3682,630.7478,1.8374,,,,,
M_tridactyla,3,214, cls_1 ,1.1125,388.6885,68.7249,0.6125,,,,,
M_tridactyla,3,215, cls_1 ,1.0951,71.4424,20.3964,11.5351,,,,,
M_tridactyla,3,216, cls_1 ,1.0932,127.8,21.0844,0.7146,,,,,
M_tridactyla,3,220, cls_1 ,1.096,63.9,280.8026,4.7978,,,,,
M_tridactyla,3,221, cls_1 ,1.0473,95.85,312.0172,0.8166,,,,,
M_tridactyla,3,222, cls_1 ,1.0982,135.5524,171.631,1.225,,,,,
M_tridactyla,3,223, cls_1 ,1.0395,71.4424,798.8965,1.7354,,,,,
M_tridactyla,3,226, cls_1 ,1.0592,172.056,5.3089,2.0416,,,,,
M_tridactyla,3,227, cls_1 ,1.0754,127.8,17.4932,2.0416,,,,,
M_tridactyla,3,228, cls_1 ,1.0805,63.9,48.7077,1.4291,,,,,
M_tridactyla,3,229, cls_1 ,1.1328,95.85,105.3891,0.9187,,,,,
M_tridactyla,3,230, cls_1 ,1.1013,95.85,306.4948,15.4141,,,,,
M_tridactyla,3,231, cls_1 ,1.0338,115.1974,308.498,0.9187,,,,,
M_tridactyla,3,232, cls_1 ,1.1812,63.9,1055.9702,57.5733,,,,,
M_tridactyla,3,233, cls_1 ,1.078,90.3682,144.2218,1.225,,,,,
M_tridactyla,3,234, cls_1 ,1.105,63.9,215.0331,0.5104,,,,,
M_tridactyla,3,236, cls_1 ,1.1099,172.056,7.1807,1.9395,,,,,
M_tridactyla,3,237, cls_1 ,1.0631,63.9,93.7018,0.7146,,,,,
M_tridactyla,3,238, cls_1 ,1.244,71.4424,36.9955,32.8698,,,,,
M_tridactyla,3,239, cls_1 ,1.0758,71.4424,37.8396,2.6541,,,,,
M_tridactyla,3,240, cls_1 ,1.0593,186.2989,37.0985,7.5539,,,,,
M_tridactyla,3,241, cls_1 ,1.0047,127.8,181.8184,0.6125,,,,,
M_tridactyla,3,242, cls_1 ,1.0131,127.8,13.4179,0.8166,,,,,
M_tridactyla,3,243, cls_1 ,1.0975,71.4424,77.3141,0.4083,,,,,
M_tridactyla,3,244, cls_1 ,1.1305,127.8,313.9089,4.2874,,,,,
M_tridactyla,3,247, cls_1 ,1.1454,90.3682,44.6678,1.4291,,,,,
M_tridactyla,3,249, cls_1 ,1.0556,63.9,10.3174,1.225,,,,,
M_tridactyla,3,250, cls_1 ,1.0537,63.9,14.2311,0.4083,,,,,
M_tridactyla,3,251, cls_1 ,1.1395,127.8,351.4064,0.6125,,,,,
M_tridactyla,3,252, cls_1 ,1.0155,63.9,2279.4363,0.2042,,,,,
M_tridactyla,3,253, cls_1 ,1.116,194.3443,7.8299,1.8374,,,,,
M_tridactyla,3,254, cls_1 ,1.0884,194.3443,6.0589,2.6541,,,,,
M_tridactyla,3,256, cls_1 ,1.1332,90.3682,145.943,17.762,,,,,
M_tridactyla,3,257, cls_1 ,1.0155,71.4424,787.8697,0.2042,,,,,
M_tridactyla,3,258, cls_1 ,1.0956,101.0348,1418.6449,7.3498,,,,,
M_tridactyla,3,260, cls_1 ,1.0688,63.9,90.4812,0.5104,,,,,
M_tridactyla,3,261, cls_1 ,1.1265,95.85,1097.9314,0.8166,,,,,
M_tridactyla,3,262, cls_1 ,1.0243,162.9137,358.9454,1.6333,,,,,
M_tridactyla,3,263, cls_1 ,1.1197,274.8443,11.8729,0.7146,,,,,
M_tridactyla,3,264, cls_1 ,1.1462,71.4424,21.4239,28.0721,,,,,
M_tridactyla,3,265, cls_1 ,1.1661,127.8,374.831,42.6695,,,,,
M_tridactyla,3,266, cls_1 ,1.1271,63.9,49.9056,1.1229,,,,,
M_tridactyla,3,267, cls_1 ,1.0857,127.8,271.8199,4.4915,,,,,
M_tridactyla,3,268, cls_1 ,1.0688,115.1974,1080.2265,0.5104,,,,,
M_tridactyla,3,269, cls_1 ,1.105,71.4424,47.3689,0.5104,,,,,
M_tridactyla,3,271, cls_1 ,1.0465,71.4424,1826.235,0.6125,,,,,
M_tridactyla,3,272, cls_1 ,1.1557,71.4424,23.493,2.9603,,,,,
M_tridactyla,3,273, cls_1 ,1.0769,172.056,12.9702,0.8166,,,,,
M_tridactyla,3,274, cls_1 ,1.0155,71.4424,2803.6766,0.2042,,,,,
M_tridactyla,3,275, cls_1 ,1.0283,115.1974,858.3002,0.7146,,,,,
M_tridactyla,3,276, cls_1 ,1.0243,63.9,2282.9787,1.6333,,,,,
M_tridactyla,3,277, cls_1 ,1.1444,63.9,199.3453,4.2874,,,,,
M_tridactyla,3,278, cls_1 ,1.1903,71.4424,540.752,2.0416,,,,,
M_tridactyla,3,279, cls_1 ,1.0947,159.75,44.5724,20.8244,,,,,
M_tridactyla,3,281, cls_1 ,1.0819,194.3443,31.2658,0.6125,,,,,
M_tridactyla,3,282, cls_1 ,1.1434,204.5798,18.1526,0.7146,,,,,
M_tridactyla,3,284, cls_1 ,1.1498,71.4424,1050.8347,261.3254,,,,,
M_tridactyla,3,287, cls_1 ,1.156,71.4424,61.2364,4.5936,,,,,
M_tridactyla,3,288, cls_1 ,1.0631,71.4424,68.4847,0.7146,,,,,
M_tridactyla,3,289, cls_1 ,1.0319,115.1974,33.4955,2.6541,,,,,
M_tridactyla,3,292, cls_1 ,1.1135,204.5798,43.6458,22.6618,,,,,
M_tridactyla,3,294, cls_1 ,1.1684,115.1974,348.3273,9.2893,,,,,
M_tridactyla,3,295, cls_1 ,1.0987,101.0348,495.258,1.4291,,,,,
M_tridactyla,3,297, cls_1 ,1.1692,115.1974,96.6298,19.2932,,,,,
M_tridactyla,3,298, cls_1 ,1.079,95.85,554.0404,4.3895,,,,,
M_tridactyla,3,299, cls_1 ,1.0799,243.324,100.1303,2.2458,,,,,
M_tridactyla,3,300, cls_1 ,1.0583,159.75,50.1995,2.7562,,,,,
M_tridactyla,3,301, cls_1 ,1.0975,63.9,25.8053,0.4083,,,,,
M_tridactyla,3,302, cls_1 ,1.0473,159.75,170.4484,0.8166,,,,,
M_tridactyla,3,303, cls_1 ,1.0335,63.9,132.8793,1.8374,,,,,
M_tridactyla,3,304, cls_1 ,1.0914,63.9,14.8837,0.3062,,,,,
M_tridactyla,3,305, cls_1 ,1.0473,159.75,22.4466,0.8166,,,,,
M_tridactyla,3,306, cls_1 ,1.1967,63.9,3496.7619,4.2874,,,,,
M_tridactyla,3,308, cls_1 ,1.1806,95.85,1561.5085,3.6749,,,,,
M_tridactyla,3,309, cls_1 ,1.0769,63.9,2328.4418,1.7354,,,,,
M_tridactyla,3,310, cls_1 ,1.0769,202.0695,33.2221,0.8166,,,,,
M_tridactyla,3,311, cls_1 ,1.0631,101.0348,15.6177,0.7146,,,,,
M_tridactyla,3,312, cls_1 ,1.089,71.4424,54.363,1.327,,,,,
M_tridactyla,3,313, cls_1 ,1.1065,71.4424,99.6596,3.6749,,,,,
M_tridactyla,3,314, cls_1 ,1.0813,63.9,990.8592,4.6957,,,,,
M_tridactyla,3,315, cls_1 ,1.2317,63.9,166.6471,499.0703,,,,,
M_tridactyla,3,316, cls_1 ,1.0465,127.8,63.6534,0.6125,,,,,
M_tridactyla,3,317, cls_1 ,1.0261,71.4424,982.2008,0.5104,,,,,
M_tridactyla,3,318, cls_1 ,1.0606,95.85,1080.3717,1.4291,,,,,
M_tridactyla,3,319, cls_1 ,1.0631,90.3682,40.5781,0.7146,,,,,
M_tridactyla,3,320, cls_1 ,1.0932,142.8847,59.1138,0.7146,,,,,
M_tridactyla,3,321, cls_1 ,1.1061,127.8,161.8183,9.2893,,,,,
M_tridactyla,3,322, cls_1 ,1,294.5644,7.5745,0.1021,,,,,
M_tridactyla,3,323, cls_1 ,1.1563,90.3682,625.3343,5.104,,,,,
M_tridactyla,3,324, cls_1 ,1.1519,71.4424,291.573,11.3309,,,,,
M_tridactyla,3,325, cls_1 ,1.1986,63.9,1863.076,383.1072,,,,,
M_tridactyla,3,327, cls_1 ,1.1778,180.7365,63.1191,1.225,,,,,
M_tridactyla,3,328, cls_1 ,1.0537,142.8847,57.8375,0.4083,,,,,
M_tridactyla,3,329, cls_1 ,1.0261,159.75,42.4423,0.5104,,,,,
M_tridactyla,3,330, cls_1 ,1.0631,90.3682,616.7342,0.7146,,,,,
M_tridactyla,3,331, cls_1 ,1.1172,589.1289,22.4416,2.0416,,,,,
M_tridactyla,3,332, cls_1 ,1.1783,71.4424,165.191,22.4577,,,,,
M_tridactyla,3,333, cls_1 ,1.1169,127.8,198.9623,19.2932,,,,,
M_tridactyla,3,334, cls_1 ,1.1125,333.5678,11.1607,0.6125,,,,,
M_tridactyla,3,335, cls_1 ,1.1075,357.2119,18.9061,1.5312,,,,,
M_tridactyla,3,337, cls_1 ,1.07,63.9,3494.1922,4.7978,,,,,
M_tridactyla,3,338, cls_1 ,1.0306,271.1047,92.9573,1.225,,,,,
M_tridactyla,3,339, cls_1 ,1.0465,415.35,5.6336,0.6125,,,,,
M_tridactyla,3,340, cls_1 ,1.0842,194.3443,358.5081,12.9642,,,,,
M_tridactyla,3,341, cls_1 ,1.1489,63.9,1231.3271,22.866,,,,,
M_tridactyla,3,343, cls_1 ,1.0863,95.85,553.6648,15.312,,,,,
M_tridactyla,3,344, cls_1 ,1.0769,95.85,830.9786,0.8166,,,,,
M_tridactyla,3,345, cls_1 ,1.1351,115.1974,300.6176,4.3895,,,,,
M_tridactyla,3,347, cls_1 ,1.1111,71.4424,91.2533,59.4107,,,,,
M_tridactyla,3,351, cls_1 ,1.0473,194.3443,384.2505,0.8166,,,,,
M_tridactyla,3,352, cls_1 ,1.0884,271.1047,14.888,2.6541,,,,,
M_tridactyla,3,353, cls_1 ,1.0465,63.9,3494.3181,0.6125,,,,,
M_tridactyla,3,354, cls_1 ,1.0537,63.9,206.6798,0.4083,,,,,
M_tridactyla,3,355, cls_1 ,1.046,135.5524,286.5346,1.6333,,,,,
M_tridactyla,3,357, cls_1 ,1.1532,95.85,712.9496,5.8186,,,,,
M_tridactyla,3,358, cls_1 ,1.0991,95.85,99.1155,5.8186,,,,,
M_tridactyla,3,359, cls_1 ,1,63.9,206.9321,0.1021,,,,,
M_tridactyla,3,361, cls_1 ,1.0556,294.5644,18.8204,1.225,,,,,
M_tridactyla,3,362, cls_1 ,1.1412,95.85,86.0586,2.4499,,,,,
M_tridactyla,3,363, cls_1 ,1.1371,71.4424,21.5519,7.1456,,,,,
M_tridactyla,3,364, cls_1 ,1.1519,71.4424,70.0569,0.9187,,,,,
M_tridactyla,3,365, cls_1 ,1.0631,274.8443,121.4372,0.7146,,,,,
M_tridactyla,3,366, cls_1 ,1.1479,95.85,324.8069,6.4311,,,,,
M_tridactyla,3,368, cls_1 ,1.1339,90.3682,252.6136,12.2496,,,,,
M_tridactyla,3,369, cls_1 ,1.0631,131.7332,25.7048,0.7146,,,,,
M_tridactyla,3,370, cls_1 ,1.0283,101.0348,19.4746,0.7146,,,,,
M_tridactyla,3,372, cls_1 ,1.0219,345.5921,7.7276,1.327,,,,,
M_tridactyla,3,374, cls_1 ,1.0973,71.4424,991.4282,5.9207,,,,,
M_tridactyla,3,375, cls_1 ,1.0473,159.75,68.2572,0.8166,,,,,
M_tridactyla,3,376, cls_1 ,1.1785,71.4424,66.0281,39.9134,,,,,
M_tridactyla,3,377, cls_1 ,1.0402,115.1974,35.1904,1.1229,,,,,
M_tridactyla,3,378, cls_1 ,1.0861,63.9,1016.1065,3.3686,,,,,
M_tridactyla,3,379, cls_1 ,1.0701,63.9,26.0637,2.1437,,,,,
M_tridactyla,3,380, cls_1 ,1.0047,90.3682,61.7894,0.6125,,,,,
M_tridactyla,3,381, cls_1 ,1.0543,159.75,396.5071,3.2666,,,,,
M_tridactyla,3,382, cls_1 ,1.1167,90.3682,22.4484,1.225,,,,,
M_tridactyla,3,383, cls_1 ,1.1578,172.056,49.5725,22.2535,,,,,
M_tridactyla,3,384, cls_1 ,1.0962,71.4424,30.8146,3.0624,,,,,
M_tridactyla,3,385, cls_1 ,1.0261,101.0348,22.19,0.5104,,,,,
M_tridactyla,3,386, cls_1 ,1.0971,63.9,30.6428,2.4499,,,,,
M_tridactyla,3,388, cls_1 ,1.1376,63.9,142.8805,2.7562,,,,,
M_tridactyla,3,389, cls_1 ,1.1821,90.3682,69.4749,5.8186,,,,,
M_tridactyla,3,390, cls_1 ,1.0537,71.4424,79.7444,0.4083,,,,,
M_tridactyla,3,391, cls_1 ,1.0261,142.8847,24.7993,0.5104,,,,,
M_tridactyla,3,392, cls_1 ,1.2099,63.9,112.929,38.5863,,,,,
M_tridactyla,3,393, cls_1 ,1.0909,63.9,38.5941,0.2042,,,,,
M_tridactyla,3,394, cls_1 ,1.0261,314.671,15.1928,0.5104,,,,,
M_tridactyla,3,396, cls_1 ,1,71.4424,51.2556,0.1021,,,,,
M_tridactyla,3,397, cls_1 ,1.063,63.9,66.5986,0.9187,,,,,
M_tridactyla,3,398, cls_1 ,1.0467,285.7695,27.1841,1.327,,,,,
M_tridactyla,3,399, cls_1 ,1.0465,303.1043,21.8413,0.6125,,,,,
M_tridactyla,3,400, cls_1 ,1.1117,115.1974,1091.7335,43.282,,,,,
M_tridactyla,3,401, cls_1 ,1.0771,225.9206,23.2127,3.6749,,,,,
M_tridactyla,3,403, cls_1 ,1.063,115.1974,20.1453,0.9187,,,,,
M_tridactyla,3,404, cls_1 ,1.1789,142.8847,129.2455,12.76,,,,,
M_tridactyla,3,405, cls_1 ,1.0769,71.4424,186.9883,0.8166,,,,,
M_tridactyla,3,406, cls_1 ,1.0395,71.4424,22.1378,1.7354,,,,,
M_tridactyla,3,407, cls_1 ,1.063,71.4424,24.0174,0.9187,,,,,
M_tridactyla,3,408, cls_1 ,1.1488,101.0348,21.5167,15.5162,,,,,
M_tridactyla,3,410, cls_1 ,1.1311,159.75,60.1049,2.4499,,,,,
M_tridactyla,3,411, cls_1 ,1.0402,71.4424,139.3138,1.1229,,,,,
M_tridactyla,3,413, cls_1 ,1.0261,159.75,206.8231,0.5104,,,,,
M_tridactyla,3,414, cls_1 ,1.1381,285.7695,55.3417,3.4707,,,,,
M_tridactyla,3,415, cls_1 ,1.1283,71.4424,130.6741,7.0435,,,,,
M_tridactyla,3,416, cls_1 ,1.1116,115.1974,32.4615,2.6541,,,,,
M_tridactyla,3,417, cls_1 ,1.1826,127.8,26.1511,10.7184,,,,,
M_tridactyla,3,421, cls_1 ,1,71.4424,31.5421,0.1021,,,,,
M_tridactyla,3,422, cls_1 ,1,71.4424,88.9731,0.1021,,,,,
M_tridactyla,3,424, cls_1 ,1.0784,142.8847,36.1477,3.2666,,,,,
M_tridactyla,3,425, cls_1 ,1.0909,230.3947,91.0137,1.5312,,,,,
M_tridactyla,3,426, cls_1 ,1.0473,204.5798,84.4162,0.8166,,,,,
M_tridactyla,3,427, cls_1 ,1.1626,63.9,114.4119,71.252,,,,,
M_tridactyla,3,428, cls_1 ,1.1197,214.3271,19.8187,0.7146,,,,,
M_tridactyla,3,429, cls_1 ,1.1454,95.85,27.2741,8.2685,,,,,
M_tridactyla,3,430, cls_1 ,1.1239,159.75,18.89,2.1437,,,,,
M_tridactyla,3,432, cls_1 ,1.1252,95.85,17.3341,11.0247,,,,,
M_tridactyla,3,433, cls_1 ,1.1114,63.9,89.3127,5.5123,,,,,
M_tridactyla,3,434, cls_1 ,1.0663,180.7365,16.0551,2.552,,,,,
M_tridactyla,3,435, cls_1 ,1.1239,115.1974,209.1982,2.1437,,,,,
M_tridactyla,3,437, cls_1 ,1.0583,101.0348,15.9498,2.7562,,,,,
M_tridactyla,3,438, cls_1 ,1.0473,214.3271,114.6632,0.8166,,,,,
M_tridactyla,3,441, cls_1 ,1.0306,101.0348,16.7937,1.225,,,,,
M_tridactyla,3,442, cls_1 ,1.2271,127.8,162.7798,7.0435,,,,,
M_tridactyla,3,444, cls_1 ,1.1778,63.9,156.3634,1.225,,,,,
M_tridactyla,3,446, cls_1 ,1.1228,95.85,27.3138,1.5312,,,,,
M_tridactyla,3,447, cls_1 ,1.1953,214.3271,32.3068,35.5239,,,,,
M_tridactyla,3,448, cls_1 ,1.0537,71.4424,87.2135,0.4083,,,,,
M_tridactyla,3,451, cls_1 ,1.0358,63.9,30.8358,0.3062,,,,,
M_tridactyla,3,452, cls_1 ,1.1585,71.4424,2801.1394,4.4915,,,,,
M_tridactyla,3,454, cls_1 ,1.1257,63.9,19.3396,22.866,,,,,
M_tridactyla,3,455, cls_1 ,1,186.2989,82.6646,0.4083,,,,,
M_tridactyla,3,456, cls_1 ,1.0358,71.4424,194.6733,0.3062,,,,,
M_tridactyla,3,457, cls_1 ,1.0402,63.9,29.4931,1.1229,,,,,
M_tridactyla,3,459, cls_1 ,1.0819,63.9,38.253,0.6125,,,,,
M_tridactyla,3,460, cls_1 ,1.188,63.9,518.3311,28.5825,,,,,
M_tridactyla,3,463, cls_1 ,1.1691,63.9,57.8578,27.6637,,,,,
M_tridactyla,3,465, cls_1 ,1.1042,63.9,63.2008,2.0416,,,,,
M_tridactyla,3,466, cls_1 ,1.2159,63.9,1317.9672,95.2409,,,,,
M_tridactyla,3,467, cls_1 ,1.1221,127.8,66.8613,20.0077,,,,,
M_tridactyla,3,468, cls_1 ,1.0706,63.9,36.1656,1.8374,,,,,
M_tridactyla,3,469, cls_1 ,1.0583,232.5995,18.617,2.7562,,,,,
M_tridactyla,3,471, cls_1 ,1.0647,95.85,547.257,1.9395,,,,,
M_tridactyla,3,472, cls_1 ,1.0311,159.75,29.047,1.5312,,,,,
M_tridactyla,3,473, cls_1 ,1.0654,95.85,34.1809,1.1229,,,,,
M_tridactyla,3,476, cls_1 ,1.1522,63.9,28.9266,5.3082,,,,,
M_tridactyla,3,478, cls_1 ,1.1226,159.75,24.6776,5.6144,,,,,
M_tridactyla,3,479, cls_1 ,1.0261,386.0533,12.5691,0.5104,,,,,
M_tridactyla,3,481, cls_1 ,1.0155,71.4424,194.2475,0.2042,,,,,
M_tridactyla,3,482, cls_1 ,1.0358,63.9,114.4602,0.3062,,,,,
M_tridactyla,3,488, cls_1 ,1.0943,90.3682,1755.9946,15.312,,,,,
M_tridactyla,3,489, cls_1 ,1.1311,63.9,942.0291,2.4499,,,,,
M_tridactyla,3,490, cls_1 ,1.1663,90.3682,76.9721,2.1437,,,,,
M_tridactyla,3,492, cls_1 ,1.0177,351.45,24.0162,3.0624,,,,,
M_tridactyla,3,493, cls_1 ,1.0331,135.5524,20.086,3.0624,,,,,
M_tridactyla,3,494, cls_1 ,1.0155,71.4424,92.0626,0.2042,,,,,
M_tridactyla,3,495, cls_1 ,1.1238,159.75,21.4772,16.2308,,,,,
M_tridactyla,3,497, cls_1 ,1.2817,63.9,588.3467,526.7341,,,,,
M_tridactyla,3,498, cls_1 ,1.118,71.4424,200.1139,4.1853,,,,,
M_tridactyla,3,500, cls_1 ,1.1395,131.7332,17.8443,0.6125,,,,,
M_tridactyla,3,501, cls_1 ,1.078,135.5524,18.1091,1.225,,,,,
M_tridactyla,3,502, cls_1 ,1,71.4424,195.7059,0.1021,,,,,
M_tridactyla,3,503, cls_1 ,1.0706,71.4424,1071.2721,2.4499,,,,,
M_tridactyla,3,505, cls_1 ,1.1387,63.9,1309.9031,2.9603,,,,,
M_tridactyla,3,506, cls_1 ,1.0728,512.1975,4.9584,1.5312,,,,,
M_tridactyla,3,507, cls_1 ,1.1371,63.9,43.1658,7.8602,,,,,
M_tridactyla,3,509, cls_1 ,1.0752,71.4424,24.3767,3.3686,,,,,
M_tridactyla,3,510, cls_1 ,1.118,63.9,132.1499,2.7562,,,,,
M_tridactyla,3,511, cls_1 ,1.1306,115.1974,20.0039,7.2477,,,,,
M_tridactyla,3,512, cls_1 ,1.0607,159.75,201.3247,9.2893,,,,,
M_tridactyla,3,513, cls_1 ,1.0932,135.5524,21.0393,0.7146,,,,,
M_tridactyla,3,514, cls_1 ,1.0566,159.75,20.4156,16.7412,,,,,
M_tridactyla,3,515, cls_1 ,1.1436,127.8,20.1041,4.5936,,,,,
M_tridactyla,3,516, cls_1 ,1.1137,159.75,61.7177,4.6957,,,,,
M_tridactyla,3,518, cls_1 ,1.0806,90.3682,66.718,2.8582,,,,,
M_tridactyla,3,519, cls_1 ,1.0556,115.1974,90.3304,1.225,,,,,
M_tridactyla,3,521, cls_1 ,1.0131,90.3682,14.368,0.8166,,,,,
M_tridactyla,3,522, cls_1 ,1.1581,63.9,56.7159,8.5747,,,,,
M_tridactyla,3,523, cls_1 ,1.132,127.8,34.2279,14.3933,,,,,
M_tridactyla,3,524, cls_1 ,1,63.9,576.3887,0.1021,,,,,
M_tridactyla,3,525, cls_1 ,1.0358,71.4424,20.1596,0.3062,,,,,
M_tridactyla,3,526, cls_1 ,1.1116,214.3271,86.4861,2.6541,,,,,
M_tridactyla,3,527, cls_1 ,1.0817,63.9,1767.4952,3.1645,,,,,
M_tridactyla,3,528, cls_1 ,1.0438,71.4424,595.9561,2.7562,,,,,
M_tridactyla,3,530, cls_1 ,1.063,90.3682,14.0893,0.9187,,,,,
M_tridactyla,3,537, cls_1 ,1.0556,214.3271,16.0589,1.225,,,,,
M_tridactyla,3,538, cls_1 ,1.1155,71.4424,398.2726,4.2874,,,,,
M_tridactyla,3,540, cls_1 ,1.0657,63.9,102.5455,1.6333,,,,,
M_tridactyla,3,542, cls_1 ,1.0465,361.473,17.127,0.6125,,,,,
M_tridactyla,3,543, cls_1 ,1.1239,90.3682,140.4215,2.1437,,,,,
M_tridactyla,3,545, cls_1 ,1.1523,115.1974,20.8104,4.4915,,,,,
M_tridactyla,3,546, cls_1 ,1.0532,63.9,153.4768,4.1853,,,,,
M_tridactyla,3,547, cls_1 ,1.0993,71.4424,201.4111,1.0208,,,,,
M_tridactyla,3,548, cls_1 ,1,71.4424,325.3189,0.1021,,,,,
M_tridactyla,3,552, cls_1 ,1.0155,71.4424,25.6518,0.2042,,,,,
M_tridactyla,3,554, cls_1 ,1.1366,63.9,56.1669,2.552,,,,,
M_tridactyla,3,557, cls_1 ,1.1322,101.0348,20.682,2.6541,,,,,
M_tridactyla,3,558, cls_1 ,1.0716,202.0695,64.1355,6.6352,,,,,
M_tridactyla,3,559, cls_1 ,1,63.9,3502.0269,0.1021,,,,,
M_tridactyla,3,565, cls_1 ,1.1199,63.9,50.5355,1.0208,,,,,
M_tridactyla,3,566, cls_1 ,1.1475,71.4424,14.802,7.7581,,,,,
M_tridactyla,3,567, cls_1 ,1.1434,204.5798,28.7636,0.7146,,,,,
M_tridactyla,3,568, cls_1 ,1.2307,63.9,1756.3837,88.6057,,,,,
M_tridactyla,3,570, cls_1 ,1.1199,101.0348,111.0264,1.0208,,,,,
M_tridactyla,3,577, cls_1 ,1.0537,249.5375,20.4642,0.4083,,,,,
M_tridactyla,3,578, cls_1 ,1.141,186.2989,39.9746,8.2685,,,,,
M_tridactyla,3,581, cls_1 ,1.1502,95.85,49.1903,16.6391,,,,,
M_tridactyla,3,582, cls_1 ,1.0779,101.0348,117.0637,24.2951,,,,,
M_tridactyla,3,585, cls_1 ,1.0155,63.9,25.8819,0.2042,,,,,
M_tridactyla,3,586, cls_1 ,1.0261,194.3443,139.3303,0.5104,,,,,
M_tridactyla,3,587, cls_1 ,1.0465,101.0348,31.1361,0.6125,,,,,
M_tridactyla,3,588, cls_1 ,1.1097,131.7332,61.2511,60.4315,,,,,
M_tridactyla,3,589, cls_1 ,1.0932,101.0348,71.2795,0.7146,,,,,
M_tridactyla,3,593, cls_1 ,1.053,63.9,362.8204,1.5312,,,,,
M_tridactyla,3,596, cls_1 ,1.105,90.3682,31.4401,0.5104,,,,,
M_tridactyla,3,598, cls_1 ,1.1713,63.9,279.4665,3.777,,,,,
M_tridactyla,3,599, cls_1 ,1.116,63.9,214.1579,1.8374,,,,,
M_tridactyla,3,600, cls_1 ,1.1144,186.2989,22.0614,35.1156,,,,,
M_tridactyla,3,603, cls_1 ,1,71.4424,216.2353,0.1021,,,,,
M_tridactyla,3,605, cls_1 ,1.1815,71.4424,1039.6747,1.7354,,,,,
M_tridactyla,3,608, cls_1 ,1,257.5891,14.7646,0.1021,,,,,
M_tridactyla,3,614, cls_1 ,1.1868,63.9,145.9068,22.1514,,,,,
M_tridactyla,3,615, cls_1 ,1.1297,95.85,56.6318,2.9603,,,,,
M_tridactyla,3,616, cls_1 ,1.0537,63.9,54.4213,0.4083,,,,,
M_tridactyla,3,621, cls_1 ,1.1328,357.2119,19.859,0.9187,,,,,
M_tridactyla,3,623, cls_1 ,1.1997,63.9,43.3439,37.4635,,,,,
M_tridactyla,3,626, cls_1 ,1.1561,71.4424,39.0155,1.0208,,,,,
M_tridactyla,3,627, cls_1 ,1,71.4424,151.2521,0.1021,,,,,
M_tridactyla,3,628, cls_1 ,1.0537,131.7332,51.4232,0.4083,,,,,
M_tridactyla,3,631, cls_1 ,1.0358,63.9,351.1704,0.3062,,,,,
M_tridactyla,3,632, cls_1 ,1,63.9,100.752,0.1021,,,,,
M_tridactyla,3,633, cls_1 ,1.0734,159.75,28.676,18.4765,,,,,
M_tridactyla,3,636, cls_1 ,1.1727,71.4424,308.8426,50.3256,,,,,
M_tridactyla,3,638, cls_1 ,1,71.4424,679.1463,0.1021,,,,,
M_tridactyla,3,642, cls_1 ,1.0819,63.9,1304.7089,0.6125,,,,,
M_tridactyla,3,643, cls_1 ,1.1239,255.6,65.9438,2.1437,,,,,
M_tridactyla,3,646, cls_1 ,1.2635,63.9,117.9167,341.6626,,,,,
M_tridactyla,3,648, cls_1 ,1.1388,294.5644,9.2328,1.0208,,,,,
M_tridactyla,3,655, cls_1 ,1.0358,63.9,1296.3321,0.3062,,,,,
M_tridactyla,3,656, cls_1 ,1.0909,131.7332,203.8751,0.2042,,,,,
M_tridactyla,3,657, cls_1 ,1.0155,71.4424,74.8307,0.2042,,,,,
M_tridactyla,3,658, cls_1 ,1,71.4424,213.1706,0.1021,,,,,
M_tridactyla,3,659, cls_1 ,1.0962,63.9,207.3277,3.0624,,,,,
M_tridactyla,3,660, cls_1 ,1.0859,115.1974,82.3585,14.6996,,,,,
M_tridactyla,3,665, cls_1 ,1.0606,232.5995,5.9705,1.4291,,,,,
M_tridactyla,3,666, cls_1 ,1.0836,63.9,57.5398,1.6333,,,,,
M_tridactyla,3,667, cls_1 ,1.053,90.3682,105.3785,1.5312,,,,,
M_tridactyla,3,668, cls_1 ,1.082,71.4424,121.6498,6.4311,,,,,
M_tridactyla,3,669, cls_1 ,1.154,63.9,223.1795,10.7184,,,,,
M_tridactyla,3,671, cls_1 ,1.0769,186.2989,36.234,0.8166,,,,,
M_tridactyla,3,673, cls_1 ,1.1468,142.8847,92.7546,11.1267,,,,,
M_tridactyla,3,674, cls_1 ,1.0465,135.5524,73.9484,0.6125,,,,,
M_tridactyla,3,675, cls_1 ,1.0397,214.3271,29.0892,3.777,,,,,
M_tridactyla,3,676, cls_1 ,1.0155,63.9,237.3951,0.2042,,,,,
M_tridactyla,3,677, cls_1 ,1.1741,71.4424,375.8488,7.3498,,,,,
M_tridactyla,3,678, cls_1 ,1.0988,194.3443,9.6005,2.1437,,,,,
M_tridactyla,3,683, cls_1 ,1.1237,63.9,174.6625,8.1664,,,,,
M_tridactyla,3,684, cls_1 ,1.0836,194.3443,7.4328,1.6333,,,,,
M_tridactyla,3,685, cls_1 ,1.1695,63.9,162.9923,0.9187,,,,,
M_tridactyla,3,686, cls_1 ,1.0706,71.4424,40.3496,2.4499,,,,,
M_tridactyla,3,687, cls_1 ,1,232.5995,44.7915,0.1021,,,,,
M_tridactyla,3,688, cls_1 ,1.1072,71.4424,52.2232,5.0019,,,,,
M_tridactyla,3,689, cls_1 ,1.1803,101.0348,42.3113,204.8751,,,,,
M_tridactyla,3,691, cls_1 ,1.0818,159.75,10.0097,24.0909,,,,,
M_tridactyla,3,693, cls_1 ,1.123,131.7332,47.9897,1.9395,,,,,
M_tridactyla,3,695, cls_1 ,1.0335,101.0348,339.3044,1.8374,,,,,
M_tridactyla,3,696, cls_1 ,1.0688,101.0348,220.5175,0.5104,,,,,
M_tridactyla,3,697, cls_1 ,1.1031,90.3682,30.6287,0.8166,,,,,
M_tridactyla,3,701, cls_1 ,1.0047,95.85,20.0505,0.6125,,,,,
M_tridactyla,3,704, cls_1 ,1.143,172.056,31.1791,30.3178,,,,,
M_tridactyla,3,705, cls_1 ,1.1712,90.3682,18.1687,13.7808,,,,,
M_tridactyla,3,706, cls_1 ,1.0556,115.1974,21.0454,1.225,,,,,
M_tridactyla,3,707, cls_1 ,1.0981,191.7,60.8754,3.9811,,,,,
M_tridactyla,3,710, cls_1 ,1.0889,101.0348,55.3287,3.9811,,,,,
M_tridactyla,3,711, cls_1 ,1.0465,95.85,19.3488,0.6125,,,,,
M_tridactyla,3,712, cls_1 ,1.101,115.1974,14.2624,10.3101,,,,,
M_tridactyla,3,714, cls_1 ,1.0909,95.85,147.3598,1.5312,,,,,
M_tridactyla,3,716, cls_1 ,1.0839,159.75,20.4241,11.1267,,,,,
M_tridactyla,3,718, cls_1 ,1.0608,352.8993,5.4062,3.879,,,,,
M_tridactyla,3,719, cls_1 ,1.1197,63.9,21.735,0.7146,,,,,
M_tridactyla,3,720, cls_1 ,1.0401,90.3682,71.6629,2.4499,,,,,
M_tridactyla,3,721, cls_1 ,1.0338,159.75,22.8192,0.9187,,,,,
M_tridactyla,3,723, cls_1 ,1.0453,159.75,230.6189,5.6144,,,,,
M_tridactyla,3,724, cls_1 ,1.0819,191.7,107.932,0.6125,,,,,
M_tridactyla,3,727, cls_1 ,1.0892,71.4424,37.3686,37.5655,,,,,
M_tridactyla,3,730, cls_1 ,1.0932,101.0348,61.2791,0.7146,,,,,
M_tridactyla,3,731, cls_1 ,1.0706,115.1974,275.4134,2.4499,,,,,
M_tridactyla,3,732, cls_1 ,1.1199,63.9,19.6354,1.0208,,,,,
M_tridactyla,3,733, cls_1 ,1,71.4424,679.8843,0.1021,,,,,
M_tridactyla,3,734, cls_1 ,1.0819,63.9,845.5624,0.6125,,,,,
M_tridactyla,3,735, cls_1 ,1.1513,71.4424,139.7843,2.8582,,,,,
M_tridactyla,3,737, cls_1 ,1.0932,159.75,215.3438,0.7146,,,,,
M_tridactyla,3,741, cls_1 ,1,63.9,1295.5979,0.1021,,,,,
M_tridactyla,3,742, cls_1 ,1.0688,63.9,96.2107,0.5104,,,,,
M_tridactyla,3,744, cls_1 ,1.0473,63.9,105.1469,0.8166,,,,,
M_tridactyla,3,745, cls_1 ,1.1031,71.4424,31.3227,0.8166,,,,,
M_tridactyla,3,748, cls_1 ,1.068,225.9206,11.7055,4.8999,,,,,
M_tridactyla,3,749, cls_1 ,1.1434,71.4424,112.0482,0.7146,,,,,
M_tridactyla,3,750, cls_1 ,1.0777,115.1974,57.3449,7.7581,,,,,
M_tridactyla,3,751, cls_1 ,1.2247,63.9,352.3644,53.2859,,,,,
M_tridactyla,3,753, cls_1 ,1.0769,63.9,13.0155,0.8166,,,,,
M_tridactyla,3,754, cls_1 ,1.1167,289.3196,11.3826,1.225,,,,,
M_tridactyla,3,756, cls_1 ,1.1118,127.8,131.979,7.4519,,,,,
M_tridactyla,3,758, cls_1 ,1.1159,131.7332,324.5817,2.552,,,,,
M_tridactyla,3,759, cls_1 ,1.1294,95.85,379.5903,2.0416,,,,,
M_tridactyla,3,760, cls_1 ,1.0465,515.1783,4.985,0.6125,,,,,
M_tridactyla,3,761, cls_1 ,1.0975,63.9,8.0755,0.4083,,,,,
M_tridactyla,3,762, cls_1 ,1.0688,172.056,16.913,0.5104,,,,,
M_tridactyla,3,764, cls_1 ,1.0465,289.3196,9.6624,0.6125,,,,,
M_tridactyla,3,766, cls_1 ,1.1125,63.9,441.1787,0.6125,,,,,
M_tridactyla,3,767, cls_1 ,1.0509,71.4424,116.9959,1.0208,,,,,
M_tridactyla,3,769, cls_1 ,1.1166,486.6479,10.0901,6.329,,,,,
M_tridactyla,3,770, cls_1 ,1.0819,230.3947,9.4879,0.6125,,,,,
M_tridactyla,3,772, cls_1 ,1.0358,90.3682,422.4048,0.3062,,,,,
M_tridactyla,3,773, cls_1 ,1.0509,230.3947,8.0759,1.0208,,,,,
M_tridactyla,3,774, cls_1 ,1.0964,127.8,44.5918,7.7581,,,,,
M_tridactyla,3,775, cls_1 ,1.0609,71.4424,1039.942,3.0624,,,,,
M_tridactyla,3,777, cls_1 ,1.1049,172.056,10.4351,11.433,,,,,
M_tridactyla,3,779, cls_1 ,1.0975,71.4424,10.5236,0.4083,,,,,
M_tridactyla,3,780, cls_1 ,1.0819,225.9206,9.0708,0.6125,,,,,
M_tridactyla,3,782, cls_1 ,1.1291,63.9,72.261,34.7073,,,,,
M_tridactyla,3,784, cls_1 ,1.1463,225.9206,12.3907,5.6144,,,,,
M_tridactyla,3,786, cls_1 ,1.0402,71.4424,9.5501,1.1229,,,,,
M_tridactyla,3,787, cls_1 ,1.1944,63.9,110.0895,17.9661,,,,,
M_tridactyla,3,788, cls_1 ,1.1445,127.8,11.205,13.0663,,,,,
M_tridactyla,3,789, cls_1 ,1.0991,225.9206,15.4015,6.2269,,,,,
M_tridactyla,3,790, cls_1 ,1.0691,142.8847,6.2533,3.5728,,,,,
M_tridactyla,3,791, cls_1 ,1.1073,63.9,143.2435,1.327,,,,,
M_tridactyla,3,792, cls_1 ,1.0819,63.9,59.5275,0.6125,,,,,
M_tridactyla,3,793, cls_1 ,1.0924,95.85,9.8605,2.8582,,,,,
M_tridactyla,3,794, cls_1 ,1.1519,257.5891,33.7727,3.0624,,,,,
M_tridactyla,3,795, cls_1 ,1.0631,257.5891,14.8053,0.7146,,,,,
M_tridactyla,3,796, cls_1 ,1.0311,294.5644,8.4484,1.5312,,,,,
M_tridactyla,3,797, cls_1 ,1.0631,63.9,34.0737,0.7146,,,,,
M_tridactyla,3,798, cls_1 ,1.167,71.4424,674.1925,0.8166,,,,,
M_tridactyla,3,799, cls_1 ,1.1554,257.5891,40.8995,1.6333,,,,,
M_tridactyla,3,800, cls_1 ,1.1468,63.9,32.1047,23.3764,,,,,
M_tridactyla,3,802, cls_1 ,1.0585,142.8847,21.1896,4.8999,,,,,
M_tridactyla,3,803, cls_1 ,1.0914,71.4424,37.1487,0.3062,,,,,
M_tridactyla,3,804, cls_1 ,1.0754,95.85,9.4198,2.0416,,,,,
M_tridactyla,3,805, cls_1 ,1.0261,90.3682,45.3614,0.5104,,,,,
M_tridactyla,3,806, cls_1 ,1.0654,95.85,8.4854,1.1229,,,,,
M_tridactyla,3,807, cls_1 ,1,71.4424,89.9159,0.1021,,,,,
M_tridactyla,3,808, cls_1 ,1,71.4424,25.1689,0.4083,,,,,
M_tridactyla,3,809, cls_1 ,1.1617,63.9,57.1607,11.3309,,,,,
M_tridactyla,3,810, cls_1 ,1.046,285.7695,18.8503,1.6333,,,,,
M_tridactyla,3,812, cls_1 ,1.1202,71.4424,106.3006,2.9603,,,,,
M_tridactyla,3,813, cls_1 ,1.0819,90.3682,31.6215,0.6125,,,,,
M_tridactyla,3,814, cls_1 ,1,95.85,8.1953,0.1021,,,,,
M_tridactyla,3,815, cls_1 ,1.0909,101.0348,51.5259,0.2042,,,,,
M_tridactyla,3,817, cls_1 ,1.0819,63.9,97.859,3.879,,,,,
M_tridactyla,3,818, cls_1 ,1.0993,257.5891,11.355,1.0208,,,,,
M_tridactyla,3,819, cls_1 ,1.102,71.4424,17.7262,1.8374,,,,,
M_tridactyla,3,820, cls_1 ,1.0867,142.8847,11.8355,17.3536,,,,,
M_tridactyla,3,821, cls_1 ,1.0358,71.4424,13.0868,0.3062,,,,,
M_tridactyla,3,822, cls_1 ,1.0477,95.85,377.1867,2.6541,,,,,
M_tridactyla,3,823, cls_1 ,1,71.4424,11.9555,0.1021,,,,,
M_tridactyla,3,824, cls_1 ,1.2254,63.9,294.5854,65.4334,,,,,
M_tridactyla,3,825, cls_1 ,1,63.9,33.4583,0.1021,,,,,
M_tridactyla,3,826, cls_1 ,1.0667,101.0348,209.7634,3.2666,,,,,
M_tridactyla,3,827, cls_1 ,1.0764,71.4424,13.5031,1.0208,,,,,
M_tridactyla,3,828, cls_1 ,1,63.9,13.7915,0.1021,,,,,
M_tridactyla,3,829, cls_1 ,1.1197,71.4424,20.8757,0.7146,,,,,
M_tridactyla,3,830, cls_1 ,1.162,63.9,92.1665,18.9869,,,,,
M_tridactyla,3,831, cls_1 ,1.1295,274.8443,8.0484,18.4765,,,,,
M_tridactyla,3,832, cls_1 ,1.1125,115.1974,10.6715,0.6125,,,,,
M_tridactyla,3,833, cls_1 ,1.12,63.9,159.9395,7.656,,,,,
M_tridactyla,3,834, cls_1 ,1.078,63.9,14.9524,1.225,,,,,
M_tridactyla,3,835, cls_1 ,1.1388,71.4424,24.6578,1.0208,,,,,
M_tridactyla,3,837, cls_1 ,1.078,95.85,29.3662,1.225,,,,,
M_tridactyla,3,839, cls_1 ,1.0509,63.9,66.9428,1.0208,,,,,
M_tridactyla,3,841, cls_1 ,1.0386,135.5524,31.7656,1.4291,,,,,
M_tridactyla,3,842, cls_1 ,1.1496,186.2989,10.4558,6.0227,,,,,
M_tridactyla,3,844, cls_1 ,1.0764,63.9,30.0105,1.0208,,,,,
M_tridactyla,3,846, cls_1 ,1.1123,63.9,17.4978,8.2685,,,,,
M_tridactyla,3,847, cls_1 ,1.0764,451.8412,12.9252,1.0208,,,,,
M_tridactyla,3,848, cls_1 ,1.0975,63.9,270.0824,0.4083,,,,,
M_tridactyla,3,849, cls_1 ,1.0311,63.9,185.1185,1.5312,,,,,
M_tridactyla,3,850, cls_1 ,1.1445,71.4424,122.7112,6.329,,,,,
M_tridactyla,3,851, cls_1 ,1.1834,90.3682,21.473,40.9342,,,,,
M_tridactyla,3,852, cls_1 ,1.1831,71.4424,24.3805,58.7982,,,,,
M_tridactyla,3,853, cls_1 ,1,101.0348,11.8445,0.1021,,,,,
M_tridactyla,3,857, cls_1 ,1.0261,271.1047,9.2,0.5104,,,,,
M_tridactyla,3,858, cls_1 ,1.1858,162.9137,20.1028,7.8602,,,,,
M_tridactyla,3,860, cls_1 ,1.0688,474.9709,8.949,0.5104,,,,,
M_tridactyla,3,862, cls_1 ,1.0933,63.9,16.5834,1.7354,,,,,
M_tridactyla,3,863, cls_1 ,1.1175,71.4424,267.1601,12.9642,,,,,
M_tridactyla,3,864, cls_1 ,1.1228,90.3682,11.4535,1.5312,,,,,
M_tridactyla,3,865, cls_1 ,1.059,271.1047,9.3749,1.7354,,,,,
M_tridactyla,3,866, cls_1 ,1.0835,63.9,45.5977,4.5936,,,,,
M_tridactyla,3,867, cls_1 ,1.1271,115.1974,52.9359,1.1229,,,,,
M_tridactyla,3,868, cls_1 ,1.0155,63.9,23.1549,0.2042,,,,,
M_tridactyla,3,870, cls_1 ,1.0537,274.8443,10.8196,0.4083,,,,,
M_tridactyla,3,871, cls_1 ,1.0713,159.75,16.9133,8.881,,,,,
M_tridactyla,3,872, cls_1 ,1.1004,191.7,11.4602,4.5936,,,,,
M_tridactyla,3,873, cls_1 ,1.0754,90.3682,10.6802,2.0416,,,,,
M_tridactyla,3,875, cls_1 ,1.1066,191.7,12.8524,2.2458,,,,,
M_tridactyla,3,876, cls_1 ,1.0261,63.9,62.7759,0.5104,,,,,
M_tridactyla,3,877, cls_1 ,1.1047,63.9,158.0616,12.5559,,,,,
M_tridactyla,3,878, cls_1 ,1.1367,180.7365,10.9239,5.2061,,,,,
M_tridactyla,3,880, cls_1 ,1.1495,71.4424,52.2514,74.1103,,,,,
M_tridactyla,3,881, cls_1 ,1.1031,257.5891,13.3655,0.8166,,,,,
M_tridactyla,3,882, cls_1 ,1.0657,142.8847,8.7894,1.6333,,,,,
M_tridactyla,3,883, cls_1 ,1.1001,142.8847,7.8707,1.6333,,,,,
M_tridactyla,3,884, cls_1 ,1,71.4424,38.8278,0.1021,,,,,
M_tridactyla,3,885, cls_1 ,1.0663,159.75,27.9426,3.6749,,,,,
M_tridactyla,3,886, cls_1 ,1.0631,95.85,17.828,11.7392,,,,,
M_tridactyla,3,887, cls_1 ,1.1402,512.1975,18.3154,9.0851,,,,,
M_tridactyla,3,888, cls_1 ,1.1836,90.3682,35.8706,146.5872,,,,,
M_tridactyla,3,890, cls_1 ,1.1202,90.3682,15.0756,2.9603,,,,,
M_tridactyla,3,891, cls_1 ,1.0473,457.4544,5.5605,0.8166,,,,,
M_tridactyla,3,892, cls_1 ,1.0889,71.4424,21.7572,0.9187,,,,,
M_tridactyla,3,894, cls_1 ,1.0769,90.3682,84.8148,0.8166,,,,,
M_tridactyla,3,895, cls_1 ,1.1073,202.0695,11.4558,1.327,,,,,
M_tridactyla,3,897, cls_1 ,1.0975,202.0695,10.3177,0.4083,,,,,
M_tridactyla,3,898, cls_1 ,1.0545,159.75,5.5159,2.8582,,,,,
M_tridactyla,3,899, cls_1 ,1.1372,71.4424,95.2473,1.5312,,,,,
M_tridactyla,3,900, cls_1 ,1.0651,243.324,9.6057,2.2458,,,,,
M_tridactyla,3,901, cls_1 ,1.0283,90.3682,13.801,0.7146,,,,,
M_tridactyla,3,902, cls_1 ,1.0338,191.7,16.6605,0.9187,,,,,
M_tridactyla,3,903, cls_1 ,1.1508,71.4424,121.6654,37.5655,,,,,
M_tridactyla,3,904, cls_1 ,1.0733,71.4424,34.5575,6.0227,,,,,
M_tridactyla,3,906, cls_1 ,1.1092,63.9,10.2692,7.656,,,,,
M_tridactyla,3,907, cls_1 ,1.1735,214.3271,40.4237,6.8394,,,,,
M_tridactyla,3,909, cls_1 ,1.0631,101.0348,12.0287,0.7146,,,,,
M_tridactyla,3,910, cls_1 ,1.1319,71.4424,84.0369,3.6749,,,,,
M_tridactyla,3,912, cls_1 ,1.0556,71.4424,17.6257,1.225,,,,,
M_tridactyla,3,913, cls_1 ,1.0938,364.286,18.1356,4.8999,,,,,
M_tridactyla,3,914, cls_1 ,1.0764,71.4424,7.1467,1.0208,,,,,
M_tridactyla,3,915, cls_1 ,1.0867,135.5524,10.2791,27.0513,,,,,
M_tridactyla,3,916, cls_1 ,1.1031,95.85,172.7522,0.8166,,,,,
M_tridactyla,3,918, cls_1 ,1.0914,71.4424,8.0534,0.3062,,,,,
M_tridactyla,3,919, cls_1 ,1.068,115.1974,6.7432,2.8582,,,,,
M_tridactyla,3,920, cls_1 ,1.2248,63.9,107.8869,351.8706,,,,,
M_tridactyla,3,921, cls_1 ,1.0402,95.85,101.4816,1.1229,,,,,
M_tridactyla,3,922, cls_1 ,1.1032,90.3682,186.07,3.4707,,,,,
M_tridactyla,3,923, cls_1 ,1.0993,71.4424,95.0983,1.0208,,,,,
M_tridactyla,3,924, cls_1 ,1.0937,63.9,24.1899,2.2458,,,,,
M_tridactyla,3,925, cls_1 ,1.0281,364.286,10.1866,2.7562,,,,,
M_tridactyla,3,926, cls_1 ,1.0283,71.4424,51.5196,0.7146,,,,,
M_tridactyla,3,927, cls_1 ,1,71.4424,105.6783,0.1021,,,,,
M_tridactyla,3,928, cls_1 ,1.0975,115.1974,13.8295,0.4083,,,,,
M_tridactyla,3,929, cls_1 ,1.19,101.0348,16.7175,16.6391,,,,,
M_tridactyla,3,930, cls_1 ,1.076,71.4424,81.9381,40.4238,,,,,
M_tridactyla,3,932, cls_1 ,1.1461,63.9,921.5358,39.6071,,,,,
M_tridactyla,3,933, cls_1 ,1.0872,131.7332,6.0123,12.5559,,,,,
M_tridactyla,3,934, cls_1 ,1.0846,180.7365,11.8062,3.777,,,,,
M_tridactyla,3,935, cls_1 ,1.1238,257.5891,9.1212,7.7581,,,,,
M_tridactyla,3,936, cls_1 ,1.0402,186.2989,98.4956,1.1229,,,,,
M_tridactyla,3,937, cls_1 ,1.1075,63.9,19.3969,1.5312,,,,,
M_tridactyla,3,938, cls_1 ,1.0529,389.9995,15.1829,1.8374,,,,,
M_tridactyla,3,939, cls_1 ,1.0261,63.9,23.0354,0.5104,,,,,
M_tridactyla,3,940, cls_1 ,1.0769,95.85,385.673,0.8166,,,,,
M_tridactyla,3,942, cls_1 ,1.0537,214.3271,79.1481,0.4083,,,,,
M_tridactyla,3,943, cls_1 ,1.0909,159.75,55.088,1.5312,,,,,
M_tridactyla,3,944, cls_1 ,1.0926,159.75,6.8626,2.552,,,,,
M_tridactyla,3,946, cls_1 ,1.119,63.9,29.2661,5.8186,,,,,
M_tridactyla,3,947, cls_1 ,1.022,159.75,6.148,1.0208,,,,,
M_tridactyla,3,948, cls_1 ,1.0358,90.3682,433.668,0.3062,,,,,
M_tridactyla,3,949, cls_1 ,1.0261,101.0348,55.2581,0.5104,,,,,
M_tridactyla,3,951, cls_1 ,1.096,131.7332,33.7674,4.7978,,,,,
M_tridactyla,3,954, cls_1 ,1.062,214.3271,39.1261,5.2061,,,,,
M_tridactyla,3,955, cls_1 ,1.1412,214.3271,8.0584,2.4499,,,,,
M_tridactyla,3,957, cls_1 ,1.0261,389.9995,10.3834,0.5104,,,,,
M_tridactyla,3,959, cls_1 ,1.0958,63.9,26.2828,8.7789,,,,,
M_tridactyla,3,960, cls_1 ,1.0631,63.9,863.6367,0.7146,,,,,
M_tridactyla,3,961, cls_1 ,1.126,159.75,9.5977,3.0624,,,,,
M_tridactyla,3,963, cls_1 ,1.0631,131.7332,5.9044,0.7146,,,,,
M_tridactyla,3,964, cls_1 ,1.0417,131.7332,4.5577,2.0416,,,,,
M_tridactyla,3,966, cls_1 ,1.0815,214.3271,5.1982,5.104,,,,,
M_tridactyla,3,969, cls_1 ,1.0115,71.4424,24.1046,1.1229,,,,,
M_tridactyla,3,971, cls_1 ,1.0493,434.567,20.6484,3.879,,,,,
M_tridactyla,3,975, cls_1 ,1.1281,101.0348,5.8806,2.7562,,,,,
M_tridactyla,3,976, cls_1 ,1,71.4424,692.2345,0.1021,,,,,
M_tridactyla,3,979, cls_1 ,1.0688,71.4424,691.3725,0.5104,,,,,
M_tridactyla,3,980, cls_1 ,1.0909,135.5524,3.4331,0.2042,,,,,
M_tridactyla,3,981, cls_1 ,1,255.6,55.4117,0.1021,,,,,
M_tridactyla,3,983, cls_1 ,1.1093,271.1047,5.1251,4.8999,,,,,
M_tridactyla,3,984, cls_1 ,1.022,115.1974,3.9818,1.0208,,,,,
M_tridactyla,3,986, cls_1 ,1.1001,135.5524,24.6694,1.6333,,,,,
M_tridactyla,3,987, cls_1 ,1.1031,101.0348,7.4654,0.8166,,,,,
M_tridactyla,3,988, cls_1 ,1,115.1974,3.8724,0.1021,,,,,
M_tridactyla,3,990, cls_1 ,1.1559,135.5524,10.5084,34.9114,,,,,
M_tridactyla,3,991, cls_1 ,1.0654,63.9,7.8389,1.1229,,,,,
M_tridactyla,3,992, cls_1 ,1.0509,101.0348,4.709,1.0208,,,,,
M_tridactyla,3,997, cls_1 ,1,63.9,9.0855,0.1021,,,,,
M_tridactyla,3,999, cls_1 ,1.0811,71.4424,24.4208,6.0227,,,,,
M_tridactyla,3,1001, cls_1 ,1.0155,71.4424,25.3968,0.2042,,,,,
M_tridactyla,3,1004, cls_1 ,1.1165,364.286,2.7084,8.7789,,,,,
M_tridactyla,3,1005, cls_1 ,1.078,71.4424,35.6764,1.225,,,,,
M_tridactyla,3,1007, cls_1 ,1,95.85,3.8861,0.1021,,,,,
M_tridactyla,3,1008, cls_1 ,1.1031,95.85,3.1512,0.8166,,,,,
M_tridactyla,3,1013, cls_1 ,1.0155,71.4424,57.763,0.2042,,,,,
M_tridactyla,3,1016, cls_1 ,1.0537,71.4424,63.139,0.4083,,,,,
M_tridactyla,3,1018, cls_1 ,1.0155,127.8,22.8877,0.2042,,,,,
M_tridactyla,3,1020, cls_1 ,1.0688,159.75,2.787,0.5104,,,,,
M_tridactyla,3,1023, cls_1 ,1,416.577,3.1922,0.1021,,,,,
M_tridactyla,3,19, cls_6 ,1.1094,6904.1577,0.0023,3.5728,,,,,
M_tridactyla,3,81, cls_6 ,1.063,4473.4564,0.006,0.9187,,,,,
M_tridactyla,3,91, cls_6 ,1.0631,115.1974,0.7749,0.7146,,,,,
M_tridactyla,3,102, cls_6 ,1.0606,63.9,1.8992,1.4291,,,,,
M_tridactyla,3,103, cls_6 ,1,63.9,4.3113,0.4083,,,,,
M_tridactyla,3,117, cls_6 ,1.0959,294.5644,0.2016,6.4311,,,,,
M_tridactyla,3,367, cls_6 ,1.0473,3168.8538,0.0085,0.8166,,,,,
M_tridactyla,3,485, cls_6 ,1,1147.0895,0.0914,0.1021,,,,,
M_tridactyla,3,541, cls_6 ,1.113,1097.9835,0.0433,3.1645,,,,,
M_tridactyla,3,553, cls_6 ,1.1231,1147.0895,0.0027,11.7392,,,,,
M_tridactyla,3,556, cls_6 ,1.1137,1129.6031,0.0347,2.3478,,,,,
M_tridactyla,3,583, cls_6 ,1.1477,357.2119,0.0903,0.8166,,,,,
M_tridactyla,3,590, cls_6 ,1.0537,357.2119,0.1003,0.4083,,,,,
M_tridactyla,3,698, cls_6 ,1.1297,1081.1193,0.0313,2.9603,,,,,
M_tridactyla,3,778, cls_6 ,1.0819,5572.505,0.005,0.6125,,,,,
M_tridactyla,3,889, cls_6 ,1.0473,5572.505,0.0041,0.8166,,,,,
M_tridactyla,3,989, cls_6 ,1.0909,180.7365,1.1902,0.2042,,,,,
M_tridactyla,3,994, cls_6 ,1.1338,180.7365,0.0651,3.879,,,,,
M_tridactyla,3,29, cls_4 ,1.0805,10027.4656,0.0351,1.4291,,,,,
M_tridactyla,3,219, cls_4 ,1.0819,71.4424,0.2955,0.6125,,,,,
M_tridactyla,3,225, cls_4 ,1,71.4424,1.2974,0.1021,,,,,
M_tridactyla,3,436, cls_4 ,1.1114,90.3682,59.2478,5.5123,,,,,
M_tridactyla,3,439, cls_4 ,1.1407,90.3682,21.1337,40.6279,,,,,
M_tridactyla,3,458, cls_4 ,1.0867,90.3682,56.7206,8.5747,,,,,
M_tridactyla,3,508, cls_4 ,1.0283,225.9206,0.2574,0.7146,,,,,
M_tridactyla,3,517, cls_4 ,1.0855,90.3682,134.4142,30.2158,,,,,
M_tridactyla,3,520, cls_4 ,1.0473,71.4424,1.6291,0.8166,,,,,
M_tridactyla,3,529, cls_4 ,1.0155,71.4424,3.2551,0.2042,,,,,
M_tridactyla,3,531, cls_4 ,1.0338,225.9206,0.2206,0.9187,,,,,
M_tridactyla,3,532, cls_4 ,1.1396,95.85,113.5572,10.7184,,,,,
M_tridactyla,3,533, cls_4 ,1.1653,71.4424,178.217,105.2447,,,,,
M_tridactyla,3,534, cls_4 ,1.1907,71.4424,55.4096,96.67,,,,,
M_tridactyla,3,536, cls_4 ,1.1395,115.1974,1.9495,0.6125,,,,,
M_tridactyla,3,544, cls_4 ,1.1511,115.1974,83.3372,2.2458,,,,,
M_tridactyla,3,551, cls_4 ,1.0632,135.5524,15.0816,7.2477,,,,,
M_tridactyla,3,563, cls_4 ,1.0925,90.3682,118.6482,12.4538,,,,,
M_tridactyla,3,576, cls_4 ,1.0592,95.85,25.6151,4.3895,,,,,
M_tridactyla,3,584, cls_4 ,1.0155,204.5798,1.8633,0.2042,,,,,
M_tridactyla,3,597, cls_4 ,1.169,71.4424,234.0664,67.5771,,,,,
M_tridactyla,3,602, cls_4 ,1,204.5798,2.3415,0.1021,,,,,
M_tridactyla,3,604, cls_4 ,1.0582,71.4424,211.542,3.9811,,,,,
M_tridactyla,3,617, cls_4 ,1.1125,294.5644,1.0202,0.6125,,,,,
M_tridactyla,3,624, cls_4 ,1.1125,90.3682,56.8524,0.6125,,,,,
M_tridactyla,3,625, cls_4 ,1.139,101.0348,100.7953,27.2554,,,,,
M_tridactyla,3,630, cls_4 ,1.1001,303.1043,8.1415,1.6333,,,,,
M_tridactyla,3,634, cls_4 ,1.14,303.1043,12.4377,6.9415,,,,,
M_tridactyla,3,639, cls_4 ,1.1125,3526.2438,0.0396,0.6125,,,,,
M_tridactyla,3,644, cls_4 ,1.1009,135.5524,54.6289,13.0663,,,,,
M_tridactyla,3,652, cls_4 ,1.0631,243.324,2.5382,0.7146,,,,,
M_tridactyla,3,661, cls_4 ,1.068,90.3682,86.43,4.8999,,,,,
M_tridactyla,3,663, cls_4 ,1.161,191.7,2.3061,8.9831,,,,,
M_tridactyla,3,664, cls_4 ,1.1746,194.3443,27.3872,5.0019,,,,,
M_tridactyla,3,682, cls_4 ,1.1795,162.9137,38.6657,7.2477,,,,,
M_tridactyla,3,690, cls_4 ,1.0358,186.2989,14.0648,0.3062,,,,,
M_tridactyla,3,692, cls_4 ,1.1484,101.0348,11.462,3.879,,,,,
M_tridactyla,3,700, cls_4 ,1.1636,71.4424,12.8578,9.0851,,,,,
M_tridactyla,3,703, cls_4 ,1.1712,223.65,2.5652,2.9603,,,,,
M_tridactyla,3,713, cls_4 ,1.0706,285.7695,3.7119,1.8374,,,,,
M_tridactyla,3,717, cls_4 ,1.0819,191.7,4.01,0.6125,,,,,
M_tridactyla,3,726, cls_4 ,1.1125,71.4424,21.4914,0.6125,,,,,
M_tridactyla,3,728, cls_4 ,1.0688,101.0348,9.4783,0.5104,,,,,
M_tridactyla,3,729, cls_4 ,1.0283,71.4424,5.1177,0.7146,,,,,
M_tridactyla,3,738, cls_4 ,1.1075,71.4424,3.6935,1.5312,,,,,
M_tridactyla,3,746, cls_4 ,1.0663,101.0348,12.1409,2.552,,,,,
M_tridactyla,3,752, cls_4 ,1.056,127.8,8.552,2.4499,,,,,
M_tridactyla,3,757, cls_4 ,1.1125,272.9809,2.1637,0.6125,,,,,
M_tridactyla,3,763, cls_4 ,1.1173,186.2989,2.4614,9.5955,,,,,
M_tridactyla,3,768, cls_4 ,1,1234.5275,0.9151,0.1021,,,,,
M_tridactyla,3,771, cls_4 ,1.1199,101.0348,4.1327,1.0208,,,,,
M_tridactyla,3,776, cls_4 ,1.1519,101.0348,6.0041,0.9187,,,,,
M_tridactyla,3,801, cls_4 ,1.0933,416.577,2.0484,1.7354,,,,,
M_tridactyla,3,816, cls_4 ,1.1057,90.3682,5.0182,6.2269,,,,,
M_tridactyla,3,836, cls_4 ,1.0663,90.3682,8.9717,2.552,,,,,
M_tridactyla,3,843, cls_4 ,1.1776,63.9,2.6307,5.8186,,,,,
M_tridactyla,3,845, cls_4 ,1.0932,71.4424,2.3886,0.7146,,,,,
M_tridactyla,3,854, cls_4 ,1.1197,71.4424,2.4339,0.7146,,,,,
M_tridactyla,3,855, cls_4 ,1,63.9,15.4467,0.1021,,,,,
M_tridactyla,3,859, cls_4 ,1.0465,204.5798,2.2845,0.6125,,,,,
M_tridactyla,3,861, cls_4 ,1.1536,71.4424,2.456,4.1853,,,,,
M_tridactyla,3,869, cls_4 ,1,71.4424,9.7153,0.1021,,,,,
M_tridactyla,3,62, cls_2 ,1.1398,3110.3288,0.0009,1.327,,,,,
M_tridactyla,3,171, cls_2 ,1.0338,3110.3288,0.0014,0.9187,,,,,
M_tridactyla,4,1, cls_5 ,1.2799,131.7332,0.1179,36.7489,,,,,
M_tridactyla,4,6, cls_5 ,1.0261,614.5705,0.9827,0.5104,,,,,
M_tridactyla,4,16, cls_5 ,1,131.7332,21.2315,0.1021,,,,,
M_tridactyla,4,19, cls_5 ,1,101.0348,1.4572,0.1021,,,,,
M_tridactyla,4,22, cls_5 ,1,101.0348,1.4483,0.1021,,,,,
M_tridactyla,4,24, cls_5 ,1.0975,71.4424,1.3223,0.4083,,,,,
M_tridactyla,4,25, cls_5 ,1.0155,71.4424,1.7835,0.2042,,,,,
M_tridactyla,4,27, cls_5 ,1.0155,71.4424,1.2673,0.2042,,,,,
M_tridactyla,4,31, cls_5 ,1,71.4424,1.1624,0.1021,,,,,
M_tridactyla,4,32, cls_5 ,1.0155,71.4424,1.1671,0.2042,,,,,
M_tridactyla,4,33, cls_5 ,1.2029,63.9,3.0775,2.552,,,,,
M_tridactyla,4,34, cls_5 ,1.0914,71.4424,0.9094,0.3062,,,,,
M_tridactyla,4,35, cls_5 ,1,95.85,0.7161,0.1021,,,,,
M_tridactyla,4,38, cls_5 ,1.167,63.9,7.9761,0.8166,,,,,
M_tridactyla,4,39, cls_5 ,1,162.9137,0.4375,0.1021,,,,,
M_tridactyla,4,40, cls_5 ,1,101.0348,0.5479,0.1021,,,,,
M_tridactyla,4,42, cls_5 ,1,101.0348,0.7019,0.1021,,,,,
M_tridactyla,4,44, cls_5 ,1.0537,71.4424,5.2367,0.4083,,,,,
M_tridactyla,4,46, cls_5 ,1.1862,101.0348,1.5014,1.5312,,,,,
M_tridactyla,4,51, cls_5 ,1.0537,63.9,2.2688,0.4083,,,,,
M_tridactyla,4,52, cls_5 ,1.0537,63.9,3.4182,0.4083,,,,,
M_tridactyla,4,54, cls_5 ,1.0889,71.4424,3.8108,0.9187,,,,,
M_tridactyla,4,56, cls_5 ,1.0909,127.8,1.4648,0.2042,,,,,
M_tridactyla,4,60, cls_5 ,1.1761,71.4424,2.7784,2.6541,,,,,
M_tridactyla,4,68, cls_5 ,1.1125,71.4424,10.9767,0.6125,,,,,
M_tridactyla,4,73, cls_5 ,1.1965,71.4424,2.6882,2.8582,,,,,
M_tridactyla,4,78, cls_5 ,1.2144,63.9,6.1196,6.8394,,,,,
M_tridactyla,4,79, cls_5 ,1.0155,95.85,8.106,0.2042,,,,,
M_tridactyla,4,84, cls_5 ,1.0909,71.4424,7.0935,0.2042,,,,,
M_tridactyla,4,89, cls_5 ,1.1957,63.9,17.6129,2.2458,,,,,
M_tridactyla,4,99, cls_5 ,1,63.9,7.1121,0.1021,,,,,
M_tridactyla,4,103, cls_5 ,1,71.4424,2.6241,0.1021,,,,,
M_tridactyla,4,104, cls_5 ,1.0689,95.85,1.4916,1.327,,,,,
M_tridactyla,4,105, cls_5 ,1.0537,71.4424,1.2571,0.4083,,,,,
M_tridactyla,4,107, cls_5 ,1,71.4424,2.0461,0.1021,,,,,
M_tridactyla,4,112, cls_5 ,1.0631,63.9,1.4116,0.7146,,,,,
M_tridactyla,4,113, cls_5 ,1.0155,63.9,3.8134,0.2042,,,,,
M_tridactyla,4,117, cls_5 ,1.112,71.4424,2.0998,0.9187,,,,,
M_tridactyla,4,120, cls_5 ,1.1395,63.9,2.6546,0.6125,,,,,
M_tridactyla,4,122, cls_5 ,1.0155,63.9,2.7755,0.2042,,,,,
M_tridactyla,4,125, cls_5 ,1.0688,71.4424,0.8215,0.5104,,,,,
M_tridactyla,4,128, cls_5 ,1.1125,1263.9446,0.1181,0.6125,,,,,
M_tridactyla,4,135, cls_5 ,1,600.286,0.1253,0.1021,,,,,
M_tridactyla,4,157, cls_5 ,1.1271,159.75,0.1526,1.1229,,,,,
M_tridactyla,4,159, cls_5 ,1.0819,1088.1778,0.1181,0.6125,,,,,
M_tridactyla,4,162, cls_5 ,1.0179,2329.0652,0.0594,1.7354,,,,,
M_tridactyla,4,163, cls_5 ,1,159.75,0.5611,0.1021,,,,,
M_tridactyla,4,164, cls_5 ,1,186.2989,0.2826,0.1021,,,,,
M_tridactyla,4,166, cls_5 ,1,71.4424,0.7446,0.1021,,,,,
M_tridactyla,4,167, cls_5 ,1,71.4424,1.3938,0.1021,,,,,
M_tridactyla,4,172, cls_5 ,1.2157,71.4424,2.3876,1.4291,,,,,
M_tridactyla,4,178, cls_5 ,1.2018,71.4424,2.8808,1.1229,,,,,
M_tridactyla,4,206, cls_5 ,1.0819,325.8273,0.1871,0.6125,,,,,
M_tridactyla,4,209, cls_5 ,1,115.1974,0.528,0.1021,,,,,
M_tridactyla,4,210, cls_5 ,1.0358,115.1974,0.4995,0.3062,,,,,
M_tridactyla,4,213, cls_5 ,1.0863,486.6479,0.0648,4.0832,,,,,
M_tridactyla,4,220, cls_5 ,1.2071,71.4424,1.1139,2.0416,,,,,
M_tridactyla,4,234, cls_5 ,1.0155,486.6479,0.2121,0.2042,,,,,
M_tridactyla,4,237, cls_5 ,1,71.4424,6.5414,0.1021,,,,,
M_tridactyla,4,242, cls_5 ,1.1989,90.3682,0.9716,2.0416,,,,,
M_tridactyla,4,250, cls_5 ,1.0358,255.6,0.2654,0.3062,,,,,
M_tridactyla,4,251, cls_5 ,1.1167,255.6,0.1414,1.225,,,,,
M_tridactyla,4,259, cls_5 ,1,373.9652,0.1219,0.1021,,,,,
M_tridactyla,4,261, cls_5 ,1.0402,821.432,0.0533,1.1229,,,,,
M_tridactyla,4,267, cls_5 ,1,272.9809,0.1109,0.1021,,,,,
M_tridactyla,4,272, cls_5 ,1,101.0348,0.2237,0.1021,,,,,
M_tridactyla,4,275, cls_5 ,1,101.0348,0.2475,0.1021,,,,,
M_tridactyla,4,279, cls_5 ,1.1477,159.75,0.2774,0.8166,,,,,
M_tridactyla,4,283, cls_5 ,1.0909,63.9,1.0747,0.2042,,,,,
M_tridactyla,4,286, cls_5 ,1,63.9,2.0524,0.1021,,,,,
M_tridactyla,4,288, cls_5 ,1.1125,63.9,3.2337,0.6125,,,,,
M_tridactyla,4,290, cls_5 ,1.1443,63.9,2.0389,1.1229,,,,,
M_tridactyla,4,295, cls_5 ,1,71.4424,3.1444,0.1021,,,,,
M_tridactyla,4,296, cls_5 ,1.0261,1243.1794,0.0349,0.5104,,,,,
M_tridactyla,4,297, cls_5 ,1.1346,71.4424,1.1279,0.4083,,,,,
M_tridactyla,4,307, cls_5 ,1.1395,142.8847,0.3473,0.6125,,,,,
M_tridactyla,4,326, cls_5 ,1.1085,646.9382,0.1015,1.1229,,,,,
M_tridactyla,4,348, cls_5 ,1.1958,131.7332,0.2322,2.552,,,,,
M_tridactyla,4,360, cls_5 ,1.0358,131.7332,1.5081,0.3062,,,,,
M_tridactyla,4,373, cls_5 ,1.0701,2687.6009,0.0248,2.1437,,,,,
M_tridactyla,4,374, cls_5 ,1,162.9137,0.2455,0.1021,,,,,
M_tridactyla,4,376, cls_5 ,1.0047,63.9,0.5603,0.6125,,,,,
M_tridactyla,4,377, cls_5 ,1.0155,63.9,1.5915,0.2042,,,,,
M_tridactyla,4,464, cls_5 ,1.0889,2502.9313,0.0153,2.3478,,,,,
M_tridactyla,4,483, cls_5 ,1.0556,194.3443,0.2022,1.225,,,,,
M_tridactyla,4,492, cls_5 ,1.0631,194.3443,0.3366,0.7146,,,,,
M_tridactyla,4,2, cls_3 ,1.0155,63.9,23967.5243,0.2042,,,,,
M_tridactyla,4,3, cls_3 ,1.3102,63.9,147.9824,9786.4336,,,,,
M_tridactyla,4,4, cls_3 ,1,71.4424,19174.0609,0.1021,,,,,
M_tridactyla,4,12, cls_3 ,1.0358,71.4424,19174.0636,0.3062,,,,,
M_tridactyla,4,30, cls_3 ,1.0338,63.9,23967.57,0.9187,,,,,
M_tridactyla,4,55, cls_3 ,1.0465,63.9,23967.5672,0.6125,,,,,
M_tridactyla,4,129, cls_3 ,1.0556,63.9,23967.8185,1.225,,,,,
M_tridactyla,4,130, cls_3 ,1.1226,95.85,2663.6853,17.5578,,,,,
M_tridactyla,4,146, cls_3 ,1.0338,90.3682,11984.6535,0.9187,,,,,
M_tridactyla,4,149, cls_3 ,1.0583,95.85,10652.373,2.7562,,,,,
M_tridactyla,4,152, cls_3 ,1.0993,71.4424,19174.2258,1.0208,,,,,
M_tridactyla,4,154, cls_3 ,1.0909,63.9,23967.6513,0.2042,,,,,
M_tridactyla,4,155, cls_3 ,1.1251,71.4424,19174.3338,2.3478,,,,,
M_tridactyla,4,160, cls_3 ,1.0358,95.85,2357.7244,0.3062,,,,,
M_tridactyla,4,165, cls_3 ,1,71.4424,19175.4639,0.4083,,,,,
M_tridactyla,4,169, cls_3 ,1.1362,63.9,23967.8728,0.5104,,,,,
M_tridactyla,4,173, cls_3 ,1,71.4424,3835.9698,0.1021,,,,,
M_tridactyla,4,175, cls_3 ,1.1547,95.85,1845.1658,32.3594,,,,,
M_tridactyla,4,179, cls_3 ,1.1041,63.9,23967.704,8.0643,,,,,
M_tridactyla,4,180, cls_3 ,1.0358,95.85,634.6538,0.3062,,,,,
M_tridactyla,4,183, cls_3 ,1.1127,71.4424,19174.1124,11.5351,,,,,
M_tridactyla,4,188, cls_3 ,1.1761,115.1974,4804.351,2.6541,,,,,
M_tridactyla,4,196, cls_3 ,1.0769,71.4424,19174.547,1.7354,,,,,
M_tridactyla,4,198, cls_3 ,1.1167,90.3682,11985.0734,1.225,,,,,
M_tridactyla,4,199, cls_3 ,1.1265,115.1974,591.7523,0.8166,,,,,
M_tridactyla,4,218, cls_3 ,1.1585,95.85,10652.5688,5.0019,,,,,
M_tridactyla,4,221, cls_3 ,1.0155,71.4424,19174.3111,0.2042,,,,,
M_tridactyla,4,227, cls_3 ,1.0889,63.9,23972.6213,2.3478,,,,,
M_tridactyla,4,236, cls_3 ,1.0688,63.9,23969.2207,0.5104,,,,,
M_tridactyla,4,244, cls_3 ,1.1449,127.8,649.9027,7.9623,,,,,
M_tridactyla,4,254, cls_3 ,1.0688,63.9,23967.5531,0.5104,,,,,
M_tridactyla,4,258, cls_3 ,1.1031,71.4424,19174.3944,0.8166,,,,,
M_tridactyla,4,260, cls_3 ,1.0283,135.5524,1315.5702,0.7146,,,,,
M_tridactyla,4,266, cls_3 ,1.1085,172.056,3306.5842,1.1229,,,,,
M_tridactyla,4,268, cls_3 ,1.0311,127.8,5992.0948,1.5312,,,,,
M_tridactyla,4,269, cls_3 ,1.0471,131.7332,664.1369,1.9395,,,,,
M_tridactyla,4,276, cls_3 ,1.1032,63.9,904.7119,3.4707,,,,,
M_tridactyla,4,282, cls_3 ,1.1265,115.1974,7375.5944,0.8166,,,,,
M_tridactyla,4,284, cls_3 ,1,63.9,775.4853,0.1021,,,,,
M_tridactyla,4,285, cls_3 ,1.1167,131.7332,1200.2688,1.225,,,,,
M_tridactyla,4,301, cls_3 ,1.1506,115.1974,7374.7655,1.5312,,,,,
M_tridactyla,4,336, cls_3 ,1.0688,71.4424,19174.0281,0.5104,,,,,
M_tridactyla,4,352, cls_3 ,1.0635,63.9,23967.5615,3.777,,,,,
M_tridactyla,4,365, cls_3 ,1.0819,316.2889,978.2772,0.6125,,,,,
M_tridactyla,4,387, cls_3 ,1.0468,101.0348,9587.0466,3.9811,,,,,
M_tridactyla,4,435, cls_3 ,1.088,63.9,23967.5614,1.1229,,,,,
M_tridactyla,4,443, cls_3 ,1.0473,71.4424,19174.4835,0.8166,,,,,
M_tridactyla,4,450, cls_3 ,1.0663,71.4424,19174.782,2.552,,,,,
M_tridactyla,4,452, cls_3 ,1.2275,71.4424,7378.1859,2.8582,,,,,
M_tridactyla,4,456, cls_3 ,1.0155,63.9,23974.2838,0.2042,,,,,
M_tridactyla,4,457, cls_3 ,1.128,127.8,2998.4357,3.2666,,,,,
M_tridactyla,4,460, cls_3 ,1.0537,115.1974,1656.651,0.4083,,,,,
M_tridactyla,4,462, cls_3 ,1.1689,63.9,23968.6531,2.4499,,,,,
M_tridactyla,4,463, cls_3 ,1.1265,127.8,5994.5989,0.8166,,,,,
M_tridactyla,4,466, cls_3 ,1.0585,90.3682,11983.9453,5.9207,,,,,
M_tridactyla,4,471, cls_3 ,1.1154,95.85,10652.8045,1.4291,,,,,
M_tridactyla,4,476, cls_3 ,1.0465,101.0348,9588.3718,0.6125,,,,,
M_tridactyla,4,478, cls_3 ,1,63.9,23967.9003,0.1021,,,,,
M_tridactyla,4,480, cls_3 ,1.0335,71.4424,19174.0659,1.8374,,,,,
M_tridactyla,4,5, cls_1 ,1.14,63.9,106.6348,6.9415,,1.091543098,130.4094734,142.9013845,12.9019862
M_tridactyla,4,7, cls_1 ,1.1565,95.85,51.0592,2.1437,,,,,
M_tridactyla,4,8, cls_1 ,1,434.567,3.7968,0.1021,,,,,
M_tridactyla,4,9, cls_1 ,1.0509,71.4424,22.62,1.0208,,,,,
M_tridactyla,4,10, cls_1 ,1.0654,95.85,9.0916,1.1229,,,,,
M_tridactyla,4,11, cls_1 ,1.1644,63.9,9.1479,4.4915,,,,,
M_tridactyla,4,13, cls_1 ,1.1443,159.75,8.3244,1.1229,,,,,
M_tridactyla,4,14, cls_1 ,1.1943,63.9,31.485,41.6487,,,,,
M_tridactyla,4,15, cls_1 ,1.0283,63.9,17.823,0.7146,,,,,
M_tridactyla,4,17, cls_1 ,1.0358,232.5995,5.2409,0.3062,,,,,
M_tridactyla,4,18, cls_1 ,1,90.3682,60.2576,0.1021,,,,,
M_tridactyla,4,20, cls_1 ,1.1388,214.3271,6.1643,1.0208,,,,,
M_tridactyla,4,21, cls_1 ,1.0465,101.0348,12.1313,0.6125,,,,,
M_tridactyla,4,23, cls_1 ,1.0975,159.75,9.5011,0.4083,,,,,
M_tridactyla,4,26, cls_1 ,1.0887,131.7332,21.4506,2.9603,,,,,
M_tridactyla,4,28, cls_1 ,1.1085,214.3271,6.3814,1.1229,,,,,
M_tridactyla,4,29, cls_1 ,1.0764,95.85,21.8653,1.0208,,,,,
M_tridactyla,4,36, cls_1 ,1.0654,263.4664,6.0651,1.1229,,,,,
M_tridactyla,4,37, cls_1 ,1.085,115.1974,13.6322,2.1437,,,,,
M_tridactyla,4,41, cls_1 ,1.0283,95.85,35.4005,0.7146,,,,,
M_tridactyla,4,43, cls_1 ,1.1226,115.1974,11.4115,1.7354,,,,,
M_tridactyla,4,45, cls_1 ,1.1372,115.1974,15.4068,6.1248,,,,,
M_tridactyla,4,49, cls_1 ,1.1117,352.8993,3.718,2.1437,,,,,
M_tridactyla,4,53, cls_1 ,1.1818,90.3682,38.9174,9.5955,,,,,
M_tridactyla,4,57, cls_1 ,1.0899,194.3443,13.9401,4.6957,,,,,
M_tridactyla,4,58, cls_1 ,1.0358,71.4424,148.6988,0.3062,,,,,
M_tridactyla,4,62, cls_1 ,1,71.4424,92.7937,0.1021,,,,,
M_tridactyla,4,63, cls_1 ,1.0654,90.3682,454.4792,1.1229,,,,,
M_tridactyla,4,64, cls_1 ,1.0631,101.0348,20.5043,0.7146,,,,,
M_tridactyla,4,65, cls_1 ,1.2277,63.9,774.5166,368.4076,,,,,
M_tridactyla,4,66, cls_1 ,1.0648,460.7895,33.6745,4.5936,,,,,
M_tridactyla,4,67, cls_1 ,1.0465,71.4424,7.8496,0.6125,,,,,
M_tridactyla,4,69, cls_1 ,1.0283,230.3947,72.6536,0.7146,,,,,
M_tridactyla,4,70, cls_1 ,1.0509,101.0348,33.0888,1.0208,,,,,
M_tridactyla,4,71, cls_1 ,1.0688,204.5798,24.2582,0.5104,,,,,
M_tridactyla,4,72, cls_1 ,1.126,115.1974,15.9114,3.0624,,,,,
M_tridactyla,4,74, cls_1 ,1.0943,314.671,8.2475,3.777,,,,,
M_tridactyla,4,75, cls_1 ,1.063,71.4424,13.2325,0.9187,,,,,
M_tridactyla,4,77, cls_1 ,1,71.4424,726.7139,0.1021,,,,,
M_tridactyla,4,80, cls_1 ,1.1103,71.4424,11.5933,2.9603,,,,,
M_tridactyla,4,81, cls_1 ,1.1125,63.9,36.687,3.4707,,,,,
M_tridactyla,4,82, cls_1 ,1.085,255.6,9.7362,2.1437,,,,,
M_tridactyla,4,83, cls_1 ,1.0631,204.5798,76.6845,0.7146,,,,,
M_tridactyla,4,85, cls_1 ,1.0509,71.4424,19.4628,1.0208,,,,,
M_tridactyla,4,86, cls_1 ,1.1273,63.9,1360.8262,8.2685,,,,,
M_tridactyla,4,87, cls_1 ,1.1298,63.9,20.2055,10.5143,,,,,
M_tridactyla,4,88, cls_1 ,1.1115,159.75,38.374,4.7978,,,,,
M_tridactyla,4,90, cls_1 ,1.096,159.75,72.0039,1.9395,,,,,
M_tridactyla,4,91, cls_1 ,1.0155,63.9,905.5847,0.2042,,,,,
M_tridactyla,4,92, cls_1 ,1.0975,115.1974,39.9094,0.4083,,,,,
M_tridactyla,4,93, cls_1 ,1.2336,63.9,1031.0559,549.6001,,,,,
M_tridactyla,4,94, cls_1 ,1.0975,71.4424,23.2113,0.4083,,,,,
M_tridactyla,4,95, cls_1 ,1,186.2989,60.9899,0.1021,,,,,
M_tridactyla,4,97, cls_1 ,1.1199,63.9,29.2111,1.0208,,,,,
M_tridactyla,4,98, cls_1 ,1.0932,71.4424,149.6693,0.7146,,,,,
M_tridactyla,4,100, cls_1 ,1,63.9,31.2632,0.1021,,,,,
M_tridactyla,4,101, cls_1 ,1.1743,63.9,135.7724,3.6749,,,,,
M_tridactyla,4,102, cls_1 ,1.088,90.3682,31.8189,1.1229,,,,,
M_tridactyla,4,106, cls_1 ,1.118,95.85,7.2208,4.1853,,,,,
M_tridactyla,4,108, cls_1 ,1.089,95.85,8.8753,1.327,,,,,
M_tridactyla,4,109, cls_1 ,1.0509,159.75,46.0648,1.0208,,,,,
M_tridactyla,4,110, cls_1 ,1.0819,63.9,905.1371,0.6125,,,,,
M_tridactyla,4,111, cls_1 ,1,71.4424,455.6595,0.1021,,,,,
M_tridactyla,4,114, cls_1 ,1.0582,95.85,22.9064,3.9811,,,,,
M_tridactyla,4,115, cls_1 ,1.1008,63.9,109.0708,5.7165,,,,,
M_tridactyla,4,116, cls_1 ,1.0785,294.5644,92.9467,5.7165,,,,,
M_tridactyla,4,118, cls_1 ,1.1388,186.2989,4.9899,1.0208,,,,,
M_tridactyla,4,119, cls_1 ,1.0937,63.9,27.8738,2.2458,,,,,
M_tridactyla,4,123, cls_1 ,1.0654,63.9,1087.481,1.1229,,,,,
M_tridactyla,4,124, cls_1 ,1.067,63.9,1349.9249,6.4311,,,,,
M_tridactyla,4,126, cls_1 ,1.0283,63.9,18.0219,0.7146,,,,,
M_tridactyla,4,127, cls_1 ,1.1046,63.9,1352.9615,2.552,,,,,
M_tridactyla,4,131, cls_1 ,1.0992,63.9,13.631,5.4103,,,,,
M_tridactyla,4,132, cls_1 ,1.0465,287.55,14.3422,0.6125,,,,,
M_tridactyla,4,133, cls_1 ,1.0155,63.9,46.2974,0.2042,,,,,
M_tridactyla,4,134, cls_1 ,1.0631,63.9,1352.7605,0.7146,,,,,
M_tridactyla,4,136, cls_1 ,1.1662,71.4424,222.0804,4.8999,,,,,
M_tridactyla,4,137, cls_1 ,1.1009,191.7,4.4349,9.7997,,,,,
M_tridactyla,4,138, cls_1 ,1.0605,95.85,12.9658,4.7978,,,,,
M_tridactyla,4,139, cls_1 ,1.1239,127.8,10.6354,2.1437,,,,,
M_tridactyla,4,140, cls_1 ,1.0155,63.9,13.9154,0.2042,,,,,
M_tridactyla,4,141, cls_1 ,1.0465,202.0695,140.1162,0.6125,,,,,
M_tridactyla,4,142, cls_1 ,1.063,243.324,2.8105,0.9187,,,,,
M_tridactyla,4,143, cls_1 ,1.0889,63.9,17.6083,0.9187,,,,,
M_tridactyla,4,144, cls_1 ,1.0155,63.9,1349.2828,0.2042,,,,,
M_tridactyla,4,145, cls_1 ,1.0654,71.4424,38.1979,1.1229,,,,,
M_tridactyla,4,147, cls_1 ,1.1609,142.8847,11.6723,4.3895,,,,,
M_tridactyla,4,150, cls_1 ,1.0689,115.1974,26.965,1.327,,,,,
M_tridactyla,4,151, cls_1 ,1.1322,63.9,1351.7975,2.6541,,,,,
M_tridactyla,4,153, cls_1 ,1.0261,90.3682,484.3594,0.5104,,,,,
M_tridactyla,4,156, cls_1 ,1.088,127.8,3.7833,1.1229,,,,,
M_tridactyla,4,158, cls_1 ,1.0465,127.8,4.7228,0.6125,,,,,
M_tridactyla,4,161, cls_1 ,1.0556,191.7,7.5047,1.225,,,,,
M_tridactyla,4,168, cls_1 ,1.1257,516.168,3.6726,4.1853,,,,,
M_tridactyla,4,170, cls_1 ,1.1095,71.4424,1161.2836,8.0643,,,,,
M_tridactyla,4,174, cls_1 ,1.0477,90.3682,720.7726,2.6541,,,,,
M_tridactyla,4,176, cls_1 ,1.1811,225.9206,90.87,119.536,,,,,
M_tridactyla,4,177, cls_1 ,1.0155,71.4424,151.8319,0.2042,,,,,
M_tridactyla,4,181, cls_1 ,1.176,71.4424,1094.7041,5.4103,,,,,
M_tridactyla,4,182, cls_1 ,1.0311,142.8847,137.6635,1.5312,,,,,
M_tridactyla,4,184, cls_1 ,1,204.5798,117.5475,0.1021,,,,,
M_tridactyla,4,185, cls_1 ,1,71.4424,727.0945,0.1021,,,,,
M_tridactyla,4,186, cls_1 ,1.0261,90.3682,562.9652,0.5104,,,,,
M_tridactyla,4,187, cls_1 ,1.1093,131.7332,104.3375,4.8999,,,,,
M_tridactyla,4,189, cls_1 ,1.0836,172.056,216.3475,1.6333,,,,,
M_tridactyla,4,190, cls_1 ,1.1477,71.4424,65.0037,0.8166,,,,,
M_tridactyla,4,191, cls_1 ,1.0819,142.8847,109.117,0.6125,,,,,
M_tridactyla,4,192, cls_1 ,1,63.9,173.4206,0.1021,,,,,
M_tridactyla,4,193, cls_1 ,1.1085,225.9206,27.5694,1.1229,,,,,
M_tridactyla,4,194, cls_1 ,1.0465,63.9,113.3969,0.6125,,,,,
M_tridactyla,4,197, cls_1 ,1.0654,101.0348,151.4764,1.1229,,,,,
M_tridactyla,4,201, cls_1 ,1.078,90.3682,55.0746,1.225,,,,,
M_tridactyla,4,203, cls_1 ,1.102,101.0348,156.7933,25.0097,,,,,
M_tridactyla,4,204, cls_1 ,1.0155,63.9,90.8868,0.2042,,,,,
M_tridactyla,4,207, cls_1 ,1.1559,63.9,1166.5995,11.6371,,,,,
M_tridactyla,4,208, cls_1 ,1.0889,101.0348,304.5299,0.9187,,,,,
M_tridactyla,4,211, cls_1 ,1.1991,63.9,825.6596,373.92,,,,,
M_tridactyla,4,212, cls_1 ,1.2349,63.9,230.5503,219.8809,,,,,
M_tridactyla,4,216, cls_1 ,1.0937,202.0695,7.505,2.2458,,,,,
M_tridactyla,4,217, cls_1 ,1.1631,445.012,3.3564,1.5312,,,,,
M_tridactyla,4,219, cls_1 ,1.102,90.3682,470.3876,1.8374,,,,,
M_tridactyla,4,222, cls_1 ,1.1258,180.7365,136.8004,12.3517,,,,,
M_tridactyla,4,223, cls_1 ,1.0622,90.3682,487.1225,18.2724,,,,,
M_tridactyla,4,226, cls_1 ,1.0702,63.9,155.5982,11.5351,,,,,
M_tridactyla,4,228, cls_1 ,1.0819,127.8,241.6216,0.6125,,,,,
M_tridactyla,4,229, cls_1 ,1.1395,445.012,2.5534,0.6125,,,,,
M_tridactyla,4,230, cls_1 ,1.2025,63.9,108.0248,60.8398,,,,,
M_tridactyla,4,231, cls_1 ,1.078,90.3682,92.9192,1.225,,,,,
M_tridactyla,4,232, cls_1 ,1.0155,71.4424,86.4457,0.2042,,,,,
M_tridactyla,4,235, cls_1 ,1.0155,71.4424,84.7398,0.2042,,,,,
M_tridactyla,4,238, cls_1 ,1,63.9,560.8576,0.1021,,,,,
M_tridactyla,4,240, cls_1 ,1.1584,63.9,453.6414,5.8186,,,,,
M_tridactyla,4,245, cls_1 ,1.112,71.4424,3.5482,0.9187,,,,,
M_tridactyla,4,247, cls_1 ,1.0631,71.4424,3.7779,0.7146,,,,,
M_tridactyla,4,252, cls_1 ,1.0155,63.9,60.7459,0.2042,,,,,
M_tridactyla,4,253, cls_1 ,1.151,90.3682,39.9661,2.6541,,,,,
M_tridactyla,4,256, cls_1 ,1.096,287.55,3.605,1.9395,,,,,
M_tridactyla,4,257, cls_1 ,1.0155,63.9,557.9517,0.2042,,,,,
M_tridactyla,4,263, cls_1 ,1.1847,101.0348,105.4303,26.0305,,,,,
M_tridactyla,4,264, cls_1 ,1.1412,90.3682,380.7442,2.4499,,,,,
M_tridactyla,4,270, cls_1 ,1.0556,71.4424,437.5568,1.225,,,,,
M_tridactyla,4,271, cls_1 ,1.0261,101.0348,224.6047,0.5104,,,,,
M_tridactyla,4,273, cls_1 ,1.0769,232.5995,31.7864,1.7354,,,,,
M_tridactyla,4,274, cls_1 ,1.0631,63.9,924.3962,0.7146,,,,,
M_tridactyla,4,277, cls_1 ,1.0358,263.4664,2.0177,0.3062,,,,,
M_tridactyla,4,278, cls_1 ,1.1682,214.3271,6.2015,1.9395,,,,,
M_tridactyla,4,280, cls_1 ,1.1372,63.9,2.4149,1.5312,,,,,
M_tridactyla,4,287, cls_1 ,1.0909,63.9,5.5694,0.2042,,,,,
M_tridactyla,4,289, cls_1 ,1.0869,223.65,6.2675,1.8374,,,,,
M_tridactyla,4,291, cls_1 ,1.0999,131.7332,8.5202,9.9018,,,,,
M_tridactyla,4,293, cls_1 ,1.1116,115.1974,4.4108,2.6541,,,,,
M_tridactyla,4,298, cls_1 ,1.1353,63.9,6.0945,1.9395,,,,,
M_tridactyla,4,299, cls_1 ,1.1548,63.9,119.1102,170.2699,,,,,
M_tridactyla,4,300, cls_1 ,1.0769,257.5891,36.205,1.7354,,,,,
M_tridactyla,4,302, cls_1 ,1.1429,115.1974,5.5004,1.6333,,,,,
M_tridactyla,4,303, cls_1 ,1.0631,142.8847,4.5008,0.7146,,,,,
M_tridactyla,4,304, cls_1 ,1.1409,71.4424,5.2882,2.2458,,,,,
M_tridactyla,4,305, cls_1 ,1.1199,95.85,7.8993,1.0208,,,,,
M_tridactyla,4,306, cls_1 ,1.1592,71.4424,755.4748,33.074,,,,,
M_tridactyla,4,308, cls_1 ,1.1309,63.9,15.052,1.4291,,,,,
M_tridactyla,4,309, cls_1 ,1.0647,186.2989,11.022,1.9395,,,,,
M_tridactyla,4,311, cls_1 ,1.189,71.4424,6.0268,4.1853,,,,,
M_tridactyla,4,312, cls_1 ,1.1476,142.8847,3.5589,4.6957,,,,,
M_tridactyla,4,313, cls_1 ,1.1434,71.4424,7.9493,0.7146,,,,,
M_tridactyla,4,314, cls_1 ,1.1776,95.85,7.485,3.3686,,,,,
M_tridactyla,4,315, cls_1 ,1.0819,127.8,11.7348,0.6125,,,,,
M_tridactyla,4,316, cls_1 ,1.112,202.0695,80.6113,0.9187,,,,,
M_tridactyla,4,317, cls_1 ,1,71.4424,20.2385,0.1021,,,,,
M_tridactyla,4,318, cls_1 ,1.0688,90.3682,6.8943,0.5104,,,,,
M_tridactyla,4,320, cls_1 ,1.1509,71.4424,25.1572,2.4499,,,,,
M_tridactyla,4,321, cls_1 ,1.1346,101.0348,30.6203,0.4083,,,,,
M_tridactyla,4,322, cls_1 ,1.1144,191.7,47.298,5.0019,,,,,
M_tridactyla,4,323, cls_1 ,1.0706,191.7,67.5519,1.8374,,,,,
M_tridactyla,4,324, cls_1 ,1.0926,127.8,12.6669,2.552,,,,,
M_tridactyla,4,325, cls_1 ,1.0869,95.85,55.4037,1.8374,,,,,
M_tridactyla,4,327, cls_1 ,1.0359,186.2989,11.3395,5.0019,,,,,
M_tridactyla,4,328, cls_1 ,1.0971,194.3443,75.7908,2.4499,,,,,
M_tridactyla,4,329, cls_1 ,1,63.9,924.7702,0.1021,,,,,
M_tridactyla,4,331, cls_1 ,1,63.9,63.8832,0.1021,,,,,
M_tridactyla,4,332, cls_1 ,1,101.0348,26.0519,0.1021,,,,,
M_tridactyla,4,333, cls_1 ,1.1289,95.85,6.9442,3.777,,,,,
M_tridactyla,4,334, cls_1 ,1.078,71.4424,341.9882,1.225,,,,,
M_tridactyla,4,335, cls_1 ,1.1075,63.9,304.5032,1.5312,,,,,
M_tridactyla,4,337, cls_1 ,1.0921,202.0695,92.1269,17.0474,,,,,
M_tridactyla,4,338, cls_1 ,1.0819,243.324,3.4883,0.6125,,,,,
M_tridactyla,4,339, cls_1 ,1.1328,142.8847,17.5252,0.9187,,,,,
M_tridactyla,4,340, cls_1 ,1.0473,243.324,3.442,0.8166,,,,,
M_tridactyla,4,341, cls_1 ,1.0473,71.4424,5.6331,0.8166,,,,,
M_tridactyla,4,343, cls_1 ,1.1296,63.9,41.6651,117.6985,,,,,
M_tridactyla,4,344, cls_1 ,1.1125,142.8847,32.6274,0.6125,,,,,
M_tridactyla,4,345, cls_1 ,1.1001,243.324,4.0122,1.6333,,,,,
M_tridactyla,4,346, cls_1 ,1.0889,71.4424,5.2413,0.9187,,,,,
M_tridactyla,4,347, cls_1 ,1.082,186.2989,53.3406,6.4311,,,,,
M_tridactyla,4,349, cls_1 ,1.0975,71.4424,114.4941,0.4083,,,,,
M_tridactyla,4,350, cls_1 ,1.0819,142.8847,26.6617,0.6125,,,,,
M_tridactyla,4,351, cls_1 ,1.0465,257.5891,32.6493,0.6125,,,,,
M_tridactyla,4,354, cls_1 ,1.0155,71.4424,383.7222,0.2042,,,,,
M_tridactyla,4,355, cls_1 ,1.1933,71.4424,140.7121,189.0526,,,,,
M_tridactyla,4,356, cls_1 ,1.1561,95.85,9.3415,3.1645,,,,,
M_tridactyla,4,357, cls_1 ,1.1606,159.75,35.9106,8.3706,,,,,
M_tridactyla,4,358, cls_1 ,1.0465,95.85,7.6042,0.6125,,,,,
M_tridactyla,4,359, cls_1 ,1.1438,95.85,136.9399,14.4954,,,,,
M_tridactyla,4,361, cls_1 ,1.0467,95.85,8.8699,1.327,,,,,
M_tridactyla,4,362, cls_1 ,1.1362,186.2989,40.6515,0.5104,,,,,
M_tridactyla,4,363, cls_1 ,1.0631,71.4424,10.1042,0.7146,,,,,
M_tridactyla,4,364, cls_1 ,1.1888,384.7289,1.0316,1.1229,,,,,
M_tridactyla,4,366, cls_1 ,1.0402,63.9,49.6847,1.1229,,,,,
M_tridactyla,4,367, cls_1 ,1.1582,95.85,100.0675,122.4963,,,,,
M_tridactyla,4,368, cls_1 ,1.1999,90.3682,129.1625,3.9811,,,,,
M_tridactyla,4,370, cls_1 ,1.1801,71.4424,18.9617,22.0493,,,,,
M_tridactyla,4,371, cls_1 ,1.1043,95.85,22.2631,8.9831,,,,,
M_tridactyla,4,372, cls_1 ,1.1031,172.056,71.32,3.1645,,,,,
M_tridactyla,4,375, cls_1 ,1.1161,71.4424,40.8892,7.9623,,,,,
M_tridactyla,4,378, cls_1 ,1.0996,63.9,32.1477,17.6599,,,,,
M_tridactyla,4,379, cls_1 ,1.1443,202.0695,2.498,1.1229,,,,,
M_tridactyla,4,381, cls_1 ,1.105,457.4544,0.8359,0.5104,,,,,
M_tridactyla,4,382, cls_1 ,1.0465,372.5978,1.4751,0.6125,,,,,
M_tridactyla,4,383, cls_1 ,1.0477,90.3682,32.3122,2.6541,,,,,
M_tridactyla,4,384, cls_1 ,1.1028,63.9,538.9659,8.1664,,,,,
M_tridactyla,4,386, cls_1 ,1.1265,95.85,30.6931,0.8166,,,,,
M_tridactyla,4,388, cls_1 ,1.0754,90.3682,86.9741,2.0416,,,,,
M_tridactyla,4,389, cls_1 ,1,90.3682,28.6368,0.1021,,,,,
M_tridactyla,4,391, cls_1 ,1.0721,71.4424,346.6477,19.5994,,,,,
M_tridactyla,4,392, cls_1 ,1.0537,223.65,2.6743,0.4083,,,,,
M_tridactyla,4,393, cls_1 ,1.0283,202.0695,4.528,0.7146,,,,,
M_tridactyla,4,394, cls_1 ,1.054,63.9,64.8983,2.1437,,,,,
M_tridactyla,4,396, cls_1 ,1.0819,274.8443,32.5435,0.6125,,,,,
M_tridactyla,4,398, cls_1 ,1.0852,71.4424,52.1791,6.2269,,,,,
M_tridactyla,4,399, cls_1 ,1.0473,101.0348,12.241,0.8166,,,,,
M_tridactyla,4,400, cls_1 ,1.0537,159.75,8.6662,0.4083,,,,,
M_tridactyla,4,401, cls_1 ,1.1222,71.4424,62.7935,2.6541,,,,,
M_tridactyla,4,402, cls_1 ,1.0665,172.056,4.5675,4.0832,,,,,
M_tridactyla,4,403, cls_1 ,1.1807,135.5524,39.4482,1.327,,,,,
M_tridactyla,4,404, cls_1 ,1.1004,142.8847,23.9494,4.5936,,,,,
M_tridactyla,4,405, cls_1 ,1.0769,63.9,105.5207,0.8166,,,,,
M_tridactyla,4,406, cls_1 ,1.1821,71.4424,19.4086,5.8186,,,,,
M_tridactyla,4,407, cls_1 ,1.128,71.4424,20.4572,3.2666,,,,,
M_tridactyla,4,408, cls_1 ,1.0473,71.4424,87.9012,0.8166,,,,,
M_tridactyla,4,409, cls_1 ,1.0932,71.4424,235.7415,0.7146,,,,,
M_tridactyla,4,410, cls_1 ,1.1782,63.9,58.7956,75.029,,,,,
M_tridactyla,4,412, cls_1 ,1.0283,180.7365,23.0653,0.7146,,,,,
M_tridactyla,4,413, cls_1 ,1.1578,135.5524,24.0559,1.9395,,,,,
M_tridactyla,4,414, cls_1 ,1.1349,63.9,8.9806,41.1383,,,,,
M_tridactyla,4,416, cls_1 ,1,71.4424,42.0809,0.1021,,,,,
M_tridactyla,4,418, cls_1 ,1.0688,194.3443,9.2907,0.5104,,,,,
M_tridactyla,4,420, cls_1 ,1.089,63.9,22.8036,1.327,,,,,
M_tridactyla,4,421, cls_1 ,1.0654,225.9206,9.6461,1.1229,,,,,
M_tridactyla,4,422, cls_1 ,1.0688,447.3,14.155,0.5104,,,,,
M_tridactyla,4,423, cls_1 ,1.0131,63.9,13.4093,0.8166,,,,,
M_tridactyla,4,424, cls_1 ,1.2161,71.4424,177.1712,141.5853,,,,,
M_tridactyla,4,425, cls_1 ,1.0604,191.7,8.4301,2.3478,,,,,
M_tridactyla,4,427, cls_1 ,1.0909,90.3682,84.9435,1.5312,,,,,
M_tridactyla,4,429, cls_1 ,1.0932,63.9,9.9126,0.7146,,,,,
M_tridactyla,4,430, cls_1 ,1.1758,71.4424,409.6564,63.9022,,,,,
M_tridactyla,4,431, cls_1 ,1.1133,71.4424,315.1292,20.7223,,,,,
M_tridactyla,4,432, cls_1 ,1.0537,63.9,11.1948,0.4083,,,,,
M_tridactyla,4,433, cls_1 ,1.088,294.5644,12.1485,1.1229,,,,,
M_tridactyla,4,434, cls_1 ,1.059,71.4424,60.1628,1.7354,,,,,
M_tridactyla,4,437, cls_1 ,1.0819,194.3443,12.8493,0.6125,,,,,
M_tridactyla,4,439, cls_1 ,1.1294,71.4424,36.5783,2.0416,,,,,
M_tridactyla,4,440, cls_1 ,1.0283,734.85,6.6672,0.7146,,,,,
M_tridactyla,4,441, cls_1 ,1.1098,90.3682,103.7691,42.3633,,,,,
M_tridactyla,4,442, cls_1 ,1.1226,131.7332,19.5593,1.7354,,,,,
M_tridactyla,4,444, cls_1 ,1.0556,257.5891,10.4094,1.225,,,,,
M_tridactyla,4,445, cls_1 ,1.1159,63.9,214.5252,18.2724,,,,,
M_tridactyla,4,446, cls_1 ,1,135.5524,43.876,0.1021,,,,,
M_tridactyla,4,448, cls_1 ,1.0545,131.7332,13.9366,18.0682,,,,,
M_tridactyla,4,449, cls_1 ,1.1879,63.9,148.1787,106.5718,,,,,
M_tridactyla,4,451, cls_1 ,1.1519,95.85,124.4835,3.0624,,,,,
M_tridactyla,4,453, cls_1 ,1.1722,225.9206,17.0815,1.0208,,,,,
M_tridactyla,4,454, cls_1 ,1.0764,63.9,289.3673,1.0208,,,,,
M_tridactyla,4,455, cls_1 ,1.1725,63.9,52.8952,101.5698,,,,,
M_tridactyla,4,459, cls_1 ,1.1519,101.0348,22.2384,0.9187,,,,,
M_tridactyla,4,461, cls_1 ,1.1359,95.85,177.4617,11.1267,,,,,
M_tridactyla,4,465, cls_1 ,1.1834,71.4424,283.072,17.0474,,,,,
M_tridactyla,4,467, cls_1 ,1.1083,71.4424,32.5561,19.1911,,,,,
M_tridactyla,4,468, cls_1 ,1.1539,95.85,54.0969,13.8829,,,,,
M_tridactyla,4,469, cls_1 ,1.0358,90.3682,181.1283,0.3062,,,,,
M_tridactyla,4,470, cls_1 ,1.1265,95.85,14.1433,0.8166,,,,,
M_tridactyla,4,472, cls_1 ,1.1085,71.4424,56.3157,1.1229,,,,,
M_tridactyla,4,474, cls_1 ,1.0754,95.85,19.0031,2.0416,,,,,
M_tridactyla,4,475, cls_1 ,1.1192,159.75,47.9191,11.7392,,,,,
M_tridactyla,4,479, cls_1 ,1,63.9,252.7886,0.1021,,,,,
M_tridactyla,4,481, cls_1 ,1.1134,95.85,51.1646,35.5239,,,,,
M_tridactyla,4,482, cls_1 ,1.0904,142.8847,18.9472,3.5728,,,,,
M_tridactyla,4,484, cls_1 ,1.0592,131.7332,83.1057,2.0416,,,,,
M_tridactyla,4,485, cls_1 ,1.084,115.1974,81.1496,30.7262,,,,,
M_tridactyla,4,486, cls_1 ,1.0261,243.324,13.7968,0.5104,,,,,
M_tridactyla,4,487, cls_1 ,1.0358,339.6332,6.6515,0.3062,,,,,
M_tridactyla,4,489, cls_1 ,1.0769,142.8847,6.7373,0.8166,,,,,
M_tridactyla,4,490, cls_1 ,1.181,90.3682,5.8198,7.1456,,,,,
M_tridactyla,4,491, cls_1 ,1.1103,90.3682,21.6173,5.2061,,,,,
M_tridactyla,4,493, cls_1 ,1.0537,607.8902,3.8569,0.4083,,,,,
M_tridactyla,4,494, cls_1 ,1.0767,90.3682,14.1936,5.8186,,,,,
M_tridactyla,4,496, cls_1 ,1.112,115.1974,9.9999,0.9187,,,,,
M_tridactyla,4,498, cls_1 ,1.053,115.1974,7.0658,1.5312,,,,,
M_tridactyla,4,499, cls_1 ,1.0909,90.3682,12.7852,0.2042,,,,,
M_tridactyla,4,47, cls_6 ,1.0155,63.9,3.3106,0.2042,,,,,
M_tridactyla,4,48, cls_6 ,1.0155,63.9,1.5559,0.2042,,,,,
M_tridactyla,4,50, cls_6 ,1.1332,71.4424,7.2162,3.3686,,,,,
M_tridactyla,4,59, cls_6 ,1.0465,71.4424,6.8296,0.6125,,,,,
M_tridactyla,4,61, cls_6 ,1.0643,71.4424,6.6489,2.9603,,,,,
M_tridactyla,4,96, cls_6 ,1.0465,971.7213,0.1042,0.6125,,,,,
M_tridactyla,4,121, cls_6 ,1.0338,1202.6958,0.0895,0.9187,,,,,
M_tridactyla,4,148, cls_6 ,1.1017,971.7213,0.051,7.3498,,,,,
M_tridactyla,4,171, cls_6 ,1.0784,1317.3322,0.0757,3.2666,,,,,
M_tridactyla,4,241, cls_6 ,1,101.0348,1.9769,0.1021,,,,,
M_tridactyla,4,243, cls_6 ,1.0993,101.0348,1.1648,1.0208,,,,,
M_tridactyla,4,248, cls_6 ,1.1381,415.35,0.645,17.3536,,,,,
M_tridactyla,4,281, cls_6 ,1.1233,316.2889,2.0048,14.1892,,,,,
M_tridactyla,4,319, cls_6 ,1.0937,63.9,49.2458,8.4727,,,,,
M_tridactyla,4,330, cls_6 ,1.1188,63.9,21.2332,19.4973,,,,,
M_tridactyla,4,369, cls_6 ,1.1073,287.55,0.394,6.9415,,,,,
M_tridactyla,4,385, cls_6 ,1.0529,287.55,0.9141,1.8374,,,,,
M_tridactyla,4,438, cls_6 ,1.0819,7232.636,0.0107,0.6125,,,,,
M_tridactyla,4,76, cls_2 ,1.0993,3829.3378,0.006,1.0208,,,,,
M_tridactyla,4,200, cls_2 ,1.0657,95.85,1.3467,1.6333,,,,,
M_tridactyla,4,202, cls_2 ,1.1567,958.5,0.1097,3.3686,,,,,
M_tridactyla,4,205, cls_2 ,1.1695,95.85,2.3462,0.9187,,,,,
M_tridactyla,4,214, cls_2 ,1.0402,319.5,0.3869,1.1229,,,,,
M_tridactyla,4,215, cls_2 ,1.0924,243.324,0.4749,2.8582,,,,,
M_tridactyla,4,233, cls_2 ,1.1292,1304.0924,0.0125,1.8374,,,,,
M_tridactyla,4,246, cls_2 ,1.0728,101.0348,2.4969,1.5312,,,,,
M_tridactyla,4,249, cls_2 ,1.0706,101.0348,1.7847,1.8374,,,,,
M_tridactyla,4,255, cls_2 ,1.0467,115.1974,2.498,1.327,,,,,
M_tridactyla,4,262, cls_2 ,1.1125,1304.0924,0.0168,0.6125,,,,,
M_tridactyla,4,265, cls_2 ,1.1239,115.1974,1.2135,2.1437,,,,,
M_tridactyla,4,294, cls_2 ,1.0836,249.5375,0.4559,1.6333,,,,,
M_tridactyla,4,310, cls_2 ,1.1204,249.5375,0.3163,2.4499,,,,,
M_tridactyla,4,342, cls_2 ,1.1153,303.1043,0.4617,3.6749,,,,,
M_tridactyla,4,353, cls_2 ,1.1233,303.1043,0.4277,3.9811,,,,,
M_tridactyla,4,390, cls_2 ,1.1371,95.85,1.4289,7.8602,,,,,
M_tridactyla,4,395, cls_2 ,1.0764,95.85,8.9326,1.0208,,,,,
M_tridactyla,4,397, cls_2 ,1.0799,202.0695,0.8727,2.2458,,,,,
M_tridactyla,4,411, cls_2 ,1.0592,257.5891,1.0646,2.0416,,,,,
M_tridactyla,4,415, cls_2 ,1.0769,71.4424,5.1761,1.7354,,,,,
M_tridactyla,4,417, cls_2 ,1.0799,71.4424,4.1692,2.2458,,,,,
M_tridactyla,4,419, cls_2 ,1.0465,383.4,0.3378,0.6125,,,,,
M_tridactyla,4,426, cls_2 ,1.0155,71.4424,4.9504,0.2042,,,,,
M_tridactyla,4,428, cls_2 ,1.0537,395.1997,0.3065,0.4083,,,,,
M_tridactyla,4,436, cls_2 ,1.0764,2686.8411,0.0257,1.0208,,,,,
M_tridactyla,4,195, cls_4 ,1.1447,1818.6259,0.0326,3.2666,,,,,
M_tridactyla,4,224, cls_4 ,1.0654,63.9,2.5451,5.5123,,,,,
M_tridactyla,4,225, cls_4 ,1.0592,71.4424,3.5008,2.0416,,,,,
M_tridactyla,4,239, cls_4 ,1.0932,63.9,17.5238,0.7146,,,,,
M_tridactyla,4,292, cls_4 ,1.1806,1857.5017,0.0384,2.552,,,,,
M_tridactyla,4,380, cls_4 ,1.068,1857.5017,0.0398,2.8582,,,,,
M_tridactyla,4,447, cls_4 ,1.1737,71.4424,3.4024,46.7528,,,,,
M_tridactyla,4,458, cls_4 ,1,71.4424,91.7343,0.1021,,,,,
M_tridactyla,4,473, cls_4 ,1.0463,852.5323,0.1159,4.4915,,,,,
M_tridactyla,4,477, cls_4 ,1.0796,186.2989,13.5744,11.0247,,,,,
M_tridactyla,4,488, cls_4 ,1.088,361.473,1.3589,1.1229,,,,,
M_tridactyla,4,495, cls_4 ,1.056,272.9809,0.3117,2.4499,,,,,
M_tridactyla,4,497, cls_4 ,1.0689,272.9809,0.4539,1.327,,,,,
