SPECIES,UA, PID , TYPE , FRAC , ENN, PROX , AREA ,,,,,
Mazama,1,1, cls_5 ,1.1506,191.7,0.2717,1.5312,,,,,
Mazama,1,3, cls_5 ,1.2657,63.9,0.6327,9.5955,,,,,
Mazama,1,6, cls_5 ,1,63.9,23.527,0.1021,,,,,
Mazama,1,9, cls_5 ,1.0358,101.0348,1.391,0.3062,,,,,
Mazama,1,11, cls_5 ,1.0932,71.4424,5.4993,0.7146,,,,,
Mazama,1,14, cls_5 ,1.1883,71.4424,1.9052,2.552,,,,,
Mazama,1,20, cls_5 ,1.1637,63.9,4.6044,0.6125,,,,,
Mazama,1,21, cls_5 ,1.1506,101.0348,1.1224,1.5312,,,,,
Mazama,1,23, cls_5 ,1.0155,63.9,3.8206,0.2042,,,,,
Mazama,1,24, cls_5 ,1.2505,202.0695,0.8659,6.8394,,,,,
Mazama,1,26, cls_5 ,1.0688,127.8,2.0323,0.5104,,,,,
Mazama,1,27, cls_5 ,1.0155,71.4424,1.3448,0.2042,,,,,
Mazama,1,30, cls_5 ,1.0155,71.4424,1.4675,0.2042,,,,,
Mazama,1,32, cls_5 ,1.1197,71.4424,8.363,0.7146,,,,,
Mazama,1,33, cls_5 ,1.0688,127.8,1.0438,0.5104,,,,,
Mazama,1,35, cls_5 ,1.197,71.4424,4.9941,4.0832,,,,,
Mazama,1,36, cls_5 ,1.2011,71.4424,8.507,1.7354,,,,,
Mazama,1,41, cls_5 ,1.0975,384.7289,0.104,0.4083,,,,,
Mazama,1,44, cls_5 ,1.0358,71.4424,0.7812,0.3062,,,,,
Mazama,1,45, cls_5 ,1,225.9206,1.5013,0.1021,,,,,
Mazama,1,47, cls_5 ,1.0819,101.0348,0.7484,0.6125,,,,,
Mazama,1,48, cls_5 ,1,71.4424,1.568,0.1021,,,,,
Mazama,1,53, cls_5 ,1.1477,90.3682,13.9027,0.8166,,,,,
Mazama,1,54, cls_5 ,1,71.4424,4.1769,0.1021,,,,,
Mazama,1,57, cls_5 ,1.0155,71.4424,1.7443,0.2042,,,,,
Mazama,1,58, cls_5 ,1.2118,214.3271,0.747,1.8374,,,,,
Mazama,1,59, cls_5 ,1.0358,63.9,2.4494,0.3062,,,,,
Mazama,1,60, cls_5 ,1.1388,95.85,0.7953,1.0208,,,,,
Mazama,1,61, cls_5 ,1.1649,63.9,2.1647,0.7146,,,,,
Mazama,1,68, cls_5 ,1.0338,384.7289,0.0697,0.9187,,,,,
Mazama,1,69, cls_5 ,1.2522,63.9,6.9639,9.9018,,,,,
Mazama,1,70, cls_5 ,1.1388,101.0348,2.1332,1.0208,,,,,
Mazama,1,73, cls_5 ,1.1756,131.7332,1.1033,2.1437,,,,,
Mazama,1,81, cls_5 ,1.1369,63.9,4.1181,0.3062,,,,,
Mazama,1,88, cls_5 ,1.1085,63.9,1.8086,1.1229,,,,,
Mazama,1,94, cls_5 ,1.105,63.9,3.6827,0.5104,,,,,
Mazama,1,97, cls_5 ,1.1443,63.9,4.5736,1.1229,,,,,
Mazama,1,101, cls_5 ,1.2306,71.4424,2.2384,2.6541,,,,,
Mazama,1,102, cls_5 ,1.0909,71.4424,20.5665,0.2042,,,,,
Mazama,1,103, cls_5 ,1.1904,95.85,3.2008,2.3478,,,,,
Mazama,1,108, cls_5 ,1.2528,71.4424,1.2373,9.2893,,,,,
Mazama,1,109, cls_5 ,1.2165,95.85,3.3056,2.552,,,,,
Mazama,1,112, cls_5 ,1.0975,71.4424,6.2193,0.4083,,,,,
Mazama,1,113, cls_5 ,1.1454,90.3682,1.7658,1.4291,,,,,
Mazama,1,114, cls_5 ,1.0909,1129.1512,0.0329,0.2042,,,,,
Mazama,1,121, cls_5 ,1.1519,90.3682,5.9993,0.9187,,,,,
Mazama,1,124, cls_5 ,1,71.4424,2.2316,0.1021,,,,,
Mazama,1,128, cls_5 ,1.0914,71.4424,3.06,0.3062,,,,,
Mazama,1,133, cls_5 ,1.0688,71.4424,5.6264,0.5104,,,,,
Mazama,1,134, cls_5 ,1.1835,101.0348,1.5657,4.1853,,,,,
Mazama,1,137, cls_5 ,1.179,63.9,30.8724,2.2458,,,,,
Mazama,1,138, cls_5 ,1.168,63.9,6.0077,2.6541,,,,,
Mazama,1,139, cls_5 ,1.1941,90.3682,0.9931,1.8374,,,,,
Mazama,1,144, cls_5 ,1.0819,63.9,1.5683,0.6125,,,,,
Mazama,1,145, cls_5 ,1.105,63.9,3.402,0.5104,,,,,
Mazama,1,148, cls_5 ,1,71.4424,2.205,0.1021,,,,,
Mazama,1,149, cls_5 ,1.0155,63.9,2.1565,0.2042,,,,,
Mazama,1,151, cls_5 ,1,63.9,3.0947,0.1021,,,,,
Mazama,1,155, cls_5 ,1,71.4424,1.4081,0.1021,,,,,
Mazama,1,156, cls_5 ,1.1125,63.9,2.3467,0.6125,,,,,
Mazama,1,159, cls_5 ,1.0358,63.9,5.8271,0.3062,,,,,
Mazama,1,162, cls_5 ,1.123,95.85,2.9325,1.9395,,,,,
Mazama,1,164, cls_5 ,1.0975,95.85,3.1553,0.4083,,,,,
Mazama,1,169, cls_5 ,1.1271,95.85,2.8216,1.1229,,,,,
Mazama,1,176, cls_5 ,1,71.4424,3.3815,0.1021,,,,,
Mazama,1,179, cls_5 ,1.1641,71.4424,1.6896,1.225,,,,,
Mazama,1,183, cls_5 ,1.1854,71.4424,2.9156,2.4499,,,,,
Mazama,1,197, cls_5 ,1.0537,71.4424,2.805,0.4083,,,,,
Mazama,1,212, cls_5 ,1.0358,71.4424,0.9569,0.3062,,,,,
Mazama,1,215, cls_5 ,1.1271,71.4424,5.2018,1.1229,,,,,
Mazama,1,216, cls_5 ,1,71.4424,2.0389,0.1021,,,,,
Mazama,1,218, cls_5 ,1.0509,4174.2158,0.021,1.0208,,,,,
Mazama,1,307, cls_5 ,1.0473,2641.6294,0.0635,0.8166,,,,,
Mazama,1,400, cls_5 ,1.0473,3358.5514,0.0368,0.8166,,,,,
Mazama,1,501, cls_5 ,1.0706,2076.9958,0.0135,2.4499,,,,,
Mazama,1,658, cls_5 ,1.0465,1287.9457,0.023,0.6125,,,,,
Mazama,1,673, cls_5 ,1.0283,1073.539,0.0249,0.7146,,,,,
Mazama,1,674, cls_5 ,1.0932,1287.9457,0.0206,0.7146,,,,,
Mazama,1,726, cls_5 ,1.0155,63.9,1.5244,0.2042,,,,,
Mazama,1,739, cls_5 ,1.0819,63.9,0.5238,0.6125,,,,,
Mazama,1,790, cls_5 ,1.0537,1152.4166,0.0298,0.4083,,,,,
Mazama,1,875, cls_5 ,1.0932,683.7599,0.0379,0.7146,,,,,
Mazama,1,972, cls_5 ,1.105,683.7599,0.0465,0.5104,,,,,
Mazama,1,1022, cls_5 ,1.0975,3029.8642,0.0288,0.4083,,,,,
Mazama,1,1067, cls_5 ,1.0338,1175.6558,0.0332,0.9187,,,,,
Mazama,1,1080, cls_5 ,1.1226,1081.1193,0.0436,1.7354,,,,,
Mazama,1,1136, cls_5 ,1.0465,1081.1193,0.0594,0.6125,,,,,
Mazama,1,1321, cls_5 ,1.0631,1313.452,0.0684,0.7146,,,,,
Mazama,1,1322, cls_5 ,1.079,1956.0081,0.032,4.3895,,,,,
Mazama,1,1396, cls_5 ,1.0473,1956.0081,0.1994,0.8166,,,,,
Mazama,1,1397, cls_5 ,1.1265,926.55,0.1841,0.8166,,,,,
Mazama,1,1404, cls_5 ,1.2722,63.9,17.6485,54.5109,,,,,
Mazama,1,1409, cls_5 ,1.0688,63.9,133.5999,0.5104,,,,,
Mazama,1,1411, cls_5 ,1.0155,1085.3599,0.0976,0.2042,,,,,
Mazama,1,1428, cls_5 ,1.1207,115.1974,41.1168,4.3895,,,,,
Mazama,1,1444, cls_5 ,1.2294,63.9,10.7216,5.6144,,,,,
Mazama,1,1450, cls_5 ,1.2397,63.9,7.5099,5.6144,,,,,
Mazama,1,1451, cls_5 ,1.0805,63.9,18.0209,1.4291,,,,,
Mazama,1,1459, cls_5 ,1.1663,142.8847,0.6591,2.1437,,,,,
Mazama,1,1465, cls_5 ,1.1154,63.9,4.7927,1.6333,,,,,
Mazama,1,1480, cls_5 ,1,95.85,3.2013,0.1021,,,,,
Mazama,1,1484, cls_5 ,1,63.9,14.0615,0.1021,,,,,
Mazama,1,1487, cls_5 ,1,63.9,133.5739,0.1021,,,,,
Mazama,1,1490, cls_5 ,1.1536,460.7895,0.6466,4.1853,,,,,
Mazama,1,1501, cls_5 ,1.0903,71.4424,20.5435,2.0416,,,,,
Mazama,1,1503, cls_5 ,1.1796,71.4424,7.6481,10.4122,,,,,
Mazama,1,1507, cls_5 ,1,95.85,12.2674,0.1021,,,,,
Mazama,1,1514, cls_5 ,1.1986,63.9,134.3784,5.2061,,,,,
Mazama,1,1516, cls_5 ,1.1468,142.8847,5.1622,7.1456,,,,,
Mazama,1,1518, cls_5 ,1.1477,71.4424,3.9747,0.8166,,,,,
Mazama,1,1521, cls_5 ,1.0155,63.9,16.362,0.2042,,,,,
Mazama,1,2, cls_3 ,1.3488,63.9,1018.1308,35217.4821,,,,,
Mazama,1,4, cls_3 ,1,71.4424,68999.9398,0.1021,,,,,
Mazama,1,7, cls_3 ,1.1369,63.9,86249.6898,0.3062,,,,,
Mazama,1,77, cls_3 ,1.1017,127.8,21562.7544,2.3478,,,,,
Mazama,1,106, cls_3 ,1,63.9,86249.6204,0.1021,,,,,
Mazama,1,123, cls_3 ,1.1232,63.9,86249.8173,4.2874,,,,,
Mazama,1,188, cls_3 ,1.0764,63.9,86249.5717,1.0208,,,,,
Mazama,1,201, cls_3 ,1.0889,95.85,38333.3875,0.9187,,,,,
Mazama,1,210, cls_3 ,1.1358,63.9,86254.9624,93.6076,,,,,
Mazama,1,236, cls_3 ,1.0764,71.4424,69183.6372,1.0208,,,,,
Mazama,1,243, cls_3 ,1.1554,115.1974,26538.3386,1.6333,,,,,
Mazama,1,253, cls_3 ,1.0509,63.9,86249.832,1.0208,,,,,
Mazama,1,259, cls_3 ,1.0688,63.9,86249.8671,0.5104,,,,,
Mazama,1,298, cls_3 ,1.1805,63.9,86266.4529,40.1175,,,,,
Mazama,1,302, cls_3 ,1.0769,127.8,21562.8135,0.8166,,,,,
Mazama,1,314, cls_3 ,1.1742,159.75,13801.1922,22.5597,,,,,
Mazama,1,322, cls_3 ,1.0764,71.4424,68999.9178,7.8602,,,,,
Mazama,1,325, cls_3 ,1,71.4424,69000.0735,0.1021,,,,,
Mazama,1,327, cls_3 ,1.0657,71.4424,34581.7276,1.6333,,,,,
Mazama,1,329, cls_3 ,1.0631,131.7332,7066.2067,0.7146,,,,,
Mazama,1,334, cls_3 ,1.0809,180.7365,10809.088,1.9395,,,,,
Mazama,1,339, cls_3 ,1.063,172.056,11897.1814,0.9187,,,,,
Mazama,1,341, cls_3 ,1.077,63.9,86250.8324,4.8999,,,,,
Mazama,1,343, cls_3 ,1.1443,142.8847,17255.3216,1.1229,,,,,
Mazama,1,345, cls_3 ,1.1325,71.4424,69044.8695,5.104,,,,,
Mazama,1,353, cls_3 ,1.1017,95.85,38350.7005,2.3478,,,,,
Mazama,1,358, cls_3 ,1.1418,95.85,38334.933,2.6541,,,,,
Mazama,1,359, cls_3 ,1.0509,135.5524,19169.8699,2.9603,,,,,
Mazama,1,366, cls_3 ,1,63.9,86250.2813,0.4083,,,,,
Mazama,1,381, cls_3 ,1.11,172.056,11897.1383,30.3178,,,,,
Mazama,1,395, cls_3 ,1.0987,95.85,38333.6389,106.2655,,,,,
Mazama,1,397, cls_3 ,1.1441,71.4424,69001.3798,3.777,,,,,
Mazama,1,409, cls_3 ,1.1275,63.9,86252.3286,7.8602,,,,,
Mazama,1,413, cls_3 ,1.0688,63.9,86250.9476,0.5104,,,,,
Mazama,1,416, cls_3 ,1.0909,71.4424,68999.9921,0.2042,,,,,
Mazama,1,443, cls_3 ,1.1395,63.9,86250.6753,0.6125,,,,,
Mazama,1,451, cls_3 ,1.0358,63.9,86250.2721,0.3062,,,,,
Mazama,1,467, cls_3 ,1.0261,63.9,43137.6687,0.5104,,,,,
Mazama,1,472, cls_3 ,1.0358,71.4424,3004.2182,0.3062,,,,,
Mazama,1,476, cls_3 ,1.1246,63.9,11906.1502,3.3686,,,,,
Mazama,1,477, cls_3 ,1.1815,71.4424,4321.442,13.7808,,,,,
Mazama,1,481, cls_3 ,1.1966,63.9,10157.7642,121.8838,,,,,
Mazama,1,482, cls_3 ,1.0475,131.7332,9593.0061,3.0624,,,,,
Mazama,1,484, cls_3 ,1.0663,131.7332,7066.5422,2.552,,,,,
Mazama,1,488, cls_3 ,1.148,115.1974,26538.7966,5.8186,,,,,
Mazama,1,507, cls_3 ,1.0721,127.8,21563.7988,3.4707,,,,,
Mazama,1,519, cls_3 ,1.0691,63.9,86250.515,5.3082,,,,,
Mazama,1,546, cls_3 ,1.1075,127.8,21562.654,7.3498,,,,,
Mazama,1,553, cls_3 ,1.0465,63.9,764.2399,0.6125,,,,,
Mazama,1,555, cls_3 ,1.12,232.5995,3558.2242,5.4103,,,,,
Mazama,1,558, cls_3 ,1.0982,71.4424,69000.4926,4.6957,,,,,
Mazama,1,560, cls_3 ,1.1901,95.85,38358.7764,22.9681,,,,,
Mazama,1,562, cls_3 ,1.0869,63.9,86250.8766,1.8374,,,,,
Mazama,1,563, cls_3 ,1.0764,71.4424,13272.0683,1.0208,,,,,
Mazama,1,565, cls_3 ,1.0465,90.3682,356.9079,0.6125,,,,,
Mazama,1,567, cls_3 ,1.0467,214.3271,5949.9286,1.327,,,,,
Mazama,1,569, cls_3 ,1.078,90.3682,43124.8959,1.225,,,,,
Mazama,1,573, cls_3 ,1.0358,71.4424,13273.305,0.3062,,,,,
Mazama,1,578, cls_3 ,1.0651,101.0348,34500.8981,2.2458,,,,,
Mazama,1,583, cls_3 ,1.0961,194.3443,410.3198,12.5559,,,,,
Mazama,1,588, cls_3 ,1.063,191.7,9584.9427,0.9187,,,,,
Mazama,1,596, cls_3 ,1.0909,63.9,527.8143,0.2042,,,,,
Mazama,1,600, cls_3 ,1,63.9,86250.0839,0.1021,,,,,
Mazama,1,616, cls_3 ,1.0261,90.3682,43125.552,0.5104,,,,,
Mazama,1,620, cls_3 ,1.0338,95.85,975.0424,0.9187,,,,,
Mazama,1,631, cls_3 ,1.1553,63.9,86257.5876,3.879,,,,,
Mazama,1,644, cls_3 ,1.0972,63.9,86250.1901,3.6749,,,,,
Mazama,1,653, cls_3 ,1.1073,383.4,441.4852,1.327,,,,,
Mazama,1,662, cls_3 ,1.0836,225.9206,3455.1432,1.6333,,,,,
Mazama,1,671, cls_3 ,1.063,127.8,21563.8109,0.9187,,,,,
Mazama,1,672, cls_3 ,1.1738,115.1974,3434.3417,13.7808,,,,,
Mazama,1,677, cls_3 ,1.0932,101.0348,34501.6896,0.7146,,,,,
Mazama,1,693, cls_3 ,1.0465,95.85,38334.3761,0.6125,,,,,
Mazama,1,708, cls_3 ,1.085,159.75,13800.6666,2.1437,,,,,
Mazama,1,713, cls_3 ,1,95.85,21563.6558,0.1021,,,,,
Mazama,1,716, cls_3 ,1,63.9,8418.0338,0.1021,,,,,
Mazama,1,720, cls_3 ,1.0764,95.85,34500.0778,1.0208,,,,,
Mazama,1,722, cls_3 ,1.0465,63.9,26540.6333,0.6125,,,,,
Mazama,1,723, cls_3 ,1.0924,63.9,69002,2.8582,,,,,
Mazama,1,736, cls_3 ,1.0914,63.9,86250.2453,0.3062,,,,,
Mazama,1,737, cls_3 ,1.0465,90.3682,43125.3448,0.6125,,,,,
Mazama,1,748, cls_3 ,1.0932,63.9,21570.0827,0.7146,,,,,
Mazama,1,753, cls_3 ,1,90.3682,43125.4637,0.1021,,,,,
Mazama,1,754, cls_3 ,1,71.4424,69000.3641,0.1021,,,,,
Mazama,1,756, cls_3 ,1.1395,71.4424,68999.6562,0.6125,,,,,
Mazama,1,764, cls_3 ,1.0572,95.85,38334.2759,8.9831,,,,,
Mazama,1,766, cls_3 ,1.0509,63.9,86250.6771,4.2874,,,,,
Mazama,1,769, cls_3 ,1.1372,63.9,86250.2309,1.5312,,,,,
Mazama,1,770, cls_3 ,1.1495,71.4424,69002.5102,1.225,,,,,
Mazama,1,771, cls_3 ,1.171,95.85,38333.4328,1.7354,,,,,
Mazama,1,774, cls_3 ,1.1554,131.7332,20294.5259,2.552,,,,,
Mazama,1,776, cls_3 ,1.0283,71.4424,69001.7543,0.7146,,,,,
Mazama,1,780, cls_3 ,1,71.4424,69001.393,0.1021,,,,,
Mazama,1,785, cls_3 ,1.0769,63.9,86255.5523,0.8166,,,,,
Mazama,1,800, cls_3 ,1.022,101.0348,34500.9193,1.0208,,,,,
Mazama,1,806, cls_3 ,1.0272,63.9,86250.2644,2.3478,,,,,
Mazama,1,811, cls_3 ,1.1265,162.9137,3558.2354,0.8166,,,,,
Mazama,1,849, cls_3 ,1.1167,63.9,86258.5017,1.225,,,,,
Mazama,1,851, cls_3 ,1.0689,162.9137,9584.018,1.327,,,,,
Mazama,1,854, cls_3 ,1.1649,159.75,5949.3538,0.7146,,,,,
Mazama,1,865, cls_3 ,1.1893,63.9,9329.2353,7.3498,,,,,
Mazama,1,866, cls_3 ,1.0987,63.9,86250.3969,1.4291,,,,,
Mazama,1,867, cls_3 ,1,63.9,86249.7171,0.1021,,,,,
Mazama,1,881, cls_3 ,1.105,63.9,17269.3664,0.5104,,,,,
Mazama,1,882, cls_3 ,1.0819,71.4424,26540.8353,0.6125,,,,,
Mazama,1,883, cls_3 ,1.1197,63.9,86250.8917,0.7146,,,,,
Mazama,1,885, cls_3 ,1.0932,159.75,5308.7784,0.7146,,,,,
Mazama,1,892, cls_3 ,1.0537,90.3682,21565.4542,0.4083,,,,,
Mazama,1,894, cls_3 ,1.0909,90.3682,10783.2011,1.5312,,,,,
Mazama,1,896, cls_3 ,1.0358,71.4424,68999.8724,0.3062,,,,,
Mazama,1,897, cls_3 ,1.0993,232.5995,1478.6979,1.0208,,,,,
Mazama,1,898, cls_3 ,1.1204,63.9,86250.9831,2.4499,,,,,
Mazama,1,899, cls_3 ,1.0819,63.9,26543.0785,0.6125,,,,,
Mazama,1,903, cls_3 ,1,95.85,5310.5558,0.1021,,,,,
Mazama,1,904, cls_3 ,1.0537,71.4424,68999.7805,0.4083,,,,,
Mazama,1,906, cls_3 ,1.0914,63.9,86249.9576,0.3062,,,,,
Mazama,1,919, cls_3 ,1.1543,63.9,17255.3814,1.327,,,,,
Mazama,1,920, cls_3 ,1.1001,101.0348,6902.5688,1.6333,,,,,
Mazama,1,922, cls_3 ,1.1125,95.85,3453.5072,0.6125,,,,,
Mazama,1,923, cls_3 ,1.0932,63.9,6907.9677,0.7146,,,,,
Mazama,1,925, cls_3 ,1.1305,71.4424,68999.6771,9.5955,,,,,
Mazama,1,930, cls_3 ,1.1642,63.9,69004.7051,1.8374,,,,,
Mazama,1,936, cls_3 ,1,159.75,3835.1361,0.1021,,,,,
Mazama,1,937, cls_3 ,1.0509,95.85,38333.4354,1.0208,,,,,
Mazama,1,939, cls_3 ,1.1554,186.2989,5657.9057,1.6333,,,,,
Mazama,1,941, cls_3 ,1.165,63.9,3420.9537,2.3478,,,,,
Mazama,1,942, cls_3 ,1.0338,303.1043,1726.908,0.9187,,,,,
Mazama,1,943, cls_3 ,1.1346,115.1974,2044.1405,0.4083,,,,,
Mazama,1,944, cls_3 ,1.0688,225.9206,3839.51,0.5104,,,,,
Mazama,1,949, cls_3 ,1,63.9,86250.1983,0.1021,,,,,
Mazama,1,950, cls_3 ,1.1334,63.9,69003.039,27.0513,,,,,
Mazama,1,951, cls_3 ,1.0909,71.4424,1433.697,0.2042,,,,,
Mazama,1,952, cls_3 ,1.0465,63.9,69001.2024,0.6125,,,,,
Mazama,1,955, cls_3 ,1.2018,101.0348,5310.6658,1.1229,,,,,
Mazama,1,963, cls_3 ,1.1265,243.324,1414.3555,0.8166,,,,,
Mazama,1,968, cls_3 ,1.0465,63.9,69001.2504,0.6125,,,,,
Mazama,1,974, cls_3 ,1.1125,71.4424,68999.939,0.6125,,,,,
Mazama,1,978, cls_3 ,1.0155,63.9,3564.2943,0.2042,,,,,
Mazama,1,979, cls_3 ,1.1362,63.9,2981.1644,0.5104,,,,,
Mazama,1,983, cls_3 ,1.0402,63.9,6906.9076,1.1229,,,,,
Mazama,1,986, cls_3 ,1.0537,63.9,6015.4905,0.4083,,,,,
Mazama,1,989, cls_3 ,1.1125,90.3682,26541.7752,0.6125,,,,,
Mazama,1,990, cls_3 ,1.1388,101.0348,3453.5693,1.0208,,,,,
Mazama,1,991, cls_3 ,1.112,255.6,5391.2974,0.9187,,,,,
Mazama,1,993, cls_3 ,1.0547,63.9,86249.6336,3.6749,,,,,
Mazama,1,994, cls_3 ,1.0799,71.4424,20297.9343,2.2458,,,,,
Mazama,1,1000, cls_3 ,1.0909,159.75,13800.4896,0.2042,,,,,
Mazama,1,1005, cls_3 ,1.1167,180.7365,5077.681,1.225,,,,,
Mazama,1,1017, cls_3 ,1.1001,63.9,86251.1326,1.6333,,,,,
Mazama,1,1019, cls_3 ,1.096,63.9,86249.6428,1.9395,,,,,
Mazama,1,1031, cls_3 ,1.1125,71.4424,69026.6214,0.6125,,,,,
Mazama,1,1032, cls_3 ,1.0975,63.9,86254.7412,0.4083,,,,,
Mazama,1,1033, cls_3 ,1.1395,159.75,13800.6489,0.6125,,,,,
Mazama,1,1046, cls_3 ,1.0819,71.4424,69003.3254,0.6125,,,,,
Mazama,1,1054, cls_3 ,1,63.9,86249.6806,0.1021,,,,,
Mazama,1,1057, cls_3 ,1.1638,95.85,38334.0641,0.5104,,,,,
Mazama,1,1066, cls_3 ,1.063,71.4424,68999.955,0.9187,,,,,
Mazama,1,1073, cls_3 ,1.1609,63.9,86249.9854,4.3895,,,,,
Mazama,1,1094, cls_3 ,1,63.9,86249.888,0.1021,,,,,
Mazama,1,1097, cls_3 ,1.0734,71.4424,26539.9284,3.0624,,,,,
Mazama,1,1098, cls_3 ,1.0155,63.9,10154.4188,0.2042,,,,,
Mazama,1,1101, cls_3 ,1.0914,63.9,5314.8214,0.3062,,,,,
Mazama,1,1107, cls_3 ,1.1035,115.1974,26538.3791,2.8582,,,,,
Mazama,1,1109, cls_3 ,1,90.3682,43128.4421,0.1021,,,,,
Mazama,1,1118, cls_3 ,1.0988,63.9,86249.9481,2.1437,,,,,
Mazama,1,1134, cls_3 ,1.1638,90.3682,43124.8488,0.5104,,,,,
Mazama,1,1163, cls_3 ,1.1402,71.4424,68999.9252,4.1853,,,,,
Mazama,1,1166, cls_3 ,1.0155,63.9,86249.6242,0.2042,,,,,
Mazama,1,1168, cls_3 ,1.0688,63.9,43127.3578,0.5104,,,,,
Mazama,1,1170, cls_3 ,1.063,63.9,6510.9675,0.9187,,,,,
Mazama,1,1181, cls_3 ,1.105,95.85,38333.2117,0.5104,,,,,
Mazama,1,1205, cls_3 ,1.0701,63.9,86249.6278,2.1437,,,,,
Mazama,1,1238, cls_3 ,1.0752,90.3682,43125.2503,2.3478,,,,,
Mazama,1,1242, cls_3 ,1.0155,63.9,86252.6193,0.2042,,,,,
Mazama,1,1283, cls_3 ,1.0465,63.9,86249.7146,0.6125,,,,,
Mazama,1,1290, cls_3 ,1.0982,63.9,86249.5818,1.225,,,,,
Mazama,1,1292, cls_3 ,1.0155,71.4424,68999.8092,0.2042,,,,,
Mazama,1,1310, cls_3 ,1.0926,63.9,86249.5997,2.552,,,,,
Mazama,1,1317, cls_3 ,1.0689,101.0348,34500.9105,1.327,,,,,
Mazama,1,1335, cls_3 ,1.0592,90.3682,3881.2508,2.0416,,,,,
Mazama,1,1339, cls_3 ,1.0473,90.3682,43124.91,0.8166,,,,,
Mazama,1,1344, cls_3 ,1.0395,63.9,6662.5927,1.7354,,,,,
Mazama,1,1355, cls_3 ,1,71.4424,68999.6677,0.1021,,,,,
Mazama,1,1359, cls_3 ,1.0635,63.9,34504.8093,10.3101,,,,,
Mazama,1,1386, cls_3 ,1.0688,71.4424,68999.6555,0.5104,,,,,
Mazama,1,1413, cls_3 ,1.0556,71.4424,43125.6241,1.225,,,,,
Mazama,1,1415, cls_3 ,1.0909,71.4424,69000.1172,0.2042,,,,,
Mazama,1,1419, cls_3 ,1.0998,63.9,86250.4854,7.0435,,,,,
Mazama,1,1421, cls_3 ,1,71.4424,20297.1443,0.1021,,,,,
Mazama,1,1434, cls_3 ,1.1855,101.0348,8632.1265,0.6125,,,,,
Mazama,1,1440, cls_3 ,1.0473,95.85,38337.3931,0.8166,,,,,
Mazama,1,1441, cls_3 ,1.1075,71.4424,69003.549,1.5312,,,,,
Mazama,1,1449, cls_3 ,1.0597,71.4424,69002.6448,6.9415,,,,,
Mazama,1,1462, cls_3 ,1.0968,172.056,11897.6153,14.9037,,,,,
Mazama,1,1472, cls_3 ,1.1051,63.9,43128.4133,4.3895,,,,,
Mazama,1,1474, cls_3 ,1,71.4424,68999.9377,0.1021,,,,,
Mazama,1,1475, cls_3 ,1,71.4424,17250.3001,0.1021,,,,,
Mazama,1,1476, cls_3 ,1.0261,71.4424,68999.7101,0.5104,,,,,
Mazama,1,1477, cls_3 ,1,90.3682,43124.8296,0.1021,,,,,
Mazama,1,1481, cls_3 ,1.0874,127.8,2372.4822,3.6749,,,,,
Mazama,1,1483, cls_3 ,1,127.8,1419.8056,0.1021,,,,,
Mazama,1,1485, cls_3 ,1.1125,63.9,3534.2947,0.6125,,,,,
Mazama,1,1491, cls_3 ,1.1845,272.9809,1908.8159,0.7146,,,,,
Mazama,1,1492, cls_3 ,1.1842,135.5524,5311.3655,9.0851,,,,,
Mazama,1,1493, cls_3 ,1,63.9,86249.5818,0.1021,,,,,
Mazama,1,1494, cls_3 ,1.1073,71.4424,7046.2334,1.327,,,,,
Mazama,1,1496, cls_3 ,1.0283,63.9,86250.4451,0.7146,,,,,
Mazama,1,1498, cls_3 ,1.053,71.4424,43128.8177,1.5312,,,,,
Mazama,1,1504, cls_3 ,1.0338,63.9,86251.0369,0.9187,,,,,
Mazama,1,1506, cls_3 ,1.0987,90.3682,43128.7877,1.4291,,,,,
Mazama,1,1510, cls_3 ,1.053,71.4424,68999.7954,7.4519,,,,,
Mazama,1,1511, cls_3 ,1.0155,63.9,86250.2663,0.2042,,,,,
Mazama,1,1520, cls_3 ,1,63.9,86249.5888,0.1021,,,,,
Mazama,1,1523, cls_3 ,1,63.9,86249.7774,0.1021,,,,,
Mazama,1,1524, cls_3 ,1,71.4424,34500.0782,0.1021,,,,,
Mazama,1,5, cls_1 ,1.1477,639,4.828,0.8166,,1.089545287,132.7689668,209.7607275,12.66323503
Mazama,1,8, cls_1 ,1.0358,101.0348,1.6047,0.3062,,,,,
Mazama,1,10, cls_1 ,1.0537,101.0348,1.5625,0.4083,,,,,
Mazama,1,12, cls_1 ,1.171,172.056,4.8415,1.7354,,,,,
Mazama,1,13, cls_1 ,1.0769,443.8636,11.1398,0.8166,,,,,
Mazama,1,15, cls_1 ,1.0914,172.056,5.9577,0.3062,,,,,
Mazama,1,16, cls_1 ,1.0764,294.5644,22.2868,1.0208,,,,,
Mazama,1,17, cls_1 ,1.0993,204.5798,6.2173,1.0208,,,,,
Mazama,1,18, cls_1 ,1.2491,63.9,501.5366,159.3473,,,,,
Mazama,1,19, cls_1 ,1.153,159.75,2.893,6.1248,,,,,
Mazama,1,22, cls_1 ,1.0654,225.9206,36.1362,1.1229,,,,,
Mazama,1,25, cls_1 ,1.0937,202.0695,45.8203,2.2458,,,,,
Mazama,1,28, cls_1 ,1.0769,95.85,59.7288,0.8166,,,,,
Mazama,1,29, cls_1 ,1.0473,159.75,5.4825,0.8166,,,,,
Mazama,1,31, cls_1 ,1.022,95.85,98.1066,1.0208,,,,,
Mazama,1,34, cls_1 ,1.1429,101.0348,27.207,1.6333,,,,,
Mazama,1,37, cls_1 ,1.0402,194.3443,9.8158,1.1229,,,,,
Mazama,1,38, cls_1 ,1,63.9,396.897,0.1021,,,,,
Mazama,1,39, cls_1 ,1.0465,345.5921,11.9334,0.6125,,,,,
Mazama,1,40, cls_1 ,1.0936,63.9,400.2349,8.9831,,,,,
Mazama,1,42, cls_1 ,1.1251,95.85,30.1846,2.3478,,,,,
Mazama,1,43, cls_1 ,1.1191,63.9,30.6795,8.9831,,,,,
Mazama,1,46, cls_1 ,1.0473,63.9,33.0529,0.8166,,,,,
Mazama,1,49, cls_1 ,1.1438,63.9,18.9356,23.5805,,,,,
Mazama,1,50, cls_1 ,1.0688,301.4157,18.9041,0.5104,,,,,
Mazama,1,51, cls_1 ,1.0769,95.85,38.7597,0.8166,,,,,
Mazama,1,52, cls_1 ,1.147,95.85,54.2359,4.1853,,,,,
Mazama,1,55, cls_1 ,1.0592,71.4424,6.4704,43.9966,,,,,
Mazama,1,56, cls_1 ,1.0975,191.7,10.2394,0.4083,,,,,
Mazama,1,62, cls_1 ,1.0971,232.5995,45.4191,2.4499,,,,,
Mazama,1,63, cls_1 ,1.0465,142.8847,18.3872,0.6125,,,,,
Mazama,1,64, cls_1 ,1,95.85,110.9286,0.4083,,,,,
Mazama,1,65, cls_1 ,1.0909,95.85,26.0785,0.2042,,,,,
Mazama,1,66, cls_1 ,1.0728,162.9137,54.9945,1.5312,,,,,
Mazama,1,71, cls_1 ,1.0769,159.75,20.0485,0.8166,,,,,
Mazama,1,72, cls_1 ,1.1319,90.3682,74.2021,12.9642,,,,,
Mazama,1,74, cls_1 ,1.1537,71.4424,49.2859,4.6957,,,,,
Mazama,1,75, cls_1 ,1.078,159.75,18.4721,1.225,,,,,
Mazama,1,76, cls_1 ,1.0261,287.55,15.2398,0.5104,,,,,
Mazama,1,78, cls_1 ,1.1283,90.3682,90.3023,8.9831,,,,,
Mazama,1,79, cls_1 ,1.2068,63.9,46.4676,13.7808,,,,,
Mazama,1,80, cls_1 ,1.0799,274.8443,6.8777,2.552,,,,,
Mazama,1,83, cls_1 ,1,101.0348,22.8333,0.1021,,,,,
Mazama,1,84, cls_1 ,1.0358,63.9,584.5071,0.3062,,,,,
Mazama,1,85, cls_1 ,1.159,95.85,969.0374,48.8964,,,,,
Mazama,1,86, cls_1 ,1.059,63.9,81.3172,1.7354,,,,,
Mazama,1,87, cls_1 ,1.0998,101.0348,353.8157,2.9603,,,,,
Mazama,1,89, cls_1 ,1.1226,63.9,44.7101,1.7354,,,,,
Mazama,1,90, cls_1 ,1.0631,101.0348,19.4611,0.7146,,,,,
Mazama,1,91, cls_1 ,1.2149,71.4424,3381.6723,171.9031,,,,,
Mazama,1,92, cls_1 ,1.0631,159.75,21.789,0.7146,,,,,
Mazama,1,93, cls_1 ,1.0654,255.6,2.3771,5.5123,,,,,
Mazama,1,95, cls_1 ,1.1414,90.3682,21.5764,17.2516,,,,,
Mazama,1,96, cls_1 ,1.1297,101.0348,16.8487,2.9603,,,,,
Mazama,1,98, cls_1 ,1.0631,71.4424,90.5193,0.7146,,,,,
Mazama,1,99, cls_1 ,1.1518,71.4424,73.8054,2.0416,,,,,
Mazama,1,100, cls_1 ,1.105,115.1974,33.185,0.5104,,,,,
Mazama,1,104, cls_1 ,1.0819,214.3271,61.9427,0.6125,,,,,
Mazama,1,105, cls_1 ,1.1628,71.4424,33.573,15.8224,,,,,
Mazama,1,107, cls_1 ,1.2702,63.9,2218.9073,1546.822,,,,,
Mazama,1,110, cls_1 ,1.1124,95.85,104.7907,3.777,,,,,
Mazama,1,111, cls_1 ,1.0473,186.2989,3.4498,0.8166,,,,,
Mazama,1,115, cls_1 ,1,71.4424,99.7757,0.1021,,,,,
Mazama,1,116, cls_1 ,1.116,71.4424,52.9635,1.8374,,,,,
Mazama,1,117, cls_1 ,1.1187,71.4424,9.1871,48.6923,,,,,
Mazama,1,118, cls_1 ,1.0894,159.75,14.7447,3.2666,,,,,
Mazama,1,119, cls_1 ,1.1398,186.2989,3.1867,1.327,,,,,
Mazama,1,120, cls_1 ,1.0844,131.7332,21.9728,2.7562,,,,,
Mazama,1,122, cls_1 ,1.1257,90.3682,326.8284,4.7978,,,,,
Mazama,1,125, cls_1 ,1,71.4424,6.6582,0.1021,,,,,
Mazama,1,126, cls_1 ,1.0932,90.3682,166.1842,0.7146,,,,,
Mazama,1,127, cls_1 ,1.105,131.7332,9.4117,0.5104,,,,,
Mazama,1,129, cls_1 ,1.0509,186.2989,44.4795,1.0208,,,,,
Mazama,1,130, cls_1 ,1.0283,465.199,5.5374,0.7146,,,,,
Mazama,1,131, cls_1 ,1.0631,71.4424,6.0761,0.7146,,,,,
Mazama,1,135, cls_1 ,1.0764,214.3271,11.0462,1.0208,,,,,
Mazama,1,136, cls_1 ,1.1498,71.4424,326.288,5.7165,,,,,
Mazama,1,140, cls_1 ,1.105,131.7332,6.4456,0.5104,,,,,
Mazama,1,141, cls_1 ,1.0728,131.7332,25.4879,1.5312,,,,,
Mazama,1,142, cls_1 ,1.0543,95.85,1745.137,7.9623,,,,,
Mazama,1,143, cls_1 ,1.0465,90.3682,28.7263,0.6125,,,,,
Mazama,1,146, cls_1 ,1.073,204.5798,15.5926,15.4141,,,,,
Mazama,1,147, cls_1 ,1.0022,131.7332,11.179,1.225,,,,,
Mazama,1,150, cls_1 ,1.0631,225.9206,6.5628,0.7146,,,,,
Mazama,1,152, cls_1 ,1.0663,63.9,56.639,2.552,,,,,
Mazama,1,153, cls_1 ,1.1765,63.9,269.0881,12.0455,,,,,
Mazama,1,157, cls_1 ,1.0654,225.9206,7.6464,1.1229,,,,,
Mazama,1,158, cls_1 ,1.1362,230.3947,7.0726,0.5104,,,,,
Mazama,1,160, cls_1 ,1,63.9,66.1762,0.1021,,,,,
Mazama,1,161, cls_1 ,1.0993,63.9,3806.8337,1.0208,,,,,
Mazama,1,163, cls_1 ,1.1395,867.9587,2.9141,0.6125,,,,,
Mazama,1,166, cls_1 ,1.105,71.4424,38.5081,0.5104,,,,,
Mazama,1,167, cls_1 ,1.0467,90.3682,19.3262,1.327,,,,,
Mazama,1,168, cls_1 ,1.0909,63.9,29.4867,0.2042,,,,,
Mazama,1,170, cls_1 ,1.1418,127.8,22.164,2.6541,,,,,
Mazama,1,171, cls_1 ,1.2141,63.9,75.4473,15.6183,,,,,
Mazama,1,172, cls_1 ,1.088,90.3682,1226.5794,1.1229,,,,,
Mazama,1,173, cls_1 ,1,71.4424,360.8969,0.1021,,,,,
Mazama,1,174, cls_1 ,1.1415,63.9,8.692,10.9226,,,,,
Mazama,1,175, cls_1 ,1.0654,186.2989,7.7321,1.1229,,,,,
Mazama,1,177, cls_1 ,1.1398,63.9,3835.339,1.327,,,,,
Mazama,1,178, cls_1 ,1.0884,415.35,5.942,2.6541,,,,,
Mazama,1,182, cls_1 ,1.0537,63.9,7.4544,0.4083,,,,,
Mazama,1,184, cls_1 ,1.1358,186.2989,9.0646,1.7354,,,,,
Mazama,1,185, cls_1 ,1.1362,95.85,28.6971,0.5104,,,,,
Mazama,1,186, cls_1 ,1.0909,63.9,545.072,0.2042,,,,,
Mazama,1,187, cls_1 ,1.0635,90.3682,18.8413,3.3686,,,,,
Mazama,1,190, cls_1 ,1.0631,172.056,6.623,0.7146,,,,,
Mazama,1,191, cls_1 ,1.0809,101.0348,41.8061,27.0513,,,,,
Mazama,1,192, cls_1 ,1.0657,115.1974,256.6399,1.6333,,,,,
Mazama,1,193, cls_1 ,1.0509,63.9,6.2801,1.0208,,,,,
Mazama,1,194, cls_1 ,1.1454,272.9809,11.2592,1.4291,,,,,
Mazama,1,195, cls_1 ,1.1628,101.0348,16.6996,6.1248,,,,,
Mazama,1,196, cls_1 ,1.0642,127.8,167.2402,23.3764,,,,,
Mazama,1,198, cls_1 ,1.0971,642.9813,4.4859,2.4499,,,,,
Mazama,1,199, cls_1 ,1.1945,90.3682,926.8172,21.9473,,,,,
Mazama,1,200, cls_1 ,1,63.9,6.8374,0.1021,,,,,
Mazama,1,202, cls_1 ,1.0631,754.0471,3.4438,0.7146,,,,,
Mazama,1,203, cls_1 ,1.0764,339.6332,46.1339,1.0208,,,,,
Mazama,1,204, cls_1 ,1.022,63.9,6.0316,1.0208,,,,,
Mazama,1,205, cls_1 ,1.1257,71.4424,3117.7177,33.7886,,,,,
Mazama,1,206, cls_1 ,1.0509,186.2989,33.5997,1.0208,,,,,
Mazama,1,207, cls_1 ,1.0819,257.5891,9.7983,0.6125,,,,,
Mazama,1,208, cls_1 ,1.1187,63.9,49.779,2.2458,,,,,
Mazama,1,209, cls_1 ,1.0465,287.55,5.8386,0.6125,,,,,
Mazama,1,211, cls_1 ,1.1063,71.4424,27.0957,3.3686,,,,,
Mazama,1,213, cls_1 ,1.078,63.9,53.6822,1.225,,,,,
Mazama,1,214, cls_1 ,1.1328,257.5891,79.3624,0.9187,,,,,
Mazama,1,217, cls_1 ,1.0261,101.0348,25.083,0.5104,,,,,
Mazama,1,219, cls_1 ,1.0631,230.3947,11.589,0.7146,,,,,
Mazama,1,220, cls_1 ,1.0909,159.75,21.2999,0.2042,,,,,
Mazama,1,221, cls_1 ,1,71.4424,25.1805,0.1021,,,,,
Mazama,1,222, cls_1 ,1.1683,71.4424,791.7841,8.0643,,,,,
Mazama,1,223, cls_1 ,1.0335,142.8847,760.9583,1.8374,,,,,
Mazama,1,224, cls_1 ,1.1469,71.4424,8.5146,44.0987,,,,,
Mazama,1,225, cls_1 ,1.063,159.75,201.0571,0.9187,,,,,
Mazama,1,226, cls_1 ,1,71.4424,89.9902,0.1021,,,,,
Mazama,1,227, cls_1 ,1.0741,95.85,117.1961,4.1853,,,,,
Mazama,1,228, cls_1 ,1.0716,159.75,42.409,3.879,,,,,
Mazama,1,229, cls_1 ,1.1328,71.4424,24.0044,0.9187,,,,,
Mazama,1,230, cls_1 ,1.0537,404.1391,4.1894,0.4083,,,,,
Mazama,1,231, cls_1 ,1.053,225.9206,14.0059,1.5312,,,,,
Mazama,1,232, cls_1 ,1,63.9,45.0849,0.1021,,,,,
Mazama,1,233, cls_1 ,1.0473,162.9137,16.8046,0.8166,,,,,
Mazama,1,234, cls_1 ,1.2048,95.85,15.3691,102.1823,,,,,
Mazama,1,235, cls_1 ,1.0537,159.75,199.4782,0.4083,,,,,
Mazama,1,237, cls_1 ,1.0752,180.7365,6.6293,53.2859,,,,,
Mazama,1,238, cls_1 ,1.2467,63.9,3532.698,497.4371,,,,,
Mazama,1,239, cls_1 ,1.1265,255.6,80.453,0.8166,,,,,
Mazama,1,240, cls_1 ,1.0283,230.3947,15.1095,0.7146,,,,,
Mazama,1,241, cls_1 ,1.063,90.3682,62.3703,0.9187,,,,,
Mazama,1,242, cls_1 ,1.046,63.9,3798.6801,1.6333,,,,,
Mazama,1,244, cls_1 ,1.0819,71.4424,7.0893,0.6125,,,,,
Mazama,1,245, cls_1 ,1.1021,101.0348,340.4682,9.1872,,,,,
Mazama,1,246, cls_1 ,1.0338,289.3196,18.4711,0.9187,,,,,
Mazama,1,247, cls_1 ,1.0473,95.85,486.1915,0.8166,,,,,
Mazama,1,248, cls_1 ,1.0918,127.8,21.549,57.1649,,,,,
Mazama,1,249, cls_1 ,1.0927,63.9,67.388,3.1645,,,,,
Mazama,1,250, cls_1 ,1.2329,142.8847,8.349,20.0077,,,,,
Mazama,1,251, cls_1 ,1.1075,142.8847,26.2124,1.5312,,,,,
Mazama,1,252, cls_1 ,1.0155,101.0348,19.0493,0.2042,,,,,
Mazama,1,254, cls_1 ,1.0932,101.0348,1519.3319,0.7146,,,,,
Mazama,1,255, cls_1 ,1.0283,142.8847,18.1526,0.7146,,,,,
Mazama,1,256, cls_1 ,1.0932,214.3271,7.9181,0.7146,,,,,
Mazama,1,257, cls_1 ,1.1154,172.056,15.8475,1.6333,,,,,
Mazama,1,258, cls_1 ,1.151,63.9,929.9495,20.8244,,,,,
Mazama,1,260, cls_1 ,1.1454,95.85,8.1194,1.4291,,,,,
Mazama,1,261, cls_1 ,1.0155,71.4424,802.8418,0.2042,,,,,
Mazama,1,262, cls_1 ,1.0769,71.4424,11.9265,0.8166,,,,,
Mazama,1,263, cls_1 ,1.1031,191.7,19.2705,0.8166,,,,,
Mazama,1,264, cls_1 ,1.2331,63.9,340.8057,395.4589,,,,,
Mazama,1,265, cls_1 ,1.063,90.3682,15.039,0.9187,,,,,
Mazama,1,266, cls_1 ,1.1369,63.9,22.5933,0.3062,,,,,
Mazama,1,267, cls_1 ,1.079,63.9,408.0137,4.3895,,,,,
Mazama,1,268, cls_1 ,1.0465,71.4424,8.5263,0.6125,,,,,
Mazama,1,269, cls_1 ,1.0932,63.9,94.6919,0.7146,,,,,
Mazama,1,270, cls_1 ,1.1912,127.8,969.8739,32.4615,,,,,
Mazama,1,271, cls_1 ,1.0597,63.9,16.948,6.9415,,,,,
Mazama,1,272, cls_1 ,1.0283,131.7332,29.3486,0.7146,,,,,
Mazama,1,273, cls_1 ,1.0836,71.4424,6.693,1.6333,,,,,
Mazama,1,274, cls_1 ,1,63.9,24.6814,0.1021,,,,,
Mazama,1,275, cls_1 ,1.1501,63.9,63.6767,20.0077,,,,,
Mazama,1,276, cls_1 ,1.0909,159.75,615.3208,0.2042,,,,,
Mazama,1,277, cls_1 ,1.0465,384.7289,109.6544,0.6125,,,,,
Mazama,1,278, cls_1 ,1.0909,95.85,8.9786,0.2042,,,,,
Mazama,1,279, cls_1 ,1.0335,583.0328,10.3271,1.8374,,,,,
Mazama,1,280, cls_1 ,1.078,172.056,33.8663,1.225,,,,,
Mazama,1,281, cls_1 ,1.0465,191.7,33.3187,0.6125,,,,,
Mazama,1,283, cls_1 ,1.0155,135.5524,850.9031,0.2042,,,,,
Mazama,1,284, cls_1 ,1,142.8847,11.7523,0.1021,,,,,
Mazama,1,285, cls_1 ,1.21,71.4424,3579.1614,42.4654,,,,,
Mazama,1,286, cls_1 ,1.1297,63.9,308.5652,2.9603,,,,,
Mazama,1,287, cls_1 ,1.078,63.9,31.7831,1.225,,,,,
Mazama,1,288, cls_1 ,1.0769,95.85,8.5029,0.8166,,,,,
Mazama,1,289, cls_1 ,1.0537,400.3324,97.0294,0.4083,,,,,
Mazama,1,290, cls_1 ,1.0809,63.9,616.5022,1.9395,,,,,
Mazama,1,291, cls_1 ,1.0909,71.4424,72.3468,0.2042,,,,,
Mazama,1,292, cls_1 ,1.1805,63.9,283.2423,3.879,,,,,
Mazama,1,293, cls_1 ,1.1976,63.9,17.4687,27.0513,,,,,
Mazama,1,294, cls_1 ,1.1204,159.75,16.449,2.4499,,,,,
Mazama,1,295, cls_1 ,1.1398,339.6332,7.8423,1.327,,,,,
Mazama,1,296, cls_1 ,1.1172,71.4424,237.9552,2.0416,,,,,
Mazama,1,297, cls_1 ,1.0465,71.4424,783.1598,0.6125,,,,,
Mazama,1,299, cls_1 ,1.0805,127.8,12.5908,1.4291,,,,,
Mazama,1,300, cls_1 ,1.0358,63.9,67.0517,0.3062,,,,,
Mazama,1,301, cls_1 ,1.0701,429.8433,7.2276,2.1437,,,,,
Mazama,1,303, cls_1 ,1.0509,71.4424,3034.0136,1.0208,,,,,
Mazama,1,304, cls_1 ,1.0509,63.9,145.0373,1.0208,,,,,
Mazama,1,305, cls_1 ,1.0537,186.2989,448.7287,0.4083,,,,,
Mazama,1,306, cls_1 ,1.0769,71.4424,32.6445,1.7354,,,,,
Mazama,1,308, cls_1 ,1.0509,115.1974,40.7222,1.0208,,,,,
Mazama,1,309, cls_1 ,1.0261,90.3682,619.012,0.5104,,,,,
Mazama,1,310, cls_1 ,1.0473,63.9,71.1264,0.8166,,,,,
Mazama,1,311, cls_1 ,1.2108,63.9,32.0841,22.5597,,,,,
Mazama,1,312, cls_1 ,1.0537,285.7695,174.5438,0.4083,,,,,
Mazama,1,313, cls_1 ,1.0631,90.3682,1692.261,0.7146,,,,,
Mazama,1,315, cls_1 ,1.063,131.7332,202.6779,0.9187,,,,,
Mazama,1,318, cls_1 ,1.0465,225.9206,103.124,0.6125,,,,,
Mazama,1,319, cls_1 ,1.0155,63.9,107.5195,0.2042,,,,,
Mazama,1,320, cls_1 ,1.0769,71.4424,15.8516,0.8166,,,,,
Mazama,1,321, cls_1 ,1.0648,230.3947,54.412,4.5936,,,,,
Mazama,1,324, cls_1 ,1.0688,63.9,203.0482,0.5104,,,,,
Mazama,1,326, cls_1 ,1.1783,95.85,55.9271,1.6333,,,,,
Mazama,1,330, cls_1 ,1.0467,95.85,42.7415,1.327,,,,,
Mazama,1,331, cls_1 ,1.0819,142.8847,11.2598,0.6125,,,,,
Mazama,1,332, cls_1 ,1.1007,127.8,43.9661,13.6788,,,,,
Mazama,1,333, cls_1 ,1.0465,90.3682,51.8776,0.6125,,,,,
Mazama,1,335, cls_1 ,1,63.9,70.7353,0.1021,,,,,
Mazama,1,336, cls_1 ,1.2422,63.9,1464.3464,1424.5299,,,,,
Mazama,1,338, cls_1 ,1.1336,127.8,23.766,2.8582,,,,,
Mazama,1,340, cls_1 ,1.1125,71.4424,8.9602,0.6125,,,,,
Mazama,1,342, cls_1 ,1.1874,101.0348,17.2972,32.8698,,,,,
Mazama,1,344, cls_1 ,1.1983,71.4424,91.4352,2.6541,,,,,
Mazama,1,346, cls_1 ,1.0819,71.4424,2850.2964,0.6125,,,,,
Mazama,1,347, cls_1 ,1.0809,162.9137,126.1436,1.9395,,,,,
Mazama,1,348, cls_1 ,1.1125,186.2989,31.5999,0.6125,,,,,
Mazama,1,349, cls_1 ,1.0706,90.3682,631.1041,1.8374,,,,,
Mazama,1,350, cls_1 ,1.1125,388.6885,110.4052,0.6125,,,,,
Mazama,1,351, cls_1 ,1,71.4424,3036.4187,0.1021,,,,,
Mazama,1,352, cls_1 ,1.0988,71.4424,6.9657,2.1437,,,,,
Mazama,1,354, cls_1 ,1.1094,135.5524,20.4354,3.5728,,,,,
Mazama,1,355, cls_1 ,1.0951,71.4424,20.8269,11.5351,,,,,
Mazama,1,356, cls_1 ,1.0769,90.3682,7.8882,0.8166,,,,,
Mazama,1,357, cls_1 ,1.0932,127.8,21.4667,0.7146,,,,,
Mazama,1,361, cls_1 ,1.096,63.9,281.1736,4.7978,,,,,
Mazama,1,362, cls_1 ,1,63.9,3795.5647,0.1021,,,,,
Mazama,1,363, cls_1 ,1.0473,95.85,312.369,0.8166,,,,,
Mazama,1,364, cls_1 ,1.0982,135.5524,172.0144,1.225,,,,,
Mazama,1,365, cls_1 ,1.0395,71.4424,799.5606,1.7354,,,,,
Mazama,1,367, cls_1 ,1.0889,142.8847,18.4139,0.9187,,,,,
Mazama,1,369, cls_1 ,1.0537,71.4424,3039.765,0.4083,,,,,
Mazama,1,370, cls_1 ,1.0592,172.056,7.7163,2.0416,,,,,
Mazama,1,371, cls_1 ,1.0754,127.8,17.9811,2.0416,,,,,
Mazama,1,372, cls_1 ,1.0805,63.9,49.0783,1.4291,,,,,
Mazama,1,373, cls_1 ,1.1328,95.85,105.745,0.9187,,,,,
Mazama,1,374, cls_1 ,1.1013,95.85,306.8932,15.4141,,,,,
Mazama,1,375, cls_1 ,1.0338,115.1974,310.5768,0.9187,,,,,
Mazama,1,376, cls_1 ,1.1812,63.9,1105.0769,57.5733,,,,,
Mazama,1,377, cls_1 ,1.078,90.3682,144.8437,1.225,,,,,
Mazama,1,378, cls_1 ,1.1114,159.75,27.5537,5.5123,,,,,
Mazama,1,379, cls_1 ,1.2046,63.9,2369.2935,148.9351,,,,,
Mazama,1,380, cls_1 ,1.105,63.9,217.6594,0.5104,,,,,
Mazama,1,382, cls_1 ,1.1099,172.056,8.6628,1.9395,,,,,
Mazama,1,383, cls_1 ,1.0631,63.9,94.5244,0.7146,,,,,
Mazama,1,384, cls_1 ,1.244,71.4424,37.8321,32.8698,,,,,
Mazama,1,385, cls_1 ,1.0758,71.4424,38.2832,2.6541,,,,,
Mazama,1,386, cls_1 ,1.0537,159.75,7.8088,0.4083,,,,,
Mazama,1,387, cls_1 ,1.1409,90.3682,8.383,2.0416,,,,,
Mazama,1,388, cls_1 ,1.0593,186.2989,37.5052,7.5539,,,,,
Mazama,1,389, cls_1 ,1.0047,127.8,182.1867,0.6125,,,,,
Mazama,1,390, cls_1 ,1.0131,127.8,13.8843,0.8166,,,,,
Mazama,1,391, cls_1 ,1.0283,351.45,5.3045,0.7146,,,,,
Mazama,1,392, cls_1 ,1.0689,90.3682,7.7395,1.327,,,,,
Mazama,1,393, cls_1 ,1.0975,71.4424,78.0649,0.4083,,,,,
Mazama,1,394, cls_1 ,1.1305,127.8,314.2922,4.2874,,,,,
Mazama,1,396, cls_1 ,1.1331,101.0348,105.3321,4.1853,,,,,
Mazama,1,398, cls_1 ,1.1409,194.3443,10.5315,2.2458,,,,,
Mazama,1,399, cls_1 ,1.1454,90.3682,45.0952,1.4291,,,,,
Mazama,1,401, cls_1 ,1.1148,127.8,10.0209,8.0643,,,,,
Mazama,1,402, cls_1 ,1.0556,63.9,11.2929,1.225,,,,,
Mazama,1,403, cls_1 ,1.0537,63.9,15.1186,0.4083,,,,,
Mazama,1,404, cls_1 ,1.1395,127.8,351.7756,0.6125,,,,,
Mazama,1,405, cls_1 ,1.0155,63.9,3793.3305,0.2042,,,,,
Mazama,1,406, cls_1 ,1.1197,90.3682,421.2379,0.7146,,,,,
Mazama,1,407, cls_1 ,1,127.8,9.4086,0.4083,,,,,
Mazama,1,408, cls_1 ,1.0884,194.3443,7.9839,2.6541,,,,,
Mazama,1,410, cls_1 ,1.1332,90.3682,146.3935,17.762,,,,,
Mazama,1,411, cls_1 ,1.0155,71.4424,788.6297,0.2042,,,,,
Mazama,1,412, cls_1 ,1.0956,101.0348,1419.2014,7.3498,,,,,
Mazama,1,415, cls_1 ,1.0585,63.9,400.2889,5.9207,,,,,
Mazama,1,418, cls_1 ,1.0769,162.9137,12.9879,0.8166,,,,,
Mazama,1,419, cls_1 ,1.0688,63.9,99.6288,0.5104,,,,,
Mazama,1,421, cls_1 ,1.0386,159.75,18.5728,1.4291,,,,,
Mazama,1,422, cls_1 ,1.0766,289.3196,5.046,4.0832,,,,,
Mazama,1,423, cls_1 ,1.1265,95.85,1098.3194,0.8166,,,,,
Mazama,1,424, cls_1 ,1.1388,230.3947,4.9731,1.0208,,,,,
Mazama,1,425, cls_1 ,1.0243,162.9137,592.2927,1.6333,,,,,
Mazama,1,426, cls_1 ,1.0764,172.056,19.6944,1.0208,,,,,
Mazama,1,427, cls_1 ,1.1197,274.8443,12.753,0.7146,,,,,
Mazama,1,430, cls_1 ,1.1462,71.4424,26.5785,28.0721,,,,,
Mazama,1,431, cls_1 ,1.1661,127.8,375.6388,42.6695,,,,,
Mazama,1,432, cls_1 ,1.1271,63.9,57.8386,1.1229,,,,,
Mazama,1,433, cls_1 ,1.1395,180.7365,499.6915,0.6125,,,,,
Mazama,1,434, cls_1 ,1,95.85,192.1739,0.1021,,,,,
Mazama,1,435, cls_1 ,1.0924,63.9,416.2963,2.8582,,,,,
Mazama,1,437, cls_1 ,1.0857,127.8,272.6199,4.4915,,,,,
Mazama,1,438, cls_1 ,1.0358,63.9,6.8289,0.3062,,,,,
Mazama,1,439, cls_1 ,1.0688,115.1974,1080.6155,0.5104,,,,,
Mazama,1,440, cls_1 ,1.0654,101.0348,16.1577,1.1229,,,,,
Mazama,1,441, cls_1 ,1.0985,172.056,14.9101,11.1267,,,,,
Mazama,1,442, cls_1 ,1.105,71.4424,47.9712,0.5104,,,,,
Mazama,1,444, cls_1 ,1.0473,90.3682,1915.7685,0.8166,,,,,
Mazama,1,445, cls_1 ,1.096,63.9,11.6508,4.7978,,,,,
Mazama,1,446, cls_1 ,1.1386,63.9,41.3017,7.0435,,,,,
Mazama,1,447, cls_1 ,1.1066,90.3682,15.3233,3.0624,,,,,
Mazama,1,448, cls_1 ,1.1536,357.2119,4.8369,4.1853,,,,,
Mazama,1,449, cls_1 ,1.0993,63.9,5.2789,1.0208,,,,,
Mazama,1,450, cls_1 ,1.0465,71.4424,3037.6923,0.6125,,,,,
Mazama,1,452, cls_1 ,1.0155,63.9,24.6713,0.2042,,,,,
Mazama,1,453, cls_1 ,1.1557,71.4424,24.1047,2.9603,,,,,
Mazama,1,454, cls_1 ,1.0155,71.4424,2804.1654,0.2042,,,,,
Mazama,1,455, cls_1 ,1.112,95.85,154.1508,0.9187,,,,,
Mazama,1,456, cls_1 ,1.1372,63.9,249.1592,1.5312,,,,,
Mazama,1,457, cls_1 ,1.0688,63.9,10.7339,0.5104,,,,,
Mazama,1,458, cls_1 ,1.1085,95.85,244.0824,1.1229,,,,,
Mazama,1,459, cls_1 ,1.0283,115.1974,858.6479,0.7146,,,,,
Mazama,1,460, cls_1 ,1.0243,63.9,3796.4437,1.6333,,,,,
Mazama,1,461, cls_1 ,1.1444,63.9,323.2144,4.2874,,,,,
Mazama,1,462, cls_1 ,1.2072,63.9,416.7768,222.1266,,,,,
Mazama,1,463, cls_1 ,1.0465,63.9,21.6261,0.6125,,,,,
Mazama,1,464, cls_1 ,1.1903,71.4424,554.3358,2.0416,,,,,
Mazama,1,465, cls_1 ,1.0988,159.75,140.4787,23.5805,,,,,
Mazama,1,466, cls_1 ,1.105,186.2989,4.3575,0.5104,,,,,
Mazama,1,468, cls_1 ,1.1755,71.4424,12.8335,7.2477,,,,,
Mazama,1,469, cls_1 ,1.0819,194.3443,31.7087,0.6125,,,,,
Mazama,1,470, cls_1 ,1.0131,71.4424,21.0903,0.8166,,,,,
Mazama,1,471, cls_1 ,1.1434,204.5798,18.6533,0.7146,,,,,
Mazama,1,473, cls_1 ,1.0973,63.9,10.0486,5.9207,,,,,
Mazama,1,474, cls_1 ,1.1498,71.4424,1725.7862,261.3254,,,,,
Mazama,1,475, cls_1 ,1.0047,63.9,18.9094,0.6125,,,,,
Mazama,1,478, cls_1 ,1.156,71.4424,63.7634,4.5936,,,,,
Mazama,1,479, cls_1 ,1.0631,71.4424,69.3412,0.7146,,,,,
Mazama,1,480, cls_1 ,1.0319,115.1974,33.9639,2.6541,,,,,
Mazama,1,483, cls_1 ,1.1135,204.5798,44.2283,22.6618,,,,,
Mazama,1,485, cls_1 ,1.1684,115.1974,350.3848,9.2893,,,,,
Mazama,1,486, cls_1 ,1.0631,186.2989,73.0621,0.7146,,,,,
Mazama,1,487, cls_1 ,1.0987,101.0348,495.638,1.4291,,,,,
Mazama,1,489, cls_1 ,1.0261,172.056,7.7755,0.5104,,,,,
Mazama,1,490, cls_1 ,1.0819,159.75,116.2958,0.6125,,,,,
Mazama,1,491, cls_1 ,1.1099,115.1974,7.4003,8.4727,,,,,
Mazama,1,492, cls_1 ,1.1692,115.1974,97.1112,19.2932,,,,,
Mazama,1,493, cls_1 ,1.079,95.85,554.4486,4.3895,,,,,
Mazama,1,494, cls_1 ,1.0799,243.324,100.4837,2.2458,,,,,
Mazama,1,495, cls_1 ,1.0583,159.75,51.0024,2.7562,,,,,
Mazama,1,496, cls_1 ,1.0647,142.8847,177.6606,1.9395,,,,,
Mazama,1,497, cls_1 ,1.0465,159.75,85.8209,0.6125,,,,,
Mazama,1,498, cls_1 ,1.0975,63.9,26.8828,0.4083,,,,,
Mazama,1,499, cls_1 ,1.0473,159.75,171.0057,0.8166,,,,,
Mazama,1,500, cls_1 ,1.0335,63.9,208.8396,1.8374,,,,,
Mazama,1,502, cls_1 ,1.0335,63.9,459.992,1.8374,,,,,
Mazama,1,503, cls_1 ,1.0465,63.9,17.0162,0.6125,,,,,
Mazama,1,504, cls_1 ,1.0914,63.9,15.8941,0.3062,,,,,
Mazama,1,505, cls_1 ,1.0473,159.75,23.2942,0.8166,,,,,
Mazama,1,506, cls_1 ,1.1967,63.9,3497.1332,4.2874,,,,,
Mazama,1,508, cls_1 ,1.1806,95.85,1562.0446,3.6749,,,,,
Mazama,1,509, cls_1 ,1.0769,63.9,3841.8086,1.7354,,,,,
Mazama,1,510, cls_1 ,1.0769,202.0695,173.8799,0.8166,,,,,
Mazama,1,511, cls_1 ,1.063,71.4424,93.1413,0.9187,,,,,
Mazama,1,512, cls_1 ,1.0631,101.0348,16.5621,0.7146,,,,,
Mazama,1,513, cls_1 ,1.089,71.4424,54.9754,1.327,,,,,
Mazama,1,514, cls_1 ,1.0631,520.1083,5.0936,0.7146,,,,,
Mazama,1,515, cls_1 ,1.1065,71.4424,100.2376,3.6749,,,,,
Mazama,1,516, cls_1 ,1.0975,63.9,108.9981,0.4083,,,,,
Mazama,1,517, cls_1 ,1.0813,63.9,1582.2328,4.6957,,,,,
Mazama,1,518, cls_1 ,1.0131,63.9,213.1776,0.8166,,,,,
Mazama,1,520, cls_1 ,1.2317,63.9,167.9103,499.0703,,,,,
Mazama,1,521, cls_1 ,1.0465,127.8,64.4178,0.6125,,,,,
Mazama,1,522, cls_1 ,1.0261,71.4424,982.8576,0.5104,,,,,
Mazama,1,523, cls_1 ,1.0606,95.85,1754.3141,1.4291,,,,,
Mazama,1,524, cls_1 ,1,63.9,287.9135,0.1021,,,,,
Mazama,1,525, cls_1 ,1.1522,191.7,6.2956,9.7997,,,,,
Mazama,1,526, cls_1 ,1.0631,90.3682,41.3934,0.7146,,,,,
Mazama,1,527, cls_1 ,1.0465,115.1974,9.6906,0.6125,,,,,
Mazama,1,528, cls_1 ,1.0932,142.8847,59.4644,0.7146,,,,,
Mazama,1,529, cls_1 ,1.2305,63.9,3134.8344,611.2565,,,,,
Mazama,1,530, cls_1 ,1,294.5644,8.701,0.1021,,,,,
Mazama,1,531, cls_1 ,1.119,71.4424,418.8724,5.8186,,,,,
Mazama,1,532, cls_1 ,1.0754,63.9,557.3482,2.0416,,,,,
Mazama,1,533, cls_1 ,1.1563,90.3682,626.2327,5.104,,,,,
Mazama,1,534, cls_1 ,1.1519,71.4424,292.2954,11.3309,,,,,
Mazama,1,535, cls_1 ,1.0537,289.3196,2.4839,0.4083,,,,,
Mazama,1,536, cls_1 ,1.1778,180.7365,63.5579,1.225,,,,,
Mazama,1,537, cls_1 ,1.0537,142.8847,58.1862,0.4083,,,,,
Mazama,1,538, cls_1 ,1.0261,159.75,43.0351,0.5104,,,,,
Mazama,1,539, cls_1 ,1.0631,90.3682,617.4826,0.7146,,,,,
Mazama,1,540, cls_1 ,1.1172,589.1289,22.8089,2.0416,,,,,
Mazama,1,541, cls_1 ,1.1783,71.4424,167.2117,22.4577,,,,,
Mazama,1,542, cls_1 ,1.1169,127.8,200.3681,19.2932,,,,,
Mazama,1,543, cls_1 ,1.1125,333.5678,12.2382,0.6125,,,,,
Mazama,1,544, cls_1 ,1.1075,357.2119,19.2992,1.5312,,,,,
Mazama,1,545, cls_1 ,1.1075,159.75,7.6041,4.2874,,,,,
Mazama,1,547, cls_1 ,1.07,63.9,3494.6421,4.7978,,,,,
Mazama,1,548, cls_1 ,1.0306,271.1047,93.5056,1.225,,,,,
Mazama,1,549, cls_1 ,1.0465,415.35,7.0291,0.6125,,,,,
Mazama,1,550, cls_1 ,1.0842,194.3443,358.871,12.9642,,,,,
Mazama,1,551, cls_1 ,1.0556,186.2989,6.3725,1.225,,,,,
Mazama,1,552, cls_1 ,1.1489,63.9,1232.4338,22.866,,,,,
Mazama,1,554, cls_1 ,1.0914,71.4424,209.8775,0.3062,,,,,
Mazama,1,556, cls_1 ,1.0863,95.85,554.1167,15.312,,,,,
Mazama,1,557, cls_1 ,1.0769,95.85,831.4415,0.8166,,,,,
Mazama,1,559, cls_1 ,1.0529,159.75,7.0008,1.8374,,,,,
Mazama,1,561, cls_1 ,1.1111,71.4424,92.0373,59.4107,,,,,
Mazama,1,564, cls_1 ,1.0537,71.4424,3.156,0.4083,,,,,
Mazama,1,566, cls_1 ,1.1132,159.75,16.2554,6.9415,,,,,
Mazama,1,568, cls_1 ,1.0769,274.8443,7.1424,0.8166,,,,,
Mazama,1,570, cls_1 ,1.0473,194.3443,384.7437,0.8166,,,,,
Mazama,1,571, cls_1 ,1,71.4424,4.6522,0.1021,,,,,
Mazama,1,572, cls_1 ,1.0884,271.1047,15.2823,2.6541,,,,,
Mazama,1,574, cls_1 ,1.1322,191.7,9.9908,2.6541,,,,,
Mazama,1,575, cls_1 ,1.0465,63.9,3494.6665,0.6125,,,,,
Mazama,1,576, cls_1 ,1.0537,63.9,209.8932,0.4083,,,,,
Mazama,1,577, cls_1 ,1.046,135.5524,287.253,1.6333,,,,,
Mazama,1,579, cls_1 ,1.1532,95.85,713.3026,5.8186,,,,,
Mazama,1,580, cls_1 ,1.0991,95.85,99.9699,5.8186,,,,,
Mazama,1,581, cls_1 ,1,63.9,209.7824,0.1021,,,,,
Mazama,1,582, cls_1 ,1.0856,90.3682,3.4685,4.8999,,,,,
Mazama,1,584, cls_1 ,1.0556,294.5644,19.1813,1.225,,,,,
Mazama,1,585, cls_1 ,1.1412,95.85,86.4133,2.4499,,,,,
Mazama,1,586, cls_1 ,1.1866,63.9,16.1232,30.8282,,,,,
Mazama,1,587, cls_1 ,1.1371,71.4424,21.951,7.1456,,,,,
Mazama,1,589, cls_1 ,1.1519,71.4424,70.9555,0.9187,,,,,
Mazama,1,590, cls_1 ,1.0631,274.8443,121.901,0.7146,,,,,
Mazama,1,591, cls_1 ,1.1479,95.85,347.3901,6.4311,,,,,
Mazama,1,593, cls_1 ,1.1339,90.3682,253.4019,12.2496,,,,,
Mazama,1,594, cls_1 ,1.0631,131.7332,26.1212,0.7146,,,,,
Mazama,1,595, cls_1 ,1.0283,101.0348,19.8436,0.7146,,,,,
Mazama,1,597, cls_1 ,1.1094,127.8,41.1405,3.5728,,,,,
Mazama,1,598, cls_1 ,1.0932,314.671,5.7524,0.7146,,,,,
Mazama,1,599, cls_1 ,1.0219,345.5921,9.1686,1.327,,,,,
Mazama,1,601, cls_1 ,1.0973,71.4424,991.9089,5.9207,,,,,
Mazama,1,602, cls_1 ,1.0473,159.75,68.7629,0.8166,,,,,
Mazama,1,603, cls_1 ,1.1785,71.4424,67.6976,39.9134,,,,,
Mazama,1,604, cls_1 ,1.0465,90.3682,8.3627,0.6125,,,,,
Mazama,1,605, cls_1 ,1.0402,115.1974,35.9747,1.1229,,,,,
Mazama,1,606, cls_1 ,1.0861,63.9,1623.9611,3.3686,,,,,
Mazama,1,607, cls_1 ,1.0701,63.9,26.4839,2.1437,,,,,
Mazama,1,608, cls_1 ,1.0047,90.3682,62.7408,0.6125,,,,,
Mazama,1,609, cls_1 ,1.0543,159.75,652.8376,3.2666,,,,,
Mazama,1,610, cls_1 ,1.0335,63.9,79.7939,1.8374,,,,,
Mazama,1,611, cls_1 ,1.0688,230.3947,6.5246,0.5104,,,,,
Mazama,1,612, cls_1 ,1.1167,90.3682,23.3844,1.225,,,,,
Mazama,1,613, cls_1 ,1.1578,172.056,56.7516,22.2535,,,,,
Mazama,1,614, cls_1 ,1.0962,71.4424,31.2006,3.0624,,,,,
Mazama,1,615, cls_1 ,1.0261,101.0348,22.9795,0.5104,,,,,
Mazama,1,617, cls_1 ,1.1043,115.1974,144.8555,4.0832,,,,,
Mazama,1,618, cls_1 ,1.1427,142.8847,323.5424,5.2061,,,,,
Mazama,1,619, cls_1 ,1.0971,63.9,31.0667,2.4499,,,,,
Mazama,1,621, cls_1 ,1.1376,63.9,143.4009,2.7562,,,,,
Mazama,1,622, cls_1 ,1.0465,191.7,3.8422,0.6125,,,,,
Mazama,1,623, cls_1 ,1.1743,115.1974,28.1153,3.4707,,,,,
Mazama,1,624, cls_1 ,1.1821,90.3682,69.9379,5.8186,,,,,
Mazama,1,625, cls_1 ,1.0537,71.4424,80.4463,0.4083,,,,,
Mazama,1,626, cls_1 ,1.1073,95.85,10.3073,1.327,,,,,
Mazama,1,627, cls_1 ,1.0261,142.8847,26.0292,0.5104,,,,,
Mazama,1,628, cls_1 ,1.2099,63.9,115.0349,38.5863,,,,,
Mazama,1,629, cls_1 ,1.0909,63.9,39.0143,0.2042,,,,,
Mazama,1,630, cls_1 ,1.0261,314.671,15.5572,0.5104,,,,,
Mazama,1,632, cls_1 ,1.105,115.1974,41.0566,0.5104,,,,,
Mazama,1,633, cls_1 ,1.0947,63.9,16.3452,8.881,,,,,
Mazama,1,634, cls_1 ,1.0963,63.9,9.9574,2.7562,,,,,
Mazama,1,635, cls_1 ,1.0261,63.9,13.1886,0.5104,,,,,
Mazama,1,636, cls_1 ,1,71.4424,51.9633,0.1021,,,,,
Mazama,1,637, cls_1 ,1.063,63.9,67.1126,0.9187,,,,,
Mazama,1,638, cls_1 ,1.0467,285.7695,27.8116,1.327,,,,,
Mazama,1,639, cls_1 ,1.0465,303.1043,23.7968,0.6125,,,,,
Mazama,1,640, cls_1 ,1.0465,204.5798,60.7873,0.6125,,,,,
Mazama,1,641, cls_1 ,1.1117,115.1974,1092.1223,43.282,,,,,
Mazama,1,642, cls_1 ,1.0771,225.9206,25.8558,3.6749,,,,,
Mazama,1,643, cls_1 ,1.0761,127.8,9.1879,10.8205,,,,,
Mazama,1,645, cls_1 ,1.1017,162.9137,7.5939,4.1853,,,,,
Mazama,1,646, cls_1 ,1.1125,95.85,9.8061,0.6125,,,,,
Mazama,1,647, cls_1 ,1.063,115.1974,20.9169,0.9187,,,,,
Mazama,1,648, cls_1 ,1.1789,142.8847,207.5629,12.76,,,,,
Mazama,1,649, cls_1 ,1.0769,71.4424,187.5435,0.8166,,,,,
Mazama,1,650, cls_1 ,1.0395,71.4424,22.5437,1.7354,,,,,
Mazama,1,651, cls_1 ,1.063,71.4424,24.4154,0.9187,,,,,
Mazama,1,652, cls_1 ,1.1488,101.0348,21.9355,15.5162,,,,,
Mazama,1,654, cls_1 ,1,63.9,36.1464,0.1021,,,,,
Mazama,1,655, cls_1 ,1.0545,127.8,22.0604,2.8582,,,,,
Mazama,1,656, cls_1 ,1.1677,255.6,9.5772,6.9415,,,,,
Mazama,1,657, cls_1 ,1.1311,159.75,60.6601,2.4499,,,,,
Mazama,1,659, cls_1 ,1.0283,202.0695,31.6037,0.7146,,,,,
Mazama,1,660, cls_1 ,1.053,127.8,13.3083,1.5312,,,,,
Mazama,1,661, cls_1 ,1.0402,71.4424,139.9078,1.1229,,,,,
Mazama,1,663, cls_1 ,1.1031,127.8,11.6145,0.8166,,,,,
Mazama,1,664, cls_1 ,1.0261,159.75,207.4519,0.5104,,,,,
Mazama,1,665, cls_1 ,1.1381,285.7695,87.3479,3.4707,,,,,
Mazama,1,666, cls_1 ,1.1283,71.4424,131.2754,7.0435,,,,,
Mazama,1,667, cls_1 ,1.1116,115.1974,33.1753,2.6541,,,,,
Mazama,1,668, cls_1 ,1.1826,127.8,26.997,10.7184,,,,,
Mazama,1,669, cls_1 ,1.0261,90.3682,755.7664,0.5104,,,,,
Mazama,1,670, cls_1 ,1.0706,204.5798,4.956,1.8374,,,,,
Mazama,1,675, cls_1 ,1,71.4424,31.9392,0.1021,,,,,
Mazama,1,676, cls_1 ,1,71.4424,90.2168,0.1021,,,,,
Mazama,1,678, cls_1 ,1.0784,142.8847,51.3453,3.2666,,,,,
Mazama,1,679, cls_1 ,1.0909,230.3947,91.449,1.5312,,,,,
Mazama,1,680, cls_1 ,1.0473,204.5798,84.9024,0.8166,,,,,
Mazama,1,681, cls_1 ,1.1626,63.9,115.0664,71.252,,,,,
Mazama,1,682, cls_1 ,1.0933,202.0695,18.0632,1.7354,,,,,
Mazama,1,683, cls_1 ,1.189,95.85,32.0682,30.9303,,,,,
Mazama,1,684, cls_1 ,1.0473,71.4424,35.9765,0.8166,,,,,
Mazama,1,685, cls_1 ,1.0131,127.8,17.5179,0.8166,,,,,
Mazama,1,686, cls_1 ,1.1197,214.3271,21.0247,0.7146,,,,,
Mazama,1,687, cls_1 ,1.0261,71.4424,29.6992,0.5104,,,,,
Mazama,1,688, cls_1 ,1.1284,142.8847,10.9554,17.0474,,,,,
Mazama,1,689, cls_1 ,1.1133,180.7365,19.1559,5.4103,,,,,
Mazama,1,690, cls_1 ,1.1454,95.85,35.1905,8.2685,,,,,
Mazama,1,691, cls_1 ,1.124,142.8847,16.236,14.0871,,,,,
Mazama,1,692, cls_1 ,1.1239,159.75,19.2674,2.1437,,,,,
Mazama,1,694, cls_1 ,1.1252,95.85,19.5043,11.0247,,,,,
Mazama,1,695, cls_1 ,1.1114,63.9,93.4922,5.5123,,,,,
Mazama,1,696, cls_1 ,1.2066,71.4424,25.8487,10.5143,,,,,
Mazama,1,697, cls_1 ,1.054,186.2989,11.7029,2.1437,,,,,
Mazama,1,698, cls_1 ,1.1239,115.1974,209.8205,2.1437,,,,,
Mazama,1,700, cls_1 ,1.0386,249.5375,77.5014,1.4291,,,,,
Mazama,1,701, cls_1 ,1.1031,131.7332,25.2401,0.8166,,,,,
Mazama,1,702, cls_1 ,1.0283,142.8847,15.5799,0.7146,,,,,
Mazama,1,703, cls_1 ,1.1329,142.8847,30.0732,8.5747,,,,,
Mazama,1,704, cls_1 ,1.0583,101.0348,16.3369,2.7562,,,,,
Mazama,1,705, cls_1 ,1.143,71.4424,29.0682,7.7581,,,,,
Mazama,1,706, cls_1 ,1.0473,214.3271,115.1122,0.8166,,,,,
Mazama,1,709, cls_1 ,1.0306,101.0348,17.1856,1.225,,,,,
Mazama,1,710, cls_1 ,1.2271,127.8,163.4902,7.0435,,,,,
Mazama,1,711, cls_1 ,1.0805,159.75,245.4813,1.4291,,,,,
Mazama,1,712, cls_1 ,1.0777,257.5891,40.2398,16.8432,,,,,
Mazama,1,714, cls_1 ,1.137,63.9,23.6758,11.433,,,,,
Mazama,1,715, cls_1 ,1.1778,63.9,161.147,1.225,,,,,
Mazama,1,717, cls_1 ,1.1228,95.85,29.9471,1.5312,,,,,
Mazama,1,718, cls_1 ,1.0155,63.9,34.6342,0.2042,,,,,
Mazama,1,719, cls_1 ,1.1953,214.3271,32.8006,35.5239,,,,,
Mazama,1,721, cls_1 ,1.0537,71.4424,88.2062,0.4083,,,,,
Mazama,1,724, cls_1 ,1.0358,63.9,32.9739,0.3062,,,,,
Mazama,1,725, cls_1 ,1.1585,71.4424,2801.5642,4.4915,,,,,
Mazama,1,727, cls_1 ,1.0631,90.3682,754.1079,0.7146,,,,,
Mazama,1,728, cls_1 ,1.147,63.9,26.5251,23.8868,,,,,
Mazama,1,729, cls_1 ,1,186.2989,83.094,0.4083,,,,,
Mazama,1,730, cls_1 ,1.0358,71.4424,195.6856,0.3062,,,,,
Mazama,1,731, cls_1 ,1.1255,159.75,13.5262,55.5317,,,,,
Mazama,1,732, cls_1 ,1.0402,63.9,30.4232,1.1229,,,,,
Mazama,1,734, cls_1 ,1.0819,63.9,41.0493,0.6125,,,,,
Mazama,1,735, cls_1 ,1.188,63.9,518.9362,28.5825,,,,,
Mazama,1,738, cls_1 ,1.1691,63.9,60.8673,27.6637,,,,,
Mazama,1,740, cls_1 ,1.112,127.8,30.0727,0.9187,,,,,
Mazama,1,741, cls_1 ,1.1042,63.9,64.0869,2.0416,,,,,
Mazama,1,742, cls_1 ,1.2159,63.9,1319.1903,95.2409,,,,,
Mazama,1,744, cls_1 ,1.1221,127.8,67.262,20.0077,,,,,
Mazama,1,745, cls_1 ,1.0706,63.9,41.7402,1.8374,,,,,
Mazama,1,747, cls_1 ,1.0583,232.5995,19.3157,2.7562,,,,,
Mazama,1,749, cls_1 ,1.0647,95.85,547.8299,1.9395,,,,,
Mazama,1,750, cls_1 ,1.0311,159.75,29.4236,1.5312,,,,,
Mazama,1,751, cls_1 ,1.1775,131.7332,14.1515,3.5728,,,,,
Mazama,1,752, cls_1 ,1.0654,95.85,36.5099,1.1229,,,,,
Mazama,1,755, cls_1 ,1.1522,63.9,36.0687,5.3082,,,,,
Mazama,1,757, cls_1 ,1.0809,71.4424,22.935,1.9395,,,,,
Mazama,1,758, cls_1 ,1.1649,159.75,13.4119,0.7146,,,,,
Mazama,1,759, cls_1 ,1.1226,159.75,28.0061,5.6144,,,,,
Mazama,1,761, cls_1 ,1.1019,202.0695,7.8667,9.6976,,,,,
Mazama,1,762, cls_1 ,1.1056,257.5891,16.5291,16.537,,,,,
Mazama,1,763, cls_1 ,1.0261,386.0533,12.9641,0.5104,,,,,
Mazama,1,765, cls_1 ,1.0155,71.4424,195.2404,0.2042,,,,,
Mazama,1,768, cls_1 ,1.0358,63.9,114.9183,0.3062,,,,,
Mazama,1,772, cls_1 ,1.0155,71.4424,18.0085,0.2042,,,,,
Mazama,1,773, cls_1 ,1.1294,71.4424,54.5083,2.0416,,,,,
Mazama,1,775, cls_1 ,1.0943,90.3682,1756.414,15.312,,,,,
Mazama,1,777, cls_1 ,1.1311,63.9,1502.6647,2.4499,,,,,
Mazama,1,778, cls_1 ,1.105,95.85,58.4713,0.5104,,,,,
Mazama,1,779, cls_1 ,1.1663,90.3682,77.4225,2.1437,,,,,
Mazama,1,781, cls_1 ,1.0177,351.45,24.6684,3.0624,,,,,
Mazama,1,782, cls_1 ,1.0331,135.5524,28.6426,3.0624,,,,,
Mazama,1,783, cls_1 ,1.0155,71.4424,92.8876,0.2042,,,,,
Mazama,1,784, cls_1 ,1.1238,159.75,21.9111,16.2308,,,,,
Mazama,1,786, cls_1 ,1.2817,63.9,589.1959,526.7341,,,,,
Mazama,1,787, cls_1 ,1.1355,63.9,44.4756,18.3744,,,,,
Mazama,1,789, cls_1 ,1.118,71.4424,200.9434,4.1853,,,,,
Mazama,1,791, cls_1 ,1.0722,71.4424,1206.7973,4.6957,,,,,
Mazama,1,792, cls_1 ,1.1337,71.4424,10.2746,1.225,,,,,
Mazama,1,793, cls_1 ,1.1395,131.7332,21.4211,0.6125,,,,,
Mazama,1,794, cls_1 ,1.078,135.5524,22.9206,1.225,,,,,
Mazama,1,795, cls_1 ,1.0993,101.0348,67.6985,1.0208,,,,,
Mazama,1,796, cls_1 ,1,71.4424,196.9135,0.1021,,,,,
Mazama,1,797, cls_1 ,1.0764,63.9,49.9425,1.0208,,,,,
Mazama,1,798, cls_1 ,1.0706,71.4424,1071.7741,2.4499,,,,,
Mazama,1,799, cls_1 ,1.1031,95.85,10.5305,0.8166,,,,,
Mazama,1,801, cls_1 ,1.1387,63.9,1310.3492,2.9603,,,,,
Mazama,1,802, cls_1 ,1.1445,95.85,12.9186,6.329,,,,,
Mazama,1,803, cls_1 ,1.0155,71.4424,10.1353,0.2042,,,,,
Mazama,1,804, cls_1 ,1.0728,314.671,8.0073,1.5312,,,,,
Mazama,1,805, cls_1 ,1.1371,63.9,45.3522,7.8602,,,,,
Mazama,1,807, cls_1 ,1,71.4424,39.0555,0.1021,,,,,
Mazama,1,808, cls_1 ,1.2206,71.4424,19.3517,12.5559,,,,,
Mazama,1,810, cls_1 ,1.0752,71.4424,24.8794,3.3686,,,,,
Mazama,1,812, cls_1 ,1.1073,131.7332,34.4249,1.327,,,,,
Mazama,1,813, cls_1 ,1.118,63.9,133.3698,2.7562,,,,,
Mazama,1,814, cls_1 ,1.1306,115.1974,23.3631,7.2477,,,,,
Mazama,1,815, cls_1 ,1.1066,63.9,1505.2421,2.2458,,,,,
Mazama,1,816, cls_1 ,1.0864,71.4424,22.8621,11.433,,,,,
Mazama,1,817, cls_1 ,1.1125,285.7695,3.5236,0.6125,,,,,
Mazama,1,818, cls_1 ,1.0607,159.75,201.9041,9.2893,,,,,
Mazama,1,819, cls_1 ,1.0932,135.5524,21.5475,0.7146,,,,,
Mazama,1,820, cls_1 ,1.0566,159.75,20.8995,16.7412,,,,,
Mazama,1,821, cls_1 ,1.0849,63.9,23.087,9.2893,,,,,
Mazama,1,822, cls_1 ,1.1436,127.8,21.4498,4.5936,,,,,
Mazama,1,823, cls_1 ,1.1137,159.75,62.1205,4.6957,,,,,
Mazama,1,825, cls_1 ,1.0806,90.3682,67.1323,2.8582,,,,,
Mazama,1,826, cls_1 ,1.0556,115.1974,91.052,1.225,,,,,
Mazama,1,828, cls_1 ,1.0131,90.3682,19.0067,0.8166,,,,,
Mazama,1,829, cls_1 ,1.1581,63.9,58.3753,8.5747,,,,,
Mazama,1,830, cls_1 ,1.132,127.8,35.4552,14.3933,,,,,
Mazama,1,831, cls_1 ,1,63.9,576.768,0.1021,,,,,
Mazama,1,832, cls_1 ,1.0358,71.4424,20.6549,0.3062,,,,,
Mazama,1,833, cls_1 ,1.1296,71.4424,33.5186,1.6333,,,,,
Mazama,1,834, cls_1 ,1,71.4424,17.524,0.4083,,,,,
Mazama,1,835, cls_1 ,1.0805,63.9,32.8787,1.4291,,,,,
Mazama,1,836, cls_1 ,1.1116,214.3271,86.8727,2.6541,,,,,
Mazama,1,837, cls_1 ,1.0817,63.9,1767.8816,3.1645,,,,,
Mazama,1,838, cls_1 ,1.0438,71.4424,596.3768,2.7562,,,,,
Mazama,1,840, cls_1 ,1.063,90.3682,18.6328,0.9187,,,,,
Mazama,1,846, cls_1 ,1.0261,495.9974,4.3934,0.5104,,,,,
Mazama,1,852, cls_1 ,1.0556,214.3271,16.568,1.225,,,,,
Mazama,1,853, cls_1 ,1.1155,71.4424,398.9053,4.2874,,,,,
Mazama,1,855, cls_1 ,1.0657,63.9,103.924,1.6333,,,,,
Mazama,1,857, cls_1 ,1.0465,361.473,17.5354,0.6125,,,,,
Mazama,1,858, cls_1 ,1.1239,90.3682,140.8331,2.1437,,,,,
Mazama,1,860, cls_1 ,1.1523,115.1974,23.2898,4.4915,,,,,
Mazama,1,862, cls_1 ,1.0993,71.4424,202.4245,1.0208,,,,,
Mazama,1,863, cls_1 ,1.1557,194.3443,156.2615,24.8055,,,,,
Mazama,1,864, cls_1 ,1,71.4424,325.7333,0.1021,,,,,
Mazama,1,868, cls_1 ,1.0663,127.8,8.9393,2.552,,,,,
Mazama,1,870, cls_1 ,1.0155,71.4424,29.0333,0.2042,,,,,
Mazama,1,871, cls_1 ,1.089,127.8,13.3774,1.327,,,,,
Mazama,1,872, cls_1 ,1.1672,135.5524,9.2395,54.2046,,,,,
Mazama,1,874, cls_1 ,1.1366,63.9,57.5964,2.552,,,,,
Mazama,1,877, cls_1 ,1.1691,71.4424,26.741,5.5123,,,,,
Mazama,1,878, cls_1 ,1.1322,101.0348,27.6482,2.6541,,,,,
Mazama,1,879, cls_1 ,1.0716,202.0695,64.5082,6.6352,,,,,
Mazama,1,880, cls_1 ,1,63.9,3502.3915,0.1021,,,,,
Mazama,1,886, cls_1 ,1.1199,63.9,52.0671,1.0208,,,,,
Mazama,1,887, cls_1 ,1.1475,71.4424,17.9185,7.7581,,,,,
Mazama,1,888, cls_1 ,1.0631,142.8847,11.1213,0.7146,,,,,
Mazama,1,890, cls_1 ,1.1434,204.5798,29.3221,0.7146,,,,,
Mazama,1,891, cls_1 ,1.2307,63.9,1756.8823,88.6057,,,,,
Mazama,1,893, cls_1 ,1.1199,101.0348,111.9401,1.0208,,,,,
Mazama,1,895, cls_1 ,1.1388,319.5,8.3903,1.0208,,,,,
Mazama,1,901, cls_1 ,1.0537,249.5375,20.8797,0.4083,,,,,
Mazama,1,902, cls_1 ,1.141,186.2989,40.3865,8.2685,,,,,
Mazama,1,905, cls_1 ,1.0909,135.5524,34.4396,0.2042,,,,,
Mazama,1,907, cls_1 ,1.1502,95.85,52.1796,16.6391,,,,,
Mazama,1,908, cls_1 ,1.0779,101.0348,117.4712,24.2951,,,,,
Mazama,1,911, cls_1 ,1.0819,194.3443,17.3492,0.6125,,,,,
Mazama,1,912, cls_1 ,1.0261,194.3443,139.9695,0.5104,,,,,
Mazama,1,913, cls_1 ,1.0465,101.0348,32.6059,0.6125,,,,,
Mazama,1,914, cls_1 ,1.1125,383.4,4.5008,0.6125,,,,,
Mazama,1,915, cls_1 ,1.158,159.75,5.8065,24.7034,,,,,
Mazama,1,916, cls_1 ,1.1097,131.7332,64.0355,60.4315,,,,,
Mazama,1,917, cls_1 ,1.0932,101.0348,72.1298,0.7146,,,,,
Mazama,1,921, cls_1 ,1.053,63.9,363.2057,1.5312,,,,,
Mazama,1,924, cls_1 ,1.105,90.3682,32.5288,0.5104,,,,,
Mazama,1,927, cls_1 ,1.1713,63.9,280.7586,3.777,,,,,
Mazama,1,928, cls_1 ,1.116,63.9,215.5219,1.8374,,,,,
Mazama,1,929, cls_1 ,1.1144,186.2989,22.5458,35.1156,,,,,
Mazama,1,932, cls_1 ,1,272.9809,8.5736,0.1021,,,,,
Mazama,1,933, cls_1 ,1,71.4424,216.5978,0.1021,,,,,
Mazama,1,935, cls_1 ,1.1815,71.4424,1040.2105,1.7354,,,,,
Mazama,1,938, cls_1 ,1,257.5891,15.2152,0.1021,,,,,
Mazama,1,945, cls_1 ,1.1868,63.9,146.876,22.1514,,,,,
Mazama,1,946, cls_1 ,1.1297,95.85,57.7044,2.9603,,,,,
Mazama,1,947, cls_1 ,1.0537,63.9,55.5828,0.4083,,,,,
Mazama,1,953, cls_1 ,1.0558,232.5995,7.7023,9.7997,,,,,
Mazama,1,954, cls_1 ,1.1328,357.2119,20.7789,0.9187,,,,,
Mazama,1,956, cls_1 ,1.1997,63.9,51.4194,37.4635,,,,,
Mazama,1,959, cls_1 ,1.1561,71.4424,41.1951,1.0208,,,,,
Mazama,1,960, cls_1 ,1.0283,328.9454,9.6817,0.7146,,,,,
Mazama,1,961, cls_1 ,1,71.4424,151.9232,0.1021,,,,,
Mazama,1,962, cls_1 ,1.0537,131.7332,51.9713,0.4083,,,,,
Mazama,1,965, cls_1 ,1.0358,63.9,352.366,0.3062,,,,,
Mazama,1,966, cls_1 ,1.0804,95.85,11.572,8.0643,,,,,
Mazama,1,967, cls_1 ,1.0987,63.9,9.3112,1.4291,,,,,
Mazama,1,969, cls_1 ,1,63.9,102.2589,0.1021,,,,,
Mazama,1,970, cls_1 ,1.0734,159.75,29.4134,18.4765,,,,,
Mazama,1,973, cls_1 ,1.1727,71.4424,310.0142,50.3256,,,,,
Mazama,1,975, cls_1 ,1,71.4424,680.3697,0.1021,,,,,
Mazama,1,976, cls_1 ,1.0894,63.9,15.4111,9.3914,,,,,
Mazama,1,980, cls_1 ,1.0819,63.9,1305.2477,0.6125,,,,,
Mazama,1,981, cls_1 ,1.1239,255.6,66.8484,2.1437,,,,,
Mazama,1,984, cls_1 ,1.2635,63.9,120.1325,341.6626,,,,,
Mazama,1,985, cls_1 ,1.1303,63.9,27.8369,4.8999,,,,,
Mazama,1,987, cls_1 ,1.1388,294.5644,13.2546,1.0208,,,,,
Mazama,1,988, cls_1 ,1,191.7,19.0709,0.1021,,,,,
Mazama,1,995, cls_1 ,1.0358,63.9,1296.7737,0.3062,,,,,
Mazama,1,996, cls_1 ,1.1353,294.5644,13.7543,1.9395,,,,,
Mazama,1,997, cls_1 ,1.0909,131.7332,205.047,0.2042,,,,,
Mazama,1,998, cls_1 ,1.0155,71.4424,76.6145,0.2042,,,,,
Mazama,1,999, cls_1 ,1.0358,63.9,11.1244,0.3062,,,,,
Mazama,1,1001, cls_1 ,1,71.4424,213.5377,0.1021,,,,,
Mazama,1,1002, cls_1 ,1.0962,63.9,207.8683,3.0624,,,,,
Mazama,1,1003, cls_1 ,1.0859,115.1974,82.7571,14.6996,,,,,
Mazama,1,1008, cls_1 ,1.0606,232.5995,19.4737,1.4291,,,,,
Mazama,1,1009, cls_1 ,1.0813,339.6332,7.673,4.6957,,,,,
Mazama,1,1010, cls_1 ,1.0993,95.85,13.7709,1.0208,,,,,
Mazama,1,1011, cls_1 ,1.0836,63.9,58.4863,1.6333,,,,,
Mazama,1,1012, cls_1 ,1.116,257.5891,8.3636,1.8374,,,,,
Mazama,1,1014, cls_1 ,1.053,90.3682,106.1004,1.5312,,,,,
Mazama,1,1015, cls_1 ,1.082,71.4424,122.4791,6.4311,,,,,
Mazama,1,1016, cls_1 ,1.154,63.9,224.2,10.7184,,,,,
Mazama,1,1018, cls_1 ,1.1017,95.85,14.4331,4.1853,,,,,
Mazama,1,1020, cls_1 ,1.1066,63.9,16.2024,3.0624,,,,,
Mazama,1,1021, cls_1 ,1.0769,186.2989,36.6094,0.8166,,,,,
Mazama,1,1023, cls_1 ,1.1468,142.8847,93.1444,11.1267,,,,,
Mazama,1,1024, cls_1 ,1.0465,135.5524,77.7319,0.6125,,,,,
Mazama,1,1025, cls_1 ,1.0397,214.3271,29.4902,3.777,,,,,
Mazama,1,1026, cls_1 ,1.0155,63.9,237.7663,0.2042,,,,,
Mazama,1,1027, cls_1 ,1.1741,71.4424,376.5612,7.3498,,,,,
Mazama,1,1028, cls_1 ,1.0988,194.3443,13.7449,2.1437,,,,,
Mazama,1,1029, cls_1 ,1.0467,257.5891,8.9202,1.327,,,,,
Mazama,1,1030, cls_1 ,1.1486,159.75,15.2815,70.5375,,,,,
Mazama,1,1035, cls_1 ,1.1237,63.9,175.4304,8.1664,,,,,
Mazama,1,1036, cls_1 ,1.0836,194.3443,13.5258,1.6333,,,,,
Mazama,1,1037, cls_1 ,1.1695,63.9,163.3714,0.9187,,,,,
Mazama,1,1038, cls_1 ,1.0706,71.4424,41.7885,2.4499,,,,,
Mazama,1,1039, cls_1 ,1,232.5995,45.928,0.1021,,,,,
Mazama,1,1040, cls_1 ,1.1072,71.4424,53.2742,5.0019,,,,,
Mazama,1,1041, cls_1 ,1.1843,101.0348,61.0166,216.308,,,,,
Mazama,1,1043, cls_1 ,1.1564,328.9454,4.5123,50.3256,,,,,
Mazama,1,1045, cls_1 ,1.123,131.7332,48.8411,1.9395,,,,,
Mazama,1,1047, cls_1 ,1.0335,101.0348,340.5255,1.8374,,,,,
Mazama,1,1048, cls_1 ,1.0338,186.2989,11.1934,0.9187,,,,,
Mazama,1,1049, cls_1 ,1.1125,63.9,34.044,0.6125,,,,,
Mazama,1,1050, cls_1 ,1.0688,101.0348,232.2075,0.5104,,,,,
Mazama,1,1051, cls_1 ,1.1031,90.3682,31.0461,0.8166,,,,,
Mazama,1,1053, cls_1 ,1.0631,71.4424,14.2799,0.7146,,,,,
Mazama,1,1056, cls_1 ,1.0047,95.85,20.429,0.6125,,,,,
Mazama,1,1059, cls_1 ,1.0283,63.9,23.1369,0.7146,,,,,
Mazama,1,1060, cls_1 ,1.143,172.056,33.453,30.3178,,,,,
Mazama,1,1061, cls_1 ,1.1712,90.3682,18.6912,13.7808,,,,,
Mazama,1,1062, cls_1 ,1.1094,71.4424,7.9057,3.5728,,,,,
Mazama,1,1063, cls_1 ,1.0473,243.324,4.709,0.8166,,,,,
Mazama,1,1064, cls_1 ,1.0556,115.1974,21.4477,1.225,,,,,
Mazama,1,1065, cls_1 ,1.0981,191.7,64.2294,3.9811,,,,,
Mazama,1,1068, cls_1 ,1.0889,101.0348,57.6494,3.9811,,,,,
Mazama,1,1069, cls_1 ,1.0465,95.85,19.7299,0.6125,,,,,
Mazama,1,1070, cls_1 ,1.101,115.1974,14.7095,10.3101,,,,,
Mazama,1,1072, cls_1 ,1.0909,95.85,148.1546,1.5312,,,,,
Mazama,1,1074, cls_1 ,1.0839,159.75,23.4083,11.1267,,,,,
Mazama,1,1076, cls_1 ,1.1147,352.8993,9.4688,6.8394,,,,,
Mazama,1,1077, cls_1 ,1.1197,63.9,35.5943,0.7146,,,,,
Mazama,1,1078, cls_1 ,1.0401,90.3682,72.5406,2.4499,,,,,
Mazama,1,1079, cls_1 ,1.0338,159.75,23.7549,0.9187,,,,,
Mazama,1,1081, cls_1 ,1.0453,159.75,231.0054,5.6144,,,,,
Mazama,1,1082, cls_1 ,1.0819,191.7,108.6544,0.6125,,,,,
Mazama,1,1084, cls_1 ,1.0892,71.4424,38.6923,37.5655,,,,,
Mazama,1,1087, cls_1 ,1.0932,101.0348,64.2554,0.7146,,,,,
Mazama,1,1088, cls_1 ,1.0706,115.1974,276.0771,2.4499,,,,,
Mazama,1,1089, cls_1 ,1.1199,63.9,39.2229,1.0208,,,,,
Mazama,1,1090, cls_1 ,1,71.4424,680.633,0.1021,,,,,
Mazama,1,1091, cls_1 ,1.0819,63.9,846.3485,0.6125,,,,,
Mazama,1,1092, cls_1 ,1.1513,71.4424,141.3861,2.8582,,,,,
Mazama,1,1093, cls_1 ,1.0889,344.112,3.7441,0.9187,,,,,
Mazama,1,1095, cls_1 ,1.0932,159.75,215.9197,0.7146,,,,,
Mazama,1,1099, cls_1 ,1,63.9,1296.0363,0.1021,,,,,
Mazama,1,1100, cls_1 ,1.0688,63.9,96.8166,0.5104,,,,,
Mazama,1,1102, cls_1 ,1.0465,115.1974,16.7495,0.6125,,,,,
Mazama,1,1103, cls_1 ,1.0473,63.9,105.7374,0.8166,,,,,
Mazama,1,1104, cls_1 ,1.1031,71.4424,33.1136,0.8166,,,,,
Mazama,1,1105, cls_1 ,1.1388,71.4424,10.0412,1.0208,,,,,
Mazama,1,1108, cls_1 ,1.1477,135.5524,6.851,0.8166,,,,,
Mazama,1,1110, cls_1 ,1.068,225.9206,14.9598,4.8999,,,,,
Mazama,1,1111, cls_1 ,1.1434,71.4424,114.2797,0.7146,,,,,
Mazama,1,1112, cls_1 ,1.0777,115.1974,57.7547,7.7581,,,,,
Mazama,1,1113, cls_1 ,1.2247,63.9,352.849,53.2859,,,,,
Mazama,1,1115, cls_1 ,1.0667,115.1974,11.8592,10.6163,,,,,
Mazama,1,1116, cls_1 ,1.0769,63.9,23.4346,0.8166,,,,,
Mazama,1,1117, cls_1 ,1.1167,289.3196,11.8086,1.225,,,,,
Mazama,1,1119, cls_1 ,1,71.4424,13.0208,0.1021,,,,,
Mazama,1,1121, cls_1 ,1.1118,127.8,139.7695,7.4519,,,,,
Mazama,1,1122, cls_1 ,1.135,71.4424,7.3626,3.0624,,,,,
Mazama,1,1124, cls_1 ,1.0537,127.8,8.1429,0.4083,,,,,
Mazama,1,1125, cls_1 ,1.0311,214.3271,6.6285,1.5312,,,,,
Mazama,1,1126, cls_1 ,1.1354,135.5524,5.2864,2.1437,,,,,
Mazama,1,1127, cls_1 ,1.1159,131.7332,324.9719,2.552,,,,,
Mazama,1,1128, cls_1 ,1.1294,95.85,380.2675,2.0416,,,,,
Mazama,1,1129, cls_1 ,1.0283,127.8,8.3894,0.7146,,,,,
Mazama,1,1130, cls_1 ,1.105,63.9,22.0313,0.5104,,,,,
Mazama,1,1131, cls_1 ,1.0688,172.056,18.2557,0.5104,,,,,
Mazama,1,1133, cls_1 ,1.2153,63.9,8.7855,8.0643,,,,,
Mazama,1,1135, cls_1 ,1.0465,289.3196,10.1352,0.6125,,,,,
Mazama,1,1137, cls_1 ,1.1125,63.9,441.5619,0.6125,,,,,
Mazama,1,1138, cls_1 ,1.0485,191.7,6.2547,4.3895,,,,,
Mazama,1,1139, cls_1 ,1.1031,63.9,25.114,0.8166,,,,,
Mazama,1,1140, cls_1 ,1.0631,180.7365,9.4418,0.7146,,,,,
Mazama,1,1141, cls_1 ,1.0509,71.4424,117.4102,1.0208,,,,,
Mazama,1,1143, cls_1 ,1.1166,486.6479,11.3956,6.329,,,,,
Mazama,1,1144, cls_1 ,1.0819,230.3947,9.9455,0.6125,,,,,
Mazama,1,1145, cls_1 ,1.0909,232.5995,4.7306,0.2042,,,,,
Mazama,1,1147, cls_1 ,1.0358,90.3682,423.3138,0.3062,,,,,
Mazama,1,1148, cls_1 ,1.1031,191.7,8.887,0.8166,,,,,
Mazama,1,1149, cls_1 ,1.0509,230.3947,10.7211,1.0208,,,,,
Mazama,1,1150, cls_1 ,1.0964,127.8,45.0448,7.7581,,,,,
Mazama,1,1151, cls_1 ,1.0609,71.4424,1040.3392,3.0624,,,,,
Mazama,1,1153, cls_1 ,1.1187,101.0348,13.8703,2.2458,,,,,
Mazama,1,1154, cls_1 ,1.1368,159.75,15.4179,4.8999,,,,,
Mazama,1,1155, cls_1 ,1.1049,172.056,12.4493,11.433,,,,,
Mazama,1,1157, cls_1 ,1.0467,115.1974,10.6648,1.327,,,,,
Mazama,1,1158, cls_1 ,1.0467,395.1997,5.1658,1.327,,,,,
Mazama,1,1159, cls_1 ,1.053,289.3196,4.7187,1.5312,,,,,
Mazama,1,1160, cls_1 ,1.0975,71.4424,13.2874,0.4083,,,,,
Mazama,1,1161, cls_1 ,1.0219,274.8443,3.5297,1.327,,,,,
Mazama,1,1162, cls_1 ,1.0819,225.9206,9.5544,0.6125,,,,,
Mazama,1,1164, cls_1 ,1.082,63.9,50.7665,5.5123,,,,,
Mazama,1,1165, cls_1 ,1.0306,90.3682,14.3642,1.225,,,,,
Mazama,1,1167, cls_1 ,1.1291,63.9,73.2413,34.7073,,,,,
Mazama,1,1169, cls_1 ,1.1463,225.9206,12.8842,5.6144,,,,,
Mazama,1,1171, cls_1 ,1.0402,71.4424,16.4248,1.1229,,,,,
Mazama,1,1172, cls_1 ,1.1895,115.1974,15.4443,13.6788,,,,,
Mazama,1,1173, cls_1 ,1.1944,63.9,110.9184,17.9661,,,,,
Mazama,1,1174, cls_1 ,1.1445,127.8,11.8502,13.0663,,,,,
Mazama,1,1175, cls_1 ,1.0991,225.9206,18.3104,6.2269,,,,,
Mazama,1,1176, cls_1 ,1.1307,95.85,12.5397,11.7392,,,,,
Mazama,1,1177, cls_1 ,1.1073,63.9,143.6659,1.327,,,,,
Mazama,1,1178, cls_1 ,1.0819,63.9,60.1265,0.6125,,,,,
Mazama,1,1179, cls_1 ,1.0924,95.85,15.2842,2.8582,,,,,
Mazama,1,1180, cls_1 ,1.1519,257.5891,34.2236,3.0624,,,,,
Mazama,1,1182, cls_1 ,1.105,63.9,16.1759,0.5104,,,,,
Mazama,1,1183, cls_1 ,1.0631,257.5891,15.9272,0.7146,,,,,
Mazama,1,1184, cls_1 ,1.0311,294.5644,8.9875,1.5312,,,,,
Mazama,1,1185, cls_1 ,1.0631,63.9,34.4937,0.7146,,,,,
Mazama,1,1186, cls_1 ,1.167,71.4424,675.1178,0.8166,,,,,
Mazama,1,1187, cls_1 ,1.0338,115.1974,16.9401,0.9187,,,,,
Mazama,1,1188, cls_1 ,1.0998,159.75,9.416,2.9603,,,,,
Mazama,1,1189, cls_1 ,1.152,63.9,21.803,17.2516,,,,,
Mazama,1,1190, cls_1 ,1.1554,257.5891,41.3799,1.6333,,,,,
Mazama,1,1191, cls_1 ,1.1468,63.9,32.5477,23.3764,,,,,
Mazama,1,1193, cls_1 ,1.0592,63.9,19.6154,4.3895,,,,,
Mazama,1,1194, cls_1 ,1.1746,101.0348,13.6932,1.8374,,,,,
Mazama,1,1195, cls_1 ,1.0585,142.8847,21.6739,4.8999,,,,,
Mazama,1,1196, cls_1 ,1.0914,71.4424,37.5617,0.3062,,,,,
Mazama,1,1197, cls_1 ,1.0754,71.4424,26.8261,2.0416,,,,,
Mazama,1,1198, cls_1 ,1.1031,127.8,11.1786,3.1645,,,,,
Mazama,1,1199, cls_1 ,1.0261,90.3682,45.7807,0.5104,,,,,
Mazama,1,1200, cls_1 ,1.0654,63.9,36.6171,1.1229,,,,,
Mazama,1,1201, cls_1 ,1,71.4424,95.364,0.1021,,,,,
Mazama,1,1202, cls_1 ,1,71.4424,25.5804,0.4083,,,,,
Mazama,1,1203, cls_1 ,1.1617,63.9,57.5686,11.3309,,,,,
Mazama,1,1204, cls_1 ,1.046,285.7695,20.1729,1.6333,,,,,
Mazama,1,1206, cls_1 ,1.0993,90.3682,27.1674,1.0208,,,,,
Mazama,1,1207, cls_1 ,1.1202,71.4424,113.1315,2.9603,,,,,
Mazama,1,1208, cls_1 ,1.0819,90.3682,32.2669,0.6125,,,,,
Mazama,1,1209, cls_1 ,1.1276,71.4424,27.2268,6.0227,,,,,
Mazama,1,1210, cls_1 ,1.0909,101.0348,52.2412,0.2042,,,,,
Mazama,1,1212, cls_1 ,1.0819,63.9,99.0717,3.879,,,,,
Mazama,1,1213, cls_1 ,1.0993,257.5891,11.8061,1.0208,,,,,
Mazama,1,1214, cls_1 ,1.102,71.4424,18.1237,1.8374,,,,,
Mazama,1,1215, cls_1 ,1.0932,285.7695,12.2609,0.7146,,,,,
Mazama,1,1216, cls_1 ,1.0859,63.9,26.3374,10.3101,,,,,
Mazama,1,1217, cls_1 ,1.0867,142.8847,12.4682,17.3536,,,,,
Mazama,1,1218, cls_1 ,1.0358,71.4424,13.5073,0.3062,,,,,
Mazama,1,1219, cls_1 ,1.0477,95.85,378.0945,2.6541,,,,,
Mazama,1,1220, cls_1 ,1.0155,101.0348,8.1442,0.2042,,,,,
Mazama,1,1221, cls_1 ,1.0402,289.3196,7.5962,1.1229,,,,,
Mazama,1,1222, cls_1 ,1,71.4424,12.375,0.1021,,,,,
Mazama,1,1223, cls_1 ,1.2254,63.9,295.4069,65.4334,,,,,
Mazama,1,1224, cls_1 ,1,63.9,35.7003,0.1021,,,,,
Mazama,1,1225, cls_1 ,1.0667,101.0348,222.6369,3.2666,,,,,
Mazama,1,1226, cls_1 ,1.0764,71.4424,14.2346,1.0208,,,,,
Mazama,1,1227, cls_1 ,1,63.9,17.8859,0.1021,,,,,
Mazama,1,1228, cls_1 ,1.1197,71.4424,21.614,0.7146,,,,,
Mazama,1,1229, cls_1 ,1.162,63.9,96.2721,18.9869,,,,,
Mazama,1,1230, cls_1 ,1.1256,204.5798,14.3771,27.4596,,,,,
Mazama,1,1231, cls_1 ,1.12,63.9,171.1569,7.656,,,,,
Mazama,1,1232, cls_1 ,1,115.1974,19.6265,0.1021,,,,,
Mazama,1,1233, cls_1 ,1.078,63.9,25.7354,1.225,,,,,
Mazama,1,1234, cls_1 ,1.1388,71.4424,25.0594,1.0208,,,,,
Mazama,1,1236, cls_1 ,1.063,406.6571,3.3427,0.9187,,,,,
Mazama,1,1237, cls_1 ,1.078,95.85,30.1204,1.225,,,,,
Mazama,1,1239, cls_1 ,1.1717,159.75,10.982,2.7562,,,,,
Mazama,1,1240, cls_1 ,1.1203,115.1974,4.3816,19.1911,,,,,
Mazama,1,1241, cls_1 ,1.0509,63.9,67.3518,1.0208,,,,,
Mazama,1,1243, cls_1 ,1.0386,135.5524,32.1713,1.4291,,,,,
Mazama,1,1244, cls_1 ,1.1496,186.2989,11.2705,6.0227,,,,,
Mazama,1,1246, cls_1 ,1.07,63.9,30.4561,3.1645,,,,,
Mazama,1,1247, cls_1 ,1.0764,63.9,30.4697,1.0208,,,,,
Mazama,1,1249, cls_1 ,1.0631,230.3947,13.4755,0.7146,,,,,
Mazama,1,1250, cls_1 ,1.1123,63.9,17.996,8.2685,,,,,
Mazama,1,1251, cls_1 ,1.0764,451.8412,13.3595,1.0208,,,,,
Mazama,1,1252, cls_1 ,1.0975,63.9,270.6151,0.4083,,,,,
Mazama,1,1253, cls_1 ,1.0311,63.9,186.3509,1.5312,,,,,
Mazama,1,1254, cls_1 ,1.1445,71.4424,123.6758,6.329,,,,,
Mazama,1,1255, cls_1 ,1.1834,90.3682,21.9174,40.9342,,,,,
Mazama,1,1256, cls_1 ,1.1831,71.4424,26.0594,58.7982,,,,,
Mazama,1,1257, cls_1 ,1.0799,383.4,5.6315,2.552,,,,,
Mazama,1,1258, cls_1 ,1,101.0348,12.2471,0.1021,,,,,
Mazama,1,1261, cls_1 ,1.0261,271.1047,9.718,0.5104,,,,,
Mazama,1,1262, cls_1 ,1.1858,162.9137,20.5921,7.8602,,,,,
Mazama,1,1264, cls_1 ,1.099,63.9,17.8407,10.0039,,,,,
Mazama,1,1265, cls_1 ,1.1241,101.0348,122.0084,30.0116,,,,,
Mazama,1,1266, cls_1 ,1.0688,474.9709,10.1243,0.5104,,,,,
Mazama,1,1268, cls_1 ,1.0467,255.6,8.9444,1.327,,,,,
Mazama,1,1269, cls_1 ,1.0933,63.9,16.9774,1.7354,,,,,
Mazama,1,1270, cls_1 ,1.1175,71.4424,268.3197,12.9642,,,,,
Mazama,1,1271, cls_1 ,1.0338,271.1047,9.5583,0.9187,,,,,
Mazama,1,1272, cls_1 ,1.1228,90.3682,12.443,1.5312,,,,,
Mazama,1,1273, cls_1 ,1.059,271.1047,9.9828,1.7354,,,,,
Mazama,1,1274, cls_1 ,1.0835,63.9,45.9959,4.5936,,,,,
Mazama,1,1275, cls_1 ,1.1225,202.0695,5.2043,32.7678,,,,,
Mazama,1,1276, cls_1 ,1.1271,115.1974,54.0681,1.1229,,,,,
Mazama,1,1277, cls_1 ,1.0155,63.9,23.5407,0.2042,,,,,
Mazama,1,1279, cls_1 ,1.0537,274.8443,11.3615,0.4083,,,,,
Mazama,1,1280, cls_1 ,1.0713,159.75,17.3613,8.881,,,,,
Mazama,1,1281, cls_1 ,1.1378,142.8847,37.762,9.6976,,,,,
Mazama,1,1282, cls_1 ,1.0754,90.3682,11.8258,2.0416,,,,,
Mazama,1,1284, cls_1 ,1.1066,191.7,26.0155,2.2458,,,,,
Mazama,1,1285, cls_1 ,1.0338,115.1974,8.2531,0.9187,,,,,
Mazama,1,1286, cls_1 ,1.0261,63.9,63.1629,0.5104,,,,,
Mazama,1,1287, cls_1 ,1.1047,63.9,158.4912,12.5559,,,,,
Mazama,1,1288, cls_1 ,1.1367,180.7365,14.689,5.2061,,,,,
Mazama,1,1289, cls_1 ,1.1073,71.4424,13.017,1.327,,,,,
Mazama,1,1291, cls_1 ,1.1192,90.3682,100.8827,34.8094,,,,,
Mazama,1,1293, cls_1 ,1.0638,135.5524,40.0826,19.7015,,,,,
Mazama,1,1294, cls_1 ,1.1495,71.4424,52.7148,74.1103,,,,,
Mazama,1,1295, cls_1 ,1.0819,71.4424,11.1203,0.6125,,,,,
Mazama,1,1296, cls_1 ,1.064,159.75,10.1581,4.1853,,,,,
Mazama,1,1297, cls_1 ,1.1416,63.9,23.2313,41.6487,,,,,
Mazama,1,1298, cls_1 ,1.0556,90.3682,87.501,1.225,,,,,
Mazama,1,1299, cls_1 ,1.1031,257.5891,14.703,0.8166,,,,,
Mazama,1,1300, cls_1 ,1.0657,142.8847,29.9948,1.6333,,,,,
Mazama,1,1301, cls_1 ,1.0817,214.3271,11.7678,3.1645,,,,,
Mazama,1,1302, cls_1 ,1,71.4424,39.2367,0.1021,,,,,
Mazama,1,1303, cls_1 ,1,214.3271,15.5905,0.1021,,,,,
Mazama,1,1304, cls_1 ,1.0663,159.75,29.382,3.6749,,,,,
Mazama,1,1305, cls_1 ,1.0631,95.85,19.7929,11.7392,,,,,
Mazama,1,1306, cls_1 ,1.1402,512.1975,23.9223,9.0851,,,,,
Mazama,1,1307, cls_1 ,1.1836,90.3682,37.2675,146.5872,,,,,
Mazama,1,1308, cls_1 ,1.0924,101.0348,26.8074,2.8582,,,,,
Mazama,1,1311, cls_1 ,1.0261,202.0695,11.5548,0.5104,,,,,
Mazama,1,1312, cls_1 ,1.091,101.0348,16.2992,12.658,,,,,
Mazama,1,1313, cls_1 ,1.1202,90.3682,15.7156,2.9603,,,,,
Mazama,1,1314, cls_1 ,1.0473,457.4544,7.4762,0.8166,,,,,
Mazama,1,1315, cls_1 ,1.0889,71.4424,23.3128,0.9187,,,,,
Mazama,1,1316, cls_1 ,1.1054,135.5524,59.7232,8.881,,,,,
Mazama,1,1318, cls_1 ,1.0769,90.3682,85.2241,0.8166,,,,,
Mazama,1,1319, cls_1 ,1.1073,202.0695,12.3023,1.327,,,,,
Mazama,1,1320, cls_1 ,1.0347,162.9137,9.2165,9.0851,,,,,
Mazama,1,1323, cls_1 ,1.1846,63.9,38.675,1.8374,,,,,
Mazama,1,1324, cls_1 ,1.0975,202.0695,11.2778,0.4083,,,,,
Mazama,1,1325, cls_1 ,1.0889,142.8847,16.7114,2.3478,,,,,
Mazama,1,1326, cls_1 ,1.0545,159.75,10.8806,2.8582,,,,,
Mazama,1,1327, cls_1 ,1.1372,71.4424,97.1806,1.5312,,,,,
Mazama,1,1328, cls_1 ,1.0651,243.324,10.1545,2.2458,,,,,
Mazama,1,1329, cls_1 ,1.0283,90.3682,14.4826,0.7146,,,,,
Mazama,1,1331, cls_1 ,1.0338,191.7,19.2241,0.9187,,,,,
Mazama,1,1332, cls_1 ,1.1508,71.4424,122.1833,37.5655,,,,,
Mazama,1,1333, cls_1 ,1.0733,71.4424,43.9132,6.0227,,,,,
Mazama,1,1334, cls_1 ,1.2378,63.9,162.422,120.4547,,,,,
Mazama,1,1336, cls_1 ,1.1645,63.9,37.6867,11.0247,,,,,
Mazama,1,1337, cls_1 ,1.124,63.9,260.6795,13.5767,,,,,
Mazama,1,1338, cls_1 ,1.1735,214.3271,40.8192,6.8394,,,,,
Mazama,1,1340, cls_1 ,1.0631,101.0348,12.7859,0.7146,,,,,
Mazama,1,1341, cls_1 ,1.1319,71.4424,84.5461,3.6749,,,,,
Mazama,1,1342, cls_1 ,1.1417,142.8847,25.1625,8.5747,,,,,
Mazama,1,1343, cls_1 ,1.0261,90.3682,26.502,0.5104,,,,,
Mazama,1,1345, cls_1 ,1.163,63.9,41.9435,4.7978,,,,,
Mazama,1,1346, cls_1 ,1.0631,101.0348,51.6137,0.7146,,,,,
Mazama,1,1347, cls_1 ,1.0473,204.5798,7.5904,0.8166,,,,,
Mazama,1,1349, cls_1 ,1.1239,142.8847,6.6925,2.1437,,,,,
Mazama,1,1350, cls_1 ,1.0938,101.0348,38.4292,4.8999,,,,,
Mazama,1,1351, cls_1 ,1.0938,364.286,24.358,4.8999,,,,,
Mazama,1,1353, cls_1 ,1.0764,71.4424,17.0025,1.0208,,,,,
Mazama,1,1354, cls_1 ,1.068,71.4424,48.1225,2.8582,,,,,
Mazama,1,1356, cls_1 ,1.0991,135.5524,15.0466,27.4596,,,,,
Mazama,1,1357, cls_1 ,1.1228,142.8847,10.6635,1.5312,,,,,
Mazama,1,1358, cls_1 ,1.1031,95.85,175.2698,0.8166,,,,,
Mazama,1,1360, cls_1 ,1.0689,101.0348,21.6109,1.327,,,,,
Mazama,1,1361, cls_1 ,1.0473,63.9,136.0834,0.8166,,,,,
Mazama,1,1362, cls_1 ,1.1617,63.9,64.3494,28.8887,,,,,
Mazama,1,1363, cls_1 ,1.1158,63.9,24.0274,50.3256,,,,,
Mazama,1,1364, cls_1 ,1.0914,71.4424,33.2958,0.3062,,,,,
Mazama,1,1365, cls_1 ,1.068,115.1974,17.3354,2.8582,,,,,
Mazama,1,1366, cls_1 ,1.2465,63.9,243.7681,487.0249,,,,,
Mazama,1,1367, cls_1 ,1.0402,95.85,101.8511,1.1229,,,,,
Mazama,1,1368, cls_1 ,1.1032,90.3682,186.4898,3.4707,,,,,
Mazama,1,1369, cls_1 ,1.0769,63.9,26.3188,0.8166,,,,,
Mazama,1,1370, cls_1 ,1.0993,71.4424,127.6897,1.0208,,,,,
Mazama,1,1371, cls_1 ,1.0971,131.7332,68.3151,2.4499,,,,,
Mazama,1,1372, cls_1 ,1.1885,63.9,181.1941,102.7948,,,,,
Mazama,1,1373, cls_1 ,1.0281,364.286,14.0852,2.7562,,,,,
Mazama,1,1374, cls_1 ,1.0689,71.4424,23.2042,1.327,,,,,
Mazama,1,1375, cls_1 ,1.0283,71.4424,64.517,0.7146,,,,,
Mazama,1,1376, cls_1 ,1,71.4424,106.1605,0.1021,,,,,
Mazama,1,1377, cls_1 ,1,63.9,20.8296,0.1021,,,,,
Mazama,1,1378, cls_1 ,1.1545,63.9,82.166,17.2516,,,,,
Mazama,1,1379, cls_1 ,1.0975,115.1974,67.497,0.4083,,,,,
Mazama,1,1380, cls_1 ,1.19,101.0348,17.117,16.6391,,,,,
Mazama,1,1381, cls_1 ,1.076,71.4424,82.5824,40.4238,,,,,
Mazama,1,1382, cls_1 ,1.151,101.0348,93.6353,2.6541,,,,,
Mazama,1,1383, cls_1 ,1.1461,63.9,1252.5042,39.6071,,,,,
Mazama,1,1384, cls_1 ,1.0846,180.7365,12.1646,3.777,,,,,
Mazama,1,1385, cls_1 ,1.1238,257.5891,10.1455,7.7581,,,,,
Mazama,1,1387, cls_1 ,1.0606,225.9206,11.2441,1.4291,,,,,
Mazama,1,1388, cls_1 ,1.0981,95.85,51.0794,3.9811,,,,,
Mazama,1,1390, cls_1 ,1.0402,186.2989,136.2098,1.1229,,,,,
Mazama,1,1391, cls_1 ,1.1075,63.9,19.7808,1.5312,,,,,
Mazama,1,1392, cls_1 ,1.1199,71.4424,32.3391,1.0208,,,,,
Mazama,1,1393, cls_1 ,1.0529,389.9995,24.4633,1.8374,,,,,
Mazama,1,1394, cls_1 ,1.0261,63.9,23.434,0.5104,,,,,
Mazama,1,1395, cls_1 ,1.0769,95.85,534.035,0.8166,,,,,
Mazama,1,1398, cls_1 ,1.0261,71.4424,36.8636,0.5104,,,,,
Mazama,1,1399, cls_1 ,1.0914,63.9,45.7559,0.3062,,,,,
Mazama,1,1400, cls_1 ,1.0261,90.3682,171.8935,0.5104,,,,,
Mazama,1,1401, cls_1 ,1.0537,214.3271,109.133,0.4083,,,,,
Mazama,1,1402, cls_1 ,1.0909,159.75,56.689,1.5312,,,,,
Mazama,1,1403, cls_1 ,1.0926,159.75,7.1876,2.552,,,,,
Mazama,1,1405, cls_1 ,1.119,63.9,29.4784,5.8186,,,,,
Mazama,1,1406, cls_1 ,1.022,159.75,6.4788,1.0208,,,,,
Mazama,1,1407, cls_1 ,1.0358,90.3682,599.6295,0.3062,,,,,
Mazama,1,1408, cls_1 ,1.0261,101.0348,58.4968,0.5104,,,,,
Mazama,1,1410, cls_1 ,1.096,131.7332,34.2781,4.7978,,,,,
Mazama,1,1412, cls_1 ,1.0647,71.4424,246.3888,1.9395,,,,,
Mazama,1,1416, cls_1 ,1.062,214.3271,39.4029,5.2061,,,,,
Mazama,1,1417, cls_1 ,1.1412,214.3271,8.4808,2.4499,,,,,
Mazama,1,1418, cls_1 ,1.088,63.9,137.9212,1.1229,,,,,
Mazama,1,1420, cls_1 ,1.0689,142.8847,31.5081,1.327,,,,,
Mazama,1,1424, cls_1 ,1.0958,63.9,25.9358,8.7789,,,,,
Mazama,1,1425, cls_1 ,1.0631,483.4912,3.6415,0.7146,,,,,
Mazama,1,1426, cls_1 ,1.0631,63.9,1197.3139,0.7146,,,,,
Mazama,1,1427, cls_1 ,1.126,159.75,10.244,3.0624,,,,,
Mazama,1,1430, cls_1 ,1.0769,131.7332,37.0436,2.9603,,,,,
Mazama,1,1431, cls_1 ,1.0631,131.7332,6.2867,0.7146,,,,,
Mazama,1,1432, cls_1 ,1.0569,142.8847,39.067,8.3706,,,,,
Mazama,1,1433, cls_1 ,1.0417,131.7332,4.9283,2.0416,,,,,
Mazama,1,1435, cls_1 ,1.0283,321.0935,3.6639,0.7146,,,,,
Mazama,1,1436, cls_1 ,1.083,63.9,301.4818,3.4707,,,,,
Mazama,1,1438, cls_1 ,1.0663,115.1974,95.0715,3.6749,,,,,
Mazama,1,1439, cls_1 ,1.0815,214.3271,5.691,5.104,,,,,
Mazama,1,1442, cls_1 ,1.0115,71.4424,23.9783,1.1229,,,,,
Mazama,1,1445, cls_1 ,1.1281,101.0348,6.6443,2.7562,,,,,
Mazama,1,1446, cls_1 ,1.054,95.85,135.6144,2.1437,,,,,
Mazama,1,1447, cls_1 ,1.1807,101.0348,14.8006,13.8829,,,,,
Mazama,1,1448, cls_1 ,1,71.4424,957.1852,0.1021,,,,,
Mazama,1,1452, cls_1 ,1.0688,71.4424,956.6716,0.5104,,,,,
Mazama,1,1454, cls_1 ,1.0973,71.4424,21.973,5.5123,,,,,
Mazama,1,1455, cls_1 ,1.1125,71.4424,3.2134,3.4707,,,,,
Mazama,1,1456, cls_1 ,1.0465,63.9,256.6029,0.6125,,,,,
Mazama,1,1457, cls_1 ,1.1265,115.1974,9.4918,0.8166,,,,,
Mazama,1,1458, cls_1 ,1.1641,159.75,4.0145,1.225,,,,,
Mazama,1,1460, cls_1 ,1.1271,101.0348,30.5946,1.1229,,,,,
Mazama,1,1461, cls_1 ,1.0631,180.7365,94.1634,0.7146,,,,,
Mazama,1,1463, cls_1 ,1.1093,271.1047,4.8601,4.8999,,,,,
Mazama,1,1464, cls_1 ,1.022,115.1974,6.1475,1.0208,,,,,
Mazama,1,1466, cls_1 ,1.2008,63.9,1198.5298,55.0213,,,,,
Mazama,1,1467, cls_1 ,1.1031,101.0348,8.4895,0.8166,,,,,
Mazama,1,1469, cls_1 ,1.0728,159.75,3.5079,1.5312,,,,,
Mazama,1,1470, cls_1 ,1.0509,101.0348,6.5417,1.0208,,,,,
Mazama,1,1471, cls_1 ,1.1619,115.1974,8.8874,4.5936,,,,,
Mazama,1,1473, cls_1 ,1.2066,71.4424,15.7073,9.4935,,,,,
Mazama,1,1478, cls_1 ,1.0537,232.5995,3.1717,0.4083,,,,,
Mazama,1,1479, cls_1 ,1.0155,71.4424,8.9854,0.2042,,,,,
Mazama,1,1482, cls_1 ,1.0769,115.1974,12.8371,0.8166,,,,,
Mazama,1,1486, cls_1 ,1.1165,303.1043,4.3911,8.7789,,,,,
Mazama,1,1488, cls_1 ,1,95.85,4.1463,0.1021,,,,,
Mazama,1,1489, cls_1 ,1.1031,95.85,3.9512,0.8166,,,,,
Mazama,1,1495, cls_1 ,1,345.5921,5.2604,0.1021,,,,,
Mazama,1,1497, cls_1 ,1.0988,159.75,3.0674,2.1437,,,,,
Mazama,1,1499, cls_1 ,1.123,95.85,4.6214,1.9395,,,,,
Mazama,1,1500, cls_1 ,1.0261,95.85,6.2668,0.5104,,,,,
Mazama,1,1505, cls_1 ,1.1311,294.5644,28.7538,2.4499,,,,,
Mazama,1,1508, cls_1 ,1.0987,95.85,3.4318,1.4291,,,,,
Mazama,1,1509, cls_1 ,1.105,257.5891,2.6084,0.5104,,,,,
Mazama,1,1512, cls_1 ,1.0338,95.85,4.1614,0.9187,,,,,
Mazama,1,1513, cls_1 ,1.063,202.0695,2.8108,0.9187,,,,,
Mazama,1,1515, cls_1 ,1.0604,135.5524,48.5067,2.3478,,,,,
Mazama,1,1517, cls_1 ,1.1228,202.0695,2.4233,1.5312,,,,,
Mazama,1,1519, cls_1 ,1.1125,372.5978,36.5798,0.6125,,,,,
Mazama,1,1522, cls_1 ,1.0358,135.5524,33.4618,0.3062,,,,,
Mazama,1,67, cls_6 ,1.1094,6904.1577,0.0047,3.5728,,,,,
Mazama,1,154, cls_6 ,1.063,4473.4564,0.0107,0.9187,,,,,
Mazama,1,165, cls_6 ,1.0631,115.1974,1.0249,0.7146,,,,,
Mazama,1,180, cls_6 ,1.0529,63.9,5.5134,1.8374,,,,,
Mazama,1,181, cls_6 ,1,63.9,5.634,0.4083,,,,,
Mazama,1,189, cls_6 ,1.1154,142.8847,0.9609,8.881,,,,,
Mazama,1,328, cls_6 ,1.0261,4446.6779,0.0183,0.5104,,,,,
Mazama,1,592, cls_6 ,1.0473,3168.8538,0.0118,0.8166,,,,,
Mazama,1,743, cls_6 ,1.1157,63.9,20.9842,3.3686,,,,,
Mazama,1,746, cls_6 ,1.0879,63.9,8.4514,8.4727,,,,,
Mazama,1,767, cls_6 ,1.0631,689.7057,0.417,0.7146,,,,,
Mazama,1,788, cls_6 ,1.0688,357.2119,1.0757,0.5104,,,,,
Mazama,1,841, cls_6 ,1.0473,127.8,0.7447,0.8166,,,,,
Mazama,1,842, cls_6 ,1.0537,127.8,1.1416,0.4083,,,,,
Mazama,1,847, cls_6 ,1.0473,71.4424,1.4756,0.8166,,,,,
Mazama,1,856, cls_6 ,1.113,1097.9835,0.0493,3.1645,,,,,
Mazama,1,861, cls_6 ,1,71.4424,3.1323,0.1021,,,,,
Mazama,1,873, cls_6 ,1.1734,388.6885,0.2535,27.8679,,,,,
Mazama,1,876, cls_6 ,1.1137,1129.6031,0.0401,2.3478,,,,,
Mazama,1,889, cls_6 ,1.1346,191.7,2.2089,0.4083,,,,,
Mazama,1,909, cls_6 ,1.1477,357.2119,0.0969,0.8166,,,,,
Mazama,1,918, cls_6 ,1.0537,357.2119,0.107,0.4083,,,,,
Mazama,1,940, cls_6 ,1.0402,451.8412,1.0794,1.1229,,,,,
Mazama,1,1013, cls_6 ,1.1511,479.25,0.7101,2.2458,,,,,
Mazama,1,1052, cls_6 ,1.1297,1081.1193,0.04,2.9603,,,,,
Mazama,1,1120, cls_6 ,1.0984,1143.078,0.167,8.0643,,,,,
Mazama,1,1156, cls_6 ,1.0819,5572.505,0.0143,0.6125,,,,,
Mazama,1,1309, cls_6 ,1.0473,5572.505,0.0141,0.8166,,,,,
Mazama,1,1414, cls_6 ,1.0654,63.9,4.8126,1.1229,,,,,
Mazama,1,1422, cls_6 ,1.1075,301.4157,0.3486,1.5312,,,,,
Mazama,1,1423, cls_6 ,1.0809,63.9,2.8554,1.9395,,,,,
Mazama,1,1429, cls_6 ,1.0728,131.7332,1.2671,1.5312,,,,,
Mazama,1,1437, cls_6 ,1.1226,131.7332,1.0541,1.7354,,,,,
Mazama,1,1443, cls_6 ,1.0877,186.2989,1.2219,5.2061,,,,,
Mazama,1,1453, cls_6 ,1.0718,63.9,23.3221,2.7562,,,,,
Mazama,1,1468, cls_6 ,1.1294,63.9,7.2415,8.881,,,,,
Mazama,1,1502, cls_6 ,1.1169,589.1289,0.2969,9.1872,,,,,
Mazama,1,82, cls_4 ,1.0805,10027.4656,0.0355,1.4291,,,,,
Mazama,1,360, cls_4 ,1.0819,71.4424,0.2974,0.6125,,,,,
Mazama,1,368, cls_4 ,1,71.4424,1.2993,0.1021,,,,,
Mazama,1,414, cls_4 ,1.0338,95.85,0.8311,0.9187,,,,,
Mazama,1,417, cls_4 ,1.1084,194.3443,0.2882,1.7354,,,,,
Mazama,1,420, cls_4 ,1,95.85,1.712,0.1021,,,,,
Mazama,1,428, cls_4 ,1,63.9,1.8447,0.1021,,,,,
Mazama,1,429, cls_4 ,1,63.9,1.8826,0.1021,,,,,
Mazama,1,436, cls_4 ,1.1239,230.3947,0.2527,2.1437,,,,,
Mazama,1,699, cls_4 ,1.1114,90.3682,59.2488,5.5123,,,,,
Mazama,1,707, cls_4 ,1.1407,90.3682,21.1349,40.6279,,,,,
Mazama,1,733, cls_4 ,1.0867,90.3682,56.7217,8.5747,,,,,
Mazama,1,760, cls_4 ,1.102,3872.282,0.1169,1.8374,,,,,
Mazama,1,809, cls_4 ,1.0283,225.9206,0.259,0.7146,,,,,
Mazama,1,824, cls_4 ,1.0855,90.3682,134.4155,30.2158,,,,,
Mazama,1,827, cls_4 ,1.0473,71.4424,1.631,0.8166,,,,,
Mazama,1,839, cls_4 ,1.0155,71.4424,3.257,0.2042,,,,,
Mazama,1,843, cls_4 ,1.0338,225.9206,0.2223,0.9187,,,,,
Mazama,1,844, cls_4 ,1.1396,95.85,113.5583,10.7184,,,,,
Mazama,1,845, cls_4 ,1.1653,71.4424,178.2185,105.2447,,,,,
Mazama,1,848, cls_4 ,1.1907,71.4424,55.4107,96.67,,,,,
Mazama,1,850, cls_4 ,1.1395,115.1974,1.9513,0.6125,,,,,
Mazama,1,859, cls_4 ,1.1511,115.1974,83.3386,2.2458,,,,,
Mazama,1,869, cls_4 ,1.0632,135.5524,15.0826,7.2477,,,,,
Mazama,1,884, cls_4 ,1.0925,90.3682,118.6492,12.4538,,,,,
Mazama,1,900, cls_4 ,1.0592,95.85,25.6161,4.3895,,,,,
Mazama,1,910, cls_4 ,1.0155,204.5798,1.865,0.2042,,,,,
Mazama,1,926, cls_4 ,1.169,71.4424,234.0675,67.5771,,,,,
Mazama,1,931, cls_4 ,1,204.5798,2.3431,0.1021,,,,,
Mazama,1,934, cls_4 ,1.0582,71.4424,211.5429,3.9811,,,,,
Mazama,1,948, cls_4 ,1.1125,294.5644,1.0223,0.6125,,,,,
Mazama,1,957, cls_4 ,1.1125,90.3682,56.8533,0.6125,,,,,
Mazama,1,958, cls_4 ,1.139,101.0348,100.7964,27.2554,,,,,
Mazama,1,964, cls_4 ,1.1001,303.1043,8.1425,1.6333,,,,,
Mazama,1,971, cls_4 ,1.14,303.1043,12.4387,6.9415,,,,,
Mazama,1,977, cls_4 ,1.1125,3526.2438,0.0419,0.6125,,,,,
Mazama,1,982, cls_4 ,1.1009,135.5524,54.63,13.0663,,,,,
Mazama,1,992, cls_4 ,1.0631,243.324,2.54,0.7146,,,,,
Mazama,1,1004, cls_4 ,1.068,90.3682,86.431,4.8999,,,,,
Mazama,1,1006, cls_4 ,1.161,191.7,2.3078,8.9831,,,,,
Mazama,1,1007, cls_4 ,1.1746,194.3443,27.3885,5.0019,,,,,
Mazama,1,1034, cls_4 ,1.1795,162.9137,38.6669,7.2477,,,,,
Mazama,1,1042, cls_4 ,1.0358,186.2989,14.0659,0.3062,,,,,
Mazama,1,1044, cls_4 ,1.1484,101.0348,11.4632,3.879,,,,,
Mazama,1,1055, cls_4 ,1.1636,71.4424,12.859,9.0851,,,,,
Mazama,1,1058, cls_4 ,1.1712,223.65,2.5669,2.9603,,,,,
Mazama,1,1071, cls_4 ,1.0706,285.7695,3.7133,1.8374,,,,,
Mazama,1,1075, cls_4 ,1.0819,191.7,4.0115,0.6125,,,,,
Mazama,1,1083, cls_4 ,1.1125,71.4424,21.4926,0.6125,,,,,
Mazama,1,1085, cls_4 ,1.0688,101.0348,9.4795,0.5104,,,,,
Mazama,1,1086, cls_4 ,1.0283,71.4424,5.1191,0.7146,,,,,
Mazama,1,1096, cls_4 ,1.1075,71.4424,3.6948,1.5312,,,,,
Mazama,1,1106, cls_4 ,1.0663,101.0348,12.1421,2.552,,,,,
Mazama,1,1114, cls_4 ,1.056,127.8,8.553,2.4499,,,,,
Mazama,1,1123, cls_4 ,1.1125,272.9809,2.1649,0.6125,,,,,
Mazama,1,1132, cls_4 ,1.1173,186.2989,2.4625,9.5955,,,,,
Mazama,1,1142, cls_4 ,1,1234.5275,0.9161,0.1021,,,,,
Mazama,1,1146, cls_4 ,1.1199,101.0348,4.1337,1.0208,,,,,
Mazama,1,1152, cls_4 ,1.1519,101.0348,6.0052,0.9187,,,,,
Mazama,1,1192, cls_4 ,1.0933,416.577,2.0494,1.7354,,,,,
Mazama,1,1211, cls_4 ,1.1057,90.3682,5.0192,6.2269,,,,,
Mazama,1,1235, cls_4 ,1.0663,90.3682,8.9727,2.552,,,,,
Mazama,1,1245, cls_4 ,1.1776,63.9,2.6317,5.8186,,,,,
Mazama,1,1248, cls_4 ,1.0932,71.4424,2.3895,0.7146,,,,,
Mazama,1,1259, cls_4 ,1.1197,71.4424,2.4348,0.7146,,,,,
Mazama,1,1260, cls_4 ,1,63.9,15.4477,0.1021,,,,,
Mazama,1,1263, cls_4 ,1.0465,204.5798,2.2855,0.6125,,,,,
Mazama,1,1267, cls_4 ,1.1536,71.4424,2.4569,4.1853,,,,,
Mazama,1,1278, cls_4 ,1,71.4424,9.7162,0.1021,,,,,
Mazama,1,1330, cls_4 ,1.1536,63.9,1.2468,4.1853,,,,,
Mazama,1,1348, cls_4 ,1.1197,101.0348,4.1789,0.7146,,,,,
Mazama,1,1352, cls_4 ,1.0155,63.9,10.4034,0.2042,,,,,
Mazama,1,1389, cls_4 ,1.0358,745.8803,0.1208,0.3062,,,,,
Mazama,1,132, cls_2 ,1.1398,3110.3288,0.0023,1.327,,,,,
Mazama,1,282, cls_2 ,1.0338,3110.3288,0.002,0.9187,,,,,
Mazama,1,316, cls_2 ,1.0047,63.9,3.852,0.6125,,,,,
Mazama,1,317, cls_2 ,1.0338,63.9,1.778,0.9187,,,,,
Mazama,1,323, cls_2 ,1.1265,71.4424,1.5123,0.8166,,,,,
Mazama,1,337, cls_2 ,1.0764,2794.4837,0.0031,1.0208,,,,,
Mazama,2,1, cls_5 ,1.203,135.5524,4.5143,26.3367,,,,,
Mazama,2,23, cls_5 ,1.1228,2958.9564,0.05,1.5312,,,,,
Mazama,2,28, cls_5 ,1,131.7332,30.2966,0.1021,,,,,
Mazama,2,30, cls_5 ,1.1741,131.7332,4.5345,27.6637,,,,,
Mazama,2,37, cls_5 ,1.1495,4605.2354,0.023,1.225,,,,,
Mazama,2,41, cls_5 ,1.0283,172.056,9.8525,0.7146,,,,,
Mazama,2,83, cls_5 ,1.0909,71.4424,0.2988,0.2042,,,,,
Mazama,2,84, cls_5 ,1,71.4424,0.5006,0.1021,,,,,
Mazama,2,88, cls_5 ,1.0261,940.2207,0.1392,0.5104,,,,,
Mazama,2,2, cls_1 ,1.0493,434.567,3.5447,3.879,,1.071088406,213.2196232,6.92043913,3.213302899
Mazama,2,5, cls_1 ,1.1365,131.7332,3.9693,57.1649,,,,,
Mazama,2,6, cls_1 ,1.0876,71.4424,17.0846,6.5331,,,,,
Mazama,2,8, cls_1 ,1.0155,71.4424,9.8727,0.2042,,,,,
Mazama,2,9, cls_1 ,1.078,71.4424,17.7643,1.225,,,,,
Mazama,2,10, cls_1 ,1.0155,71.4424,5.5239,0.2042,,,,,
Mazama,2,11, cls_1 ,1.0889,71.4424,4.9029,0.9187,,,,,
Mazama,2,14, cls_1 ,1.1599,71.4424,16.5117,1.7354,,,,,
Mazama,2,15, cls_1 ,1.0631,131.7332,33.6963,0.7146,,,,,
Mazama,2,16, cls_1 ,1,2942.1769,0.1046,0.1021,,,,,
Mazama,2,17, cls_1 ,1.0965,71.4424,9.6732,3.3686,,,,,
Mazama,2,19, cls_1 ,1.0473,232.5995,0.495,0.8166,,,,,
Mazama,2,21, cls_1 ,1.0998,63.9,13.2976,2.9603,,,,,
Mazama,2,22, cls_1 ,1.123,131.7332,0.594,1.9395,,,,,
Mazama,2,24, cls_1 ,1.0688,131.7332,1.3436,0.5104,,,,,
Mazama,2,25, cls_1 ,1.0616,416.577,2.72,4.2874,,,,,
Mazama,2,26, cls_1 ,1.0665,101.0348,19.4849,4.0832,,,,,
Mazama,2,27, cls_1 ,1.1806,63.9,10.2029,2.552,,,,,
Mazama,2,31, cls_1 ,1.0358,71.4424,5.0868,0.3062,,,,,
Mazama,2,32, cls_1 ,1.097,101.0348,8.8546,8.6768,,,,,
Mazama,2,33, cls_1 ,1.1297,95.85,2.5331,2.9603,,,,,
Mazama,2,34, cls_1 ,1.0545,589.1289,0.247,2.8582,,,,,
Mazama,2,35, cls_1 ,1.0358,71.4424,5.5515,0.3062,,,,,
Mazama,2,39, cls_1 ,1.0219,162.9137,6.3426,1.327,,,,,
Mazama,2,40, cls_1 ,1.0746,95.85,6.0459,8.5747,,,,,
Mazama,2,42, cls_1 ,1.078,159.75,2.6007,1.225,,,,,
Mazama,2,43, cls_1 ,1.035,101.0348,4.8766,3.4707,,,,,
Mazama,2,45, cls_1 ,1.0509,180.7365,4.6142,1.0208,,,,,
Mazama,2,46, cls_1 ,1.0366,95.85,14.2943,2.1437,,,,,
Mazama,2,47, cls_1 ,1.0932,180.7365,6.3594,0.7146,,,,,
Mazama,2,48, cls_1 ,1.1085,194.3443,2.5328,1.1229,,,,,
Mazama,2,49, cls_1 ,1.078,194.3443,1.9695,1.225,,,,,
Mazama,2,50, cls_1 ,1.0799,457.4544,0.3074,2.2458,,,,,
Mazama,2,51, cls_1 ,1.067,63.9,5.9677,6.4311,,,,,
Mazama,2,52, cls_1 ,1.1166,344.112,1.7565,3.0624,,,,,
Mazama,2,53, cls_1 ,1.0529,249.5375,1.1305,1.8374,,,,,
Mazama,2,54, cls_1 ,1.102,63.9,35.1512,1.8374,,,,,
Mazama,2,55, cls_1 ,1.1125,457.4544,0.4124,0.6125,,,,,
Mazama,2,56, cls_1 ,1.0545,90.3682,2.5406,2.8582,,,,,
Mazama,2,57, cls_1 ,1.0155,63.9,20.6231,0.2042,,,,,
Mazama,2,58, cls_1 ,1.1642,249.5375,0.9732,1.8374,,,,,
Mazama,2,59, cls_1 ,1.1058,63.9,10.0638,14.0871,,,,,
Mazama,2,60, cls_1 ,1.0473,127.8,3.1099,0.8166,,,,,
Mazama,2,61, cls_1 ,1.1582,63.9,6.1267,13.6788,,,,,
Mazama,2,62, cls_1 ,1.0386,127.8,2.8551,1.4291,,,,,
Mazama,2,63, cls_1 ,1.0631,63.9,36.0506,0.7146,,,,,
Mazama,2,64, cls_1 ,1.0537,63.9,3.8215,0.4083,,,,,
Mazama,2,65, cls_1 ,1.063,63.9,5.5242,0.9187,,,,,
Mazama,2,66, cls_1 ,1.0769,255.6,2.3119,0.8166,,,,,
Mazama,2,67, cls_1 ,1.022,115.1974,11.8264,1.0208,,,,,
Mazama,2,68, cls_1 ,1.0805,127.8,11.7355,1.4291,,,,,
Mazama,2,69, cls_1 ,1.083,634.1894,0.4191,3.4707,,,,,
Mazama,2,70, cls_1 ,1.0401,95.85,7.374,2.4499,,,,,
Mazama,2,71, cls_1 ,1.0473,429.8433,1.0123,0.8166,,,,,
Mazama,2,72, cls_1 ,1.0722,71.4424,14.4898,4.6957,,,,,
Mazama,2,73, cls_1 ,1.0904,95.85,16.9587,3.5728,,,,,
Mazama,2,74, cls_1 ,1.0509,95.85,3.6346,1.0208,,,,,
Mazama,2,75, cls_1 ,1.1233,71.4424,11.4652,4.5936,,,,,
Mazama,2,76, cls_1 ,1.1137,95.85,2.722,2.3478,,,,,
Mazama,2,77, cls_1 ,1.1268,451.8412,0.7756,3.5728,,,,,
Mazama,2,78, cls_1 ,1.078,71.4424,1.8202,1.225,,,,,
Mazama,2,79, cls_1 ,1,71.4424,3.4926,0.1021,,,,,
Mazama,2,80, cls_1 ,1.1107,243.324,1.3145,4.4915,,,,,
Mazama,2,81, cls_1 ,1.0306,471.7361,1.0976,1.225,,,,,
Mazama,2,82, cls_1 ,1.0155,159.75,1.6534,0.2042,,,,,
Mazama,2,85, cls_1 ,1,71.4424,1.326,0.1021,,,,,
Mazama,2,86, cls_1 ,1,71.4424,1.2189,0.1021,,,,,
Mazama,2,87, cls_1 ,1,243.324,1.2628,0.9187,,,,,
Mazama,2,89, cls_1 ,1.0805,575.9868,0.4896,1.4291,,,,,
Mazama,2,3, cls_3 ,1.124,71.4424,1426.4776,27.2554,,,,,
Mazama,2,4, cls_3 ,1.2024,71.4424,267.8112,1447.8042,,,,,
Mazama,2,7, cls_3 ,1.0588,63.9,1092.2654,13.0663,,,,,
Mazama,2,12, cls_3 ,1.0358,63.9,599.8606,0.3062,,,,,
Mazama,2,13, cls_3 ,1.0986,71.4424,2836.6346,89.014,,,,,
Mazama,2,18, cls_3 ,1.0916,71.4424,621.7032,3.879,,,,,
Mazama,2,20, cls_3 ,1.115,71.4424,2836.6685,6.4311,,,,,
Mazama,2,38, cls_3 ,1.1172,90.3682,1773.3243,34.8094,,,,,
Mazama,2,29, cls_6 ,1.0261,131.7332,1.0543,0.5104,,,,,
Mazama,2,36, cls_6 ,1.1296,90.3682,3.4191,1.6333,,,,,
Mazama,2,44, cls_6 ,1.1554,90.3682,2.0226,2.552,,,,,
Mazama,3,1, cls_5 ,1.2718,131.7332,0.1182,25.1117,,,,,
Mazama,3,4, cls_5 ,1.0261,614.5705,0.6749,0.5104,,,,,
Mazama,3,13, cls_5 ,1,131.7332,14.5259,0.1021,,,,,
Mazama,3,16, cls_5 ,1,101.0348,1.0837,0.1021,,,,,
Mazama,3,19, cls_5 ,1,101.0348,1.1803,0.1021,,,,,
Mazama,3,21, cls_5 ,1.0975,71.4424,1.1207,0.4083,,,,,
Mazama,3,22, cls_5 ,1.0155,71.4424,1.6493,0.2042,,,,,
Mazama,3,25, cls_5 ,1.0155,71.4424,1.1581,0.2042,,,,,
Mazama,3,29, cls_5 ,1,71.4424,1.0718,0.1021,,,,,
Mazama,3,30, cls_5 ,1.0155,71.4424,1.0908,0.2042,,,,,
Mazama,3,31, cls_5 ,1.2029,63.9,3.0543,2.552,,,,,
Mazama,3,32, cls_5 ,1.0914,71.4424,0.8442,0.3062,,,,,
Mazama,3,33, cls_5 ,1,95.85,0.6643,0.1021,,,,,
Mazama,3,36, cls_5 ,1.167,63.9,7.9614,0.8166,,,,,
Mazama,3,37, cls_5 ,1,162.9137,0.3958,0.1021,,,,,
Mazama,3,38, cls_5 ,1,101.0348,0.5133,0.1021,,,,,
Mazama,3,40, cls_5 ,1,101.0348,0.6708,0.1021,,,,,
Mazama,3,42, cls_5 ,1.0537,71.4424,5.2102,0.4083,,,,,
Mazama,3,44, cls_5 ,1.1862,101.0348,1.4896,1.5312,,,,,
Mazama,3,50, cls_5 ,1.0537,63.9,2.2595,0.4083,,,,,
Mazama,3,51, cls_5 ,1.0537,63.9,3.4095,0.4083,,,,,
Mazama,3,53, cls_5 ,1.0889,71.4424,3.8025,0.9187,,,,,
Mazama,3,55, cls_5 ,1.0909,127.8,1.4527,0.2042,,,,,
Mazama,3,59, cls_5 ,1.1761,71.4424,2.771,2.6541,,,,,
Mazama,3,67, cls_5 ,1.1125,71.4424,10.9711,0.6125,,,,,
Mazama,3,72, cls_5 ,1.1965,71.4424,2.6829,2.8582,,,,,
Mazama,3,77, cls_5 ,1.2144,63.9,6.1155,6.8394,,,,,
Mazama,3,78, cls_5 ,1.0155,95.85,8.1018,0.2042,,,,,
Mazama,3,83, cls_5 ,1.0909,71.4424,7.0893,0.2042,,,,,
Mazama,3,88, cls_5 ,1.1957,63.9,17.6098,2.2458,,,,,
Mazama,3,96, cls_5 ,1,63.9,7.1093,0.1021,,,,,
Mazama,3,100, cls_5 ,1,71.4424,2.6214,0.1021,,,,,
Mazama,3,101, cls_5 ,1.0689,95.85,1.4888,1.327,,,,,
Mazama,3,102, cls_5 ,1.0537,71.4424,1.2544,0.4083,,,,,
Mazama,3,104, cls_5 ,1,71.4424,2.0434,0.1021,,,,,
Mazama,3,108, cls_5 ,1.0631,63.9,1.4089,0.7146,,,,,
Mazama,3,109, cls_5 ,1.0155,63.9,3.8106,0.2042,,,,,
Mazama,3,113, cls_5 ,1.112,71.4424,2.0968,0.9187,,,,,
Mazama,3,116, cls_5 ,1.1395,63.9,2.6513,0.6125,,,,,
Mazama,3,118, cls_5 ,1.0155,63.9,2.7719,0.2042,,,,,
Mazama,3,121, cls_5 ,1.0688,71.4424,0.817,0.5104,,,,,
Mazama,3,124, cls_5 ,1.1125,1263.9446,0.1107,0.6125,,,,,
Mazama,3,152, cls_5 ,1.1271,159.75,0.1478,1.1229,,,,,
Mazama,3,154, cls_5 ,1.0819,1088.1778,0.1154,0.6125,,,,,
Mazama,3,156, cls_5 ,1.0179,607.05,0.0716,1.7354,,,,,
Mazama,3,157, cls_5 ,1,159.75,0.5575,0.1021,,,,,
Mazama,3,158, cls_5 ,1,186.2989,0.2794,0.1021,,,,,
Mazama,3,159, cls_5 ,1,71.4424,0.7417,0.1021,,,,,
Mazama,3,160, cls_5 ,1,71.4424,1.391,0.1021,,,,,
Mazama,3,165, cls_5 ,1.2157,71.4424,2.3848,1.4291,,,,,
Mazama,3,169, cls_5 ,1.112,607.05,0.0892,0.9187,,,,,
Mazama,3,171, cls_5 ,1.2018,71.4424,2.8784,1.1229,,,,,
Mazama,3,200, cls_5 ,1.0819,325.8273,0.185,0.6125,,,,,
Mazama,3,203, cls_5 ,1,115.1974,0.5259,0.1021,,,,,
Mazama,3,204, cls_5 ,1.0358,115.1974,0.4974,0.3062,,,,,
Mazama,3,207, cls_5 ,1.0863,836.2115,0.0531,4.0832,,,,,
Mazama,3,214, cls_5 ,1.2071,71.4424,1.1116,2.0416,,,,,
Mazama,3,230, cls_5 ,1,71.4424,6.5392,0.1021,,,,,
Mazama,3,235, cls_5 ,1.1989,90.3682,0.9691,2.0416,,,,,
Mazama,3,244, cls_5 ,1.0358,255.6,0.2615,0.3062,,,,,
Mazama,3,245, cls_5 ,1.1167,255.6,0.137,1.225,,,,,
Mazama,3,252, cls_5 ,1,373.9652,0.1193,0.1021,,,,,
Mazama,3,254, cls_5 ,1.0402,821.432,0.0499,1.1229,,,,,
Mazama,3,259, cls_5 ,1,272.9809,0.1081,0.1021,,,,,
Mazama,3,264, cls_5 ,1,101.0348,0.2206,0.1021,,,,,
Mazama,3,268, cls_5 ,1,101.0348,0.2444,0.1021,,,,,
Mazama,3,272, cls_5 ,1.1477,159.75,0.2735,0.8166,,,,,
Mazama,3,276, cls_5 ,1.0909,63.9,1.0707,0.2042,,,,,
Mazama,3,279, cls_5 ,1,63.9,2.0482,0.1021,,,,,
Mazama,3,281, cls_5 ,1.1125,63.9,3.229,0.6125,,,,,
Mazama,3,283, cls_5 ,1.1443,63.9,2.0331,1.1229,,,,,
Mazama,3,288, cls_5 ,1,71.4424,3.1382,0.1021,,,,,
Mazama,3,289, cls_5 ,1.0261,1243.1794,0.0321,0.5104,,,,,
Mazama,3,290, cls_5 ,1.1346,71.4424,1.1207,0.4083,,,,,
Mazama,3,299, cls_5 ,1.1395,142.8847,0.3376,0.6125,,,,,
Mazama,3,318, cls_5 ,1.1085,646.9382,0.0579,1.1229,,,,,
Mazama,3,340, cls_5 ,1.0889,646.9382,0.0435,0.9187,,,,,
Mazama,3,363, cls_5 ,1.0701,2687.6009,0.0217,2.1437,,,,,
Mazama,3,426, cls_5 ,1.0728,3000.5796,0.0113,1.5312,,,,,
Mazama,3,2, cls_3 ,1.3063,63.9,115.7552,8534.6235,,,,,
Mazama,3,3, cls_3 ,1,71.4424,16721.4291,0.1021,,,,,
Mazama,3,24, cls_3 ,1.0283,71.4424,16722.2546,0.7146,,,,,
Mazama,3,28, cls_3 ,1.0338,63.9,20902.7542,0.9187,,,,,
Mazama,3,49, cls_3 ,1.0739,186.2989,643.8401,5.5123,,,,,
Mazama,3,54, cls_3 ,1.0465,63.9,20901.7969,0.6125,,,,,
Mazama,3,65, cls_3 ,1.0706,186.2989,741.5287,1.8374,,,,,
Mazama,3,125, cls_3 ,1.0556,63.9,20901.8329,1.225,,,,,
Mazama,3,140, cls_3 ,1.0338,90.3682,10450.942,0.9187,,,,,
Mazama,3,144, cls_3 ,1.0583,95.85,9289.7915,2.7562,,,,,
Mazama,3,147, cls_3 ,1.0993,71.4424,16721.6067,1.0208,,,,,
Mazama,3,149, cls_3 ,1.0909,63.9,20901.8919,0.2042,,,,,
Mazama,3,150, cls_3 ,1.1251,71.4424,16721.4955,2.3478,,,,,
Mazama,3,162, cls_3 ,1.1362,63.9,20902.0811,0.5104,,,,,
Mazama,3,166, cls_3 ,1,71.4424,3345.412,0.1021,,,,,
Mazama,3,172, cls_3 ,1.1041,63.9,20901.9361,8.0643,,,,,
Mazama,3,175, cls_3 ,1.1127,71.4424,16721.5008,11.5351,,,,,
Mazama,3,180, cls_3 ,1.1761,115.1974,4181.2381,2.6541,,,,,
Mazama,3,189, cls_3 ,1.0769,71.4424,16721.6661,1.7354,,,,,
Mazama,3,191, cls_3 ,1.1167,90.3682,10451.5333,1.225,,,,,
Mazama,3,192, cls_3 ,1.1265,115.1974,1308.5365,0.8166,,,,,
Mazama,3,212, cls_3 ,1.1585,95.85,9289.9202,5.0019,,,,,
Mazama,3,215, cls_3 ,1.0155,71.4424,16721.7003,0.2042,,,,,
Mazama,3,221, cls_3 ,1.0889,63.9,20906.8494,2.3478,,,,,
Mazama,3,229, cls_3 ,1.0688,63.9,20903.3631,0.5104,,,,,
Mazama,3,238, cls_3 ,1.1449,127.8,567.021,7.9623,,,,,
Mazama,3,248, cls_3 ,1.0688,63.9,20901.798,0.5104,,,,,
Mazama,3,253, cls_3 ,1.0283,135.5524,1147.5644,0.7146,,,,,
Mazama,3,258, cls_3 ,1.1085,172.056,2883.7041,1.1229,,,,,
Mazama,3,260, cls_3 ,1.0311,127.8,5225.6421,1.5312,,,,,
Mazama,3,261, cls_3 ,1.0471,131.7332,579.5437,1.9395,,,,,
Mazama,3,269, cls_3 ,1.1032,63.9,789.0186,3.4707,,,,,
Mazama,3,275, cls_3 ,1.1265,115.1974,6432.2675,0.8166,,,,,
Mazama,3,277, cls_3 ,1,63.9,677.3767,0.1021,,,,,
Mazama,3,278, cls_3 ,1.1167,131.7332,1046.9596,1.225,,,,,
Mazama,3,328, cls_3 ,1.0688,71.4424,16721.4248,0.5104,,,,,
Mazama,3,344, cls_3 ,1.0635,63.9,20901.8015,3.777,,,,,
Mazama,3,346, cls_3 ,1.0155,63.9,20901.7681,0.2042,,,,,
Mazama,3,370, cls_3 ,1.0468,101.0348,8360.739,3.9811,,,,,
Mazama,3,407, cls_3 ,1.088,63.9,20901.8006,1.1229,,,,,
Mazama,3,415, cls_3 ,1.0473,95.85,9289.7339,0.8166,,,,,
Mazama,3,416, cls_3 ,1.11,131.7332,4918.0951,4.1853,,,,,
Mazama,3,427, cls_3 ,1.0722,90.3682,10451.0528,4.6957,,,,,
Mazama,3,429, cls_3 ,1.1154,95.85,9290.1722,1.4291,,,,,
Mazama,3,430, cls_3 ,1.0465,127.8,5226.6309,0.6125,,,,,
Mazama,3,5, cls_1 ,1.1565,95.85,540.2105,2.1437,,,,,
Mazama,3,6, cls_1 ,1,434.567,4.2838,0.1021,,,,,
Mazama,3,7, cls_1 ,1.0654,95.85,10.8426,1.1229,,,,,
Mazama,3,8, cls_1 ,1.1644,63.9,12.6186,4.4915,,,,,
Mazama,3,9, cls_1 ,1.1443,159.75,9.5379,1.1229,,,,,
Mazama,3,10, cls_1 ,1.2508,63.9,751.965,495.5996,,,,,
Mazama,3,11, cls_1 ,1.0283,63.9,18.9717,0.7146,,,,,
Mazama,3,12, cls_1 ,1.0155,63.9,1215.609,0.2042,,,,,
Mazama,3,14, cls_1 ,1.0358,232.5995,5.552,0.3062,,,,,
Mazama,3,15, cls_1 ,1.0819,71.4424,972.0962,0.6125,,,,,
Mazama,3,17, cls_1 ,1.1388,214.3271,6.3979,1.0208,,,,,
Mazama,3,18, cls_1 ,1.0465,101.0348,14.4368,0.6125,,,,,
Mazama,3,20, cls_1 ,1.0975,159.75,11.1809,0.4083,,,,,
Mazama,3,23, cls_1 ,1.0887,131.7332,27.0908,2.9603,,,,,
Mazama,3,26, cls_1 ,1.1085,214.3271,6.5336,1.1229,,,,,
Mazama,3,27, cls_1 ,1.0764,95.85,27.1046,1.0208,,,,,
Mazama,3,34, cls_1 ,1.0654,263.4664,6.1592,1.1229,,,,,
Mazama,3,35, cls_1 ,1.085,115.1974,14.135,2.1437,,,,,
Mazama,3,39, cls_1 ,1.0283,95.85,45.3901,0.7146,,,,,
Mazama,3,41, cls_1 ,1.1226,115.1974,11.4562,1.7354,,,,,
Mazama,3,43, cls_1 ,1.1372,115.1974,15.7551,6.1248,,,,,
Mazama,3,47, cls_1 ,1.1117,352.8993,3.7394,2.1437,,,,,
Mazama,3,52, cls_1 ,1.1818,90.3682,39.1539,9.5955,,,,,
Mazama,3,56, cls_1 ,1.0899,194.3443,14.0655,4.6957,,,,,
Mazama,3,57, cls_1 ,1.0358,71.4424,198.2733,0.3062,,,,,
Mazama,3,61, cls_1 ,1,71.4424,122.9395,0.1021,,,,,
Mazama,3,62, cls_1 ,1.0654,90.3682,609.7651,1.1229,,,,,
Mazama,3,63, cls_1 ,1.0631,101.0348,20.7216,0.7146,,,,,
Mazama,3,64, cls_1 ,1.0648,460.7895,35.6403,4.5936,,,,,
Mazama,3,66, cls_1 ,1.0465,71.4424,7.8962,0.6125,,,,,
Mazama,3,68, cls_1 ,1.0283,230.3947,95.7043,0.7146,,,,,
Mazama,3,69, cls_1 ,1.0509,101.0348,33.3194,1.0208,,,,,
Mazama,3,70, cls_1 ,1.0688,204.5798,77.5727,0.5104,,,,,
Mazama,3,71, cls_1 ,1.126,115.1974,15.9107,3.0624,,,,,
Mazama,3,73, cls_1 ,1.0943,314.671,8.2931,3.777,,,,,
Mazama,3,74, cls_1 ,1.063,71.4424,13.2901,0.9187,,,,,
Mazama,3,76, cls_1 ,1,71.4424,975.654,0.1021,,,,,
Mazama,3,79, cls_1 ,1.1103,71.4424,11.6901,2.9603,,,,,
Mazama,3,80, cls_1 ,1.1125,63.9,36.6727,3.4707,,,,,
Mazama,3,81, cls_1 ,1.085,255.6,9.8301,2.1437,,,,,
Mazama,3,82, cls_1 ,1.0631,204.5798,99.0449,0.7146,,,,,
Mazama,3,84, cls_1 ,1.0509,71.4424,19.4551,1.0208,,,,,
Mazama,3,85, cls_1 ,1.1273,63.9,1361.3053,8.2685,,,,,
Mazama,3,86, cls_1 ,1.1298,63.9,20.1811,10.5143,,,,,
Mazama,3,87, cls_1 ,1.1115,159.75,38.4137,4.7978,,,,,
Mazama,3,89, cls_1 ,1.096,159.75,72.0229,1.9395,,,,,
Mazama,3,90, cls_1 ,1.0155,63.9,1216.5789,0.2042,,,,,
Mazama,3,91, cls_1 ,1.2336,63.9,1185.8715,549.6001,,,,,
Mazama,3,92, cls_1 ,1.0975,71.4424,23.2031,0.4083,,,,,
Mazama,3,93, cls_1 ,1,186.2989,144.5377,0.1021,,,,,
Mazama,3,95, cls_1 ,1.1199,63.9,29.4138,1.0208,,,,,
Mazama,3,97, cls_1 ,1,63.9,31.2569,0.1021,,,,,
Mazama,3,98, cls_1 ,1.1743,63.9,135.777,3.6749,,,,,
Mazama,3,99, cls_1 ,1.088,90.3682,32.0625,1.1229,,,,,
Mazama,3,103, cls_1 ,1.118,95.85,7.1793,4.1853,,,,,
Mazama,3,105, cls_1 ,1.089,95.85,8.8332,1.327,,,,,
Mazama,3,106, cls_1 ,1.0509,159.75,46.4092,1.0208,,,,,
Mazama,3,107, cls_1 ,1.0819,63.9,1215.8089,0.6125,,,,,
Mazama,3,110, cls_1 ,1.0582,95.85,22.889,3.9811,,,,,
Mazama,3,111, cls_1 ,1.1008,63.9,109.4523,5.7165,,,,,
Mazama,3,112, cls_1 ,1.0785,294.5644,102.4855,5.7165,,,,,
Mazama,3,114, cls_1 ,1.1388,186.2989,4.9399,1.0208,,,,,
Mazama,3,115, cls_1 ,1.0937,63.9,28.0719,2.2458,,,,,
Mazama,3,119, cls_1 ,1.0654,63.9,1087.5668,1.1229,,,,,
Mazama,3,120, cls_1 ,1.067,63.9,1350.071,6.4311,,,,,
Mazama,3,122, cls_1 ,1.0283,63.9,17.9722,0.7146,,,,,
Mazama,3,123, cls_1 ,1.1046,63.9,1353.0364,2.552,,,,,
Mazama,3,126, cls_1 ,1.0992,63.9,13.5768,5.4103,,,,,
Mazama,3,127, cls_1 ,1.0465,287.55,14.3131,0.6125,,,,,
Mazama,3,128, cls_1 ,1.0155,63.9,46.5247,0.2042,,,,,
Mazama,3,129, cls_1 ,1.0631,63.9,1354.2417,0.7146,,,,,
Mazama,3,130, cls_1 ,1.1662,71.4424,222.7542,4.8999,,,,,
Mazama,3,131, cls_1 ,1.1009,191.7,4.3649,9.7997,,,,,
Mazama,3,132, cls_1 ,1.0605,95.85,12.907,4.7978,,,,,
Mazama,3,133, cls_1 ,1.1239,127.8,10.5896,2.1437,,,,,
Mazama,3,134, cls_1 ,1.0155,63.9,13.8738,0.2042,,,,,
Mazama,3,135, cls_1 ,1.0465,202.0695,140.9833,0.6125,,,,,
Mazama,3,136, cls_1 ,1.063,243.324,2.7445,0.9187,,,,,
Mazama,3,137, cls_1 ,1.0889,63.9,17.5666,0.9187,,,,,
Mazama,3,138, cls_1 ,1.0155,63.9,1349.3295,0.2042,,,,,
Mazama,3,139, cls_1 ,1.0654,71.4424,38.1775,1.1229,,,,,
Mazama,3,141, cls_1 ,1.1667,225.9206,99.0491,0.4083,,,,,
Mazama,3,142, cls_1 ,1.1609,142.8847,11.6123,4.3895,,,,,
Mazama,3,145, cls_1 ,1.0689,115.1974,26.9233,1.327,,,,,
Mazama,3,146, cls_1 ,1.1322,63.9,1351.7882,2.6541,,,,,
Mazama,3,148, cls_1 ,1.0261,90.3682,639.9133,0.5104,,,,,
Mazama,3,151, cls_1 ,1.088,127.8,3.7121,1.1229,,,,,
Mazama,3,153, cls_1 ,1.0465,127.8,4.6521,0.6125,,,,,
Mazama,3,155, cls_1 ,1.0556,191.7,7.4366,1.225,,,,,
Mazama,3,161, cls_1 ,1.1257,516.168,3.5832,4.1853,,,,,
Mazama,3,163, cls_1 ,1.1095,71.4424,1188.2497,8.0643,,,,,
Mazama,3,167, cls_1 ,1.0477,90.3682,734.622,2.6541,,,,,
Mazama,3,168, cls_1 ,1.1811,225.9206,90.7304,119.536,,,,,
Mazama,3,170, cls_1 ,1.0155,71.4424,184.8539,0.2042,,,,,
Mazama,3,173, cls_1 ,1.176,71.4424,1094.9333,5.4103,,,,,
Mazama,3,174, cls_1 ,1.0311,142.8847,144.93,1.5312,,,,,
Mazama,3,176, cls_1 ,1,204.5798,117.8723,0.1021,,,,,
Mazama,3,177, cls_1 ,1,71.4424,975.888,0.1021,,,,,
Mazama,3,178, cls_1 ,1.0261,90.3682,717.0771,0.5104,,,,,
Mazama,3,179, cls_1 ,1.1093,131.7332,106.713,4.8999,,,,,
Mazama,3,181, cls_1 ,1.0836,172.056,216.2767,1.6333,,,,,
Mazama,3,182, cls_1 ,1.1477,71.4424,65.373,0.8166,,,,,
Mazama,3,183, cls_1 ,1.0819,142.8847,132.513,0.6125,,,,,
Mazama,3,184, cls_1 ,1,63.9,173.4672,0.1021,,,,,
Mazama,3,185, cls_1 ,1.0909,127.8,307.0214,0.2042,,,,,
Mazama,3,186, cls_1 ,1.1085,225.9206,27.4652,1.1229,,,,,
Mazama,3,187, cls_1 ,1.0465,63.9,113.4331,0.6125,,,,,
Mazama,3,190, cls_1 ,1.0654,101.0348,175.1132,1.1229,,,,,
Mazama,3,194, cls_1 ,1.078,90.3682,55.3066,1.225,,,,,
Mazama,3,195, cls_1 ,1.0155,159.75,197.8198,0.2042,,,,,
Mazama,3,197, cls_1 ,1.102,101.0348,136.1616,25.0097,,,,,
Mazama,3,198, cls_1 ,1.0155,63.9,90.8089,0.2042,,,,,
Mazama,3,201, cls_1 ,1.1559,63.9,1166.5048,11.6371,,,,,
Mazama,3,202, cls_1 ,1.0889,101.0348,348.1668,0.9187,,,,,
Mazama,3,205, cls_1 ,1.1991,63.9,822.7246,373.92,,,,,
Mazama,3,206, cls_1 ,1.1874,63.9,236.138,154.7537,,,,,
Mazama,3,210, cls_1 ,1.0937,202.0695,7.3708,2.2458,,,,,
Mazama,3,211, cls_1 ,1.1631,445.012,3.2167,1.5312,,,,,
Mazama,3,213, cls_1 ,1.102,90.3682,470.2144,1.8374,,,,,
Mazama,3,216, cls_1 ,1.1258,180.7365,136.646,12.3517,,,,,
Mazama,3,217, cls_1 ,1.0622,90.3682,486.9815,18.2724,,,,,
Mazama,3,220, cls_1 ,1.0702,63.9,155.4415,11.5351,,,,,
Mazama,3,222, cls_1 ,1.0819,127.8,241.1023,0.6125,,,,,
Mazama,3,223, cls_1 ,1.1395,445.012,2.4105,0.6125,,,,,
Mazama,3,224, cls_1 ,1.2025,63.9,107.7629,60.8398,,,,,
Mazama,3,225, cls_1 ,1.078,90.3682,92.7741,1.225,,,,,
Mazama,3,226, cls_1 ,1.0155,71.4424,82.1814,0.2042,,,,,
Mazama,3,228, cls_1 ,1.0155,71.4424,75.8588,0.2042,,,,,
Mazama,3,231, cls_1 ,1,63.9,402.5765,0.1021,,,,,
Mazama,3,233, cls_1 ,1.1584,63.9,71.4056,5.8186,,,,,
Mazama,3,237, cls_1 ,1.1649,63.9,38.644,6.8394,,,,,
Mazama,3,239, cls_1 ,1.112,71.4424,3.3835,0.9187,,,,,
Mazama,3,241, cls_1 ,1.0631,71.4424,3.6161,0.7146,,,,,
Mazama,3,246, cls_1 ,1.0155,63.9,42.295,0.2042,,,,,
Mazama,3,247, cls_1 ,1.151,90.3682,39.7805,2.6541,,,,,
Mazama,3,250, cls_1 ,1.096,287.55,3.427,1.9395,,,,,
Mazama,3,251, cls_1 ,1.0155,63.9,47.7174,0.2042,,,,,
Mazama,3,255, cls_1 ,1.1847,101.0348,105.161,26.0305,,,,,
Mazama,3,256, cls_1 ,1.1412,90.3682,380.5429,2.4499,,,,,
Mazama,3,262, cls_1 ,1.0556,71.4424,311.6,1.225,,,,,
Mazama,3,263, cls_1 ,1.0261,101.0348,161.2699,0.5104,,,,,
Mazama,3,265, cls_1 ,1.0769,232.5995,31.5721,1.7354,,,,,
Mazama,3,266, cls_1 ,1.0631,63.9,923.6717,0.7146,,,,,
Mazama,3,267, cls_1 ,1.1638,162.9137,23.6037,0.5104,,,,,
Mazama,3,270, cls_1 ,1.0358,263.4664,1.8082,0.3062,,,,,
Mazama,3,271, cls_1 ,1.1682,214.3271,6.0002,1.9395,,,,,
Mazama,3,273, cls_1 ,1.1372,63.9,2.184,1.5312,,,,,
Mazama,3,280, cls_1 ,1.0909,63.9,5.3355,0.2042,,,,,
Mazama,3,282, cls_1 ,1.0869,223.65,6.0456,1.8374,,,,,
Mazama,3,284, cls_1 ,1.0999,131.7332,8.2741,9.9018,,,,,
Mazama,3,286, cls_1 ,1.1116,115.1974,4.1632,2.6541,,,,,
Mazama,3,291, cls_1 ,1.1353,63.9,5.7982,1.9395,,,,,
Mazama,3,292, cls_1 ,1.1548,63.9,117.6262,170.2699,,,,,
Mazama,3,293, cls_1 ,1.0769,257.5891,35.919,1.7354,,,,,
Mazama,3,294, cls_1 ,1.1429,115.1974,5.2214,1.6333,,,,,
Mazama,3,295, cls_1 ,1.0631,142.8847,4.2162,0.7146,,,,,
Mazama,3,296, cls_1 ,1.1409,71.4424,5.0287,2.2458,,,,,
Mazama,3,297, cls_1 ,1.1199,95.85,7.6555,1.0208,,,,,
Mazama,3,298, cls_1 ,1.1592,71.4424,753.8632,33.074,,,,,
Mazama,3,300, cls_1 ,1.1309,63.9,14.7322,1.4291,,,,,
Mazama,3,301, cls_1 ,1.0647,186.2989,10.774,1.9395,,,,,
Mazama,3,303, cls_1 ,1.189,71.4424,5.6305,4.1853,,,,,
Mazama,3,304, cls_1 ,1.1476,142.8847,3.2218,4.6957,,,,,
Mazama,3,305, cls_1 ,1.1434,71.4424,7.6807,0.7146,,,,,
Mazama,3,306, cls_1 ,1.1776,95.85,7.2141,3.3686,,,,,
Mazama,3,307, cls_1 ,1.0819,127.8,11.4894,0.6125,,,,,
Mazama,3,308, cls_1 ,1.112,202.0695,80.3254,0.9187,,,,,
Mazama,3,309, cls_1 ,1,71.4424,19.9859,0.1021,,,,,
Mazama,3,310, cls_1 ,1.0688,90.3682,6.563,0.5104,,,,,
Mazama,3,312, cls_1 ,1.1509,71.4424,24.8726,2.4499,,,,,
Mazama,3,313, cls_1 ,1.1346,101.0348,30.3237,0.4083,,,,,
Mazama,3,314, cls_1 ,1.1144,191.7,43.9637,5.0019,,,,,
Mazama,3,315, cls_1 ,1.0706,255.6,31.364,1.8374,,,,,
Mazama,3,316, cls_1 ,1.0926,127.8,12.3956,2.552,,,,,
Mazama,3,317, cls_1 ,1.0869,95.85,55.1134,1.8374,,,,,
Mazama,3,319, cls_1 ,1.0359,186.2989,11.0438,5.0019,,,,,
Mazama,3,320, cls_1 ,1.0971,194.3443,75.4234,2.4499,,,,,
Mazama,3,321, cls_1 ,1,63.9,924.3923,0.1021,,,,,
Mazama,3,323, cls_1 ,1,63.9,63.5502,0.1021,,,,,
Mazama,3,324, cls_1 ,1,101.0348,25.7385,0.1021,,,,,
Mazama,3,325, cls_1 ,1.1289,95.85,6.4557,3.777,,,,,
Mazama,3,326, cls_1 ,1.078,71.4424,341.6061,1.225,,,,,
Mazama,3,327, cls_1 ,1.1075,63.9,304.1374,1.5312,,,,,
Mazama,3,329, cls_1 ,1.0921,202.0695,91.5023,17.0474,,,,,
Mazama,3,330, cls_1 ,1.0819,243.324,3.053,0.6125,,,,,
Mazama,3,331, cls_1 ,1.1328,142.8847,17.2137,0.9187,,,,,
Mazama,3,332, cls_1 ,1.0473,243.324,3.0141,0.8166,,,,,
Mazama,3,333, cls_1 ,1.0473,71.4424,5.318,0.8166,,,,,
Mazama,3,335, cls_1 ,1.1296,63.9,39.9588,117.6985,,,,,
Mazama,3,336, cls_1 ,1.1125,142.8847,32.2094,0.6125,,,,,
Mazama,3,337, cls_1 ,1.1001,243.324,3.5561,1.6333,,,,,
Mazama,3,338, cls_1 ,1.0889,71.4424,4.9079,0.9187,,,,,
Mazama,3,339, cls_1 ,1.082,186.2989,51.1558,6.4311,,,,,
Mazama,3,341, cls_1 ,1.0975,71.4424,113.6992,0.4083,,,,,
Mazama,3,342, cls_1 ,1.0819,142.8847,26.2211,0.6125,,,,,
Mazama,3,343, cls_1 ,1.0465,257.5891,32.296,0.6125,,,,,
Mazama,3,345, cls_1 ,1.1369,344.112,15.696,0.3062,,,,,
Mazama,3,348, cls_1 ,1.0155,71.4424,358.5534,0.2042,,,,,
Mazama,3,349, cls_1 ,1.1969,71.4424,64.6342,177.5176,,,,,
Mazama,3,350, cls_1 ,1.1561,95.85,8.7264,3.1645,,,,,
Mazama,3,351, cls_1 ,1.1606,159.75,35.5124,8.3706,,,,,
Mazama,3,352, cls_1 ,1.0465,95.85,7.0074,0.6125,,,,,
Mazama,3,353, cls_1 ,1.1438,95.85,136.4702,14.4954,,,,,
Mazama,3,354, cls_1 ,1.0467,95.85,8.112,1.327,,,,,
Mazama,3,355, cls_1 ,1.1362,186.2989,40.2986,0.5104,,,,,
Mazama,3,356, cls_1 ,1.0631,71.4424,9.4107,0.7146,,,,,
Mazama,3,357, cls_1 ,1.0402,63.9,48.8152,1.1229,,,,,
Mazama,3,358, cls_1 ,1.1582,95.85,98.95,122.4963,,,,,
Mazama,3,359, cls_1 ,1.1999,90.3682,128.6795,3.9811,,,,,
Mazama,3,360, cls_1 ,1.1801,71.4424,16.1226,22.0493,,,,,
Mazama,3,361, cls_1 ,1.1043,95.85,21.0454,8.9831,,,,,
Mazama,3,362, cls_1 ,1.1031,172.056,66.5966,3.1645,,,,,
Mazama,3,364, cls_1 ,1.1161,71.4424,39.7151,7.9623,,,,,
Mazama,3,365, cls_1 ,1.0996,63.9,28.9754,17.6599,,,,,
Mazama,3,367, cls_1 ,1.0477,90.3682,31.7948,2.6541,,,,,
Mazama,3,368, cls_1 ,1.1028,63.9,537.165,8.1664,,,,,
Mazama,3,369, cls_1 ,1.1265,95.85,29.3934,0.8166,,,,,
Mazama,3,371, cls_1 ,1.0754,90.3682,86.4514,2.0416,,,,,
Mazama,3,372, cls_1 ,1,90.3682,28.1597,0.1021,,,,,
Mazama,3,374, cls_1 ,1.0721,71.4424,345.8237,19.5994,,,,,
Mazama,3,375, cls_1 ,1.054,63.9,53.754,2.1437,,,,,
Mazama,3,377, cls_1 ,1.0819,274.8443,30.136,0.6125,,,,,
Mazama,3,378, cls_1 ,1.0852,71.4424,45.2031,6.2269,,,,,
Mazama,3,379, cls_1 ,1.0473,101.0348,11.5399,0.8166,,,,,
Mazama,3,380, cls_1 ,1.0537,159.75,8.1247,0.4083,,,,,
Mazama,3,381, cls_1 ,1.1222,71.4424,58.649,2.6541,,,,,
Mazama,3,382, cls_1 ,1.1807,135.5524,37.1907,1.327,,,,,
Mazama,3,383, cls_1 ,1.1821,71.4424,18.2333,5.8186,,,,,
Mazama,3,384, cls_1 ,1.128,71.4424,19.7641,3.2666,,,,,
Mazama,3,385, cls_1 ,1.0473,71.4424,82.0195,0.8166,,,,,
Mazama,3,386, cls_1 ,1.0932,71.4424,220.6057,0.7146,,,,,
Mazama,3,387, cls_1 ,1.167,63.9,28.7981,31.4407,,,,,
Mazama,3,389, cls_1 ,1.0283,180.7365,22.2985,0.7146,,,,,
Mazama,3,390, cls_1 ,1.1578,135.5524,21.0672,1.9395,,,,,
Mazama,3,391, cls_1 ,1,71.4424,38.8203,0.1021,,,,,
Mazama,3,392, cls_1 ,1.0688,194.3443,8.3029,0.5104,,,,,
Mazama,3,393, cls_1 ,1.0465,71.4424,5.9197,0.6125,,,,,
Mazama,3,394, cls_1 ,1.0654,225.9206,6.1626,1.1229,,,,,
Mazama,3,395, cls_1 ,1.0688,447.3,12.6158,0.5104,,,,,
Mazama,3,396, cls_1 ,1.0131,63.9,5.0846,0.8166,,,,,
Mazama,3,397, cls_1 ,1.1796,142.8847,93.961,73.804,,,,,
Mazama,3,398, cls_1 ,1.0604,191.7,4.3626,2.3478,,,,,
Mazama,3,399, cls_1 ,1,63.9,5.8049,0.1021,,,,,
Mazama,3,400, cls_1 ,1.0909,90.3682,83.9994,1.5312,,,,,
Mazama,3,401, cls_1 ,1.0932,63.9,7.638,0.7146,,,,,
Mazama,3,402, cls_1 ,1.1758,71.4424,335.096,63.9022,,,,,
Mazama,3,403, cls_1 ,1.0605,232.5995,35.6251,3.4707,,,,,
Mazama,3,404, cls_1 ,1.0537,63.9,8.9561,0.4083,,,,,
Mazama,3,405, cls_1 ,1.063,294.5644,5.6692,0.9187,,,,,
Mazama,3,406, cls_1 ,1.059,71.4424,57.822,1.7354,,,,,
Mazama,3,409, cls_1 ,1.0819,194.3443,9.3477,0.6125,,,,,
Mazama,3,411, cls_1 ,1.1294,71.4424,28.6075,2.0416,,,,,
Mazama,3,412, cls_1 ,1.0283,734.85,4.118,0.7146,,,,,
Mazama,3,413, cls_1 ,1.1098,90.3682,100.1234,42.3633,,,,,
Mazama,3,414, cls_1 ,1.1226,131.7332,17.5263,1.7354,,,,,
Mazama,3,417, cls_1 ,1.1089,63.9,92.1723,9.4935,,,,,
Mazama,3,418, cls_1 ,1.0545,131.7332,8.9732,18.0682,,,,,
Mazama,3,419, cls_1 ,1.1797,63.9,141.9974,69.0062,,,,,
Mazama,3,420, cls_1 ,1.0988,95.85,8.4083,2.1437,,,,,
Mazama,3,421, cls_1 ,1.0764,63.9,196.6143,1.0208,,,,,
Mazama,3,422, cls_1 ,1.0769,95.85,6.585,0.8166,,,,,
Mazama,3,423, cls_1 ,1.1057,223.65,3.4972,6.6352,,,,,
Mazama,3,424, cls_1 ,1.1359,95.85,148.0135,11.1267,,,,,
Mazama,3,425, cls_1 ,1,223.65,3.7956,0.1021,,,,,
Mazama,3,428, cls_1 ,1.0651,372.5978,6.5655,2.2458,,,,,
Mazama,3,431, cls_1 ,1.0932,263.4664,12.3356,0.7146,,,,,
Mazama,3,45, cls_6 ,1.0155,63.9,3.3103,0.2042,,,,,
Mazama,3,46, cls_6 ,1.0155,63.9,1.5555,0.2042,,,,,
Mazama,3,48, cls_6 ,1.1332,71.4424,7.2158,3.3686,,,,,
Mazama,3,58, cls_6 ,1.0465,71.4424,6.8292,0.6125,,,,,
Mazama,3,60, cls_6 ,1.0643,71.4424,6.6484,2.9603,,,,,
Mazama,3,94, cls_6 ,1.0465,971.7213,0.1035,0.6125,,,,,
Mazama,3,117, cls_6 ,1.0338,1202.6958,0.0887,0.9187,,,,,
Mazama,3,143, cls_6 ,1.1017,971.7213,0.0502,7.3498,,,,,
Mazama,3,164, cls_6 ,1.0784,1317.3322,0.0746,3.2666,,,,,
Mazama,3,234, cls_6 ,1,101.0348,1.9745,0.1021,,,,,
Mazama,3,236, cls_6 ,1.0993,101.0348,1.1623,1.0208,,,,,
Mazama,3,242, cls_6 ,1.1381,415.35,0.6402,17.3536,,,,,
Mazama,3,274, cls_6 ,1.1233,316.2889,1.994,14.1892,,,,,
Mazama,3,311, cls_6 ,1.0937,63.9,49.2292,8.4727,,,,,
Mazama,3,322, cls_6 ,1.1188,63.9,21.185,19.4973,,,,,
Mazama,3,410, cls_6 ,1.0358,7232.636,0.0101,0.3062,,,,,
Mazama,3,75, cls_2 ,1.0993,3829.3378,0.0054,1.0208,,,,,
Mazama,3,193, cls_2 ,1.0657,95.85,1.3455,1.6333,,,,,
Mazama,3,196, cls_2 ,1.1567,958.5,0.1088,3.3686,,,,,
Mazama,3,199, cls_2 ,1.1695,95.85,2.345,0.9187,,,,,
Mazama,3,208, cls_2 ,1.0402,319.5,0.3856,1.1229,,,,,
Mazama,3,209, cls_2 ,1.0924,243.324,0.4736,2.8582,,,,,
Mazama,3,227, cls_2 ,1.1292,3829.3378,0.0085,1.8374,,,,,
Mazama,3,240, cls_2 ,1.0728,101.0348,2.4959,1.5312,,,,,
Mazama,3,243, cls_2 ,1.0706,101.0348,1.7838,1.8374,,,,,
Mazama,3,249, cls_2 ,1.0467,115.1974,2.497,1.327,,,,,
Mazama,3,257, cls_2 ,1.1239,115.1974,1.2125,2.1437,,,,,
Mazama,3,287, cls_2 ,1.0836,249.5375,0.4545,1.6333,,,,,
Mazama,3,302, cls_2 ,1.1204,249.5375,0.3148,2.4499,,,,,
Mazama,3,334, cls_2 ,1.1153,303.1043,0.4583,3.6749,,,,,
Mazama,3,347, cls_2 ,1.1233,303.1043,0.4232,3.9811,,,,,
Mazama,3,373, cls_2 ,1.1371,95.85,1.2144,7.8602,,,,,
Mazama,3,376, cls_2 ,1.0764,95.85,8.7037,1.0208,,,,,
Mazama,3,388, cls_2 ,1.0889,257.5891,0.9562,0.9187,,,,,
Mazama,3,408, cls_2 ,1.0764,2686.8411,0.0234,1.0208,,,,,
Mazama,3,188, cls_4 ,1.1447,1818.6259,0.0234,3.2666,,,,,
Mazama,3,218, cls_4 ,1.0654,63.9,2.5299,5.5123,,,,,
Mazama,3,219, cls_4 ,1.0592,71.4424,3.4852,2.0416,,,,,
Mazama,3,232, cls_4 ,1.0932,63.9,17.5083,0.7146,,,,,
Mazama,3,285, cls_4 ,1.1806,1857.5017,0.0102,2.552,,,,,
Mazama,3,366, cls_4 ,1.068,1857.5017,0.0087,2.8582,,,,,
Mazama,4,1, cls_1 ,1.2172,63.9,9.4894,51.7547,,1.089810196,112.9412744,229.2460829,9.619036389
Mazama,4,9, cls_1 ,1.0155,63.9,130.3408,0.2042,,,,,
Mazama,4,15, cls_1 ,1.184,71.4424,21.1549,55.2254,,,,,
Mazama,4,16, cls_1 ,1.0605,159.75,27.2547,3.4707,,,,,
Mazama,4,17, cls_1 ,1,71.4424,113.2708,0.1021,,,,,
Mazama,4,20, cls_1 ,1.1084,162.9137,101.1177,1.7354,,,,,
Mazama,4,21, cls_1 ,1.0261,142.8847,17.2651,0.5104,,,,,
Mazama,4,22, cls_1 ,1.1675,63.9,40.0694,251.4237,,,,,
Mazama,4,23, cls_1 ,1.1477,127.8,43.2816,0.8166,,,,,
Mazama,4,25, cls_1 ,1.1434,131.7332,24.9683,0.7146,,,,,
Mazama,4,26, cls_1 ,1.2453,71.4424,20.0022,60.4315,,,,,
Mazama,4,28, cls_1 ,1.0769,289.3196,32.9653,0.8166,,,,,
Mazama,4,29, cls_1 ,1.112,101.0348,11.7427,0.9187,,,,,
Mazama,4,30, cls_1 ,1.0556,101.0348,143.4911,1.225,,,,,
Mazama,4,31, cls_1 ,1.1154,95.85,78.2436,1.4291,,,,,
Mazama,4,33, cls_1 ,1.0402,101.0348,10.5927,1.1229,,,,,
Mazama,4,36, cls_1 ,1.1456,63.9,128.4686,3.9811,,,,,
Mazama,4,37, cls_1 ,1.0909,225.9206,36.8852,1.5312,,,,,
Mazama,4,38, cls_1 ,1.0754,159.75,10.0742,2.0416,,,,,
Mazama,4,39, cls_1 ,1.0131,255.6,18.316,0.8166,,,,,
Mazama,4,40, cls_1 ,1.2459,63.9,20.1383,20.1098,,,,,
Mazama,4,42, cls_1 ,1.0465,95.85,9.7163,0.6125,,,,,
Mazama,4,45, cls_1 ,1.17,131.7332,56.1453,10.1059,,,,,
Mazama,4,46, cls_1 ,1.1368,63.9,53.3535,4.8999,,,,,
Mazama,4,47, cls_1 ,1.0358,135.5524,6.4283,0.3062,,,,,
Mazama,4,48, cls_1 ,1.1565,71.4424,16.9943,2.1437,,,,,
Mazama,4,49, cls_1 ,1.1028,135.5524,29.9082,8.1664,,,,,
Mazama,4,50, cls_1 ,1.1513,63.9,26.356,2.8582,,,,,
Mazama,4,51, cls_1 ,1.105,186.2989,30.1867,0.5104,,,,,
Mazama,4,52, cls_1 ,1.1409,142.8847,127.8489,2.2458,,,,,
Mazama,4,53, cls_1 ,1.1296,95.85,11.3934,1.6333,,,,,
Mazama,4,54, cls_1 ,1.0155,101.0348,7.1792,0.2042,,,,,
Mazama,4,55, cls_1 ,1,63.9,91.0482,0.1021,,,,,
Mazama,4,57, cls_1 ,1.0272,131.7332,11.7712,2.3478,,,,,
Mazama,4,59, cls_1 ,1.0261,101.0348,7.6129,0.5104,,,,,
Mazama,4,61, cls_1 ,1.085,127.8,177.5383,2.1437,,,,,
Mazama,4,62, cls_1 ,1.0688,71.4424,142.9388,0.5104,,,,,
Mazama,4,66, cls_1 ,1.0993,135.5524,37.0735,1.0208,,,,,
Mazama,4,68, cls_1 ,1.1207,71.4424,126.118,46.6507,,,,,
Mazama,4,69, cls_1 ,1.0869,135.5524,12.8071,1.8374,,,,,
Mazama,4,70, cls_1 ,1.1146,63.9,21.2505,7.2477,,,,,
Mazama,4,72, cls_1 ,1.0809,90.3682,14.8578,1.9395,,,,,
Mazama,4,74, cls_1 ,1.1066,63.9,22.2065,3.0624,,,,,
Mazama,4,75, cls_1 ,1.1951,63.9,133.5369,28.1741,,,,,
Mazama,4,79, cls_1 ,1.1581,63.9,110.884,37.0551,,,,,
Mazama,4,80, cls_1 ,1.0936,162.9137,14.7205,5.3082,,,,,
Mazama,4,81, cls_1 ,1,71.4424,84.3708,0.1021,,,,,
Mazama,4,82, cls_1 ,1.1042,90.3682,81.7512,2.0416,,,,,
Mazama,4,83, cls_1 ,1,71.4424,125.559,0.1021,,,,,
Mazama,4,84, cls_1 ,1.059,159.75,8.6879,1.7354,,,,,
Mazama,4,86, cls_1 ,1.0358,159.75,11.6282,0.3062,,,,,
Mazama,4,87, cls_1 ,1.1154,90.3682,15.987,1.4291,,,,,
Mazama,4,88, cls_1 ,1.1328,63.9,31.3466,0.9187,,,,,
Mazama,4,89, cls_1 ,1.1137,71.4424,21.5288,2.3478,,,,,
Mazama,4,90, cls_1 ,1.1127,162.9137,12.2722,15.312,,,,,
Mazama,4,91, cls_1 ,1.0467,63.9,81.4526,1.327,,,,,
Mazama,4,92, cls_1 ,1.1075,71.4424,24.4696,2.7562,,,,,
Mazama,4,93, cls_1 ,1,159.75,5.8229,0.1021,,,,,
Mazama,4,94, cls_1 ,1.0465,95.85,86.0447,0.6125,,,,,
Mazama,4,95, cls_1 ,1,63.9,622.31,0.1021,,,,,
Mazama,4,96, cls_1 ,1.1197,142.8847,13.4631,0.7146,,,,,
Mazama,4,97, cls_1 ,1.0764,142.8847,10.7991,7.8602,,,,,
Mazama,4,98, cls_1 ,1.0631,255.6,14.7731,0.7146,,,,,
Mazama,4,99, cls_1 ,1.078,202.0695,13.347,1.225,,,,,
Mazama,4,100, cls_1 ,1.1678,63.9,156.8687,36.6468,,,,,
Mazama,4,101, cls_1 ,1,71.4424,20.0542,0.1021,,,,,
Mazama,4,102, cls_1 ,1.1808,71.4424,69.6801,59.7169,,,,,
Mazama,4,103, cls_1 ,1.1349,131.7332,76.0627,3.5728,,,,,
Mazama,4,104, cls_1 ,1.1934,95.85,82.73,10.208,,,,,
Mazama,4,105, cls_1 ,1.1409,204.5798,25.748,2.2458,,,,,
Mazama,4,106, cls_1 ,1.1031,180.7365,11.1439,0.8166,,,,,
Mazama,4,107, cls_1 ,1.0631,71.4424,111.131,0.7146,,,,,
Mazama,4,108, cls_1 ,1.1589,204.5798,24.5852,1.4291,,,,,
Mazama,4,109, cls_1 ,1.1353,101.0348,253.9412,1.9395,,,,,
Mazama,4,110, cls_1 ,1.0606,95.85,12.225,1.4291,,,,,
Mazama,4,111, cls_1 ,1.0631,289.3196,10.8597,0.7146,,,,,
Mazama,4,113, cls_1 ,1.0605,71.4424,94.4166,4.7978,,,,,
Mazama,4,114, cls_1 ,1.1228,95.85,80.7666,1.5312,,,,,
Mazama,4,115, cls_1 ,1.1167,180.7365,12.889,1.225,,,,,
Mazama,4,116, cls_1 ,1.1418,95.85,21.3886,2.6541,,,,,
Mazama,4,117, cls_1 ,1.1602,63.9,38.8844,1.1229,,,,,
Mazama,4,118, cls_1 ,1.096,63.9,11.9707,1.9395,,,,,
Mazama,4,119, cls_1 ,1,63.9,623.2084,0.1021,,,,,
Mazama,4,120, cls_1 ,1.0764,186.2989,12.9756,1.0208,,,,,
Mazama,4,121, cls_1 ,1.0631,63.9,25.6163,0.7146,,,,,
Mazama,4,122, cls_1 ,1.1166,63.9,43.4324,4.8999,,,,,
Mazama,4,123, cls_1 ,1.0631,388.6885,4.0912,0.7146,,,,,
Mazama,4,124, cls_1 ,1.0047,95.85,6.96,0.6125,,,,,
Mazama,4,125, cls_1 ,1.078,101.0348,55.896,1.225,,,,,
Mazama,4,126, cls_1 ,1.0261,131.7332,25.9357,0.5104,,,,,
Mazama,4,127, cls_1 ,1.0785,63.9,27.9037,5.7165,,,,,
Mazama,4,128, cls_1 ,1.0131,101.0348,11.4199,0.8166,,,,,
Mazama,4,129, cls_1 ,1.0509,71.4424,14.3885,1.0208,,,,,
Mazama,4,130, cls_1 ,1.1432,63.9,37.3752,26.0305,,,,,
Mazama,4,131, cls_1 ,1.0903,131.7332,44.838,2.0416,,,,,
Mazama,4,132, cls_1 ,1.0283,71.4424,13.7706,0.7146,,,,,
Mazama,4,133, cls_1 ,1.0283,63.9,32.2888,0.7146,,,,,
Mazama,4,134, cls_1 ,1.1532,63.9,38.9768,5.8186,,,,,
Mazama,4,135, cls_1 ,1,63.9,13.4751,0.1021,,,,,
Mazama,4,136, cls_1 ,1.1756,180.7365,10.8811,2.1437,,,,,
Mazama,4,137, cls_1 ,1.1395,95.85,36.7461,0.6125,,,,,
Mazama,4,138, cls_1 ,1.1362,71.4424,25.0008,0.5104,,,,,
Mazama,4,139, cls_1 ,1.1085,71.4424,28.4109,1.1229,,,,,
Mazama,4,140, cls_1 ,1.1265,202.0695,71.1601,0.8166,,,,,
Mazama,4,141, cls_1 ,1.198,71.4424,105.7534,107.6947,,,,,
Mazama,4,142, cls_1 ,1.0769,63.9,24.9459,1.7354,,,,,
Mazama,4,143, cls_1 ,1.0338,95.85,26.1901,0.9187,,,,,
Mazama,4,144, cls_1 ,1.0306,71.4424,9.968,1.225,,,,,
Mazama,4,146, cls_1 ,1.175,63.9,73.4657,1.5312,,,,,
Mazama,4,147, cls_1 ,1.0805,186.2989,35.05,1.4291,,,,,
Mazama,4,149, cls_1 ,1.0417,172.056,23.825,2.0416,,,,,
Mazama,4,150, cls_1 ,1.1397,71.4424,47.8566,7.656,,,,,
Mazama,4,151, cls_1 ,1.0283,90.3682,36.2822,0.7146,,,,,
Mazama,4,152, cls_1 ,1,63.9,104.6314,0.1021,,,,,
Mazama,4,153, cls_1 ,1.0697,180.7365,24.2306,7.8602,,,,,
Mazama,4,155, cls_1 ,1.1241,63.9,92.5907,2.8582,,,,,
Mazama,4,156, cls_1 ,1.166,63.9,69.8965,39.7092,,,,,
Mazama,4,157, cls_1 ,1.0401,135.5524,31.0664,2.4499,,,,,
Mazama,4,158, cls_1 ,1.0939,101.0348,72.8428,6.1248,,,,,
Mazama,4,159, cls_1 ,1.0909,71.4424,155.0262,1.5312,,,,,
Mazama,4,160, cls_1 ,1.0358,63.9,71.9867,0.3062,,,,,
Mazama,4,161, cls_1 ,1.0836,243.324,5.4391,1.6333,,,,,
Mazama,4,162, cls_1 ,1.0903,63.9,25.4605,2.0416,,,,,
Mazama,4,163, cls_1 ,1.1197,180.7365,12.4267,0.7146,,,,,
Mazama,4,164, cls_1 ,1.1093,63.9,37.6713,67.373,,,,,
Mazama,4,165, cls_1 ,1.1598,63.9,49.4733,16.3328,,,,,
Mazama,4,166, cls_1 ,1.0889,71.4424,25.7967,2.3478,,,,,
Mazama,4,167, cls_1 ,1.1939,63.9,171.3407,37.4635,,,,,
Mazama,4,168, cls_1 ,1.1554,90.3682,155.7764,1.6333,,,,,
Mazama,4,169, cls_1 ,1.1821,63.9,10.7985,5.8186,,,,,
Mazama,4,170, cls_1 ,1.1104,71.4424,261.7756,26.3367,,,,,
Mazama,4,171, cls_1 ,1.0047,90.3682,11.9117,0.6125,,,,,
Mazama,4,172, cls_1 ,1,71.4424,88.5509,0.1021,,,,,
Mazama,4,173, cls_1 ,1.1624,71.4424,98.7602,9.1872,,,,,
Mazama,4,174, cls_1 ,1.1631,63.9,21.4593,1.5312,,,,,
Mazama,4,176, cls_1 ,1.167,71.4424,15.5046,0.8166,,,,,
Mazama,4,178, cls_1 ,1.1125,180.7365,26.9748,0.6125,,,,,
Mazama,4,179, cls_1 ,1.1863,63.9,60.614,79.6226,,,,,
Mazama,4,180, cls_1 ,1.063,71.4424,57.973,0.9187,,,,,
Mazama,4,181, cls_1 ,1.0819,71.4424,52.7276,0.6125,,,,,
Mazama,4,182, cls_1 ,1.0975,63.9,33.9082,0.4083,,,,,
Mazama,4,183, cls_1 ,1.1228,159.75,37.8787,1.5312,,,,,
Mazama,4,184, cls_1 ,1.07,142.8847,11.5371,4.7978,,,,,
Mazama,4,185, cls_1 ,1,71.4424,89.249,0.1021,,,,,
Mazama,4,186, cls_1 ,1.0358,71.4424,18.4514,0.3062,,,,,
Mazama,4,187, cls_1 ,1.059,101.0348,50.8412,1.7354,,,,,
Mazama,4,188, cls_1 ,1.1508,95.85,159.2735,10.3101,,,,,
Mazama,4,189, cls_1 ,1.1167,115.1974,25.946,1.225,,,,,
Mazama,4,190, cls_1 ,1.0537,159.75,16.8723,0.4083,,,,,
Mazama,4,191, cls_1 ,1.0395,63.9,54.9228,1.7354,,,,,
Mazama,4,193, cls_1 ,1.151,63.9,157.2532,2.6541,,,,,
Mazama,4,194, cls_1 ,1.0155,63.9,46.6018,0.2042,,,,,
Mazama,4,195, cls_1 ,1.0769,101.0348,11.1734,0.8166,,,,,
Mazama,4,196, cls_1 ,1.1946,90.3682,58.4435,3.9811,,,,,
Mazama,4,197, cls_1 ,1.0155,71.4424,55.4756,0.2042,,,,,
Mazama,4,198, cls_1 ,1.0338,95.85,47.8728,0.9187,,,,,
Mazama,4,199, cls_1 ,1.1204,172.056,34.046,2.4499,,,,,
Mazama,4,201, cls_1 ,1.0537,71.4424,56.9703,0.4083,,,,,
Mazama,4,202, cls_1 ,1.1926,71.4424,58.1208,11.7392,,,,,
Mazama,4,203, cls_1 ,1.1766,63.9,51.4976,72.1707,,,,,
Mazama,4,204, cls_1 ,1.0654,204.5798,13.9372,1.1229,,,,,
Mazama,4,205, cls_1 ,1.0283,162.9137,9.9816,0.7146,,,,,
Mazama,4,206, cls_1 ,1.1154,101.0348,7.7989,1.4291,,,,,
Mazama,4,207, cls_1 ,1,71.4424,96.91,0.1021,,,,,
Mazama,4,208, cls_1 ,1,71.4424,45.5241,0.1021,,,,,
Mazama,4,209, cls_1 ,1.1987,63.9,2010.3272,25.9284,,,,,
Mazama,4,210, cls_1 ,1,71.4424,35.7179,0.1021,,,,,
Mazama,4,211, cls_1 ,1.1117,95.85,22.635,2.1437,,,,,
Mazama,4,212, cls_1 ,1.1264,63.9,188.8606,7.5539,,,,,
Mazama,4,213, cls_1 ,1.1556,71.4424,348.6224,36.851,,,,,
Mazama,4,214, cls_1 ,1.0914,71.4424,49.3598,0.3062,,,,,
Mazama,4,215, cls_1 ,1.1311,71.4424,56.757,2.4499,,,,,
Mazama,4,216, cls_1 ,1.0805,95.85,27.4263,1.4291,,,,,
Mazama,4,217, cls_1 ,1.1477,101.0348,60.4108,0.8166,,,,,
Mazama,4,218, cls_1 ,1.0688,63.9,208.5504,0.5104,,,,,
Mazama,4,219, cls_1 ,1.1365,71.4424,467.5808,6.8394,,,,,
Mazama,4,221, cls_1 ,1.1655,95.85,19.9461,44.2007,,,,,
Mazama,4,222, cls_1 ,1.0819,63.9,209.5125,0.6125,,,,,
Mazama,4,223, cls_1 ,1.0791,63.9,117.3943,4.7978,,,,,
Mazama,4,224, cls_1 ,1.1073,159.75,43.7105,1.327,,,,,
Mazama,4,225, cls_1 ,1.1114,71.4424,218.2452,5.5123,,,,,
Mazama,4,226, cls_1 ,1.1281,90.3682,1298.56,2.7562,,,,,
Mazama,4,228, cls_1 ,1.0982,159.75,66.1218,1.225,,,,,
Mazama,4,229, cls_1 ,1.1167,101.0348,29.9244,1.225,,,,,
Mazama,4,230, cls_1 ,1.0283,194.3443,8.5577,0.7146,,,,,
Mazama,4,231, cls_1 ,1.0844,115.1974,93.6974,2.7562,,,,,
Mazama,4,232, cls_1 ,1.1085,90.3682,100.7185,1.1229,,,,,
Mazama,4,235, cls_1 ,1.0283,71.4424,41.3244,0.7146,,,,,
Mazama,4,236, cls_1 ,1.1226,71.4424,30.9413,1.7354,,,,,
Mazama,4,237, cls_1 ,1.1502,95.85,155.5811,3.5728,,,,,
Mazama,4,238, cls_1 ,1.0465,63.9,26.2077,0.6125,,,,,
Mazama,4,240, cls_1 ,1.1599,135.5524,15.454,1.7354,,,,,
Mazama,4,241, cls_1 ,1.2254,90.3682,48.9005,124.0275,,,,,
Mazama,4,243, cls_1 ,1,63.9,182.3096,0.1021,,,,,
Mazama,4,244, cls_1 ,1.0917,71.4424,56.1843,7.656,,,,,
Mazama,4,245, cls_1 ,1.1328,101.0348,34.0266,0.9187,,,,,
Mazama,4,246, cls_1 ,1.0359,191.7,14.0096,2.552,,,,,
Mazama,4,247, cls_1 ,1.2506,63.9,364.3577,2523.3217,,,,,
Mazama,4,248, cls_1 ,1,63.9,26.063,0.1021,,,,,
Mazama,4,249, cls_1 ,1.0688,95.85,28.8865,0.5104,,,,,
Mazama,4,250, cls_1 ,1.0283,71.4424,222.2245,0.7146,,,,,
Mazama,4,251, cls_1 ,1,71.4424,22.5321,0.1021,,,,,
Mazama,4,252, cls_1 ,1.0985,63.9,50.7702,25.2138,,,,,
Mazama,4,253, cls_1 ,1,71.4424,43.0777,0.1021,,,,,
Mazama,4,254, cls_1 ,1.0769,131.7332,6.3737,0.8166,,,,,
Mazama,4,255, cls_1 ,1.0964,63.9,1010.4654,20.416,,,,,
Mazama,4,256, cls_1 ,1.0869,127.8,31.8666,1.8374,,,,,
Mazama,4,257, cls_1 ,1.0647,63.9,11.178,1.9395,,,,,
Mazama,4,258, cls_1 ,1.0283,71.4424,34.8512,0.7146,,,,,
Mazama,4,259, cls_1 ,1.0654,115.1974,24.5283,1.1229,,,,,
Mazama,4,260, cls_1 ,1.0261,63.9,104.0954,0.5104,,,,,
Mazama,4,261, cls_1 ,1.112,63.9,33.7865,0.9187,,,,,
Mazama,4,262, cls_1 ,1.1369,131.7332,18.9062,0.3062,,,,,
Mazama,4,263, cls_1 ,1.1035,159.75,52.5404,2.8582,,,,,
Mazama,4,264, cls_1 ,1.1474,90.3682,157.8161,2.9603,,,,,
Mazama,4,265, cls_1 ,1.088,243.324,15.6831,1.1229,,,,,
Mazama,4,266, cls_1 ,1.171,71.4424,31.3618,1.7354,,,,,
Mazama,4,267, cls_1 ,1.0752,127.8,22.1815,7.9623,,,,,
Mazama,4,269, cls_1 ,1.0261,135.5524,16.8555,0.5104,,,,,
Mazama,4,270, cls_1 ,1.0261,63.9,13.2102,0.5104,,,,,
Mazama,4,271, cls_1 ,1.0631,90.3682,22.2512,0.7146,,,,,
Mazama,4,272, cls_1 ,1.1157,186.2989,23.1195,3.3686,,,,,
Mazama,4,273, cls_1 ,1.0283,71.4424,17.802,0.7146,,,,,
Mazama,4,274, cls_1 ,1.0688,159.75,52.4497,0.5104,,,,,
Mazama,4,276, cls_1 ,1.1395,131.7332,15.351,0.6125,,,,,
Mazama,4,277, cls_1 ,1.0894,63.9,24.14,3.2666,,,,,
Mazama,4,278, cls_1 ,1.0841,71.4424,361.5738,7.7581,,,,,
Mazama,4,279, cls_1 ,1.0358,63.9,11.5567,0.3062,,,,,
Mazama,4,280, cls_1 ,1.1103,257.5891,63.5882,2.9603,,,,,
Mazama,4,281, cls_1 ,1.0819,90.3682,20.1132,0.6125,,,,,
Mazama,4,283, cls_1 ,1.0654,63.9,10.6771,1.1229,,,,,
Mazama,4,284, cls_1 ,1.063,63.9,11.9719,0.9187,,,,,
Mazama,4,285, cls_1 ,1.0858,95.85,74.4912,5.3082,,,,,
Mazama,4,286, cls_1 ,1.0955,63.9,80.5342,5.6144,,,,,
Mazama,4,287, cls_1 ,1.0982,135.5524,13.6983,1.225,,,,,
Mazama,4,288, cls_1 ,1.1351,71.4424,20.8288,5.9207,,,,,
Mazama,4,289, cls_1 ,1.0592,63.9,15.8608,2.0416,,,,,
Mazama,4,290, cls_1 ,1.1125,90.3682,26.3134,0.6125,,,,,
Mazama,4,291, cls_1 ,1.1265,71.4424,182.8154,0.8166,,,,,
Mazama,4,292, cls_1 ,1.1864,71.4424,204.5149,170.1678,,,,,
Mazama,4,293, cls_1 ,1.1282,63.9,31.7651,12.0455,,,,,
Mazama,4,294, cls_1 ,1.1528,95.85,47.1073,6.7373,,,,,
Mazama,4,295, cls_1 ,1.1197,71.4424,94.4896,0.7146,,,,,
Mazama,4,296, cls_1 ,1.0889,115.1974,1911.7612,0.9187,,,,,
Mazama,4,297, cls_1 ,1.0809,71.4424,28.2003,1.9395,,,,,
Mazama,4,298, cls_1 ,1.0933,63.9,11.4064,1.7354,,,,,
Mazama,4,299, cls_1 ,1.1167,63.9,11.8326,1.225,,,,,
Mazama,4,300, cls_1 ,1.0647,172.056,16.5001,1.9395,,,,,
Mazama,4,301, cls_1 ,1.119,63.9,37.4435,3.2666,,,,,
Mazama,4,302, cls_1 ,1,223.65,15.9549,0.1021,,,,,
Mazama,4,303, cls_1 ,1.0465,223.65,18.7508,0.6125,,,,,
Mazama,4,304, cls_1 ,1.0993,131.7332,77.9144,1.0208,,,,,
Mazama,4,306, cls_1 ,1.0689,63.9,167.822,1.327,,,,,
Mazama,4,307, cls_1 ,1.0335,225.9206,34.17,1.8374,,,,,
Mazama,4,308, cls_1 ,1.1719,71.4424,35.4209,11.2288,,,,,
Mazama,4,309, cls_1 ,1.1695,71.4424,11.6796,0.9187,,,,,
Mazama,4,310, cls_1 ,1.0358,71.4424,132.4741,0.3062,,,,,
Mazama,4,311, cls_1 ,1.0155,71.4424,4947.8382,0.2042,,,,,
Mazama,4,312, cls_1 ,1.1231,63.9,44.7451,11.7392,,,,,
Mazama,4,313, cls_1 ,1.0932,101.0348,114.0004,0.7146,,,,,
Mazama,4,314, cls_1 ,1.0496,191.7,13.7321,5.9207,,,,,
Mazama,4,315, cls_1 ,1.1031,63.9,74.6272,0.8166,,,,,
Mazama,4,316, cls_1 ,1.1509,63.9,40.6395,2.4499,,,,,
Mazama,4,317, cls_1 ,1.0689,90.3682,432.3776,1.327,,,,,
Mazama,4,318, cls_1 ,1.0819,159.75,7.1835,0.6125,,,,,
Mazama,4,320, cls_1 ,1.0261,90.3682,36.1768,0.5104,,,,,
Mazama,4,321, cls_1 ,1.1746,71.4424,29.4331,1.8374,,,,,
Mazama,4,322, cls_1 ,1.1205,101.0348,18.6489,30.522,,,,,
Mazama,4,323, cls_1 ,1.1776,63.9,45.9715,3.3686,,,,,
Mazama,4,324, cls_1 ,1.0914,63.9,73.3031,0.3062,,,,,
Mazama,4,325, cls_1 ,1.1274,63.9,34.9374,27.5617,,,,,
Mazama,4,326, cls_1 ,1.0819,159.75,12.0728,0.6125,,,,,
Mazama,4,327, cls_1 ,1.1251,63.9,71.3543,2.3478,,,,,
Mazama,4,328, cls_1 ,1,63.9,35.205,0.1021,,,,,
Mazama,4,329, cls_1 ,1.0537,294.5644,63.8173,0.4083,,,,,
Mazama,4,330, cls_1 ,1.0358,63.9,63.8845,0.3062,,,,,
Mazama,4,331, cls_1 ,1.063,71.4424,49.8338,0.9187,,,,,
Mazama,4,332, cls_1 ,1.0663,159.75,75.1297,3.6749,,,,,
Mazama,4,333, cls_1 ,1.0465,301.4157,21.4744,0.6125,,,,,
Mazama,4,334, cls_1 ,1.0402,225.9206,25.6503,1.1229,,,,,
Mazama,4,335, cls_1 ,1.1167,225.9206,21.0132,1.225,,,,,
Mazama,4,337, cls_1 ,1.1066,71.4424,175.468,2.2458,,,,,
Mazama,4,338, cls_1 ,1.053,71.4424,30.7495,1.5312,,,,,
Mazama,4,339, cls_1 ,1.0961,71.4424,50.78,15.0058,,,,,
Mazama,4,340, cls_1 ,1.0473,115.1974,45.14,0.8166,,,,,
Mazama,4,341, cls_1 ,1.1952,142.8847,31.7998,11.7392,,,,,
Mazama,4,342, cls_1 ,1.1554,63.9,40.2408,1.6333,,,,,
Mazama,4,343, cls_1 ,1.0689,90.3682,159.9982,1.327,,,,,
Mazama,4,345, cls_1 ,1.0769,71.4424,83.4258,2.9603,,,,,
Mazama,4,346, cls_1 ,1,63.9,45.4003,0.1021,,,,,
Mazama,4,347, cls_1 ,1.0838,95.85,20.3643,4.1853,,,,,
Mazama,4,348, cls_1 ,1.0805,95.85,22.0152,1.4291,,,,,
Mazama,4,349, cls_1 ,1.0903,115.1974,26.5123,2.0416,,,,,
Mazama,4,350, cls_1 ,1.0728,71.4424,4950.2245,1.5312,,,,,
Mazama,4,351, cls_1 ,1.0769,90.3682,50.9073,0.8166,,,,,
Mazama,4,352, cls_1 ,1.1208,63.9,6184.7645,5.7165,,,,,
Mazama,4,353, cls_1 ,1.0509,257.5891,22.6637,1.0208,,,,,
Mazama,4,354, cls_1 ,1.0764,135.5524,56.4488,1.0208,,,,,
Mazama,4,355, cls_1 ,1,71.4424,135.8421,0.1021,,,,,
Mazama,4,356, cls_1 ,1.096,223.65,15.7397,1.9395,,,,,
Mazama,4,357, cls_1 ,1,63.9,255.6848,0.1021,,,,,
Mazama,4,358, cls_1 ,1.0465,95.85,197.9651,0.6125,,,,,
Mazama,4,359, cls_1 ,1.0672,101.0348,40.2453,20.7223,,,,,
Mazama,4,360, cls_1 ,1.1073,101.0348,41.6098,1.327,,,,,
Mazama,4,361, cls_1 ,1.1358,63.9,543.0611,9.4935,,,,,
Mazama,4,362, cls_1 ,1.0155,63.9,26.0021,0.2042,,,,,
Mazama,4,363, cls_1 ,1.046,243.324,12.4364,1.6333,,,,,
Mazama,4,364, cls_1 ,1.0805,90.3682,46.6142,1.4291,,,,,
Mazama,4,365, cls_1 ,1,71.4424,63.2273,0.1021,,,,,
Mazama,4,366, cls_1 ,1.1125,95.85,40.6032,0.6125,,,,,
Mazama,4,367, cls_1 ,1.0311,95.85,110.1732,1.5312,,,,,
Mazama,4,368, cls_1 ,1.0338,71.4424,73.3562,0.9187,,,,,
Mazama,4,369, cls_1 ,1.1328,90.3682,77.4933,0.9187,,,,,
Mazama,4,370, cls_1 ,1.0836,127.8,36.4448,1.6333,,,,,
Mazama,4,371, cls_1 ,1.0932,71.4424,96.713,0.7146,,,,,
Mazama,4,372, cls_1 ,1.0283,180.7365,59.1575,0.7146,,,,,
Mazama,4,373, cls_1 ,1,71.4424,433.808,0.1021,,,,,
Mazama,4,374, cls_1 ,1.1096,63.9,55.1369,3.879,,,,,
Mazama,4,375, cls_1 ,1.2143,63.9,62.3826,29.0929,,,,,
Mazama,4,378, cls_1 ,1.0817,95.85,47.267,3.1645,,,,,
Mazama,4,379, cls_1 ,1.0465,314.671,25.1133,0.6125,,,,,
Mazama,4,380, cls_1 ,1.1323,287.55,65.9033,12.4538,,,,,
Mazama,4,381, cls_1 ,1.2216,63.9,590.7437,218.3497,,,,,
Mazama,4,382, cls_1 ,1.1073,101.0348,26.6332,1.327,,,,,
Mazama,4,383, cls_1 ,1.0728,191.7,58.4654,1.5312,,,,,
Mazama,4,385, cls_1 ,1.1376,90.3682,27.1288,2.7562,,,,,
Mazama,4,386, cls_1 ,1.1125,71.4424,71.4364,0.6125,,,,,
Mazama,4,387, cls_1 ,1.0338,131.7332,250.1585,0.9187,,,,,
Mazama,4,388, cls_1 ,1.0909,63.9,152.0349,0.2042,,,,,
Mazama,4,389, cls_1 ,1.0219,159.75,49.2322,1.327,,,,,
Mazama,4,390, cls_1 ,1.1461,63.9,449.5272,5.9207,,,,,
Mazama,4,391, cls_1 ,1.0651,90.3682,214.0468,21.2327,,,,,
Mazama,4,392, cls_1 ,1.109,180.7365,19.4244,2.4499,,,,,
Mazama,4,393, cls_1 ,1.0752,230.3947,13.4218,2.3478,,,,,
Mazama,4,394, cls_1 ,1.0851,101.0348,18.1529,3.0624,,,,,
Mazama,4,395, cls_1 ,1.0537,63.9,87.607,0.4083,,,,,
Mazama,4,396, cls_1 ,1.0975,63.9,341.1871,0.4083,,,,,
Mazama,4,397, cls_1 ,1.0806,71.4424,215.1321,2.8582,,,,,
Mazama,4,398, cls_1 ,1.1125,63.9,84.5975,0.6125,,,,,
Mazama,4,399, cls_1 ,1.0631,95.85,2749.635,0.7146,,,,,
Mazama,4,400, cls_1 ,1.1004,294.5644,39.3007,4.5936,,,,,
Mazama,4,401, cls_1 ,1.1042,90.3682,1240.4983,2.0416,,,,,
Mazama,4,402, cls_1 ,1.0869,71.4424,73.5568,1.8374,,,,,
Mazama,4,403, cls_1 ,1.2595,63.9,145.5271,463.8527,,,,,
Mazama,4,404, cls_1 ,1.1663,95.85,693.6532,10.8205,,,,,
Mazama,4,405, cls_1 ,1.0047,63.9,6183.607,0.6125,,,,,
Mazama,4,406, cls_1 ,1.0358,90.3682,270.5682,0.3062,,,,,
Mazama,4,408, cls_1 ,1.0689,255.6,86.9499,1.327,,,,,
Mazama,4,409, cls_1 ,1.102,90.3682,3096.6395,1.8374,,,,,
Mazama,4,410, cls_1 ,1.1153,202.0695,19.4042,3.6749,,,,,
Mazama,4,411, cls_1 ,1.1469,63.9,60.6474,5.0019,,,,,
Mazama,4,412, cls_1 ,1,115.1974,18.8638,0.1021,,,,,
Mazama,4,415, cls_1 ,1.1155,63.9,40.2901,4.2874,,,,,
Mazama,4,417, cls_1 ,1.0654,90.3682,199.8957,1.1229,,,,,
Mazama,4,418, cls_1 ,1.0975,345.5921,9.4838,0.4083,,,,,
Mazama,4,420, cls_1 ,1.0509,71.4424,433.5712,1.0208,,,,,
Mazama,4,424, cls_1 ,1.1202,101.0348,178.003,2.9603,,,,,
Mazama,4,425, cls_1 ,1.0768,63.9,32.2051,38.8926,,,,,
Mazama,4,426, cls_1 ,1.1075,159.75,94.8663,1.5312,,,,,
Mazama,4,429, cls_1 ,1.0843,142.8847,997.7782,2.4499,,,,,
Mazama,4,432, cls_1 ,1.131,95.85,547.1251,48.6923,,,,,
Mazama,4,433, cls_1 ,1.0932,63.9,101.8504,0.7146,,,,,
Mazama,4,434, cls_1 ,1.1073,131.7332,10.9592,1.327,,,,,
Mazama,4,436, cls_1 ,1.0982,180.7365,12.6805,1.225,,,,,
Mazama,4,437, cls_1 ,1.112,162.9137,150.5277,0.9187,,,,,
Mazama,4,438, cls_1 ,1.1301,95.85,401.2321,2.2458,,,,,
Mazama,4,439, cls_1 ,1.0631,95.85,66.2671,0.7146,,,,,
Mazama,4,441, cls_1 ,1.1183,115.1974,11.9756,3.5728,,,,,
Mazama,4,442, cls_1 ,1.0863,63.9,390.6666,9.6976,,,,,
Mazama,4,444, cls_1 ,1.0283,115.1974,12.0974,0.7146,,,,,
Mazama,4,445, cls_1 ,1.0283,127.8,13.4031,0.7146,,,,,
Mazama,4,446, cls_1 ,1.1265,63.9,6184.0652,0.8166,,,,,
Mazama,4,447, cls_1 ,1.0358,71.4424,16.2077,0.3062,,,,,
Mazama,4,448, cls_1 ,1.0819,95.85,124.7502,0.6125,,,,,
Mazama,4,450, cls_1 ,1.0482,71.4424,143.5979,3.4707,,,,,
Mazama,4,451, cls_1 ,1.1434,95.85,27.344,0.7146,,,,,
Mazama,4,452, cls_1 ,1.063,95.85,15.0749,0.9187,,,,,
Mazama,4,453, cls_1 ,1.0964,90.3682,56.4182,6.8394,,,,,
Mazama,4,454, cls_1 ,1.0402,63.9,36.5538,1.1229,,,,,
Mazama,4,455, cls_1 ,1.2073,63.9,418.507,12.8621,,,,,
Mazama,4,456, cls_1 ,1.0975,71.4424,16.8409,0.4083,,,,,
Mazama,4,457, cls_1 ,1.0822,95.85,1637.5319,11.3309,,,,,
Mazama,4,458, cls_1 ,1.0909,186.2989,93.728,1.5312,,,,,
Mazama,4,459, cls_1 ,1.0261,71.4424,4947.9246,0.5104,,,,,
Mazama,4,460, cls_1 ,1.022,95.85,70.3727,1.0208,,,,,
Mazama,4,462, cls_1 ,1.2143,63.9,474.5104,138.3187,,,,,
Mazama,4,463, cls_1 ,1.1096,115.1974,55.8775,3.2666,,,,,
Mazama,4,466, cls_1 ,1.0889,95.85,120.0045,2.3478,,,,,
Mazama,4,467, cls_1 ,1.0131,63.9,6183.0644,0.8166,,,,,
Mazama,4,468, cls_1 ,1.1031,63.9,28.7974,0.8166,,,,,
Mazama,4,470, cls_1 ,1.1554,63.9,42.2701,12.8621,,,,,
Mazama,4,471, cls_1 ,1.046,194.3443,65.666,1.6333,,,,,
Mazama,4,473, cls_1 ,1.0914,63.9,16.0121,0.3062,,,,,
Mazama,4,474, cls_1 ,1.0473,63.9,6202.3712,0.8166,,,,,
Mazama,4,475, cls_1 ,1.1463,95.85,161.4444,27.4596,,,,,
Mazama,4,476, cls_1 ,1.1711,71.4424,34.0373,13.0663,,,,,
Mazama,4,477, cls_1 ,1.063,191.7,20.7772,0.9187,,,,,
Mazama,4,478, cls_1 ,1.0155,63.9,48.6042,0.2042,,,,,
Mazama,4,479, cls_1 ,1.0631,63.9,16.6939,0.7146,,,,,
Mazama,4,480, cls_1 ,1.0047,115.1974,1548.151,0.6125,,,,,
Mazama,4,481, cls_1 ,1.1197,63.9,104.3624,0.7146,,,,,
Mazama,4,482, cls_1 ,1.0903,71.4424,36.4478,2.0416,,,,,
Mazama,4,483, cls_1 ,1.0932,135.5524,249.6858,0.7146,,,,,
Mazama,4,485, cls_1 ,1.0261,142.8847,1247.3703,0.5104,,,,,
Mazama,4,486, cls_1 ,1.1197,127.8,1547.865,0.7146,,,,,
Mazama,4,487, cls_1 ,1.0932,159.75,15.7332,0.7146,,,,,
Mazama,4,489, cls_1 ,1.118,71.4424,4968.1096,3.879,,,,,
Mazama,4,490, cls_1 ,1.1888,71.4424,337.5994,80.6434,,,,,
Mazama,4,491, cls_1 ,1.0688,180.7365,6.9679,0.5104,,,,,
Mazama,4,492, cls_1 ,1.1446,90.3682,3149.2015,60.1253,,,,,
Mazama,4,493, cls_1 ,1.0465,194.3443,23.6034,0.6125,,,,,
Mazama,4,496, cls_1 ,1.0465,71.4424,194.61,0.6125,,,,,
Mazama,4,497, cls_1 ,1.1311,101.0348,84.8222,2.4499,,,,,
Mazama,4,498, cls_1 ,1.1292,95.85,20.8078,1.8374,,,,,
Mazama,4,502, cls_1 ,1.1563,71.4424,98.0833,5.104,,,,,
Mazama,4,503, cls_1 ,1.0155,71.4424,87.3179,0.2042,,,,,
Mazama,4,504, cls_1 ,1,90.3682,131.2648,0.1021,,,,,
Mazama,4,505, cls_1 ,1.1167,95.85,28.7913,1.225,,,,,
Mazama,4,506, cls_1 ,1.0358,95.85,21.3697,0.3062,,,,,
Mazama,4,507, cls_1 ,1.0769,131.7332,21.217,2.9603,,,,,
Mazama,4,508, cls_1 ,1.1336,63.9,41.8078,2.8582,,,,,
Mazama,4,509, cls_1 ,1.293,63.9,434.5801,330.8421,,,,,
Mazama,4,511, cls_1 ,1.0932,127.8,70.1433,0.7146,,,,,
Mazama,4,512, cls_1 ,1.2088,90.3682,63.9377,103.9177,,,,,
Mazama,4,513, cls_1 ,1,63.9,110.6868,0.1021,,,,,
Mazama,4,514, cls_1 ,1.082,159.75,5.3133,6.4311,,,,,
Mazama,4,515, cls_1 ,1.0889,159.75,7.1777,0.9187,,,,,
Mazama,4,516, cls_1 ,1.2003,90.3682,84.4363,10.6163,,,,,
Mazama,4,518, cls_1 ,1.0975,63.9,1141.3767,0.4083,,,,,
Mazama,4,519, cls_1 ,1.0283,101.0348,118.0522,0.7146,,,,,
Mazama,4,520, cls_1 ,1.1554,63.9,165.0819,2.552,,,,,
Mazama,4,521, cls_1 ,1.096,95.85,31.9632,1.9395,,,,,
Mazama,4,524, cls_1 ,1.105,71.4424,518.4642,0.5104,,,,,
Mazama,4,526, cls_1 ,1.105,162.9137,181.8741,0.5104,,,,,
Mazama,4,529, cls_1 ,1.1188,90.3682,1093.5274,8.5747,,,,,
Mazama,4,530, cls_1 ,1.0688,131.7332,14.2119,0.5104,,,,,
Mazama,4,532, cls_1 ,1.0465,115.1974,357.9225,0.6125,,,,,
Mazama,4,533, cls_1 ,1.1031,101.0348,330.6833,0.8166,,,,,
Mazama,4,536, cls_1 ,1.1709,95.85,40.5423,3.1645,,,,,
Mazama,4,537, cls_1 ,1.0131,90.3682,90.3692,0.8166,,,,,
Mazama,4,540, cls_1 ,1.0358,71.4424,15.779,0.3062,,,,,
Mazama,4,542, cls_1 ,1.0688,135.5524,15.269,0.5104,,,,,
Mazama,4,543, cls_1 ,1.1027,127.8,27.9132,4.4915,,,,,
Mazama,4,547, cls_1 ,1.1606,71.4424,182.3825,3.4707,,,,,
Mazama,4,548, cls_1 ,1.1668,71.4424,129.8845,41.1383,,,,,
Mazama,4,549, cls_1 ,1.1529,243.324,4.1861,7.0435,,,,,
Mazama,4,550, cls_1 ,1.1202,71.4424,34.6318,2.9603,,,,,
Mazama,4,552, cls_1 ,1.1424,71.4424,108.0424,18.0682,,,,,
Mazama,4,554, cls_1 ,1.049,95.85,100.497,7.1456,,,,,
Mazama,4,556, cls_1 ,1.0358,90.3682,142.8226,0.3062,,,,,
Mazama,4,557, cls_1 ,1.1265,95.85,30.5971,0.8166,,,,,
Mazama,4,558, cls_1 ,1.2186,101.0348,51.6997,25.418,,,,,
Mazama,4,559, cls_1 ,1.1609,135.5524,20.2504,2.2458,,,,,
Mazama,4,560, cls_1 ,1.0471,95.85,27.2992,1.9395,,,,,
Mazama,4,564, cls_1 ,1.2121,63.9,91.5445,7.8602,,,,,
Mazama,4,567, cls_1 ,1.0537,90.3682,17.6163,0.4083,,,,,
Mazama,4,568, cls_1 ,1,71.4424,19.4145,0.1021,,,,,
Mazama,4,569, cls_1 ,1.1328,71.4424,4953.6037,0.9187,,,,,
Mazama,4,570, cls_1 ,1.0673,63.9,1161.8608,6.9415,,,,,
Mazama,4,571, cls_1 ,1.0796,95.85,212.4171,10.4122,,,,,
Mazama,4,572, cls_1 ,1.0975,71.4424,41.079,0.4083,,,,,
Mazama,4,573, cls_1 ,1.1835,71.4424,55.5164,13.1684,,,,,
Mazama,4,574, cls_1 ,1.0985,90.3682,179.4069,36.4426,,,,,
Mazama,4,575, cls_1 ,1.1197,95.85,73.8177,0.7146,,,,,
Mazama,4,577, cls_1 ,1.0889,95.85,93.6282,2.3478,,,,,
Mazama,4,579, cls_1 ,1.0764,159.75,200.364,1.0208,,,,,
Mazama,4,582, cls_1 ,1.1354,71.4424,504.0955,2.1437,,,,,
Mazama,4,584, cls_1 ,1.0752,115.1974,251.6143,2.3478,,,,,
Mazama,4,585, cls_1 ,1.2319,95.85,151.708,35.1156,,,,,
Mazama,4,586, cls_1 ,1.0537,71.4424,103.7761,0.4083,,,,,
Mazama,4,587, cls_1 ,1.0631,71.4424,4981.1328,0.7146,,,,,
Mazama,4,588, cls_1 ,1.1197,71.4424,69.0979,0.7146,,,,,
Mazama,4,589, cls_1 ,1,63.9,30.2108,0.1021,,,,,
Mazama,4,590, cls_1 ,1.1311,159.75,118.5167,2.4499,,,,,
Mazama,4,591, cls_1 ,1.1013,63.9,814.7057,6.9415,,,,,
Mazama,4,594, cls_1 ,1.0283,71.4424,54.0751,0.7146,,,,,
Mazama,4,595, cls_1 ,1.0155,71.4424,655.1035,0.2042,,,,,
Mazama,4,596, cls_1 ,1.0688,294.5644,3.94,0.5104,,,,,
Mazama,4,597, cls_1 ,1.0792,194.3443,73.6768,8.1664,,,,,
Mazama,4,598, cls_1 ,1.0556,172.056,17.9727,1.225,,,,,
Mazama,4,599, cls_1 ,1.0695,71.4424,4953.0377,16.0266,,,,,
Mazama,4,601, cls_1 ,1.0386,63.9,33.2352,1.4291,,,,,
Mazama,4,602, cls_1 ,1.0701,243.324,37.4563,2.1437,,,,,
Mazama,4,603, cls_1 ,1.1197,63.9,6183.3534,0.7146,,,,,
Mazama,4,605, cls_1 ,1.0261,101.0348,41.2874,0.5104,,,,,
Mazama,4,606, cls_1 ,1.0155,71.4424,281.2536,0.2042,,,,,
Mazama,4,608, cls_1 ,1.0467,115.1974,130.367,1.327,,,,,
Mazama,4,609, cls_1 ,1.1554,159.75,22.9661,1.6333,,,,,
Mazama,4,610, cls_1 ,1.1036,115.1974,43.9867,3.777,,,,,
Mazama,4,612, cls_1 ,1.0819,71.4424,36.5294,0.6125,,,,,
Mazama,4,613, cls_1 ,1.0904,172.056,36.2276,3.5728,,,,,
Mazama,4,614, cls_1 ,1.1354,63.9,6186.3962,30.3178,,,,,
Mazama,4,615, cls_1 ,1.0806,63.9,321.3266,2.8582,,,,,
Mazama,4,616, cls_1 ,1.116,63.9,352.2023,1.8374,,,,,
Mazama,4,618, cls_1 ,1.0283,95.85,60.9328,0.7146,,,,,
Mazama,4,619, cls_1 ,1.1141,63.9,39.783,2.8582,,,,,
Mazama,4,620, cls_1 ,1,101.0348,2475.8764,0.1021,,,,,
Mazama,4,621, cls_1 ,1.0819,63.9,679.8611,0.6125,,,,,
Mazama,4,622, cls_1 ,1.1031,63.9,1003.5747,0.8166,,,,,
Mazama,4,623, cls_1 ,1.0509,186.2989,20.3054,1.0208,,,,,
Mazama,4,624, cls_1 ,1.1371,71.4424,68.2751,4.5936,,,,,
Mazama,4,625, cls_1 ,1.0688,101.0348,23.9542,0.5104,,,,,
Mazama,4,626, cls_1 ,1.0537,71.4424,23.8076,0.4083,,,,,
Mazama,4,627, cls_1 ,1.0932,230.3947,15.2506,0.7146,,,,,
Mazama,4,628, cls_1 ,1.105,142.8847,160.9313,0.5104,,,,,
Mazama,4,629, cls_1 ,1.0806,101.0348,22.5682,2.8582,,,,,
Mazama,4,630, cls_1 ,1.0903,115.1974,29.5358,2.0416,,,,,
Mazama,4,631, cls_1 ,1.1314,172.056,19.315,3.1645,,,,,
Mazama,4,632, cls_1 ,1.0914,71.4424,22.769,0.3062,,,,,
Mazama,4,635, cls_1 ,1.0283,135.5524,68.9009,0.7146,,,,,
Mazama,4,636, cls_1 ,1.0799,95.85,441.0472,2.552,,,,,
Mazama,4,637, cls_1 ,1.1328,232.5995,3.8881,0.9187,,,,,
Mazama,4,638, cls_1 ,1.2149,90.3682,426.5174,31.1345,,,,,
Mazama,4,639, cls_1 ,1.046,131.7332,101.4231,1.6333,,,,,
Mazama,4,641, cls_1 ,1.1031,101.0348,2485.085,0.8166,,,,,
Mazama,4,644, cls_1 ,1.0283,314.671,11.5467,0.7146,,,,,
Mazama,4,645, cls_1 ,1.0545,63.9,133.7672,2.8582,,,,,
Mazama,4,646, cls_1 ,1.0155,63.9,841.6328,0.2042,,,,,
Mazama,4,647, cls_1 ,1,63.9,6186.8382,0.1021,,,,,
Mazama,4,648, cls_1 ,1.2294,63.9,191.4101,376.574,,,,,
Mazama,4,649, cls_1 ,1,71.4424,651.7295,0.1021,,,,,
Mazama,4,650, cls_1 ,1.0556,186.2989,733.5775,1.225,,,,,
Mazama,4,651, cls_1 ,1.0688,90.3682,133.1796,0.5104,,,,,
Mazama,4,652, cls_1 ,1.1125,95.85,860.5497,0.6125,,,,,
Mazama,4,653, cls_1 ,1.073,115.1974,21.4962,11.8413,,,,,
Mazama,4,654, cls_1 ,1.195,101.0348,124.5725,3.777,,,,,
Mazama,4,655, cls_1 ,1.0987,159.75,157.3937,1.4291,,,,,
Mazama,4,656, cls_1 ,1.0465,101.0348,30.4899,0.6125,,,,,
Mazama,4,657, cls_1 ,1.0932,159.75,20.2628,0.7146,,,,,
Mazama,4,660, cls_1 ,1.105,95.85,12.9142,0.5104,,,,,
Mazama,4,661, cls_1 ,1.0743,63.9,139.3598,3.777,,,,,
Mazama,4,662, cls_1 ,1.0509,319.5,12.4375,1.0208,,,,,
Mazama,4,663, cls_1 ,1.0537,232.5995,4.2661,0.4083,,,,,
Mazama,4,664, cls_1 ,1.0993,63.9,21.7026,1.0208,,,,,
Mazama,4,665, cls_1 ,1.0686,101.0348,37.3919,5.8186,,,,,
Mazama,4,666, cls_1 ,1.0654,95.85,50.1755,1.1229,,,,,
Mazama,4,667, cls_1 ,1.1404,63.9,6183.5755,15.0058,,,,,
Mazama,4,668, cls_1 ,1.0537,95.85,178.8342,0.4083,,,,,
Mazama,4,669, cls_1 ,1.1197,194.3443,15.6447,0.7146,,,,,
Mazama,4,670, cls_1 ,1,159.75,12.1668,0.1021,,,,,
Mazama,4,672, cls_1 ,1.0606,127.8,80.7769,1.4291,,,,,
Mazama,4,673, cls_1 ,1.0631,225.9206,10.62,0.7146,,,,,
Mazama,4,674, cls_1 ,1.1073,95.85,12.9728,1.327,,,,,
Mazama,4,675, cls_1 ,1.0728,180.7365,23.4383,1.5312,,,,,
Mazama,4,676, cls_1 ,1.1125,71.4424,5006.0721,0.6125,,,,,
Mazama,4,677, cls_1 ,1.0805,101.0348,29.4863,1.4291,,,,,
Mazama,4,678, cls_1 ,1.0688,71.4424,1020.637,0.5104,,,,,
Mazama,4,681, cls_1 ,1.1084,71.4424,256.4785,1.7354,,,,,
Mazama,4,682, cls_1 ,1.078,63.9,20.3529,1.225,,,,,
Mazama,4,683, cls_1 ,1.1752,63.9,76.4652,88.1973,,,,,
Mazama,4,684, cls_1 ,1.0785,142.8847,115.863,5.7165,,,,,
Mazama,4,685, cls_1 ,1.236,115.1974,33.7954,8.3706,,,,,
Mazama,4,687, cls_1 ,1.0876,95.85,18.3738,6.5331,,,,,
Mazama,4,688, cls_1 ,1.085,142.8847,26.5516,2.1437,,,,,
Mazama,4,689, cls_1 ,1.1609,180.7365,23.2792,2.2458,,,,,
Mazama,4,690, cls_1 ,1.1503,159.75,157.8964,11.1267,,,,,
Mazama,4,691, cls_1 ,1.0932,159.75,14.9784,0.7146,,,,,
Mazama,4,692, cls_1 ,1.1043,95.85,42.8294,4.0832,,,,,
Mazama,4,693, cls_1 ,1.1398,71.4424,51.1201,1.327,,,,,
Mazama,4,694, cls_1 ,1.0155,63.9,14.0618,0.2042,,,,,
Mazama,4,695, cls_1 ,1.1123,131.7332,17.3248,5.104,,,,,
Mazama,4,696, cls_1 ,1.1359,263.4664,89.9061,16.2308,,,,,
Mazama,4,697, cls_1 ,1.0397,101.0348,24.5638,3.777,,,,,
Mazama,4,698, cls_1 ,1.1065,115.1974,23.9367,3.6749,,,,,
Mazama,4,699, cls_1 ,1.052,135.5524,29.1296,8.1664,,,,,
Mazama,4,700, cls_1 ,1.1834,90.3682,51.0554,27.2554,,,,,
Mazama,4,701, cls_1 ,1.1632,63.9,18.8953,8.4727,,,,,
Mazama,4,702, cls_1 ,1.0688,63.9,16.2443,0.5104,,,,,
Mazama,4,703, cls_1 ,1.0402,142.8847,18.1871,1.1229,,,,,
Mazama,4,705, cls_1 ,1.1167,225.9206,11.6604,1.225,,,,,
Mazama,4,706, cls_1 ,1.1752,101.0348,58.1125,34.299,,,,,
Mazama,4,707, cls_1 ,1.0465,71.4424,18.7346,0.6125,,,,,
Mazama,4,708, cls_1 ,1.0155,95.85,19.6596,0.2042,,,,,
Mazama,4,709, cls_1 ,1.0654,63.9,92.7248,1.1229,,,,,
Mazama,4,710, cls_1 ,1.0386,101.0348,17.9649,1.4291,,,,,
Mazama,4,711, cls_1 ,1.0932,95.85,54.8456,0.7146,,,,,
Mazama,4,712, cls_1 ,1.0631,131.7332,393.1358,0.7146,,,,,
Mazama,4,713, cls_1 ,1.0283,294.5644,12.4108,0.7146,,,,,
Mazama,4,715, cls_1 ,1.0537,223.65,6.3532,0.4083,,,,,
Mazama,4,716, cls_1 ,1.0358,95.85,364.3497,0.3062,,,,,
Mazama,4,717, cls_1 ,1.1199,135.5524,143.7596,1.0208,,,,,
Mazama,4,719, cls_1 ,1.0894,142.8847,56.4907,3.2666,,,,,
Mazama,4,720, cls_1 ,1.1328,162.9137,129.6542,0.9187,,,,,
Mazama,4,721, cls_1 ,1.0688,159.75,36.6317,0.5104,,,,,
Mazama,4,722, cls_1 ,1.1143,63.9,54.3347,12.3517,,,,,
Mazama,4,725, cls_1 ,1.0643,131.7332,151.531,2.9603,,,,,
Mazama,4,726, cls_1 ,1.1889,95.85,53.2259,30.522,,,,,
Mazama,4,727, cls_1 ,1.0509,95.85,85.9111,1.0208,,,,,
Mazama,4,730, cls_1 ,1.0465,71.4424,59.0078,0.6125,,,,,
Mazama,4,731, cls_1 ,1.0819,115.1974,40.9083,0.6125,,,,,
Mazama,4,732, cls_1 ,1.0509,127.8,35.8132,1.0208,,,,,
Mazama,4,733, cls_1 ,1.063,162.9137,26.3307,0.9187,,,,,
Mazama,4,734, cls_1 ,1.112,115.1974,71.8633,0.9187,,,,,
Mazama,4,735, cls_1 ,1.1265,194.3443,46.2754,0.8166,,,,,
Mazama,4,737, cls_1 ,1.1075,159.75,15.6601,2.7562,,,,,
Mazama,4,738, cls_1 ,1.0744,328.9454,237.748,4.5936,,,,,
Mazama,4,740, cls_1 ,1.0764,63.9,6183.1362,1.0208,,,,,
Mazama,4,741, cls_1 ,1.1436,63.9,814.7437,3.0624,,,,,
Mazama,4,742, cls_1 ,1.0358,63.9,41.3488,0.3062,,,,,
Mazama,4,743, cls_1 ,1.1388,115.1974,19.9234,1.0208,,,,,
Mazama,4,745, cls_1 ,1.1388,71.4424,131.024,1.0208,,,,,
Mazama,4,746, cls_1 ,1.1651,71.4424,205.2783,9.5955,,,,,
Mazama,4,747, cls_1 ,1.1413,63.9,36.9686,4.6957,,,,,
Mazama,4,748, cls_1 ,1,101.0348,328.7512,0.1021,,,,,
Mazama,4,749, cls_1 ,1.2201,63.9,49.2651,62.0648,,,,,
Mazama,4,750, cls_1 ,1,63.9,84.7352,0.1021,,,,,
Mazama,4,751, cls_1 ,1.0706,63.9,837.9147,2.4499,,,,,
Mazama,4,752, cls_1 ,1.1197,115.1974,17.4695,0.7146,,,,,
Mazama,4,753, cls_1 ,1.0465,142.8847,15.3438,0.6125,,,,,
Mazama,4,754, cls_1 ,1.125,71.4424,107.6107,6.5331,,,,,
Mazama,4,755, cls_1 ,1.1592,63.9,936.4598,28.5825,,,,,
Mazama,4,756, cls_1 ,1.0975,101.0348,95.2376,0.4083,,,,,
Mazama,4,757, cls_1 ,1.1409,63.9,197.2173,2.2458,,,,,
Mazama,4,759, cls_1 ,1.1418,90.3682,129.2442,2.6541,,,,,
Mazama,4,760, cls_1 ,1.0654,90.3682,92.043,1.1229,,,,,
Mazama,4,762, cls_1 ,1.142,63.9,88.9262,27.5617,,,,,
Mazama,4,763, cls_1 ,1.0467,63.9,26.7128,1.327,,,,,
Mazama,4,764, cls_1 ,1.054,127.8,31.4866,2.1437,,,,,
Mazama,4,766, cls_1 ,1.0769,63.9,23.2889,1.7354,,,,,
Mazama,4,767, cls_1 ,1.0155,90.3682,53.0791,0.2042,,,,,
Mazama,4,769, cls_1 ,1.0846,180.7365,34.7983,3.777,,,,,
Mazama,4,770, cls_1 ,1.0473,249.5375,51.409,0.8166,,,,,
Mazama,4,771, cls_1 ,1.113,63.9,443.219,14.6996,,,,,
Mazama,4,772, cls_1 ,1.1594,71.4424,97.3925,11.2288,,,,,
Mazama,4,774, cls_1 ,1.0261,142.8847,13.5247,0.5104,,,,,
Mazama,4,775, cls_1 ,1.0758,333.5678,11.4224,2.6541,,,,,
Mazama,4,776, cls_1 ,1.1462,159.75,14.2673,2.552,,,,,
Mazama,4,777, cls_1 ,1.0722,127.8,21.0544,4.6957,,,,,
Mazama,4,778, cls_1 ,1.0937,63.9,19.5037,2.2458,,,,,
Mazama,4,779, cls_1 ,1.1084,71.4424,36.1653,1.7354,,,,,
Mazama,4,780, cls_1 ,1.0631,63.9,48.3189,0.7146,,,,,
Mazama,4,783, cls_1 ,1.0769,95.85,35.6726,0.8166,,,,,
Mazama,4,785, cls_1 ,1.0716,63.9,238.5495,8.2685,,,,,
Mazama,4,786, cls_1 ,1.0961,63.9,42.6552,10.3101,,,,,
Mazama,4,787, cls_1 ,1.0471,115.1974,79.1732,1.9395,,,,,
Mazama,4,788, cls_1 ,1.0869,159.75,13.6407,1.8374,,,,,
Mazama,4,789, cls_1 ,1.0155,101.0348,64.1336,0.2042,,,,,
Mazama,4,790, cls_1 ,1.078,186.2989,36.1577,1.225,,,,,
Mazama,4,792, cls_1 ,1.1066,162.9137,28.1205,3.0624,,,,,
Mazama,4,794, cls_1 ,1.0462,71.4424,54.3022,24.193,,,,,
Mazama,4,796, cls_1 ,1.063,95.85,43.5961,0.9187,,,,,
Mazama,4,797, cls_1 ,1.0335,95.85,2749.3887,1.8374,,,,,
Mazama,4,798, cls_1 ,1.0993,186.2989,46.8052,1.0208,,,,,
Mazama,4,799, cls_1 ,1.1154,172.056,15.4664,1.4291,,,,,
Mazama,4,800, cls_1 ,1.0769,223.65,71.2723,1.7354,,,,,
Mazama,4,801, cls_1 ,1.1125,71.4424,771.9695,0.6125,,,,,
Mazama,4,802, cls_1 ,1.1358,204.5798,8.0074,1.7354,,,,,
Mazama,4,803, cls_1 ,1.1094,127.8,55.9922,10.4122,,,,,
Mazama,4,804, cls_1 ,1.0836,180.7365,16.5046,1.6333,,,,,
Mazama,4,805, cls_1 ,1.0707,95.85,59.8568,12.1475,,,,,
Mazama,4,806, cls_1 ,1,101.0348,21.2639,0.1021,,,,,
Mazama,4,807, cls_1 ,1.0592,63.9,79.2911,4.3895,,,,,
Mazama,4,808, cls_1 ,1,71.4424,33.7903,0.1021,,,,,
Mazama,4,809, cls_1 ,1.0689,159.75,138.2119,1.327,,,,,
Mazama,4,810, cls_1 ,1.1566,63.9,33.2422,37.0551,,,,,
Mazama,4,811, cls_1 ,1.0358,63.9,77.7199,0.3062,,,,,
Mazama,4,812, cls_1 ,1,63.9,169.3377,0.1021,,,,,
Mazama,4,813, cls_1 ,1.0155,71.4424,48.1254,0.2042,,,,,
Mazama,4,814, cls_1 ,1.105,294.5644,293.342,0.5104,,,,,
Mazama,4,815, cls_1 ,1.0155,63.9,6182.7707,0.2042,,,,,
Mazama,4,816, cls_1 ,1.0402,71.4424,65.035,1.1229,,,,,
Mazama,4,817, cls_1 ,1.1513,63.9,52.6541,2.8582,,,,,
Mazama,4,818, cls_1 ,1.1072,142.8847,33.8645,5.0019,,,,,
Mazama,4,820, cls_1 ,1.1001,63.9,2751.3587,1.6333,,,,,
Mazama,4,821, cls_1 ,1.1554,223.65,14.702,2.7562,,,,,
Mazama,4,822, cls_1 ,1,63.9,102.8735,0.1021,,,,,
Mazama,4,823, cls_1 ,1.0261,127.8,42.757,0.5104,,,,,
Mazama,4,824, cls_1 ,1.096,352.8993,205.4845,1.9395,,,,,
Mazama,4,825, cls_1 ,1.0636,115.1974,19.8462,5.6144,,,,,
Mazama,4,826, cls_1 ,1.0994,71.4424,34.4289,28.1741,,,,,
Mazama,4,827, cls_1 ,1.0975,63.9,27.6108,0.4083,,,,,
Mazama,4,828, cls_1 ,1.1125,204.5798,7.82,0.6125,,,,,
Mazama,4,829, cls_1 ,1.0673,249.5375,13.746,6.9415,,,,,
Mazama,4,830, cls_1 ,1.0283,63.9,23.9436,0.7146,,,,,
Mazama,4,831, cls_1 ,1.053,191.7,13.3908,1.5312,,,,,
Mazama,4,832, cls_1 ,1.0747,194.3443,34.4638,6.4311,,,,,
Mazama,4,833, cls_1 ,1.1167,191.7,32.3283,1.225,,,,,
Mazama,4,834, cls_1 ,1.0984,95.85,153.1699,8.0643,,,,,
Mazama,4,835, cls_1 ,1.116,71.4424,35.9902,1.8374,,,,,
Mazama,4,836, cls_1 ,1.1426,63.9,195.2617,6.1248,,,,,
Mazama,4,837, cls_1 ,1.0982,232.5995,469.5665,1.225,,,,,
Mazama,4,839, cls_1 ,1.0805,194.3443,21.9545,1.4291,,,,,
Mazama,4,840, cls_1 ,1.0992,95.85,52.5491,25.0097,,,,,
Mazama,4,841, cls_1 ,1.0975,71.4424,26.4277,0.4083,,,,,
Mazama,4,842, cls_1 ,1.0283,63.9,1244.0082,0.7146,,,,,
Mazama,4,843, cls_1 ,1.1427,63.9,22.9624,3.5728,,,,,
Mazama,4,844, cls_1 ,1.0962,90.3682,87.8524,3.0624,,,,,
Mazama,4,845, cls_1 ,1.1288,131.7332,26.4075,5.6144,,,,,
Mazama,4,846, cls_1 ,1.0769,294.5644,67.356,1.7354,,,,,
Mazama,4,847, cls_1 ,1.112,90.3682,471.1141,10.6163,,,,,
Mazama,4,848, cls_1 ,1.0909,95.85,19.2885,1.5312,,,,,
Mazama,4,849, cls_1 ,1.1042,345.5921,5.183,2.0416,,,,,
Mazama,4,850, cls_1 ,1.2147,63.9,113.4811,94.2201,,,,,
Mazama,4,851, cls_1 ,1.0963,63.9,64.3788,2.7562,,,,,
Mazama,4,852, cls_1 ,1.0631,71.4424,43.3997,0.7146,,,,,
Mazama,4,853, cls_1 ,1.1197,142.8847,18.3266,0.7146,,,,,
Mazama,4,854, cls_1 ,1,71.4424,345.6713,0.1021,,,,,
Mazama,4,855, cls_1 ,1.0764,172.056,14.1867,1.0208,,,,,
Mazama,4,856, cls_1 ,1.1182,63.9,19.9493,6.2269,,,,,
Mazama,4,857, cls_1 ,1.1471,71.4424,63.5758,7.4519,,,,,
Mazama,4,858, cls_1 ,1.0311,373.9652,49.2905,1.5312,,,,,
Mazama,4,859, cls_1 ,1.102,172.056,17.6591,1.8374,,,,,
Mazama,4,860, cls_1 ,1.0465,115.1974,20.3884,0.6125,,,,,
Mazama,4,861, cls_1 ,1.0537,71.4424,655.4635,0.4083,,,,,
Mazama,4,862, cls_1 ,1,71.4424,25.4586,0.4083,,,,,
Mazama,4,863, cls_1 ,1.118,115.1974,18.4966,9.0851,,,,,
Mazama,4,865, cls_1 ,1.1242,63.9,31.1374,1.327,,,,,
Mazama,4,866, cls_1 ,1.2465,63.9,218.0989,31.1345,,,,,
Mazama,4,867, cls_1 ,1.025,115.1974,390.7198,8.4727,,,,,
Mazama,4,868, cls_1 ,1.0338,63.9,817.3647,0.9187,,,,,
Mazama,4,870, cls_1 ,1.0155,63.9,101.1155,0.2042,,,,,
Mazama,4,871, cls_1 ,1.0631,135.5524,31.8518,0.7146,,,,,
Mazama,4,872, cls_1 ,1.0932,257.5891,61.4303,0.7146,,,,,
Mazama,4,873, cls_1 ,1.089,95.85,9.1731,1.327,,,,,
Mazama,4,875, cls_1 ,1.1066,90.3682,29.3278,3.0624,,,,,
Mazama,4,876, cls_1 ,1,95.85,20.526,0.4083,,,,,
Mazama,4,877, cls_1 ,1.0932,257.5891,3.6553,0.7146,,,,,
Mazama,4,878, cls_1 ,1.1836,63.9,50.4574,7.7581,,,,,
Mazama,4,879, cls_1 ,1.0465,90.3682,19.5993,0.6125,,,,,
Mazama,4,881, cls_1 ,1.1648,131.7332,20.6424,3.777,,,,,
Mazama,4,882, cls_1 ,1.1167,191.7,14.9722,1.225,,,,,
Mazama,4,884, cls_1 ,1.0734,131.7332,31.2644,3.0624,,,,,
Mazama,4,885, cls_1 ,1.0842,63.9,16.8659,8.2685,,,,,
Mazama,4,886, cls_1 ,1.082,71.4424,4947.4577,6.4311,,,,,
Mazama,4,887, cls_1 ,1.0402,180.7365,28.0581,1.1229,,,,,
Mazama,4,888, cls_1 ,1.0537,63.9,24.1194,0.4083,,,,,
Mazama,4,889, cls_1 ,1.059,71.4424,34.2592,1.7354,,,,,
Mazama,4,890, cls_1 ,1.0465,135.5524,41.1949,0.6125,,,,,
Mazama,4,891, cls_1 ,1.0261,90.3682,19.6769,0.5104,,,,,
Mazama,4,894, cls_1 ,1.1128,127.8,21.3956,11.0247,,,,,
Mazama,4,895, cls_1 ,1.089,115.1974,77.9545,1.327,,,,,
Mazama,4,896, cls_1 ,1.0764,257.5891,4.187,1.0208,,,,,
Mazama,4,897, cls_1 ,1.0921,127.8,14.5759,4.5936,,,,,
Mazama,4,898, cls_1 ,1.0556,63.9,19.8145,1.225,,,,,
Mazama,4,900, cls_1 ,1.1197,162.9137,43.6005,0.7146,,,,,
Mazama,4,901, cls_1 ,1.1116,63.9,39.3584,2.6541,,,,,
Mazama,4,902, cls_1 ,1.128,71.4424,22.6934,3.2666,,,,,
Mazama,4,903, cls_1 ,1.0338,287.55,10.2174,0.9187,,,,,
Mazama,4,904, cls_1 ,1.1388,186.2989,14.8376,1.0208,,,,,
Mazama,4,905, cls_1 ,1.0971,90.3682,14.8019,2.4499,,,,,
Mazama,4,906, cls_1 ,1.1226,90.3682,26.2535,13.7808,,,,,
Mazama,4,907, cls_1 ,1.1599,63.9,9.3941,1.7354,,,,,
Mazama,4,908, cls_1 ,1.0891,90.3682,26.7302,6.4311,,,,,
Mazama,4,909, cls_1 ,1.1153,90.3682,24.2459,5.3082,,,,,
Mazama,4,912, cls_1 ,1,95.85,27.6889,0.1021,,,,,
Mazama,4,913, cls_1 ,1.1415,115.1974,24.8988,1.8374,,,,,
Mazama,4,914, cls_1 ,1.1046,191.7,16.5004,2.552,,,,,
Mazama,4,915, cls_1 ,1.1462,63.9,26.6743,2.1437,,,,,
Mazama,4,918, cls_1 ,1.085,63.9,36.1704,2.1437,,,,,
Mazama,4,919, cls_1 ,1.0155,71.4424,740.8941,0.2042,,,,,
Mazama,4,920, cls_1 ,1.0663,63.9,95.659,2.552,,,,,
Mazama,4,921, cls_1 ,1.0889,71.4424,995.3679,0.9187,,,,,
Mazama,4,922, cls_1 ,1,71.4424,741.9656,0.1021,,,,,
Mazama,4,923, cls_1 ,1.063,127.8,1549.3321,0.9187,,,,,
Mazama,4,924, cls_1 ,1.0283,63.9,31.5873,0.7146,,,,,
Mazama,4,925, cls_1 ,1.1144,90.3682,27.875,5.7165,,,,,
Mazama,4,926, cls_1 ,1.0819,95.85,14.7088,0.6125,,,,,
Mazama,4,927, cls_1 ,1.0764,162.9137,9.716,1.0208,,,,,
Mazama,4,928, cls_1 ,1.1197,257.5891,5.2588,0.7146,,,,,
Mazama,4,929, cls_1 ,1.1199,95.85,16.3325,1.0208,,,,,
Mazama,4,930, cls_1 ,1.0311,101.0348,17.4429,1.5312,,,,,
Mazama,4,931, cls_1 ,1.088,63.9,30.9507,1.1229,,,,,
Mazama,4,932, cls_1 ,1.0764,63.9,6187.1774,1.0208,,,,,
Mazama,4,933, cls_1 ,1.0819,127.8,53.5104,0.6125,,,,,
Mazama,4,934, cls_1 ,1.1328,127.8,21.3638,0.9187,,,,,
Mazama,4,935, cls_1 ,1.105,95.85,135.6213,0.5104,,,,,
Mazama,4,936, cls_1 ,1.0819,101.0348,16.4443,0.6125,,,,,
Mazama,4,938, cls_1 ,1.1477,186.2989,11.9179,0.8166,,,,,
Mazama,4,939, cls_1 ,1.1159,63.9,247.7205,2.552,,,,,
Mazama,4,941, cls_1 ,1.0537,63.9,35.7333,0.4083,,,,,
Mazama,4,942, cls_1 ,1.0819,191.7,314.2834,0.6125,,,,,
Mazama,4,943, cls_1 ,1.1075,71.4424,21.6651,1.5312,,,,,
Mazama,4,944, cls_1 ,1.1157,95.85,413.5692,3.3686,,,,,
Mazama,4,945, cls_1 ,1.0473,63.9,10.1098,0.8166,,,,,
Mazama,4,946, cls_1 ,1.063,63.9,39.5808,0.9187,,,,,
Mazama,4,947, cls_1 ,1.1412,71.4424,20.2938,2.4499,,,,,
Mazama,4,948, cls_1 ,1.0306,159.75,12.8465,1.225,,,,,
Mazama,4,949, cls_1 ,1.1679,71.4424,388.3617,1.327,,,,,
Mazama,4,951, cls_1 ,1.1096,63.9,52.7277,3.879,,,,,
Mazama,4,952, cls_1 ,1.0465,71.4424,16.3811,0.6125,,,,,
Mazama,4,953, cls_1 ,1.1532,71.4424,285.8487,7.656,,,,,
Mazama,4,954, cls_1 ,1.0984,186.2989,18.8297,8.0643,,,,,
Mazama,4,955, cls_1 ,1.0909,71.4424,33.55,0.2042,,,,,
Mazama,4,956, cls_1 ,1.0465,180.7365,15.9972,0.6125,,,,,
Mazama,4,957, cls_1 ,1.11,63.9,36.5127,4.1853,,,,,
Mazama,4,958, cls_1 ,1.0283,71.4424,29.3049,0.7146,,,,,
Mazama,4,960, cls_1 ,1,95.85,68.4528,0.1021,,,,,
Mazama,4,961, cls_1 ,1.0465,71.4424,13.552,0.6125,,,,,
Mazama,4,962, cls_1 ,1.0537,162.9137,16.4768,0.4083,,,,,
Mazama,4,963, cls_1 ,1.1328,71.4424,26.0988,0.9187,,,,,
Mazama,4,964, cls_1 ,1.1073,71.4424,27.8571,6.9415,,,,,
Mazama,4,965, cls_1 ,1.1672,71.4424,158.8447,1.6333,,,,,
Mazama,4,966, cls_1 ,1.1167,131.7332,20.2962,1.225,,,,,
Mazama,4,968, cls_1 ,1.1699,63.9,15.0641,15.1079,,,,,
Mazama,4,969, cls_1 ,1.1909,71.4424,115.4701,11.3309,,,,,
Mazama,4,970, cls_1 ,1,71.4424,48.9668,0.1021,,,,,
Mazama,4,971, cls_1 ,1.0932,95.85,15.8748,0.7146,,,,,
Mazama,4,972, cls_1 ,1.1554,90.3682,376.6592,2.7562,,,,,
Mazama,4,973, cls_1 ,1.105,162.9137,23.4578,0.5104,,,,,
Mazama,4,974, cls_1 ,1.0465,328.9454,23.9058,0.6125,,,,,
Mazama,4,975, cls_1 ,1.0754,159.75,32.0855,2.0416,,,,,
Mazama,4,976, cls_1 ,1.0897,90.3682,20.5894,5.104,,,,,
Mazama,4,977, cls_1 ,1,389.9995,49.4691,0.1021,,,,,
Mazama,4,979, cls_1 ,1.0318,101.0348,20.989,2.2458,,,,,
Mazama,4,980, cls_1 ,1.1434,90.3682,464.4631,0.7146,,,,,
Mazama,4,981, cls_1 ,1.2212,71.4424,313.599,36.1364,,,,,
Mazama,4,982, cls_1 ,1.0283,127.8,20.9134,0.7146,,,,,
Mazama,4,983, cls_1 ,1.1137,223.65,37.9032,2.3478,,,,,
Mazama,4,984, cls_1 ,1.0909,71.4424,72.7506,0.2042,,,,,
Mazama,4,986, cls_1 ,1.0975,71.4424,65.6595,0.4083,,,,,
Mazama,4,987, cls_1 ,1.0283,95.85,14.6288,0.7146,,,,,
Mazama,4,988, cls_1 ,1.0722,71.4424,203.1171,4.6957,,,,,
Mazama,4,989, cls_1 ,1.1207,194.3443,103.5342,17.3536,,,,,
Mazama,4,990, cls_1 ,1.1167,95.85,178.8251,1.225,,,,,
Mazama,4,991, cls_1 ,1.2716,71.4424,88.9804,151.385,,,,,
Mazama,4,993, cls_1 ,1.1167,101.0348,73.3123,21.2327,,,,,
Mazama,4,994, cls_1 ,1.088,71.4424,71.7759,1.1229,,,,,
Mazama,4,995, cls_1 ,1.0261,172.056,14.8615,0.5104,,,,,
Mazama,4,996, cls_1 ,1.0864,71.4424,16.7731,21.2327,,,,,
Mazama,4,997, cls_1 ,1.0261,95.85,40.4039,0.5104,,,,,
Mazama,4,999, cls_1 ,1.0701,95.85,21.9971,2.1437,,,,,
Mazama,4,1000, cls_1 ,1.1017,214.3271,36.1959,4.8999,,,,,
Mazama,4,1001, cls_1 ,1.053,159.75,65.3348,1.5312,,,,,
Mazama,4,1002, cls_1 ,1.1265,95.85,32.4066,0.8166,,,,,
Mazama,4,1003, cls_1 ,1,63.9,45.4175,0.1021,,,,,
Mazama,4,1004, cls_1 ,1.0261,90.3682,193.3649,0.5104,,,,,
Mazama,4,1006, cls_1 ,1.1462,357.2119,8.6352,2.552,,,,,
Mazama,4,1007, cls_1 ,1.1695,63.9,189.8523,75.3352,,,,,
Mazama,4,1008, cls_1 ,1.0283,230.3947,73.1144,0.7146,,,,,
Mazama,4,1009, cls_1 ,1.0958,159.75,19.058,9.2893,,,,,
Mazama,4,1010, cls_1 ,1.0465,172.056,27.7467,0.6125,,,,,
Mazama,4,1011, cls_1 ,1.2221,63.9,135.235,153.3245,,,,,
Mazama,4,1012, cls_1 ,1.1325,71.4424,82.1232,4.7978,,,,,
Mazama,4,1014, cls_1 ,1.1084,131.7332,19.2074,1.7354,,,,,
Mazama,4,1015, cls_1 ,1.1235,95.85,41.3717,6.6352,,,,,
Mazama,4,1017, cls_1 ,1.1075,135.5524,58.0264,1.5312,,,,,
Mazama,4,1018, cls_1 ,1.0529,71.4424,9.6426,1.8374,,,,,
Mazama,4,1019, cls_1 ,1.1289,135.5524,28.0544,3.777,,,,,
Mazama,4,1020, cls_1 ,1.0701,63.9,29.1133,2.1437,,,,,
Mazama,4,1021, cls_1 ,1.118,135.5524,47.3256,9.0851,,,,,
Mazama,4,1022, cls_1 ,1.2188,131.7332,21.7928,4.6957,,,,,
Mazama,4,1023, cls_1 ,1.08,71.4424,30.9776,3.5728,,,,,
Mazama,4,1025, cls_1 ,1,63.9,199.986,0.1021,,,,,
Mazama,4,1026, cls_1 ,1.0471,63.9,18.3228,1.9395,,,,,
Mazama,4,1027, cls_1 ,1.1457,90.3682,148.0303,37.0551,,,,,
Mazama,4,1028, cls_1 ,1.0819,131.7332,17.7937,0.6125,,,,,
Mazama,4,1029, cls_1 ,1.0402,162.9137,64.8346,1.1229,,,,,
Mazama,4,1030, cls_1 ,1.0338,115.1974,51.882,0.9187,,,,,
Mazama,4,1031, cls_1 ,1.0932,71.4424,51.6217,0.7146,,,,,
Mazama,4,1032, cls_1 ,1.0537,127.8,8.7869,0.4083,,,,,
Mazama,4,1033, cls_1 ,1.0245,159.75,7.5538,2.8582,,,,,
Mazama,4,1034, cls_1 ,1,71.4424,9.8619,0.1021,,,,,
Mazama,4,1035, cls_1 ,1,63.9,22.6229,0.1021,,,,,
Mazama,4,1036, cls_1 ,1.0047,127.8,7.9706,0.6125,,,,,
Mazama,4,1037, cls_1 ,1.0932,71.4424,10.0275,0.7146,,,,,
Mazama,4,1039, cls_1 ,1.0465,101.0348,8.6379,0.6125,,,,,
Mazama,4,1042, cls_1 ,1.1982,90.3682,14.625,27.6637,,,,,
Mazama,4,1044, cls_1 ,1.0932,90.3682,193.3996,0.7146,,,,,
Mazama,4,1045, cls_1 ,1.1692,90.3682,130.4341,10.5143,,,,,
Mazama,4,1046, cls_1 ,1.068,63.9,26.074,2.8582,,,,,
Mazama,4,1047, cls_1 ,1.1242,194.3443,28.2415,1.327,,,,,
Mazama,4,1048, cls_1 ,1.1295,71.4424,34.4997,9.6976,,,,,
Mazama,4,1049, cls_1 ,1.0654,142.8847,33.9991,1.1229,,,,,
Mazama,4,1050, cls_1 ,1.085,71.4424,60.2982,2.1437,,,,,
Mazama,4,1051, cls_1 ,1,333.5678,11.3382,0.1021,,,,,
Mazama,4,1052, cls_1 ,1.0932,204.5798,35.7587,0.7146,,,,,
Mazama,4,1053, cls_1 ,1.0283,71.4424,20.1821,0.7146,,,,,
Mazama,4,1054, cls_1 ,1.0721,131.7332,96.9445,5.6144,,,,,
Mazama,4,1058, cls_1 ,1.0631,63.9,27.8653,0.7146,,,,,
Mazama,4,1059, cls_1 ,1,95.85,10.9425,0.1021,,,,,
Mazama,4,1061, cls_1 ,1.0358,127.8,19.3426,0.3062,,,,,
Mazama,4,1062, cls_1 ,1.1388,159.75,7.3368,1.0208,,,,,
Mazama,4,1063, cls_1 ,1.1242,142.8847,16.2506,49.1006,,,,,
Mazama,4,1064, cls_1 ,1.1561,71.4424,24.6474,1.0208,,,,,
Mazama,4,1067, cls_1 ,1.1036,90.3682,111.507,3.777,,,,,
Mazama,4,1068, cls_1 ,1.1238,135.5524,18.3,7.7581,,,,,
Mazama,4,1069, cls_1 ,1.0631,101.0348,37.1882,0.7146,,,,,
Mazama,4,1071, cls_1 ,1.1141,71.4424,9.9908,2.8582,,,,,
Mazama,4,1072, cls_1 ,1.0819,71.4424,34.4247,0.6125,,,,,
Mazama,4,1073, cls_1 ,1.0465,194.3443,18.5291,0.6125,,,,,
Mazama,4,1074, cls_1 ,1.0631,115.1974,19.6066,0.7146,,,,,
Mazama,4,1075, cls_1 ,1.0805,131.7332,17.8896,1.4291,,,,,
Mazama,4,1077, cls_1 ,1.0645,63.9,206.95,7.1456,,,,,
Mazama,4,1078, cls_1 ,1.0769,71.4424,301.9529,1.7354,,,,,
Mazama,4,1079, cls_1 ,1.0819,194.3443,17.0486,0.6125,,,,,
Mazama,4,1080, cls_1 ,1.0688,223.65,31.1993,0.5104,,,,,
Mazama,4,1081, cls_1 ,1.0823,90.3682,193.2794,8.9831,,,,,
Mazama,4,1082, cls_1 ,1.0914,71.4424,22.3749,0.3062,,,,,
Mazama,4,1083, cls_1 ,1.0654,95.85,37.9728,1.1229,,,,,
Mazama,4,1085, cls_1 ,1.0283,71.4424,13.7877,0.7146,,,,,
Mazama,4,1086, cls_1 ,1.0631,159.75,29.687,0.7146,,,,,
Mazama,4,1087, cls_1 ,1.109,63.9,10.9851,2.4499,,,,,
Mazama,4,1088, cls_1 ,1.0556,159.75,28.9832,1.225,,,,,
Mazama,4,1089, cls_1 ,1.1353,71.4424,746.1456,16.8432,,,,,
Mazama,4,1090, cls_1 ,1.1711,90.3682,28.8405,5.9207,,,,,
Mazama,4,1091, cls_1 ,1.0688,71.4424,303.7272,0.5104,,,,,
Mazama,4,1092, cls_1 ,1.1389,90.3682,13.8273,6.0227,,,,,
Mazama,4,1093, cls_1 ,1.0932,71.4424,66.208,0.7146,,,,,
Mazama,4,1094, cls_1 ,1.1994,90.3682,87.6855,41.7508,,,,,
Mazama,4,1095, cls_1 ,1.1167,90.3682,194.2641,1.225,,,,,
Mazama,4,1097, cls_1 ,1.1362,180.7365,20.0402,0.5104,,,,,
Mazama,4,1099, cls_1 ,1.1454,101.0348,30.8142,1.4291,,,,,
Mazama,4,1100, cls_1 ,1.1398,285.7695,9.4903,1.327,,,,,
Mazama,4,1101, cls_1 ,1.109,71.4424,12.9034,2.4499,,,,,
Mazama,4,1102, cls_1 ,1.053,447.3,6.3369,1.5312,,,,,
Mazama,4,1104, cls_1 ,1,63.9,11.5346,0.1021,,,,,
Mazama,4,1105, cls_1 ,1.0764,186.2989,15.6437,1.0208,,,,,
Mazama,4,1106, cls_1 ,1.1271,90.3682,39.5496,1.1229,,,,,
Mazama,4,1107, cls_1 ,1.0819,232.5995,16.8971,0.6125,,,,,
Mazama,4,1108, cls_1 ,1.119,127.8,41.9541,3.2666,,,,,
Mazama,4,1109, cls_1 ,1.0819,101.0348,10.6562,0.6125,,,,,
Mazama,4,1111, cls_1 ,1.0509,90.3682,197.1646,1.0208,,,,,
Mazama,4,1112, cls_1 ,1.1153,115.1974,31.2157,3.9811,,,,,
Mazama,4,1113, cls_1 ,1.0609,142.8847,12.5509,3.0624,,,,,
Mazama,4,1114, cls_1 ,1.0728,71.4424,173.5084,1.5312,,,,,
Mazama,4,1115, cls_1 ,1.0261,101.0348,10.9647,0.5104,,,,,
Mazama,4,1116, cls_1 ,1.088,172.056,11.7109,1.1229,,,,,
Mazama,4,1117, cls_1 ,1.0654,142.8847,197.1689,1.1229,,,,,
Mazama,4,1118, cls_1 ,1.1642,131.7332,96.208,1.8374,,,,,
Mazama,4,1121, cls_1 ,1.1671,63.9,161.9988,12.8621,,,,,
Mazama,4,1122, cls_1 ,1.0706,101.0348,194.6979,2.4499,,,,,
Mazama,4,1123, cls_1 ,1.1418,90.3682,16.926,2.6541,,,,,
Mazama,4,1124, cls_1 ,1.1608,71.4424,19.5946,8.6768,,,,,
Mazama,4,1125, cls_1 ,1.15,225.9206,34.6672,9.2893,,,,,
Mazama,4,1127, cls_1 ,1.1443,71.4424,31.0694,1.1229,,,,,
Mazama,4,1129, cls_1 ,1.0047,90.3682,16.6404,0.6125,,,,,
Mazama,4,1130, cls_1 ,1.1154,142.8847,13.9511,1.6333,,,,,
Mazama,4,1131, cls_1 ,1.0465,142.8847,56.4816,0.6125,,,,,
Mazama,4,1132, cls_1 ,1.0806,131.7332,12.0454,2.8582,,,,,
Mazama,4,1133, cls_1 ,1.0819,101.0348,23.7038,0.6125,,,,,
Mazama,4,1135, cls_1 ,1.0932,101.0348,13.4275,0.7146,,,,,
Mazama,4,1137, cls_1 ,1.0627,63.9,47.2961,26.8471,,,,,
Mazama,4,1139, cls_1 ,1.2181,63.9,72.7702,183.7445,,,,,
Mazama,4,1142, cls_1 ,1.0932,95.85,9.8869,0.7146,,,,,
Mazama,4,1145, cls_1 ,1.1197,63.9,47.8183,0.7146,,,,,
Mazama,4,1150, cls_1 ,1.0932,90.3682,35.7396,12.3517,,,,,
Mazama,4,1151, cls_1 ,1.0509,162.9137,24.1775,1.0208,,,,,
Mazama,4,1152, cls_1 ,1.0047,115.1974,118.515,0.6125,,,,,
Mazama,4,1157, cls_1 ,1.1202,127.8,11.0403,2.9603,,,,,
Mazama,4,1160, cls_1 ,1.0909,71.4424,9.2696,0.2042,,,,,
Mazama,4,1162, cls_1 ,1.0537,333.5678,22.7496,0.4083,,,,,
Mazama,4,1163, cls_1 ,1.1791,71.4424,372.8937,4.7978,,,,,
Mazama,4,1164, cls_1 ,1.0509,223.65,9.8586,1.0208,,,,,
Mazama,4,1167, cls_1 ,1.1492,101.0348,14.9133,10.1059,,,,,
Mazama,4,1168, cls_1 ,1.0706,63.9,45.3669,1.8374,,,,,
Mazama,4,1169, cls_1 ,1.0155,101.0348,7.036,0.2042,,,,,
Mazama,4,1172, cls_1 ,1.0358,71.4424,7.5499,0.3062,,,,,
Mazama,4,1173, cls_1 ,1.1115,115.1974,156.9666,23.1722,,,,,
Mazama,4,1174, cls_1 ,1.0261,131.7332,17.4989,0.5104,,,,,
Mazama,4,1175, cls_1 ,1.1075,95.85,26.8547,4.2874,,,,,
Mazama,4,1176, cls_1 ,1.0473,90.3682,33.2208,0.8166,,,,,
Mazama,4,1177, cls_1 ,1.1199,63.9,85.6234,6.1248,,,,,
Mazama,4,1179, cls_1 ,1.0909,162.9137,9.88,0.2042,,,,,
Mazama,4,1180, cls_1 ,1.1271,127.8,99.3771,1.1229,,,,,
Mazama,4,1181, cls_1 ,1.0631,63.9,45.0154,0.7146,,,,,
Mazama,4,1183, cls_1 ,1,194.3443,7.3122,0.1021,,,,,
Mazama,4,1184, cls_1 ,1.0155,63.9,12.7008,0.2042,,,,,
Mazama,4,1186, cls_1 ,1.0792,71.4424,27.5883,3.9811,,,,,
Mazama,4,1187, cls_1 ,1.0358,63.9,13.929,0.3062,,,,,
Mazama,4,1189, cls_1 ,1.1554,230.3947,5.7692,2.7562,,,,,
Mazama,4,1190, cls_1 ,1,63.9,39.1324,0.1021,,,,,
Mazama,4,1192, cls_1 ,1.1411,63.9,41.1496,13.985,,,,,
Mazama,4,1193, cls_1 ,1.0689,159.75,10.941,1.327,,,,,
Mazama,4,1195, cls_1 ,1.1125,159.75,12.1484,0.6125,,,,,
Mazama,4,1198, cls_1 ,1.1883,135.5524,14.5623,2.552,,,,,
Mazama,4,1199, cls_1 ,1.0465,135.5524,6.4923,0.6125,,,,,
Mazama,4,1200, cls_1 ,1.1224,230.3947,4.8253,3.1645,,,,,
Mazama,4,1201, cls_1 ,1.0688,63.9,14.233,0.5104,,,,,
Mazama,4,1202, cls_1 ,1.0819,162.9137,73.5293,0.6125,,,,,
Mazama,4,1206, cls_1 ,1.1172,135.5524,5.4013,2.0416,,,,,
Mazama,4,1207, cls_1 ,1.0688,63.9,15.8978,0.5104,,,,,
Mazama,4,1209, cls_1 ,1.1154,101.0348,106.2461,1.6333,,,,,
Mazama,4,1212, cls_1 ,1.0991,71.4424,19.4109,10.5143,,,,,
Mazama,4,1213, cls_1 ,1.1073,131.7332,9.7508,1.327,,,,,
Mazama,4,1214, cls_1 ,1.0987,142.8847,7.6902,1.4291,,,,,
Mazama,4,1218, cls_1 ,1.0932,225.9206,4.5155,0.7146,,,,,
Mazama,4,1222, cls_1 ,1.0358,301.4157,3.6288,0.3062,,,,,
Mazama,4,1223, cls_1 ,1.112,101.0348,154.1059,0.9187,,,,,
Mazama,4,1227, cls_1 ,1.1638,63.9,386.1135,20.416,,,,,
Mazama,4,1229, cls_1 ,1.088,115.1974,6.3632,1.1229,,,,,
Mazama,4,1230, cls_1 ,1.112,115.1974,46.6928,0.9187,,,,,
Mazama,4,1231, cls_1 ,1.0261,194.3443,5.2562,0.5104,,,,,
Mazama,4,1232, cls_1 ,1.022,101.0348,5.1045,1.0208,,,,,
Mazama,4,1235, cls_1 ,1.0819,115.1974,15.6734,3.879,,,,,
Mazama,4,1236, cls_1 ,1.0813,131.7332,8.1651,4.6957,,,,,
Mazama,4,1237, cls_1 ,1.0306,142.8847,4.446,1.225,,,,,
Mazama,4,1239, cls_1 ,1.0889,101.0348,4.5547,0.9187,,,,,
Mazama,4,1240, cls_1 ,1.0631,131.7332,22.4875,0.7146,,,,,
Mazama,4,1243, cls_1 ,1.0283,243.324,14.3462,0.7146,,,,,
Mazama,4,1244, cls_1 ,1.0261,135.5524,5.0436,0.5104,,,,,
Mazama,4,1250, cls_1 ,1.0631,95.85,73.4056,0.7146,,,,,
Mazama,4,1251, cls_1 ,1.0473,71.4424,12.7303,0.8166,,,,,
Mazama,4,1254, cls_1 ,1.0933,115.1974,4.9067,1.7354,,,,,
Mazama,4,1255, cls_1 ,1.0914,400.3324,2.998,0.3062,,,,,
Mazama,4,1256, cls_1 ,1.2558,95.85,16.2594,60.7377,,,,,
Mazama,4,1259, cls_1 ,1.092,90.3682,13.9994,11.3309,,,,,
Mazama,4,1260, cls_1 ,1.1085,71.4424,13.6922,1.1229,,,,,
Mazama,4,1261, cls_1 ,1.088,271.1047,4.6358,1.1229,,,,,
Mazama,4,1262, cls_1 ,1.0769,90.3682,5.1151,1.7354,,,,,
Mazama,4,1264, cls_1 ,1.123,71.4424,60.6486,1.9395,,,,,
Mazama,4,1265, cls_1 ,1.0769,420.2366,4.694,0.8166,,,,,
Mazama,4,1266, cls_1 ,1.0465,63.9,33.1608,0.6125,,,,,
Mazama,4,1267, cls_1 ,1.1271,191.7,6.9284,1.1229,,,,,
Mazama,4,1268, cls_1 ,1,71.4424,367.9065,0.1021,,,,,
Mazama,4,1269, cls_1 ,1.1099,101.0348,6.5835,1.9395,,,,,
Mazama,4,1270, cls_1 ,1.0465,90.3682,5.0782,0.6125,,,,,
Mazama,4,1271, cls_1 ,1.1839,63.9,17.4278,18.0682,,,,,
Mazama,4,1272, cls_1 ,1,101.0348,7.3112,0.1021,,,,,
Mazama,4,1273, cls_1 ,1.0631,90.3682,253.5235,0.7146,,,,,
Mazama,4,1276, cls_1 ,1.1517,63.9,38.6957,11.7392,,,,,
Mazama,4,1277, cls_1 ,1.1001,71.4424,40.1529,1.6333,,,,,
Mazama,4,1278, cls_1 ,1.1031,115.1974,5.3358,0.8166,,,,,
Mazama,4,1280, cls_1 ,1.1202,101.0348,4.9018,2.9603,,,,,
Mazama,4,1281, cls_1 ,1,447.3,3.0916,0.1021,,,,,
Mazama,4,1282, cls_1 ,1.2081,95.85,142.3711,23.8868,,,,,
Mazama,4,1286, cls_1 ,1.0683,115.1974,10.509,16.2308,,,,,
Mazama,4,1287, cls_1 ,1.1271,95.85,6.7557,1.1229,,,,,
Mazama,4,1288, cls_1 ,1.1366,63.9,10.7951,2.552,,,,,
Mazama,4,1292, cls_1 ,1,71.4424,5.0653,0.1021,,,,,
Mazama,4,1293, cls_1 ,1.0982,257.5891,31.6536,1.225,,,,,
Mazama,4,1294, cls_1 ,1.1667,71.4424,4.3487,0.4083,,,,,
Mazama,4,1295, cls_1 ,1.0556,63.9,32.0285,1.225,,,,,
Mazama,4,1296, cls_1 ,1.0473,95.85,5.9252,0.8166,,,,,
Mazama,4,1298, cls_1 ,1.0537,386.0533,2.8509,0.4083,,,,,
Mazama,4,1299, cls_1 ,1.0769,63.9,36.2338,0.8166,,,,,
Mazama,4,1301, cls_1 ,1.0932,63.9,45.4752,0.7146,,,,,
Mazama,4,1302, cls_1 ,1.0932,63.9,34.2713,0.7146,,,,,
Mazama,4,1303, cls_1 ,1.0869,63.9,42.902,1.8374,,,,,
Mazama,4,1304, cls_1 ,1.0261,131.7332,9.8197,0.5104,,,,,
Mazama,4,1305, cls_1 ,1.1423,63.9,10.514,13.3725,,,,,
Mazama,4,1306, cls_1 ,1,63.9,470.2486,0.1021,,,,,
Mazama,4,1307, cls_1 ,1.046,63.9,44.1588,1.6333,,,,,
Mazama,4,1308, cls_1 ,1.0932,257.5891,6.047,0.7146,,,,,
Mazama,4,1309, cls_1 ,1.0261,63.9,50.2032,0.5104,,,,,
Mazama,4,1310, cls_1 ,1.0887,71.4424,26.2154,12.3517,,,,,
Mazama,4,1311, cls_1 ,1.0631,159.75,5.6128,0.7146,,,,,
Mazama,4,1313, cls_1 ,1.1116,71.4424,28.7093,2.6541,,,,,
Mazama,4,1316, cls_1 ,1.0688,257.5891,3.6254,0.5104,,,,,
Mazama,4,1317, cls_1 ,1.1309,63.9,14.174,1.4291,,,,,
Mazama,4,1318, cls_1 ,1.0856,71.4424,63.3279,12.1475,,,,,
Mazama,4,1319, cls_1 ,1.0155,71.4424,7.5418,0.2042,,,,,
Mazama,4,1320, cls_1 ,1,71.4424,5.0651,0.1021,,,,,
Mazama,4,1321, cls_1 ,1.1307,159.75,5.8853,12.658,,,,,
Mazama,4,1322, cls_1 ,1.0644,115.1974,77.2616,10.208,,,,,
Mazama,4,1323, cls_1 ,1.1193,71.4424,70.8582,5.104,,,,,
Mazama,4,1324, cls_1 ,1.0155,63.9,35.5449,0.2042,,,,,
Mazama,4,1326, cls_1 ,1.1395,142.8847,3.8146,0.6125,,,,,
Mazama,4,1328, cls_1 ,1.1395,71.4424,77.5099,0.6125,,,,,
Mazama,4,1330, cls_1 ,1.0889,63.9,6.3345,0.9187,,,,,
Mazama,4,1331, cls_1 ,1.1154,63.9,6.3924,1.4291,,,,,
Mazama,4,1332, cls_1 ,1.0306,71.4424,7.3933,1.225,,,,,
Mazama,4,1333, cls_1 ,1.1695,63.9,8.3449,0.9187,,,,,
Mazama,4,1335, cls_1 ,1.153,63.9,86.1213,78.806,,,,,
Mazama,4,1336, cls_1 ,1.179,71.4424,8.0174,2.2458,,,,,
Mazama,4,1337, cls_1 ,1,63.9,7.0103,0.1021,,,,,
Mazama,4,1338, cls_1 ,1.2012,142.8847,3.8886,0.8166,,,,,
Mazama,4,1340, cls_1 ,1.1314,101.0348,4.6476,3.1645,,,,,
Mazama,4,1341, cls_1 ,1.1744,115.1974,7.3255,3.2666,,,,,
Mazama,4,1342, cls_1 ,1.112,204.5798,8.8822,0.9187,,,,,
Mazama,4,1343, cls_1 ,1.1085,159.75,3.6616,1.1229,,,,,
Mazama,4,1344, cls_1 ,1.1257,90.3682,100.7263,4.1853,,,,,
Mazama,4,1346, cls_1 ,1.0473,172.056,7.1758,0.8166,,,,,
Mazama,4,1347, cls_1 ,1.1303,90.3682,15.2087,4.8999,,,,,
Mazama,4,1348, cls_1 ,1.112,115.1974,4.3604,0.9187,,,,,
Mazama,4,1349, cls_1 ,1.1429,90.3682,11.3148,9.5955,,,,,
Mazama,4,1350, cls_1 ,1.0509,101.0348,90.1192,1.0208,,,,,
Mazama,4,1351, cls_1 ,1.2008,63.9,195.6619,26.5409,,,,,
Mazama,4,1354, cls_1 ,1.0155,159.75,6.6613,0.2042,,,,,
Mazama,4,1355, cls_1 ,1,90.3682,37.3888,0.1021,,,,,
Mazama,4,2, cls_3 ,1.0473,95.85,4025.5282,0.8166,,,,,
Mazama,4,5, cls_3 ,1,95.85,2883.4007,0.1021,,,,,
Mazama,4,6, cls_3 ,1.0358,159.75,3592.1219,0.3062,,,,,
Mazama,4,8, cls_3 ,1.0982,71.4424,46692.7328,1.225,,,,,
Mazama,4,10, cls_3 ,1.0155,71.4424,2066.4993,0.2042,,,,,
Mazama,4,11, cls_3 ,1.3592,63.9,403.6556,23831.9614,,,,,
Mazama,4,12, cls_3 ,1,71.4424,3155.5447,0.1021,,,,,
Mazama,4,14, cls_3 ,1,115.1974,8050.7217,0.1021,,,,,
Mazama,4,19, cls_3 ,1.0689,90.3682,29182.9376,1.327,,,,,
Mazama,4,27, cls_3 ,1.1085,95.85,8051.4709,1.1229,,,,,
Mazama,4,32, cls_3 ,1.1857,63.9,46695.0121,0.9187,,,,,
Mazama,4,34, cls_3 ,1.0975,63.9,58368.2921,0.4083,,,,,
Mazama,4,41, cls_3 ,1.0473,63.9,58365.9869,0.8166,,,,,
Mazama,4,43, cls_3 ,1.0358,71.4424,46693.1561,0.3062,,,,,
Mazama,4,44, cls_3 ,1.0688,63.9,6870.0768,0.5104,,,,,
Mazama,4,58, cls_3 ,1.0358,95.85,25940.4164,0.3062,,,,,
Mazama,4,60, cls_3 ,1,71.4424,9341.4508,0.1021,,,,,
Mazama,4,65, cls_3 ,1,71.4424,46692.7045,0.1021,,,,,
Mazama,4,67, cls_3 ,1.085,63.9,58373.9725,2.1437,,,,,
Mazama,4,76, cls_3 ,1.1482,63.9,46699.5185,3.1645,,,,,
Mazama,4,85, cls_3 ,1.1395,63.9,46700.7883,0.6125,,,,,
Mazama,4,112, cls_3 ,1.0509,63.9,58365.8243,2.9603,,,,,
Mazama,4,177, cls_3 ,1.0283,63.9,58366.2401,0.7146,,,,,
Mazama,4,192, cls_3 ,1.0799,95.85,25940.5279,2.552,,,,,
Mazama,4,200, cls_3 ,1.1117,63.9,58365.9437,2.1437,,,,,
Mazama,4,220, cls_3 ,1.0728,71.4424,46693.107,1.5312,,,,,
Mazama,4,227, cls_3 ,1.0473,71.4424,46693.2556,0.8166,,,,,
Mazama,4,234, cls_3 ,1.0654,95.85,25944.0584,1.1229,,,,,
Mazama,4,242, cls_3 ,1.0828,63.9,58366.5468,5.9207,,,,,
Mazama,4,268, cls_3 ,1.0556,115.1974,17958.7784,1.225,,,,,
Mazama,4,305, cls_3 ,1.0806,131.7332,13733.2345,2.8582,,,,,
Mazama,4,336, cls_3 ,1,63.9,58366.5199,0.1021,,,,,
Mazama,4,377, cls_3 ,1.1017,180.7365,7295.7854,2.3478,,,,,
Mazama,4,413, cls_3 ,1.0933,71.4424,1572.4089,1.7354,,,,,
Mazama,4,414, cls_3 ,1.0556,71.4424,46693.0899,1.225,,,,,
Mazama,4,421, cls_3 ,1.1222,71.4424,605.498,2.6541,,,,,
Mazama,4,430, cls_3 ,1.1388,71.4424,1018.1353,5.7165,,,,,
Mazama,4,431, cls_3 ,1.1031,101.0348,23346.5812,3.1645,,,,,
Mazama,4,435, cls_3 ,1.1117,316.2889,1382.1357,2.1437,,,,,
Mazama,4,440, cls_3 ,1.1298,71.4424,380.1203,8.0643,,,,,
Mazama,4,443, cls_3 ,1.0529,127.8,6487.7894,1.8374,,,,,
Mazama,4,461, cls_3 ,1.0717,71.4424,46693.8116,4.2874,,,,,
Mazama,4,464, cls_3 ,1.0927,316.2889,322.5811,3.1645,,,,,
Mazama,4,472, cls_3 ,1.0386,101.0348,23346.5212,1.4291,,,,,
Mazama,4,484, cls_3 ,1.046,95.85,25940.4357,1.6333,,,,,
Mazama,4,488, cls_3 ,1.1691,63.9,58366.4855,14.0871,,,,,
Mazama,4,494, cls_3 ,1.0366,95.85,768.3331,2.1437,,,,,
Mazama,4,495, cls_3 ,1.089,101.0348,343.0208,1.327,,,,,
Mazama,4,499, cls_3 ,1.0993,95.85,1614.9152,1.0208,,,,,
Mazama,4,500, cls_3 ,1,71.4424,46692.6794,0.1021,,,,,
Mazama,4,510, cls_3 ,1.0537,101.0348,519.1463,0.4083,,,,,
Mazama,4,517, cls_3 ,1.1322,101.0348,23348.7145,2.6541,,,,,
Mazama,4,522, cls_3 ,1,71.4424,1119.8811,0.1021,,,,,
Mazama,4,523, cls_3 ,1.1115,63.9,58369.2989,4.7978,,,,,
Mazama,4,525, cls_3 ,1.118,101.0348,13737.9181,2.7562,,,,,
Mazama,4,527, cls_3 ,1.1296,90.3682,29184.3434,1.6333,,,,,
Mazama,4,528, cls_3 ,1.0732,63.9,13737.271,9.2893,,,,,
Mazama,4,531, cls_3 ,1.046,115.1974,366.5081,1.6333,,,,,
Mazama,4,535, cls_3 ,1.1017,325.8273,159.7295,2.3478,,,,,
Mazama,4,538, cls_3 ,1.0261,101.0348,5698.8974,0.5104,,,,,
Mazama,4,539, cls_3 ,1.1099,416.577,1373.5618,1.9395,,,,,
Mazama,4,541, cls_3 ,1.0785,101.0348,23346.4084,5.7165,,,,,
Mazama,4,545, cls_3 ,1.0932,115.1974,580.3211,0.7146,,,,,
Mazama,4,551, cls_3 ,1.0932,101.0348,23356.4682,0.7146,,,,,
Mazama,4,553, cls_3 ,1.0537,71.4424,25950.1093,0.4083,,,,,
Mazama,4,555, cls_3 ,1.0311,63.9,58366.506,1.5312,,,,,
Mazama,4,561, cls_3 ,1.0509,90.3682,29182.9026,1.0208,,,,,
Mazama,4,562, cls_3 ,1.0844,63.9,46701.8325,2.7562,,,,,
Mazama,4,563, cls_3 ,1.0115,63.9,46715.8438,1.1229,,,,,
Mazama,4,565, cls_3 ,1.0283,63.9,46713.5706,0.7146,,,,,
Mazama,4,576, cls_3 ,1.0801,90.3682,29184.7495,18.6807,,,,,
Mazama,4,578, cls_3 ,1.0819,101.0348,23348.8999,17.5578,,,,,
Mazama,4,580, cls_3 ,1.0728,115.1974,17964.1511,1.5312,,,,,
Mazama,4,581, cls_3 ,1.1154,131.7332,315.6712,1.6333,,,,,
Mazama,4,583, cls_3 ,1.1398,131.7332,486.2401,1.327,,,,,
Mazama,4,593, cls_3 ,1.0758,127.8,1169.4756,2.6541,,,,,
Mazama,4,600, cls_3 ,1.096,115.1974,464.9087,1.9395,,,,,
Mazama,4,604, cls_3 ,1.0857,127.8,1061.2573,4.4915,,,,,
Mazama,4,611, cls_3 ,1.0465,115.1974,267.906,0.6125,,,,,
Mazama,4,617, cls_3 ,1.0819,159.75,331.2924,0.6125,,,,,
Mazama,4,634, cls_3 ,1.089,135.5524,1718.4035,1.327,,,,,
Mazama,4,643, cls_3 ,1.0465,71.4424,46695.4458,0.6125,,,,,
Mazama,4,659, cls_3 ,1.0769,263.4664,3244.4701,1.7354,,,,,
Mazama,4,679, cls_3 ,1.1283,115.1974,17959.2209,4.0832,,,,,
Mazama,4,680, cls_3 ,1,63.9,17960.0837,0.1021,,,,,
Mazama,4,686, cls_3 ,1,63.9,9339.224,0.4083,,,,,
Mazama,4,714, cls_3 ,1,63.9,58365.7825,0.1021,,,,,
Mazama,4,723, cls_3 ,1.1125,225.9206,4669.6924,0.6125,,,,,
Mazama,4,724, cls_3 ,1.0909,115.1974,17959.7284,1.5312,,,,,
Mazama,4,728, cls_3 ,1,63.9,437.0489,0.1021,,,,,
Mazama,4,729, cls_3 ,1.1309,63.9,58365.815,1.4291,,,,,
Mazama,4,736, cls_3 ,1.1085,63.9,58365.8587,1.1229,,,,,
Mazama,4,739, cls_3 ,1.1591,63.9,25942.3797,9.4935,,,,,
Mazama,4,758, cls_3 ,1.0473,127.8,14592.4197,0.8166,,,,,
Mazama,4,761, cls_3 ,1.126,135.5524,12970.8592,3.0624,,,,,
Mazama,4,765, cls_3 ,1.0311,63.9,1933.1812,1.5312,,,,,
Mazama,4,768, cls_3 ,1.088,131.7332,2315.0041,1.1229,,,,,
Mazama,4,773, cls_3 ,1.0932,131.7332,1488.9573,0.7146,,,,,
Mazama,4,781, cls_3 ,1,63.9,1714.9721,0.1021,,,,,
Mazama,4,782, cls_3 ,1,63.9,58366.7344,0.1021,,,,,
Mazama,4,784, cls_3 ,1.0604,63.9,4771.2999,2.3478,,,,,
Mazama,4,791, cls_3 ,1.0402,172.056,8051.4308,1.1229,,,,,
Mazama,4,793, cls_3 ,1.089,95.85,25940.4369,1.327,,,,,
Mazama,4,795, cls_3 ,1.0654,63.9,25947.632,1.1229,,,,,
Mazama,4,819, cls_3 ,1.063,95.85,25940.9828,0.9187,,,,,
Mazama,4,864, cls_3 ,1.0155,63.9,58365.8337,0.2042,,,,,
Mazama,4,892, cls_3 ,1.0155,115.1974,17958.8601,0.2042,,,,,
Mazama,4,893, cls_3 ,1.0914,71.4424,46692.7705,0.3062,,,,,
Mazama,4,992, cls_3 ,1,71.4424,46692.7134,0.1021,,,,,
Mazama,4,1055, cls_3 ,1.0155,63.9,58365.8597,0.2042,,,,,
Mazama,4,1057, cls_3 ,1.0155,63.9,58365.797,0.2042,,,,,
Mazama,4,1076, cls_3 ,1.088,71.4424,46692.7266,1.1229,,,,,
Mazama,4,1098, cls_3 ,1.0829,71.4424,6867.0611,18.8848,,,,,
Mazama,4,1103, cls_3 ,1,71.4424,4062.3422,0.1021,,,,,
Mazama,4,1110, cls_3 ,1.0769,172.056,8054.3605,0.8166,,,,,
Mazama,4,1146, cls_3 ,1.1328,63.9,58366.5472,8.9831,,,,,
Mazama,4,1170, cls_3 ,1.0155,63.9,46714.7868,0.2042,,,,,
Mazama,4,1185, cls_3 ,1.0691,71.4424,46693.1718,3.5728,,,,,
Mazama,4,1191, cls_3 ,1.0529,223.65,4764.6333,1.8374,,,,,
Mazama,4,1216, cls_3 ,1.1464,63.9,58365.9053,20.8244,,,,,
Mazama,4,1225, cls_3 ,1.1301,135.5524,12972.7964,2.2458,,,,,
Mazama,4,1228, cls_3 ,1.0467,115.1974,17961.1078,1.327,,,,,
Mazama,4,1238, cls_3 ,1,63.9,58366.4505,0.1021,,,,,
Mazama,4,1242, cls_3 ,1.0155,63.9,58366.2233,0.2042,,,,,
Mazama,4,1248, cls_3 ,1.1296,71.4424,12983.8633,1.6333,,,,,
Mazama,4,1249, cls_3 ,1.1972,63.9,58368.203,23.9889,,,,,
Mazama,4,1257, cls_3 ,1.0701,71.4424,3832.5045,6.2269,,,,,
Mazama,4,1284, cls_3 ,1.1031,90.3682,29206.9218,0.8166,,,,,
Mazama,4,1285, cls_3 ,1.079,90.3682,29183.0949,6.6352,,,,,
Mazama,4,1291, cls_3 ,1.0155,172.056,509.2486,0.2042,,,,,
Mazama,4,1297, cls_3 ,1.0155,101.0348,769.4845,0.2042,,,,,
Mazama,4,1300, cls_3 ,1.0473,101.0348,1206.198,0.8166,,,,,
Mazama,4,1314, cls_3 ,1.1556,115.1974,8052.706,17.9661,,,,,
Mazama,4,3, cls_4 ,1,71.4424,5.4672,0.1021,,,,,
Mazama,4,4, cls_4 ,1.0806,90.3682,3.1921,2.8582,,,,,
Mazama,4,7, cls_4 ,1.1353,71.4424,6.954,1.9395,,,,,
Mazama,4,13, cls_4 ,1.1524,115.1974,3.4434,3.9811,,,,,
Mazama,4,18, cls_4 ,1.0605,115.1974,4.6475,3.4707,,,,,
Mazama,4,24, cls_4 ,1.1017,63.9,3.4054,4.1853,,,,,
Mazama,4,35, cls_4 ,1.1679,63.9,10.3796,1.327,,,,,
Mazama,4,56, cls_4 ,1.0982,131.7332,1.2633,1.225,,,,,
Mazama,4,63, cls_4 ,1.0657,131.7332,1.1968,1.6333,,,,,
Mazama,4,71, cls_4 ,1.1197,159.75,1.2397,0.7146,,,,,
Mazama,4,73, cls_4 ,1.0537,142.8847,1.0925,0.4083,,,,,
Mazama,4,78, cls_4 ,1.0047,443.8636,0.1821,0.6125,,,,,
Mazama,4,239, cls_4 ,1.0545,400.3324,0.0848,2.8582,,,,,
Mazama,4,282, cls_4 ,1.063,400.3324,0.2063,0.9187,,,,,
Mazama,4,344, cls_4 ,1.1482,159.75,1.6891,1.7354,,,,,
Mazama,4,376, cls_4 ,1.1655,90.3682,1.5165,3.9811,,,,,
Mazama,4,384, cls_4 ,1.0688,90.3682,5.145,0.5104,,,,,
Mazama,4,407, cls_4 ,1.0338,90.3682,4.94,0.9187,,,,,
Mazama,4,416, cls_4 ,1,71.4424,8.5768,0.1021,,,,,
Mazama,4,419, cls_4 ,1.1096,71.4424,1.4227,3.879,,,,,
Mazama,4,422, cls_4 ,1.0261,204.5798,0.574,0.5104,,,,,
Mazama,4,423, cls_4 ,1.123,204.5798,0.2605,1.9395,,,,,
Mazama,4,427, cls_4 ,1.0465,865.0134,0.1042,0.6125,,,,,
Mazama,4,428, cls_4 ,1.1265,263.4664,0.715,0.8166,,,,,
Mazama,4,449, cls_4 ,1.105,63.9,0.9705,0.5104,,,,,
Mazama,4,465, cls_4 ,1.0914,63.9,1.4244,0.3062,,,,,
Mazama,4,469, cls_4 ,1.167,728.5721,0.1523,0.8166,,,,,
Mazama,4,501, cls_4 ,1.0537,966.9825,0.1095,0.4083,,,,,
Mazama,4,544, cls_4 ,1.0386,1328.9049,0.0317,1.4291,,,,,
Mazama,4,546, cls_4 ,1.1153,131.7332,2.1782,5.3082,,,,,
Mazama,4,566, cls_4 ,1.0874,131.7332,3.1046,3.6749,,,,,
Mazama,4,592, cls_4 ,1.0932,872.0653,0.0834,0.7146,,,,,
Mazama,4,633, cls_4 ,1.1125,71.4424,0.2499,3.4707,,,,,
Mazama,4,658, cls_4 ,1,71.4424,6.8415,0.1021,,,,,
Mazama,4,671, cls_4 ,1.0395,1162.9976,0.0875,1.7354,,,,,
Mazama,4,704, cls_4 ,1.0914,339.6332,0.1369,0.3062,,,,,
Mazama,4,718, cls_4 ,1.0932,71.4424,0.478,0.7146,,,,,
Mazama,4,744, cls_4 ,1.0155,71.4424,1.4585,0.2042,,,,,
Mazama,4,940, cls_4 ,1.0764,2358.4641,0.0099,1.0208,,,,,
Mazama,4,1120, cls_4 ,1.078,785.8661,0.0446,1.225,,,,,
Mazama,4,1197, cls_4 ,1.0283,159.75,0.6297,0.7146,,,,,
Mazama,4,1204, cls_4 ,1.1372,159.75,0.3093,1.5312,,,,,
Mazama,4,1274, cls_4 ,1.1017,95.85,0.6843,2.3478,,,,,
Mazama,4,1289, cls_4 ,1.0465,95.85,2.5764,0.6125,,,,,
Mazama,4,1312, cls_4 ,1.1328,881.38,0.0393,0.9187,,,,,
Mazama,4,64, cls_2 ,1.0338, N/A,0,0.9187,,,,,
Mazama,4,77, cls_6 ,1.0283,5652.6223,0.0152,0.7146,,,,,
Mazama,4,145, cls_6 ,1.0977,319.5,0.2829,12.3517,,,,,
Mazama,4,148, cls_6 ,1.0758,319.5,1.2332,2.6541,,,,,
Mazama,4,175, cls_6 ,1.0311,3457.8403,0.0318,1.5312,,,,,
Mazama,4,838, cls_6 ,1.134,274.8443,0.8358,10.9226,,,,,
Mazama,4,874, cls_6 ,1.1929,71.4424,29.5436,50.0193,,,,,
Mazama,4,880, cls_6 ,1.1259,115.1974,38.8158,6.1248,,,,,
Mazama,4,883, cls_6 ,1.0885,90.3682,5.0653,6.0227,,,,,
Mazama,4,899, cls_6 ,1,90.3682,11.0933,0.1021,,,,,
Mazama,4,910, cls_6 ,1.0155,159.75,20.1474,0.2042,,,,,
Mazama,4,916, cls_6 ,1,142.8847,9.5254,0.1021,,,,,
Mazama,4,917, cls_6 ,1.1324,71.4424,99.5299,11.5351,,,,,
Mazama,4,937, cls_6 ,1.0473,232.5995,1.4449,0.8166,,,,,
Mazama,4,959, cls_6 ,1.0311,115.1974,5.8232,1.5312,,,,,
Mazama,4,967, cls_6 ,1.0802,225.9206,10.0232,7.5539,,,,,
Mazama,4,978, cls_6 ,1.1685,416.577,1.1007,18.5786,,,,,
Mazama,4,985, cls_6 ,1.1368,71.4424,4.4533,4.8999,,,,,
Mazama,4,998, cls_6 ,1.1063,249.5375,1.6972,3.3686,,,,,
Mazama,4,1005, cls_6 ,1.1031,71.4424,10.7779,0.8166,,,,,
Mazama,4,1013, cls_6 ,1.0889,416.577,1.5979,0.9187,,,,,
Mazama,4,1016, cls_6 ,1.1233,249.5375,1.0801,4.5936,,,,,
Mazama,4,1024, cls_6 ,1.1328,204.5798,2.8527,0.9187,,,,,
Mazama,4,1038, cls_6 ,1,142.8847,3.3126,0.1021,,,,,
Mazama,4,1040, cls_6 ,1.1073,95.85,5.6045,1.327,,,,,
Mazama,4,1041, cls_6 ,1.0372,142.8847,1.3213,4.3895,,,,,
Mazama,4,1043, cls_6 ,1.1602,95.85,4.5977,1.1229,,,,,
Mazama,4,1056, cls_6 ,1.0283,71.4424,10.0034,0.7146,,,,,
Mazama,4,1060, cls_6 ,1.0413,1256.2486,0.0872,7.7581,,,,,
Mazama,4,1065, cls_6 ,1.0764,384.7289,1.0189,1.0208,,,,,
Mazama,4,1066, cls_6 ,1.1027,71.4424,2.3325,4.4915,,,,,
Mazama,4,1070, cls_6 ,1.1197,63.9,4.1118,0.7146,,,,,
Mazama,4,1084, cls_6 ,1.078,63.9,2.4036,1.225,,,,,
Mazama,4,1119, cls_6 ,1.0576,272.9809,0.9323,3.5728,,,,,
Mazama,4,1126, cls_6 ,1,314.671,0.5032,0.1021,,,,,
Mazama,4,1128, cls_6 ,1.1434,272.9809,0.4758,0.7146,,,,,
Mazama,4,1134, cls_6 ,1.0583,71.4424,2.869,2.7562,,,,,
Mazama,4,1136, cls_6 ,1.0465,314.671,0.5064,0.6125,,,,,
Mazama,4,1138, cls_6 ,1.1346,63.9,1.9039,0.4083,,,,,
Mazama,4,1140, cls_6 ,1.1197,557.9828,0.3754,0.7146,,,,,
Mazama,4,1141, cls_6 ,1.0654,71.4424,6.958,1.1229,,,,,
Mazama,4,1144, cls_6 ,1.0689,115.1974,6.2605,1.327,,,,,
Mazama,4,1147, cls_6 ,1.0914,272.9809,0.6485,0.3062,,,,,
Mazama,4,1148, cls_6 ,1.1948,180.7365,1.1322,1.4291,,,,,
Mazama,4,1149, cls_6 ,1.1679,214.3271,0.6808,3.6749,,,,,
Mazama,4,1153, cls_6 ,1.0465,285.7695,1.4383,0.6125,,,,,
Mazama,4,1154, cls_6 ,1.1823,225.9206,0.5056,2.3478,,,,,
Mazama,4,1155, cls_6 ,1,63.9,3.4999,0.1021,,,,,
Mazama,4,1156, cls_6 ,1,101.0348,0.411,0.1021,,,,,
Mazama,4,1158, cls_6 ,1.1482,115.1974,1.3728,7.0435,,,,,
Mazama,4,1159, cls_6 ,1.0764,101.0348,2.385,1.0208,,,,,
Mazama,4,1161, cls_6 ,1.0358,101.0348,0.2076,0.3062,,,,,
Mazama,4,1165, cls_6 ,1.0537,101.0348,4.6553,0.4083,,,,,
Mazama,4,1166, cls_6 ,1.0819,63.9,2.0899,0.6125,,,,,
Mazama,4,1171, cls_6 ,1.0909,71.4424,2.056,0.2042,,,,,
Mazama,4,1178, cls_6 ,1.1039,135.5524,1.8197,4.7978,,,,,
Mazama,4,1182, cls_6 ,1,191.7,1.0716,0.1021,,,,,
Mazama,4,1188, cls_6 ,1.0155,294.5644,0.9538,0.2042,,,,,
Mazama,4,1194, cls_6 ,1.0358,202.0695,0.6643,0.3062,,,,,
Mazama,4,1196, cls_6 ,1.0465,445.012,1.1866,0.6125,,,,,
Mazama,4,1203, cls_6 ,1.0283,142.8847,2.9494,0.7146,,,,,
Mazama,4,1208, cls_6 ,1.102,202.0695,0.3524,1.8374,,,,,
Mazama,4,1210, cls_6 ,1.0358,225.9206,0.7779,0.3062,,,,,
Mazama,4,1215, cls_6 ,1.0909,71.4424,6.2959,0.2042,,,,,
Mazama,4,1217, cls_6 ,1.1886,127.8,1.4044,7.1456,,,,,
Mazama,4,1219, cls_6 ,1.0358,364.286,0.6148,0.3062,,,,,
Mazama,4,1221, cls_6 ,1.1011,159.75,1.1044,5.3082,,,,,
Mazama,4,1224, cls_6 ,1.0631,71.4424,2.662,0.7146,,,,,
Mazama,4,1226, cls_6 ,1.1536,71.4424,1.5899,19.2932,,,,,
Mazama,4,1233, cls_6 ,1.022,159.75,6.9406,1.0208,,,,,
Mazama,4,1234, cls_6 ,1.1365,225.9206,1.2166,3.2666,,,,,
Mazama,4,1241, cls_6 ,1.1532,159.75,2.3226,1.8374,,,,,
Mazama,4,1245, cls_6 ,1.0155,578.6391,0.4177,0.2042,,,,,
Mazama,4,1246, cls_6 ,1,71.4424,38.4792,0.1021,,,,,
Mazama,4,1247, cls_6 ,1.0537,162.9137,3.1097,0.4083,,,,,
Mazama,4,1252, cls_6 ,1.0261,159.75,5.8893,0.5104,,,,,
Mazama,4,1253, cls_6 ,1.0635,225.9206,2.0605,3.3686,,,,,
Mazama,4,1258, cls_6 ,1.1252,447.3,0.442,26.2346,,,,,
Mazama,4,1263, cls_6 ,1.0537,127.8,4.7106,0.4083,,,,,
Mazama,4,1275, cls_6 ,1.0993,131.7332,11.3657,1.0208,,,,,
Mazama,4,1279, cls_6 ,1.0155,333.5678,0.5246,0.2042,,,,,
Mazama,4,1283, cls_6 ,1.0261,333.5678,0.3949,0.5104,,,,,
Mazama,4,1315, cls_6 ,1.105,443.8636,0.1682,0.5104,,,,,
Mazama,4,1325, cls_6 ,1.0155,202.0695,0.2752,0.2042,,,,,
Mazama,4,1327, cls_6 ,1.0926,71.4424,0.2732,2.552,,,,,
Mazama,4,1334, cls_6 ,1.0819,202.0695,0.1533,0.6125,,,,,
Mazama,4,1339, cls_6 ,1,71.4424,5.0685,0.1021,,,,,
Mazama,4,1352, cls_6 ,1.0283,159.75,0.255,0.7146,,,,,
Mazama,4,1353, cls_6 ,1.0688,159.75,0.3373,0.5104,,,,,
Mazama,4,154, cls_5 ,1.1085,5857.4032,0.0056,1.1229,,,,,
Mazama,4,233, cls_5 ,1.0914,505.1739,0.0082,0.3062,,,,,
Mazama,4,275, cls_5 ,1,505.1739,0.0163,0.1021,,,,,
Mazama,4,319, cls_5 ,1.0465,5012.7911,0.0059,0.6125,,,,,
Mazama,4,534, cls_5 ,1.1075,3193.7217,0.004,1.5312,,,,,
Mazama,4,607, cls_5 ,1.0155,3618.8224,0.0191,0.2042,,,,,
Mazama,4,640, cls_5 ,1.0769,2586.5691,0.0074,0.8166,,,,,
Mazama,4,642, cls_5 ,1.0706,5310.3361,0.0134,2.4499,,,,,
Mazama,4,869, cls_5 ,1.0402,2586.5691,0.0074,1.1229,,,,,
Mazama,4,911, cls_5 ,1.0261,2950.4921,0.0255,0.5104,,,,,
Mazama,4,950, cls_5 ,1.1073,1418.0906,0.0759,1.327,,,,,
Mazama,4,1096, cls_5 ,1.0889,1418.0906,0.2886,0.9187,,,,,
Mazama,4,1143, cls_5 ,1.0654,948.3285,0.0341,1.1229,,,,,
Mazama,4,1205, cls_5 ,1.0688,948.3285,0.0368,0.5104,,,,,
Mazama,4,1211, cls_5 ,1.2481,872.0653,0.0568,62.4731,,,,,
Mazama,4,1220, cls_5 ,1.078,3585.3823,0.0061,1.225,,,,,
Mazama,4,1290, cls_5 ,1.0338,1367.5197,0.0611,0.9187,,,,,
Mazama,4,1329, cls_5 ,1.0769,908.1896,0.1394,1.7354,,,,,
Mazama,4,1345, cls_5 ,1.1561,783.2639,0.4444,1.0208,,,,,
Mazama,4,1356, cls_5 ,1.1358,71.4424,2.17,2.3478,,,,,
Mazama,4,1357, cls_5 ,1.1125,71.4424,5.801,0.6125,,,,,
Mazama,4,1358, cls_5 ,1.1226,142.8847,0.7072,1.7354,,,,,
Mazama,5,1, cls_6 ,1,1265.9621,0.3211,0.1021,,,,,
Mazama,5,13, cls_6 ,1.0889,321.0935,1.9443,0.9187,,,,,
Mazama,5,15, cls_6 ,1.0951,159.75,0.8862,15.8224,,,,,
Mazama,5,20, cls_6 ,1.1346,115.1974,1.679,0.4083,,,,,
Mazama,5,24, cls_6 ,1.0358,71.4424,4.5723,0.3062,,,,,
Mazama,5,25, cls_6 ,1.0932,194.3443,5.0561,0.7146,,,,,
Mazama,5,26, cls_6 ,1.1309,71.4424,4.832,1.4291,,,,,
Mazama,5,30, cls_6 ,1,159.75,6.7884,0.1021,,,,,
Mazama,5,31, cls_6 ,1.078,225.9206,1.9501,1.225,,,,,
Mazama,5,33, cls_6 ,1,71.4424,8.7997,0.1021,,,,,
Mazama,5,35, cls_6 ,1,71.4424,10.53,0.1021,,,,,
Mazama,5,39, cls_6 ,1,90.3682,27.9686,0.1021,,,,,
Mazama,5,41, cls_6 ,1.1943,135.5524,1.2226,50.3256,,,,,
Mazama,5,42, cls_6 ,1,90.3682,25.1877,0.1021,,,,,
Mazama,5,45, cls_6 ,1.0261,159.75,2.4438,0.5104,,,,,
Mazama,5,49, cls_6 ,1.1125,101.0348,5.8738,0.6125,,,,,
Mazama,5,50, cls_6 ,1.1553,63.9,2.8137,3.879,,,,,
Mazama,5,52, cls_6 ,1.0909,101.0348,16.4672,0.2042,,,,,
Mazama,5,53, cls_6 ,1.0465,95.85,8.3772,0.6125,,,,,
Mazama,5,56, cls_6 ,1,95.85,7.5142,0.1021,,,,,
Mazama,5,59, cls_6 ,1.1125,162.9137,7.1261,0.6125,,,,,
Mazama,5,63, cls_6 ,1.0537,63.9,12.1707,0.4083,,,,,
Mazama,5,64, cls_6 ,1.0473,71.4424,10.3331,0.8166,,,,,
Mazama,5,65, cls_6 ,1.093,180.7365,3.4863,4.1853,,,,,
Mazama,5,70, cls_6 ,1,71.4424,29.7948,0.1021,,,,,
Mazama,5,71, cls_6 ,1.1197,90.3682,1.2133,22.4577,,,,,
Mazama,5,72, cls_6 ,1.1664,180.7365,4.7142,5.9207,,,,,
Mazama,5,73, cls_6 ,1.1675,95.85,7.921,26.6429,,,,,
Mazama,5,83, cls_6 ,1.112,852.5323,1.0006,14.2912,,,,,
Mazama,5,86, cls_6 ,1,101.0348,22.0177,0.1021,,,,,
Mazama,5,87, cls_6 ,1.1264,95.85,35.9232,5.4103,,,,,
Mazama,5,95, cls_6 ,1.1496,115.1974,6.8908,6.0227,,,,,
Mazama,5,98, cls_6 ,1.0261,257.5891,3.869,0.5104,,,,,
Mazama,5,99, cls_6 ,1.0914,159.75,9.5949,0.3062,,,,,
Mazama,5,100, cls_6 ,1.1519,71.4424,2.672,0.9187,,,,,
Mazama,5,101, cls_6 ,1.1644,95.85,2.2283,4.4915,,,,,
Mazama,5,102, cls_6 ,1.0909,71.4424,58.219,0.2042,,,,,
Mazama,5,104, cls_6 ,1.0155,115.1974,7.3202,0.2042,,,,,
Mazama,5,105, cls_6 ,1.0338,63.9,8.4818,0.9187,,,,,
Mazama,5,106, cls_6 ,1.0851,71.4424,7.2974,27.5617,,,,,
Mazama,5,108, cls_6 ,1.0987,447.3,0.7864,1.4291,,,,,
Mazama,5,109, cls_6 ,1,71.4424,7.6455,0.1021,,,,,
Mazama,5,114, cls_6 ,1.0631,63.9,15.9339,0.7146,,,,,
Mazama,5,115, cls_6 ,1.1322,71.4424,1.3907,2.6541,,,,,
Mazama,5,124, cls_6 ,1,63.9,57.2395,0.4083,,,,,
Mazama,5,128, cls_6 ,1.1182,191.7,9.6844,6.2269,,,,,
Mazama,5,130, cls_6 ,1.0155,95.85,5.8693,0.2042,,,,,
Mazama,5,131, cls_6 ,1.1226,142.8847,1.6684,1.7354,,,,,
Mazama,5,135, cls_6 ,1.0924,162.9137,1.471,2.8582,,,,,
Mazama,5,141, cls_6 ,1.0861,71.4424,3.3239,3.3686,,,,,
Mazama,5,142, cls_6 ,1.0764,127.8,2.5145,1.0208,,,,,
Mazama,5,145, cls_6 ,1.0465,71.4424,3.2049,0.6125,,,,,
Mazama,5,146, cls_6 ,1.0909,142.8847,1.6941,0.2042,,,,,
Mazama,5,147, cls_6 ,1.105,71.4424,23.3053,0.5104,,,,,
Mazama,5,148, cls_6 ,1.1197,752.0137,1.1794,0.7146,,,,,
Mazama,5,150, cls_6 ,1.0306,345.5921,0.3716,1.225,,,,,
Mazama,5,152, cls_6 ,1,71.4424,5.2099,0.1021,,,,,
Mazama,5,153, cls_6 ,1.1207,71.4424,4.1902,10.6163,,,,,
Mazama,5,155, cls_6 ,1.1337,71.4424,1.8533,1.225,,,,,
Mazama,5,159, cls_6 ,1.068,752.0137,0.9671,2.8582,,,,,
Mazama,5,161, cls_6 ,1.1199,204.5798,1.0609,1.0208,,,,,
Mazama,5,163, cls_6 ,1.0764,71.4424,7.2597,1.0208,,,,,
Mazama,5,166, cls_6 ,1.1073,90.3682,4.3009,1.327,,,,,
Mazama,5,167, cls_6 ,1,101.0348,24.5641,0.1021,,,,,
Mazama,5,173, cls_6 ,1.0647,159.75,0.7784,1.9395,,,,,
Mazama,5,175, cls_6 ,1,345.5921,0.4945,0.1021,,,,,
Mazama,5,176, cls_6 ,1.1154,90.3682,3.1206,1.4291,,,,,
Mazama,5,178, cls_6 ,1.0306,90.3682,13.4021,1.225,,,,,
Mazama,5,180, cls_6 ,1.0358,159.75,1.2489,0.3062,,,,,
Mazama,5,182, cls_6 ,1.1125,63.9,6.6011,0.6125,,,,,
Mazama,5,187, cls_6 ,1.0155,63.9,7.6615,0.2042,,,,,
Mazama,5,188, cls_6 ,1,90.3682,3.0094,0.1021,,,,,
Mazama,5,189, cls_6 ,1.0509,357.2119,0.4061,2.9603,,,,,
Mazama,5,190, cls_6 ,1.1434,127.8,4.0485,15.0058,,,,,
Mazama,5,191, cls_6 ,1.105,63.9,4.9755,0.5104,,,,,
Mazama,5,196, cls_6 ,1.1888,63.9,6.1846,1.1229,,,,,
Mazama,5,203, cls_6 ,1.0909,127.8,10.7537,0.2042,,,,,
Mazama,5,213, cls_6 ,1.0909,159.75,12.3828,0.2042,,,,,
Mazama,5,216, cls_6 ,1.1589,90.3682,2.348,1.4291,,,,,
Mazama,5,219, cls_6 ,1.1898,159.75,1.9188,28.4804,,,,,
Mazama,5,220, cls_6 ,1.0537,101.0348,4.5223,0.4083,,,,,
Mazama,5,221, cls_6 ,1.0819,101.0348,10.1395,0.6125,,,,,
Mazama,5,224, cls_6 ,1,90.3682,2.871,0.1021,,,,,
Mazama,5,225, cls_6 ,1.1357,800.6647,0.8687,49.3048,,,,,
Mazama,5,226, cls_6 ,1.0914,127.8,6.5877,0.3062,,,,,
Mazama,5,233, cls_6 ,1.0283,115.1974,4.0998,0.7146,,,,,
Mazama,5,235, cls_6 ,1.1369,115.1974,4.8378,0.3062,,,,,
Mazama,5,237, cls_6 ,1.0358,135.5524,0.3535,0.3062,,,,,
Mazama,5,242, cls_6 ,1.0909,135.5524,0.4594,0.2042,,,,,
Mazama,5,245, cls_6 ,1.0445,373.9652,0.2783,2.3478,,,,,
Mazama,5,258, cls_6 ,1.0657,384.7289,0.1984,1.6333,,,,,
Mazama,5,263, cls_6 ,1.0402,373.9652,0.3284,1.1229,,,,,
Mazama,5,266, cls_6 ,1.0914,339.6332,0.3411,0.3062,,,,,
Mazama,5,267, cls_6 ,1.088,287.55,3.8266,1.1229,,,,,
Mazama,5,271, cls_6 ,1.0769,339.6332,0.2051,1.7354,,,,,
Mazama,5,294, cls_6 ,1.0465,1244.4105,0.2872,0.6125,,,,,
Mazama,5,2, cls_3 ,1.0889,71.4424,32.9879,0.9187,,,,,
Mazama,5,3, cls_3 ,1.0954,63.9,204.5833,12.658,,,,,
Mazama,5,5, cls_3 ,1.1576,71.4424,40.1321,9.2893,,,,,
Mazama,5,10, cls_3 ,1.0863,63.9,670.4159,45.4257,,,,,
Mazama,5,12, cls_3 ,1.0764,172.056,186.5449,1.0208,,,,,
Mazama,5,14, cls_3 ,1,101.0348,140.0697,0.1021,,,,,
Mazama,5,16, cls_3 ,1.1358,101.0348,259.4229,1.7354,,,,,
Mazama,5,21, cls_3 ,1.1199,63.9,408.4077,1.0208,,,,,
Mazama,5,22, cls_3 ,1.262,63.9,625.412,4139.15,,,,,
Mazama,5,27, cls_3 ,1.1371,71.4424,252.529,4.5936,,,,,
Mazama,5,36, cls_3 ,1.0932,71.4424,304.5952,0.7146,,,,,
Mazama,5,40, cls_3 ,1.0844,71.4424,518.5931,2.7562,,,,,
Mazama,5,44, cls_3 ,1.0993,95.85,2053.6538,1.0208,,,,,
Mazama,5,48, cls_3 ,1.0465,95.85,4506.9547,0.6125,,,,,
Mazama,5,51, cls_3 ,1,115.1974,3119.3459,0.1021,,,,,
Mazama,5,68, cls_3 ,1.0764,95.85,4505.5767,1.0208,,,,,
Mazama,5,78, cls_3 ,1.0647,131.7332,2385.5076,1.9395,,,,,
Mazama,5,91, cls_3 ,1.0769,101.0348,4055.3518,0.8166,,,,,
Mazama,5,111, cls_3 ,1,159.75,242.8839,0.1021,,,,,
Mazama,5,116, cls_3 ,1.0293,127.8,105.7682,3.6749,,,,,
Mazama,5,117, cls_3 ,1.0843,127.8,83.3009,2.4499,,,,,
Mazama,5,120, cls_3 ,1.0556,127.8,185.2419,1.225,,,,,
Mazama,5,121, cls_3 ,1,63.9,389.1581,0.1021,,,,,
Mazama,5,123, cls_3 ,1.0909,63.9,361.7893,0.2042,,,,,
Mazama,5,129, cls_3 ,1.0225,95.85,86.127,2.0416,,,,,
Mazama,5,132, cls_3 ,1.1299,63.9,10147.99,15.7204,,,,,
Mazama,5,134, cls_3 ,1.1117,95.85,584.3089,2.1437,,,,,
Mazama,5,137, cls_3 ,1.0537,71.4424,582.9647,0.4083,,,,,
Mazama,5,138, cls_3 ,1.0764,63.9,192.0256,1.0208,,,,,
Mazama,5,143, cls_3 ,1.0809,63.9,745.5573,1.9395,,,,,
Mazama,5,149, cls_3 ,1.2515,63.9,8125.4737,279.0874,,,,,
Mazama,5,164, cls_3 ,1,131.7332,2402.0412,0.1021,,,,,
Mazama,5,168, cls_3 ,1.1362,135.5524,2253.0224,0.5104,,,,,
Mazama,5,181, cls_3 ,1,71.4424,8109.6995,0.1021,,,,,
Mazama,5,184, cls_3 ,1,63.9,10137.0908,0.1021,,,,,
Mazama,5,202, cls_3 ,1.0155,63.9,713.9188,0.2042,,,,,
Mazama,5,206, cls_3 ,1.0465,63.9,10137.086,0.6125,,,,,
Mazama,5,228, cls_3 ,1.165,90.3682,5068.7029,2.3478,,,,,
Mazama,5,239, cls_3 ,1.063,101.0348,4059.7133,0.9187,,,,,
Mazama,5,244, cls_3 ,1.0395,202.0695,1013.9336,1.7354,,,,,
Mazama,5,257, cls_3 ,1.0982,95.85,312.2112,1.225,,,,,
Mazama,5,269, cls_3 ,1.0509,71.4424,558.0204,1.0208,,,,,
Mazama,5,281, cls_3 ,1.1073,63.9,10158.801,1.327,,,,,
Mazama,5,287, cls_3 ,1.1329,71.4424,8138.6609,8.5747,,,,,
Mazama,5,288, cls_3 ,1.053,63.9,876.5288,1.5312,,,,,
Mazama,5,297, cls_3 ,1.0909,63.9,10189.8645,0.2042,,,,,
Mazama,5,4, cls_1 ,1.0631,63.9,1.4157,0.7146,,,,,
Mazama,5,6, cls_1 ,1.0975,63.9,2.1831,0.4083,,,,,
Mazama,5,7, cls_1 ,1.1513,101.0348,1.9009,2.8582,,,,,
Mazama,5,8, cls_1 ,1.0465,101.0348,3.5225,0.6125,,,,,
Mazama,5,11, cls_1 ,1.0631,285.7695,0.9665,0.7146,,,,,
Mazama,5,17, cls_1 ,1.1271,131.7332,2.5745,1.1229,,,,,
Mazama,5,28, cls_1 ,1.0306,63.9,1.7292,1.225,,,,,
Mazama,5,29, cls_1 ,1.0155,63.9,4.0218,0.2042,,,,,
Mazama,5,32, cls_1 ,1.1197,345.5921,1.4145,0.7146,,,,,
Mazama,5,34, cls_1 ,1.0764,63.9,3.2388,1.0208,,,,,
Mazama,5,37, cls_1 ,1.088,71.4424,3.9915,1.1229,,,,,
Mazama,5,38, cls_1 ,1,63.9,4.6901,0.1021,,,,,
Mazama,5,43, cls_1 ,1.0358,345.5921,2.3546,0.3062,,,,,
Mazama,5,46, cls_1 ,1.0819,202.0695,2.7914,0.6125,,,,,
Mazama,5,47, cls_1 ,1.0688,71.4424,4.3242,0.5104,,,,,
Mazama,5,54, cls_1 ,1.0465,816.446,1.3311,0.6125,,,,,
Mazama,5,55, cls_1 ,1.0386,159.75,5.9626,1.4291,,,,,
Mazama,5,57, cls_1 ,1.0283,159.75,5.008,0.7146,,,,,
Mazama,5,58, cls_1 ,1.0819,159.75,6.1651,0.6125,,,,,
Mazama,5,60, cls_1 ,1.1388,71.4424,33.158,1.0208,,,,,
Mazama,5,61, cls_1 ,1.1545,71.4424,103.3978,6.329,,,,,
Mazama,5,62, cls_1 ,1.123,172.056,3.8632,1.9395,,,,,
Mazama,5,66, cls_1 ,1.0631,583.0328,1.1184,0.7146,,,,,
Mazama,5,67, cls_1 ,1.0819,71.4424,89.0065,0.6125,,,,,
Mazama,5,69, cls_1 ,1.1586,90.3682,14.8489,131.071,,,,,
Mazama,5,74, cls_1 ,1.0927,90.3682,162.8342,3.1645,,,,,
Mazama,5,75, cls_1 ,1.0819,301.4157,4.4672,0.6125,,,,,
Mazama,5,76, cls_1 ,1.0819,95.85,2.704,0.6125,,,,,
Mazama,5,77, cls_1 ,1.112,71.4424,10.1281,0.9187,,,,,
Mazama,5,79, cls_1 ,1.1042,159.75,6.1862,5.9207,,,,,
Mazama,5,80, cls_1 ,1.0386,384.7289,1.9201,1.4291,,,,,
Mazama,5,81, cls_1 ,1.0574,159.75,16.4359,6.5331,,,,,
Mazama,5,82, cls_1 ,1.0903,135.5524,14.1596,2.0416,,,,,
Mazama,5,84, cls_1 ,1.0975,71.4424,1.3033,0.4083,,,,,
Mazama,5,85, cls_1 ,1.16,71.4424,6.96,4.1853,,,,,
Mazama,5,88, cls_1 ,1,71.4424,1.9567,0.1021,,,,,
Mazama,5,89, cls_1 ,1.0932,63.9,3.7299,0.7146,,,,,
Mazama,5,90, cls_1 ,1.0283,415.35,1.4256,0.7146,,,,,
Mazama,5,92, cls_1 ,1.1137,325.8273,2.3402,2.3478,,,,,
Mazama,5,93, cls_1 ,1.0993,63.9,3.0976,1.0208,,,,,
Mazama,5,94, cls_1 ,1.1477,328.9454,1.3186,0.8166,,,,,
Mazama,5,96, cls_1 ,1.0592,101.0348,129.7421,2.0416,,,,,
Mazama,5,97, cls_1 ,1.0965,95.85,6.2007,3.3686,,,,,
Mazama,5,103, cls_1 ,1.0764,71.4424,12.2667,1.0208,,,,,
Mazama,5,107, cls_1 ,1.0654,180.7365,1.6309,1.1229,,,,,
Mazama,5,110, cls_1 ,1.1624,63.9,17.0916,29.195,,,,,
Mazama,5,112, cls_1 ,1.0869,63.9,18.6981,1.8374,,,,,
Mazama,5,113, cls_1 ,1.1963,63.9,13.4431,4.8999,,,,,
Mazama,5,118, cls_1 ,1.0819,180.7365,1.797,0.6125,,,,,
Mazama,5,119, cls_1 ,1.0769,345.5921,2.2827,0.8166,,,,,
Mazama,5,122, cls_1 ,1.0575,357.2119,3.7395,11.7392,,,,,
Mazama,5,125, cls_1 ,1.1344,71.4424,36.7532,6.6352,,,,,
Mazama,5,126, cls_1 ,1.1477,71.4424,10.1228,0.8166,,,,,
Mazama,5,127, cls_1 ,1.1594,162.9137,13.3105,11.2288,,,,,
Mazama,5,133, cls_1 ,1.0537,345.5921,2.882,0.4083,,,,,
Mazama,5,136, cls_1 ,1,71.4424,31.1258,0.1021,,,,,
Mazama,5,139, cls_1 ,1.0828,63.9,56.5189,9.4935,,,,,
Mazama,5,140, cls_1 ,1.0932,63.9,8.1243,0.7146,,,,,
Mazama,5,144, cls_1 ,1.2366,63.9,15.1351,23.4785,,,,,
Mazama,5,151, cls_1 ,1.0654,63.9,77.0115,1.1229,,,,,
Mazama,5,156, cls_1 ,1.0283,63.9,13.5322,0.7146,,,,,
Mazama,5,157, cls_1 ,1.1407,63.9,76.8978,21.0285,,,,,
Mazama,5,158, cls_1 ,1.0155,63.9,15.151,0.2042,,,,,
Mazama,5,160, cls_1 ,1.0537,384.7289,2.3324,0.4083,,,,,
Mazama,5,162, cls_1 ,1.1609,63.9,60.4107,2.2458,,,,,
Mazama,5,165, cls_1 ,1.0358,63.9,5.5174,0.3062,,,,,
Mazama,5,169, cls_1 ,1.0537,243.324,2.5294,0.4083,,,,,
Mazama,5,170, cls_1 ,1.1347,115.1974,2.8843,4.6957,,,,,
Mazama,5,171, cls_1 ,1.112,63.9,4.212,0.9187,,,,,
Mazama,5,172, cls_1 ,1.1265,63.9,52.2348,2.552,,,,,
Mazama,5,177, cls_1 ,1.0047,257.5891,5.2687,0.6125,,,,,
Mazama,5,179, cls_1 ,1.0581,63.9,31.7163,13.1684,,,,,
Mazama,5,183, cls_1 ,1.0465,95.85,3.9997,0.6125,,,,,
Mazama,5,185, cls_1 ,1.0283,95.85,3.9486,0.7146,,,,,
Mazama,5,186, cls_1 ,1.0155,214.3271,16.1167,0.2042,,,,,
Mazama,5,192, cls_1 ,1.0689,115.1974,5.4159,1.327,,,,,
Mazama,5,193, cls_1 ,1.0283,127.8,34.1401,0.7146,,,,,
Mazama,5,194, cls_1 ,1.1153,257.5891,9.0087,3.6749,,,,,
Mazama,5,197, cls_1 ,1.0465,115.1974,5.3805,0.6125,,,,,
Mazama,5,198, cls_1 ,1.1585,63.9,24.159,11.3309,,,,,
Mazama,5,199, cls_1 ,1.0963,63.9,155.3526,2.7562,,,,,
Mazama,5,200, cls_1 ,1.2033,63.9,197.2639,40.9342,,,,,
Mazama,5,201, cls_1 ,1.0485,63.9,31.9257,4.3895,,,,,
Mazama,5,204, cls_1 ,1.0386,71.4424,65.041,1.4291,,,,,
Mazama,5,205, cls_1 ,1.0606,71.4424,5.2675,1.4291,,,,,
Mazama,5,207, cls_1 ,1.1395,63.9,205.5893,4.4915,,,,,
Mazama,5,208, cls_1 ,1.0932,63.9,71.8623,0.7146,,,,,
Mazama,5,209, cls_1 ,1.105,71.4424,6.1459,0.5104,,,,,
Mazama,5,210, cls_1 ,1.078,142.8847,6.671,1.225,,,,,
Mazama,5,211, cls_1 ,1.0537,71.4424,4.3751,0.4083,,,,,
Mazama,5,212, cls_1 ,1.2025,63.9,52.6047,265.3066,,,,,
Mazama,5,214, cls_1 ,1.1661,101.0348,9.5664,227.1286,,,,,
Mazama,5,215, cls_1 ,1.1154,63.9,656.0447,1.4291,,,,,
Mazama,5,217, cls_1 ,1.0358,319.5,2.0508,0.3062,,,,,
Mazama,5,218, cls_1 ,1.1686,63.9,7.7379,9.5955,,,,,
Mazama,5,222, cls_1 ,1.0982,101.0348,13.9411,1.225,,,,,
Mazama,5,223, cls_1 ,1.116,101.0348,9.7138,4.5936,,,,,
Mazama,5,227, cls_1 ,1.0631,194.3443,4.1283,0.7146,,,,,
Mazama,5,229, cls_1 ,1.0688,135.5524,27.1895,0.5104,,,,,
Mazama,5,230, cls_1 ,1.109,230.3947,43.9555,2.4499,,,,,
Mazama,5,231, cls_1 ,1.0283,319.5,2.1875,0.7146,,,,,
Mazama,5,232, cls_1 ,1.0631,344.112,5.3591,0.7146,,,,,
Mazama,5,234, cls_1 ,1.1565,127.8,32.2118,2.1437,,,,,
Mazama,5,236, cls_1 ,1.0635,159.75,90.5453,3.777,,,,,
Mazama,5,238, cls_1 ,1.0261,357.2119,2.314,0.5104,,,,,
Mazama,5,240, cls_1 ,1.1183,63.9,12.0904,3.5728,,,,,
Mazama,5,243, cls_1 ,1.063,115.1974,8.0006,0.9187,,,,,
Mazama,5,247, cls_1 ,1.0932,101.0348,223.831,0.7146,,,,,
Mazama,5,248, cls_1 ,1.0283,142.8847,133.2213,0.7146,,,,,
Mazama,5,249, cls_1 ,1.0445,101.0348,7.9309,2.3478,,,,,
Mazama,5,250, cls_1 ,1,71.4424,10.4763,0.1021,,,,,
Mazama,5,251, cls_1 ,1.089,71.4424,7.5584,1.327,,,,,
Mazama,5,252, cls_1 ,1.1461,115.1974,27.4519,17.864,,,,,
Mazama,5,253, cls_1 ,1.0358,71.4424,6.6124,0.3062,,,,,
Mazama,5,254, cls_1 ,1.1395,63.9,15.1721,0.6125,,,,,
Mazama,5,255, cls_1 ,1.088,63.9,171.5829,1.1229,,,,,
Mazama,5,256, cls_1 ,1.1085,101.0348,8.7054,1.1229,,,,,
Mazama,5,259, cls_1 ,1.0338,230.3947,4.0721,0.9187,,,,,
Mazama,5,260, cls_1 ,1.1688,63.9,18.5016,13.3725,,,,,
Mazama,5,261, cls_1 ,1.0728,162.9137,4.3283,1.5312,,,,,
Mazama,5,262, cls_1 ,1,63.9,51.2481,0.1021,,,,,
Mazama,5,264, cls_1 ,1.1187,115.1974,19.3696,2.2458,,,,,
Mazama,5,265, cls_1 ,1.0358,162.9137,6.8853,0.3062,,,,,
Mazama,5,268, cls_1 ,1.1126,127.8,36.4234,4.0832,,,,,
Mazama,5,270, cls_1 ,1,90.3682,327.1723,0.1021,,,,,
Mazama,5,272, cls_1 ,1.0155,115.1974,201.6814,0.2042,,,,,
Mazama,5,273, cls_1 ,1.1284,127.8,72.7003,9.3914,,,,,
Mazama,5,274, cls_1 ,1.0667,186.2989,79.2682,3.2666,,,,,
Mazama,5,275, cls_1 ,1.1371,71.4424,16.6117,18.0682,,,,,
Mazama,5,276, cls_1 ,1.1391,162.9137,101.8948,9.1872,,,,,
Mazama,5,277, cls_1 ,1.0631,71.4424,40.6751,0.7146,,,,,
Mazama,5,278, cls_1 ,1.0467,71.4424,522.597,1.327,,,,,
Mazama,5,280, cls_1 ,1.0819,214.3271,12.3422,0.6125,,,,,
Mazama,5,282, cls_1 ,1.0402,159.75,29.6879,1.1229,,,,,
Mazama,5,283, cls_1 ,1.1206,135.5524,29.3866,4.0832,,,,,
Mazama,5,284, cls_1 ,1.1474,71.4424,82.8641,47.4673,,,,,
Mazama,5,285, cls_1 ,1.0395,63.9,652.9146,1.7354,,,,,
Mazama,5,286, cls_1 ,1.1602,194.3443,31.7065,1.1229,,,,,
Mazama,5,289, cls_1 ,1.0155,162.9137,26.2381,0.2042,,,,,
Mazama,5,290, cls_1 ,1.0631,131.7332,22.1101,0.7146,,,,,
Mazama,5,291, cls_1 ,1.0473,172.056,94.3003,0.8166,,,,,
Mazama,5,292, cls_1 ,1.1358,63.9,117.2027,37.0551,,,,,
Mazama,5,293, cls_1 ,1.0537,63.9,96.9693,0.4083,,,,,
Mazama,5,295, cls_1 ,1.0475,63.9,107.9705,3.0624,,,,,
Mazama,5,296, cls_1 ,1.116,71.4424,524.5929,1.8374,,,,,
Mazama,5,298, cls_1 ,1.1012,63.9,47.6912,8.7789,,,,,
Mazama,5,299, cls_1 ,1.105,63.9,37.5274,0.5104,,,,,
Mazama,5,301, cls_1 ,1.0155,63.9,37.1865,0.2042,,,,,
Mazama,5,302, cls_1 ,1.0465,480.3138,8.6609,0.6125,,,,,
Mazama,5,303, cls_1 ,1.1367,71.4424,29.6909,3.777,,,,,
Mazama,5,304, cls_1 ,1.0155,71.4424,21.1386,0.2042,,,,,
Mazama,5,306, cls_1 ,1.0529,127.8,7.9363,1.8374,,,,,
Mazama,5,307, cls_1 ,1.0155,127.8,6.1458,0.2042,,,,,
Mazama,5,9, cls_5 ,1.2003,71.4424,0.4292,49.611,,,,,
Mazama,5,18, cls_5 ,1.0909,90.3682,3.8965,0.2042,,,,,
Mazama,5,19, cls_5 ,1,90.3682,6.8979,0.1021,,,,,
Mazama,5,23, cls_5 ,1.0909,71.4424,97.2731,0.2042,,,,,
Mazama,5,241, cls_5 ,1.0914,71.4424,1.6114,0.3062,,,,,
Mazama,5,246, cls_5 ,1.0769,71.4424,0.6111,0.8166,,,,,
Mazama,5,279, cls_5 ,1,6137.8104,0.0135,0.1021,,,,,
Mazama,5,300, cls_5 ,1.0155,71.4424,0.8082,0.2042,,,,,
Mazama,5,305, cls_5 ,1.0537,71.4424,0.4079,0.4083,,,,,
Mazama,5,154, cls_4 ,1.1294,202.0695,0.0966,2.0416,,,,,
Mazama,5,174, cls_4 ,1.0914,202.0695,0.58,0.3062,,,,,
Mazama,5,195, cls_4 ,1.0537,225.9206,0.1681,0.4083,,,,,
Mazama,6,1, cls_5 ,1.2891,345.5921,0.447,144.2394,,,,,
Mazama,6,50, cls_5 ,1.0465,345.5921,12.1792,0.6125,,,,,
Mazama,6,66, cls_5 ,1.0338,685.9956,1.7141,0.9187,,,,,
Mazama,6,87, cls_5 ,1.0537,1388.631,0.3395,0.4083,,,,,
Mazama,6,116, cls_5 ,1.1167,1278.7985,0.3028,1.225,,,,,
Mazama,6,117, cls_5 ,1.1319,71.4424,1.1265,3.6749,,,,,
Mazama,6,130, cls_5 ,1.1297,101.0348,12.616,36.6468,,,,,
Mazama,6,132, cls_5 ,1,71.4424,7.9556,0.1021,,,,,
Mazama,6,133, cls_5 ,1.063,1193.7505,0.3907,0.9187,,,,,
Mazama,6,148, cls_5 ,1.1661,90.3682,18.719,45.1195,,,,,
Mazama,6,160, cls_5 ,1.0358,415.35,2.9751,0.3062,,,,,
Mazama,6,163, cls_5 ,1.1158,101.0348,52.2106,9.2893,,,,,
Mazama,6,165, cls_5 ,1.185,101.0348,3.6189,86.3599,,,,,
Mazama,6,169, cls_5 ,1.0914,101.0348,86.7127,0.3062,,,,,
Mazama,6,173, cls_5 ,1.0465,90.3682,60.3895,0.6125,,,,,
Mazama,6,179, cls_5 ,1.2069,63.9,36.4935,22.7639,,,,,
Mazama,6,182, cls_5 ,1,63.9,58.0249,0.1021,,,,,
Mazama,6,185, cls_5 ,1.116,90.3682,7.588,1.8374,,,,,
Mazama,6,187, cls_5 ,1.1557,257.5891,1.2199,22.2535,,,,,
Mazama,6,191, cls_5 ,1.1436,63.9,47.5554,28.8887,,,,,
Mazama,6,192, cls_5 ,1.1433,71.4424,21.1489,25.418,,,,,
Mazama,6,193, cls_5 ,1.056,127.8,20.7067,2.4499,,,,,
Mazama,6,198, cls_5 ,1.0358,90.3682,10.0508,0.3062,,,,,
Mazama,6,200, cls_5 ,1.0465,257.5891,4.2592,0.6125,,,,,
Mazama,6,204, cls_5 ,1.135,186.2989,8.5803,8.7789,,,,,
Mazama,6,210, cls_5 ,1.1097,63.9,77.9286,12.9642,,,,,
Mazama,6,215, cls_5 ,1.1559,486.6479,2.4339,11.6371,,,,,
Mazama,6,230, cls_5 ,1.1354,115.1974,3.7319,15.8224,,,,,
Mazama,6,231, cls_5 ,1.102,63.9,38.2848,1.8374,,,,,
Mazama,6,232, cls_5 ,1,71.4424,52.2301,0.1021,,,,,
Mazama,6,234, cls_5 ,1.0155,159.75,7.1114,0.2042,,,,,
Mazama,6,238, cls_5 ,1,71.4424,8.028,0.1021,,,,,
Mazama,6,240, cls_5 ,1.0358,71.4424,11.131,0.3062,,,,,
Mazama,6,245, cls_5 ,1.0992,225.9206,3.8757,39.9134,,,,,
Mazama,6,251, cls_5 ,1.0537,115.1974,12.9289,0.4083,,,,,
Mazama,6,252, cls_5 ,1.1868,232.5995,4.187,13.0663,,,,,
Mazama,6,270, cls_5 ,1.184,384.7289,2.2919,6.9415,,,,,
Mazama,6,272, cls_5 ,1.1208,71.4424,7.6314,30.4199,,,,,
Mazama,6,282, cls_5 ,1.0986,159.75,25.4187,38.2801,,,,,
Mazama,6,291, cls_5 ,1.0954,71.4424,20.3893,14.4954,,,,,
Mazama,6,293, cls_5 ,1,71.4424,62.2826,0.1021,,,,,
Mazama,6,296, cls_5 ,1.0673,71.4424,26.5005,8.0643,,,,,
Mazama,6,297, cls_5 ,1.0155,101.0348,3.3385,0.2042,,,,,
Mazama,6,300, cls_5 ,1.0155,101.0348,3.5377,0.2042,,,,,
Mazama,6,305, cls_5 ,1.0691,71.4424,18.5347,5.3082,,,,,
Mazama,6,307, cls_5 ,1.1148,131.7332,18.2864,53.8984,,,,,
Mazama,6,308, cls_5 ,1.0858,71.4424,31.1404,5.3082,,,,,
Mazama,6,312, cls_5 ,1.0261,351.45,6.0065,0.5104,,,,,
Mazama,6,313, cls_5 ,1.0884,204.5798,3.2373,2.6541,,,,,
Mazama,6,315, cls_5 ,1.093,131.7332,31.5395,4.1853,,,,,
Mazama,6,317, cls_5 ,1.0155,409.1596,1.8008,0.2042,,,,,
Mazama,6,2, cls_3 ,1.0909,95.85,13.1731,0.2042,,,,,
Mazama,6,3, cls_3 ,1,71.4424,50.5539,0.1021,,,,,
Mazama,6,4, cls_3 ,1.1704,71.4424,37.7316,23.4785,,,,,
Mazama,6,8, cls_3 ,1.1465,63.9,52.4246,6.8394,,,,,
Mazama,6,9, cls_3 ,1.1819,90.3682,65.2195,9.2893,,,,,
Mazama,6,10, cls_3 ,1,63.9,13.6426,0.1021,,,,,
Mazama,6,11, cls_3 ,1,63.9,12.2436,0.1021,,,,,
Mazama,6,13, cls_3 ,1.1524,90.3682,44.9551,30.2158,,,,,
Mazama,6,14, cls_3 ,1.0909,71.4424,25.3191,0.2042,,,,,
Mazama,6,19, cls_3 ,1.0971,63.9,91.0577,2.4499,,,,,
Mazama,6,22, cls_3 ,1.2025,63.9,6881.0055,58.6961,,,,,
Mazama,6,28, cls_3 ,1.0631,101.0348,40.2974,0.7146,,,,,
Mazama,6,38, cls_3 ,1.1574,63.9,8599.8816,52.5713,,,,,
Mazama,6,46, cls_3 ,1.2397,63.9,395.5046,3474.1992,,,,,
Mazama,6,47, cls_3 ,1.1727,90.3682,4265.2763,97.1804,,,,,
Mazama,6,48, cls_3 ,1.0465,63.9,201.49,0.6125,,,,,
Mazama,6,77, cls_3 ,1,142.8847,211.5773,0.1021,,,,,
Mazama,6,80, cls_3 ,1.0769,186.2989,1002.0791,0.8166,,,,,
Mazama,6,88, cls_3 ,1.0509,63.9,8509.1216,1.0208,,,,,
Mazama,6,100, cls_3 ,1,131.7332,2023.5684,0.1021,,,,,
Mazama,6,102, cls_3 ,1,115.1974,2625.3701,0.1021,,,,,
Mazama,6,119, cls_3 ,1.0689,63.9,8509.2203,1.327,,,,,
Mazama,6,131, cls_3 ,1.059,159.75,404.9378,1.7354,,,,,
Mazama,6,136, cls_3 ,1.2311,63.9,54.5447,1030.398,,,,,
Mazama,6,150, cls_3 ,1,63.9,2619.098,0.1021,,,,,
Mazama,6,151, cls_3 ,1.0155,63.9,2618.8396,0.2042,,,,,
Mazama,6,189, cls_3 ,1.0909,191.7,282.3951,0.2042,,,,,
Mazama,6,190, cls_3 ,1.128,63.9,682.9191,10.7184,,,,,
Mazama,6,214, cls_3 ,1,71.4424,6807.6542,0.1021,,,,,
Mazama,6,222, cls_3 ,1,63.9,2526.2381,0.1021,,,,,
Mazama,6,225, cls_3 ,1.0819,63.9,3430.3598,0.6125,,,,,
Mazama,6,233, cls_3 ,1.1332,71.4424,2022.6151,21.641,,,,,
Mazama,6,237, cls_3 ,1.1597,162.9137,114.4119,2.6541,,,,,
Mazama,6,241, cls_3 ,1.0358,115.1974,779.5697,0.3062,,,,,
Mazama,6,243, cls_3 ,1.1187,71.4424,6807.1937,4.7978,,,,,
Mazama,6,258, cls_3 ,1.0261,101.0348,1015.0257,0.5104,,,,,
Mazama,6,261, cls_3 ,1.0604,214.3271,762.2473,8.6768,,,,,
Mazama,6,277, cls_3 ,1.0471,63.9,8512.979,1.9395,,,,,
Mazama,6,283, cls_3 ,1.1434,101.0348,530.905,0.7146,,,,,
Mazama,6,287, cls_3 ,1.1668,345.5921,73.5494,286.4372,,,,,
Mazama,6,294, cls_3 ,1.0932,95.85,516.5202,0.7146,,,,,
Mazama,6,295, cls_3 ,1.0261,135.5524,1897.1151,0.5104,,,,,
Mazama,6,299, cls_3 ,1.1746,172.056,951.6494,5.0019,,,,,
Mazama,6,302, cls_3 ,1.0358,95.85,517.1571,0.3062,,,,,
Mazama,6,309, cls_3 ,1.1125,172.056,180.9806,0.6125,,,,,
Mazama,6,311, cls_3 ,1.0909,345.5921,69.956,0.2042,,,,,
Mazama,6,5, cls_1 ,1.1066,131.7332,1.1477,3.0624,,1.082845,140.7663333,13.14042111,4.12234
Mazama,6,7, cls_1 ,1.0836,131.7332,2.0472,1.6333,,,,,
Mazama,6,23, cls_1 ,1.0386,127.8,1.2167,1.4291,,,,,
Mazama,6,24, cls_1 ,1.1031,319.5,0.7788,0.8166,,,,,
Mazama,6,26, cls_1 ,1.0993,63.9,11.696,1.0208,,,,,
Mazama,6,27, cls_1 ,1.0261,159.75,1.5052,0.5104,,,,,
Mazama,6,29, cls_1 ,1.1008,63.9,2.7611,3.879,,,,,
Mazama,6,31, cls_1 ,1.0914,90.3682,6.0721,0.3062,,,,,
Mazama,6,35, cls_1 ,1.0968,63.9,5.2695,4.3895,,,,,
Mazama,6,36, cls_1 ,1.0283,63.9,10.0007,0.7146,,,,,
Mazama,6,37, cls_1 ,1.0473,127.8,3.9395,0.8166,,,,,
Mazama,6,41, cls_1 ,1.1224,127.8,30.7854,3.1645,,,,,
Mazama,6,42, cls_1 ,1.0667,159.75,18.695,3.2666,,,,,
Mazama,6,43, cls_1 ,1.2521,63.9,8.6788,46.4465,,,,,
Mazama,6,44, cls_1 ,1.1412,180.7365,15.6831,2.4499,,,,,
Mazama,6,45, cls_1 ,1,63.9,114.3261,0.1021,,,,,
Mazama,6,49, cls_1 ,1.063,90.3682,57.4179,0.9187,,,,,
Mazama,6,54, cls_1 ,1.1477,743.138,0.5439,0.8166,,,,,
Mazama,6,56, cls_1 ,1,416.577,0.764,0.1021,,,,,
Mazama,6,57, cls_1 ,1.0155,172.056,1.0977,0.2042,,,,,
Mazama,6,59, cls_1 ,1.0155,90.3682,7.1704,0.2042,,,,,
Mazama,6,60, cls_1 ,1.0909,95.85,2.5453,0.2042,,,,,
Mazama,6,61, cls_1 ,1.0764,63.9,114.3039,1.0208,,,,,
Mazama,6,63, cls_1 ,1.1367,90.3682,1.42,5.2061,,,,,
Mazama,6,65, cls_1 ,1.0819,499.075,2.3541,0.6125,,,,,
Mazama,6,68, cls_1 ,1.0473,95.85,2.23,0.8166,,,,,
Mazama,6,71, cls_1 ,1.0932,95.85,3.7006,0.7146,,,,,
Mazama,6,72, cls_1 ,1.0155,63.9,5.8131,0.2042,,,,,
Mazama,6,74, cls_1 ,1,63.9,7.4461,0.1021,,,,,
Mazama,6,76, cls_1 ,1.1367,63.9,4.8575,10.208,,,,,
Mazama,6,79, cls_1 ,1.0932,287.55,6.506,0.7146,,,,,
Mazama,6,81, cls_1 ,1.1271,63.9,25.794,1.1229,,,,,
Mazama,6,82, cls_1 ,1.1308,180.7365,2.3459,8.3706,,,,,
Mazama,6,83, cls_1 ,1.1328,186.2989,5.0437,0.9187,,,,,
Mazama,6,84, cls_1 ,1.0306,63.9,3.3605,1.225,,,,,
Mazama,6,86, cls_1 ,1.1637,63.9,4.7191,0.6125,,,,,
Mazama,6,89, cls_1 ,1.0131,142.8847,6.4206,0.8166,,,,,
Mazama,6,90, cls_1 ,1.1031,63.9,3.7912,0.8166,,,,,
Mazama,6,91, cls_1 ,1.105,101.0348,3.2567,0.5104,,,,,
Mazama,6,92, cls_1 ,1.1265,71.4424,2.6216,0.8166,,,,,
Mazama,6,93, cls_1 ,1.0688,63.9,4.4693,0.5104,,,,,
Mazama,6,94, cls_1 ,1,71.4424,2.568,0.1021,,,,,
Mazama,6,95, cls_1 ,1.1197,71.4424,1.7348,0.7146,,,,,
Mazama,6,96, cls_1 ,1,101.0348,5.0009,0.1021,,,,,
Mazama,6,97, cls_1 ,1.1197,71.4424,2.4553,0.7146,,,,,
Mazama,6,98, cls_1 ,1.0654,131.7332,2.3145,1.1229,,,,,
Mazama,6,101, cls_1 ,1.1353,225.9206,3.568,1.9395,,,,,
Mazama,6,103, cls_1 ,1.0592,115.1974,2.3669,2.0416,,,,,
Mazama,6,105, cls_1 ,1.0358,63.9,2.9275,0.3062,,,,,
Mazama,6,106, cls_1 ,1.0467,159.75,9.9982,1.327,,,,,
Mazama,6,107, cls_1 ,1.179,159.75,4.367,2.2458,,,,,
Mazama,6,108, cls_1 ,1.063,115.1974,4.2728,0.9187,,,,,
Mazama,6,109, cls_1 ,1.1109,159.75,3.8518,21.9473,,,,,
Mazama,6,110, cls_1 ,1.0358,63.9,4.1461,0.3062,,,,,
Mazama,6,111, cls_1 ,1.1296,71.4424,5.0044,1.6333,,,,,
Mazama,6,112, cls_1 ,1.0975,384.7289,0.5161,0.4083,,,,,
Mazama,6,113, cls_1 ,1.0688,71.4424,6.5917,0.5104,,,,,
Mazama,6,114, cls_1 ,1.1239,115.1974,3.2468,2.1437,,,,,
Mazama,6,115, cls_1 ,1.1417,90.3682,5.7368,8.5747,,,,,
Mazama,6,118, cls_1 ,1,90.3682,4.0864,0.1021,,,,,
Mazama,6,121, cls_1 ,1.0395,63.9,16.9676,1.7354,,,,,
Mazama,6,122, cls_1 ,1.0311,63.9,20.7143,1.5312,,,,,
Mazama,6,123, cls_1 ,1.0131,159.75,0.9757,0.8166,,,,,
Mazama,6,124, cls_1 ,1.1294,339.6332,1.6695,2.0416,,,,,
Mazama,6,125, cls_1 ,1.0769,159.75,1.11,0.8166,,,,,
Mazama,6,129, cls_1 ,1.1702,127.8,4.3377,99.3241,,,,,
Mazama,6,134, cls_1 ,1.0836,127.8,3.6375,17.9661,,,,,
Mazama,6,135, cls_1 ,1.0932,63.9,8.5157,0.7146,,,,,
Mazama,6,137, cls_1 ,1,71.4424,1.3997,0.4083,,,,,
Mazama,6,138, cls_1 ,1.1075,63.9,10.5078,1.5312,,,,,
Mazama,6,139, cls_1 ,1.088,162.9137,3.2569,1.1229,,,,,
Mazama,6,140, cls_1 ,1.0805,620.3568,3.5058,1.4291,,,,,
Mazama,6,141, cls_1 ,1.0155,71.4424,1.7674,0.2042,,,,,
Mazama,6,142, cls_1 ,1.155,63.9,3.9709,9.1872,,,,,
Mazama,6,143, cls_1 ,1.0261,63.9,11.9125,0.5104,,,,,
Mazama,6,144, cls_1 ,1.0836,159.75,40.732,1.6333,,,,,
Mazama,6,145, cls_1 ,1.0155,63.9,11.1274,0.2042,,,,,
Mazama,6,146, cls_1 ,1.0665,63.9,6.0028,4.0832,,,,,
Mazama,6,147, cls_1 ,1.0993,71.4424,6.7984,1.0208,,,,,
Mazama,6,149, cls_1 ,1,63.9,23.4555,0.4083,,,,,
Mazama,6,152, cls_1 ,1.068,131.7332,57.7562,2.8582,,,,,
Mazama,6,153, cls_1 ,1.1631,71.4424,6.8389,1.5312,,,,,
Mazama,6,154, cls_1 ,1.0706,71.4424,0.5899,2.4499,,,,,
Mazama,6,155, cls_1 ,1,71.4424,3.1491,0.1021,,,,,
Mazama,6,156, cls_1 ,1.0306,63.9,12.1029,1.225,,,,,
Mazama,6,157, cls_1 ,1.1256,162.9137,1.7829,4.4915,,,,,
Mazama,6,158, cls_1 ,1.0509,71.4424,2.4747,1.0208,,,,,
Mazama,6,159, cls_1 ,1.0386,191.7,27.7611,1.4291,,,,,
Mazama,6,162, cls_1 ,1.0631,263.4664,0.6905,0.7146,,,,,
Mazama,6,164, cls_1 ,1,71.4424,5.1639,0.1021,,,,,
Mazama,6,166, cls_1 ,1.078,629.342,1.1574,1.225,,,,,
Mazama,6,167, cls_1 ,1.1125,214.3271,6.6197,0.6125,,,,,
Mazama,6,168, cls_1 ,1.0932,214.3271,0.7658,0.7146,,,,,
Mazama,6,170, cls_1 ,1.0283,71.4424,61.6243,0.7146,,,,,
Mazama,6,171, cls_1 ,1.0819,115.1974,1.5773,0.6125,,,,,
Mazama,6,172, cls_1 ,1.0982,214.3271,0.6212,1.225,,,,,
Mazama,6,174, cls_1 ,1,71.4424,22.148,0.1021,,,,,
Mazama,6,175, cls_1 ,1.0556,115.1974,1.4615,1.225,,,,,
Mazama,6,176, cls_1 ,1.105,101.0348,10.3922,0.5104,,,,,
Mazama,6,177, cls_1 ,1.1574,272.9809,1.6003,7.0435,,,,,
Mazama,6,178, cls_1 ,1.1337,159.75,1.2321,1.225,,,,,
Mazama,6,180, cls_1 ,1.112,289.3196,1.3409,0.9187,,,,,
Mazama,6,181, cls_1 ,1.1589,230.3947,1.6921,1.4291,,,,,
Mazama,6,183, cls_1 ,1.105,230.3947,0.9292,0.5104,,,,,
Mazama,6,184, cls_1 ,1.1283,232.5995,2.4185,4.0832,,,,,
Mazama,6,186, cls_1 ,1.1084,204.5798,1.8855,1.7354,,,,,
Mazama,6,188, cls_1 ,1.0465,232.5995,2.7084,0.6125,,,,,
Mazama,6,194, cls_1 ,1.0537,63.9,1.2194,0.4083,,,,,
Mazama,6,195, cls_1 ,1.0606,194.3443,1.6537,1.4291,,,,,
Mazama,6,196, cls_1 ,1,63.9,1.9367,0.1021,,,,,
Mazama,6,199, cls_1 ,1.0982,180.7365,2.5681,1.225,,,,,
Mazama,6,201, cls_1 ,1.0509,90.3682,15.5503,1.0208,,,,,
Mazama,6,202, cls_1 ,1.1098,90.3682,2.0396,21.5389,,,,,
Mazama,6,203, cls_1 ,1.0864,90.3682,9.2607,11.433,,,,,
Mazama,6,205, cls_1 ,1.1388,180.7365,3.2367,1.0208,,,,,
Mazama,6,206, cls_1 ,1.1415,257.5891,2.4389,1.8374,,,,,
Mazama,6,207, cls_1 ,1.1518,194.3443,2.9529,2.0416,,,,,
Mazama,6,208, cls_1 ,1.112,131.7332,4.9705,0.9187,,,,,
Mazama,6,209, cls_1 ,1,172.056,3.0675,0.1021,,,,,
Mazama,6,211, cls_1 ,1.1031,135.5524,4.0516,0.8166,,,,,
Mazama,6,212, cls_1 ,1.0283,800.6647,0.9817,0.7146,,,,,
Mazama,6,213, cls_1 ,1.1307,63.9,32.7069,5.5123,,,,,
Mazama,6,216, cls_1 ,1.1265,287.55,1.5892,0.8166,,,,,
Mazama,6,217, cls_1 ,1.1031,71.4424,24.9842,0.8166,,,,,
Mazama,6,218, cls_1 ,1.0691,63.9,9.1706,3.5728,,,,,
Mazama,6,219, cls_1 ,1.0556,127.8,7.018,1.225,,,,,
Mazama,6,220, cls_1 ,1.0971,115.1974,2.5074,2.4499,,,,,
Mazama,6,221, cls_1 ,1.0417,127.8,8.4797,2.0416,,,,,
Mazama,6,223, cls_1 ,1.0537,63.9,11.4287,0.4083,,,,,
Mazama,6,224, cls_1 ,1.0819,115.1974,3.9115,0.6125,,,,,
Mazama,6,226, cls_1 ,1.0465,71.4424,28.284,0.6125,,,,,
Mazama,6,227, cls_1 ,1.063,115.1974,32.8055,0.9187,,,,,
Mazama,6,228, cls_1 ,1.119,63.9,32.6731,12.2496,,,,,
Mazama,6,229, cls_1 ,1.1412,115.1974,1.9228,41.1383,,,,,
Mazama,6,235, cls_1 ,1.1789,127.8,8.8129,8.6768,,,,,
Mazama,6,236, cls_1 ,1.1292,63.9,4.7389,1.8374,,,,,
Mazama,6,242, cls_1 ,1.0933,162.9137,26.2095,1.7354,,,,,
Mazama,6,244, cls_1 ,1.1641,63.9,6.0462,1.225,,,,,
Mazama,6,246, cls_1 ,1.1177,63.9,9.2418,11.433,,,,,
Mazama,6,247, cls_1 ,1.1423,63.9,88.6347,62.5752,,,,,
Mazama,6,248, cls_1 ,1.053,303.1043,1.7816,1.5312,,,,,
Mazama,6,249, cls_1 ,1.168,63.9,26.7323,24.0909,,,,,
Mazama,6,250, cls_1 ,1.0465,63.9,29.2464,0.6125,,,,,
Mazama,6,253, cls_1 ,1.0752,255.6,2.0925,3.3686,,,,,
Mazama,6,254, cls_1 ,1.0688,71.4424,1.9858,0.5104,,,,,
Mazama,6,255, cls_1 ,1.105,71.4424,1.958,0.5104,,,,,
Mazama,6,256, cls_1 ,1.0358,71.4424,4.2299,0.3062,,,,,
Mazama,6,257, cls_1 ,1.078,71.4424,55.6776,1.225,,,,,
Mazama,6,259, cls_1 ,1,71.4424,23.2732,0.1021,,,,,
Mazama,6,260, cls_1 ,1.1554,316.2889,2.8595,2.7562,,,,,
Mazama,6,262, cls_1 ,1.0131,63.9,30.475,0.8166,,,,,
Mazama,6,263, cls_1 ,1.0155,71.4424,4.8239,0.2042,,,,,
Mazama,6,264, cls_1 ,1.0688,71.4424,66.2728,0.5104,,,,,
Mazama,6,265, cls_1 ,1.0914,487.6956,0.9704,0.3062,,,,,
Mazama,6,266, cls_1 ,1.1009,71.4424,15.9613,6.5331,,,,,
Mazama,6,268, cls_1 ,1.0769,159.75,6.8444,0.8166,,,,,
Mazama,6,269, cls_1 ,1.0993,194.3443,18.9342,1.0208,,,,,
Mazama,6,271, cls_1 ,1.0927,71.4424,15.8142,3.1645,,,,,
Mazama,6,273, cls_1 ,1,63.9,61.6593,0.1021,,,,,
Mazama,6,274, cls_1 ,1.0914,159.75,16.3377,8.6768,,,,,
Mazama,6,275, cls_1 ,1.0473,115.1974,7.6192,0.8166,,,,,
Mazama,6,276, cls_1 ,1.1477,63.9,88.6142,0.8166,,,,,
Mazama,6,279, cls_1 ,1.0283,63.9,12.1068,0.7146,,,,,
Mazama,6,280, cls_1 ,1.1598,63.9,45.4491,3.0624,,,,,
Mazama,6,281, cls_1 ,1.0047,63.9,14.4414,0.6125,,,,,
Mazama,6,284, cls_1 ,1.1154,172.056,14.1407,1.4291,,,,,
Mazama,6,285, cls_1 ,1.1041,63.9,37.7117,8.0643,,,,,
Mazama,6,286, cls_1 ,1.1519,127.8,14.459,3.0624,,,,,
Mazama,6,288, cls_1 ,1.0826,63.9,160.4123,31.2366,,,,,
Mazama,6,289, cls_1 ,1.1799,159.75,4.6369,36.1364,,,,,
Mazama,6,290, cls_1 ,1.095,90.3682,19.5429,6.9415,,,,,
Mazama,6,292, cls_1 ,1.1002,63.9,31.337,13.1684,,,,,
Mazama,6,298, cls_1 ,1.085,316.2889,1.4651,2.1437,,,,,
Mazama,6,301, cls_1 ,1.0509,180.7365,23.0487,1.0208,,,,,
Mazama,6,303, cls_1 ,1.0889,63.9,6.8659,0.9187,,,,,
Mazama,6,304, cls_1 ,1.0932,63.9,11.2652,0.7146,,,,,
Mazama,6,306, cls_1 ,1.0338,316.2889,1.142,0.9187,,,,,
Mazama,6,310, cls_1 ,1.1154,159.75,23.1069,1.4291,,,,,
Mazama,6,314, cls_1 ,1.1415,63.9,3.8191,19.8036,,,,,
Mazama,6,316, cls_1 ,1.0219,63.9,48.8682,1.327,,,,,
Mazama,6,6, cls_6 ,1.1658,63.9,11.8757,7.656,,,,,
Mazama,6,12, cls_6 ,1,272.9809,0.4973,0.1021,,,,,
Mazama,6,15, cls_6 ,1.1153,63.9,24.7573,3.6749,,,,,
Mazama,6,16, cls_6 ,1.088,127.8,2.5563,1.1229,,,,,
Mazama,6,17, cls_6 ,1,115.1974,1.1551,0.1021,,,,,
Mazama,6,18, cls_6 ,1.0688,63.9,1.81,0.5104,,,,,
Mazama,6,20, cls_6 ,1,63.9,3.3904,0.1021,,,,,
Mazama,6,21, cls_6 ,1.0914,71.4424,10.733,0.3062,,,,,
Mazama,6,25, cls_6 ,1,127.8,3.2098,0.1021,,,,,
Mazama,6,30, cls_6 ,1.1177,191.7,34.2663,11.433,,,,,
Mazama,6,32, cls_6 ,1.0959,172.056,1.6366,6.4311,,,,,
Mazama,6,33, cls_6 ,1,344.112,1.318,0.4083,,,,,
Mazama,6,34, cls_6 ,1.0604,127.8,3.1901,2.3478,,,,,
Mazama,6,39, cls_6 ,1.0706,301.4157,1.315,1.8374,,,,,
Mazama,6,40, cls_6 ,1.1503,257.5891,1.9257,215.4914,,,,,
Mazama,6,51, cls_6 ,1.0689,162.9137,0.991,1.327,,,,,
Mazama,6,52, cls_6 ,1,63.9,4.1961,0.1021,,,,,
Mazama,6,53, cls_6 ,1.053,63.9,0.7844,1.5312,,,,,
Mazama,6,55, cls_6 ,1,480.3138,0.3822,0.1021,,,,,
Mazama,6,58, cls_6 ,1.1125,127.8,1.2991,0.6125,,,,,
Mazama,6,62, cls_6 ,1.0975,115.1974,1.8942,0.4083,,,,,
Mazama,6,64, cls_6 ,1.0155,127.8,1.5396,0.2042,,,,,
Mazama,6,67, cls_6 ,1.0473,115.1974,1.3724,0.8166,,,,,
Mazama,6,69, cls_6 ,1.0473,162.9137,1.3235,0.8166,,,,,
Mazama,6,70, cls_6 ,1,115.1974,2.1111,0.1021,,,,,
Mazama,6,73, cls_6 ,1,71.4424,2.1986,0.1021,,,,,
Mazama,6,75, cls_6 ,1.0155,71.4424,1.8127,0.2042,,,,,
Mazama,6,78, cls_6 ,1.105,271.1047,3.2218,0.5104,,,,,
Mazama,6,85, cls_6 ,1.1708,274.8443,0.1916,4.6957,,,,,
Mazama,6,99, cls_6 ,1,274.8443,0.765,0.1021,,,,,
Mazama,6,120, cls_6 ,1.0975,700.7182,4.4249,0.4083,,,,,
Mazama,6,126, cls_6 ,1.0631,429.8433,11.6982,0.7146,,,,,
Mazama,6,127, cls_6 ,1.1214,223.65,0.3063,3.4707,,,,,
Mazama,6,128, cls_6 ,1.0932,223.65,0.875,0.7146,,,,,
Mazama,6,104, cls_4 ,1.105,1976.2567,0.0046,0.5104,,,,,
Mazama,6,161, cls_4 ,1.053,1976.2567,0.0036,1.5312,,,,,
Mazama,6,197, cls_4 ,1.0769,2107.005,0.0051,0.8166,,,,,
Mazama,6,239, cls_4 ,1.0155,7901.733,0.0004,0.2042,,,,,
Mazama,6,267, cls_4 ,1.0631,639,0.0143,0.7146,,,,,
Mazama,6,278, cls_4 ,1.1638,639,0.0188,0.5104,,,,,
Mazama,7,1, cls_1 ,1.2955,63.9,888.3176,17840.7695,,1.086134096,121.2263407,8840.859665,46.00549039
Mazama,7,10, cls_1 ,1.0155,101.0348,5463.4199,0.2042,,,,,
Mazama,7,11, cls_1 ,1.1738,71.4424,3016.2056,2.3478,,,,,
Mazama,7,13, cls_1 ,1.1197,71.4424,4859.8743,0.7146,,,,,
Mazama,7,14, cls_1 ,1.0889,90.3682,6030.0235,0.9187,,,,,
Mazama,7,15, cls_1 ,1.0688,63.9,13445.6922,0.5104,,,,,
Mazama,7,16, cls_1 ,1.0261,63.9,43694.5911,0.5104,,,,,
Mazama,7,22, cls_1 ,1.0155,71.4424,34954.906,0.2042,,,,,
Mazama,7,25, cls_1 ,1.0155,63.9,43694.4828,0.2042,,,,,
Mazama,7,31, cls_1 ,1.0688,71.4424,34955.0799,0.5104,,,,,
Mazama,7,36, cls_1 ,1,63.9,43693.6563,0.1021,,,,,
Mazama,7,39, cls_1 ,1.0155,63.9,43694.0752,0.2042,,,,,
Mazama,7,41, cls_1 ,1.0219,63.9,43693.6181,1.327,,,,,
Mazama,7,42, cls_1 ,1.1847,159.75,2058.5767,0.8166,,,,,
Mazama,7,47, cls_1 ,1.1271,63.9,3311.073,1.1229,,,,,
Mazama,7,48, cls_1 ,1.0805,159.75,6991.707,1.4291,,,,,
Mazama,7,49, cls_1 ,1.1514,63.9,19423.6689,4.7978,,,,,
Mazama,7,52, cls_1 ,1.1372,115.1974,13445.1235,1.5312,,,,,
Mazama,7,54, cls_1 ,1.0889,95.85,19424.9522,0.9187,,,,,
Mazama,7,56, cls_1 ,1.0261,95.85,6997.3693,0.5104,,,,,
Mazama,7,67, cls_1 ,1.0604,127.8,9722.2929,2.3478,,,,,
Mazama,7,68, cls_1 ,1.0631,127.8,2869.8665,0.7146,,,,,
Mazama,7,70, cls_1 ,1.1265,63.9,43695.1733,0.8166,,,,,
Mazama,7,71, cls_1 ,1.0914,63.9,43695.8628,0.3062,,,,,
Mazama,7,75, cls_1 ,1.1233,90.3682,1737.5088,3.9811,,,,,
Mazama,7,78, cls_1 ,1.0155,71.4424,9742.8843,0.2042,,,,,
Mazama,7,79, cls_1 ,1.0793,63.9,34968.8817,16.537,,,,,
Mazama,7,80, cls_1 ,1.1199,71.4424,770.6639,1.0208,,,,,
Mazama,7,83, cls_1 ,1.0987,63.9,669.8377,1.4291,,,,,
Mazama,7,85, cls_1 ,1.0909,101.0348,17477.9913,1.5312,,,,,
Mazama,7,87, cls_1 ,1.0982,71.4424,1037.6572,1.225,,,,,
Mazama,7,89, cls_1 ,1.0261,63.9,43694.7458,0.5104,,,,,
Mazama,7,93, cls_1 ,1.1105,95.85,7012.2549,6.329,,,,,
Mazama,7,94, cls_1 ,1.1372,63.9,10929.5518,1.5312,,,,,
Mazama,7,97, cls_1 ,1.1589,63.9,5476.5988,1.4291,,,,,
Mazama,7,101, cls_1 ,1,63.9,43693.1972,0.1021,,,,,
Mazama,7,102, cls_1 ,1.0909,95.85,19426.959,1.5312,,,,,
Mazama,7,124, cls_1 ,1.1001,63.9,43693.1509,1.6333,,,,,
Mazama,7,127, cls_1 ,1.1301,142.8847,8738.9872,2.2458,,,,,
Mazama,7,131, cls_1 ,1.0975,159.75,1214.8027,0.4083,,,,,
Mazama,7,136, cls_1 ,1.0155,71.4424,8740.7645,0.2042,,,,,
Mazama,7,137, cls_1 ,1.063,63.9,43693.9258,0.9187,,,,,
Mazama,7,143, cls_1 ,1.112,319.5,235.0594,0.9187,,,,,
Mazama,7,146, cls_1 ,1.1265,115.1974,13444.719,0.8166,,,,,
Mazama,7,152, cls_1 ,1.1395,71.4424,34954.9489,0.6125,,,,,
Mazama,7,153, cls_1 ,1,71.4424,34956.9299,0.1021,,,,,
Mazama,7,154, cls_1 ,1.0338,63.9,43694.5877,0.9187,,,,,
Mazama,7,155, cls_1 ,1.167,127.8,10924.8087,0.8166,,,,,
Mazama,7,157, cls_1 ,1.0964,63.9,43695.0843,7.7581,,,,,
Mazama,7,158, cls_1 ,1,71.4424,2366.8159,0.1021,,,,,
Mazama,7,159, cls_1 ,1.0769,319.5,148.1501,0.8166,,,,,
Mazama,7,160, cls_1 ,1.1532,71.4424,6030.649,1.8374,,,,,
Mazama,7,162, cls_1 ,1.112,90.3682,17481.1555,0.9187,,,,,
Mazama,7,164, cls_1 ,1.0651,135.5524,4855.5814,2.2458,,,,,
Mazama,7,165, cls_1 ,1.112,71.4424,13459.53,0.9187,,,,,
Mazama,7,166, cls_1 ,1,131.7332,2186.3698,0.1021,,,,,
Mazama,7,170, cls_1 ,1.0509,63.9,43697.7546,1.0208,,,,,
Mazama,7,172, cls_1 ,1.0936,63.9,43696.3776,17.4557,,,,,
Mazama,7,173, cls_1 ,1.1103,95.85,405.8815,2.9603,,,,,
Mazama,7,175, cls_1 ,1.0944,63.9,43693.3583,4.4915,,,,,
Mazama,7,182, cls_1 ,1.0556,95.85,19419.4144,1.225,,,,,
Mazama,7,186, cls_1 ,1.1239,63.9,43693.4768,2.1437,,,,,
Mazama,7,188, cls_1 ,1,71.4424,34955.3369,0.1021,,,,,
Mazama,7,191, cls_1 ,1,63.9,43693.7521,0.1021,,,,,
Mazama,7,196, cls_1 ,1.0971,388.6885,1181.1539,2.4499,,,,,
Mazama,7,197, cls_1 ,1.0537,71.4424,34954.7251,0.4083,,,,,
Mazama,7,200, cls_1 ,1.0769,333.5678,1603.8008,0.8166,,,,,
Mazama,7,211, cls_1 ,1.0358,172.056,6026.8961,0.3062,,,,,
Mazama,7,215, cls_1 ,1.0283,135.5524,9709.9148,0.7146,,,,,
Mazama,7,220, cls_1 ,1.0358,63.9,43693.2371,0.3062,,,,,
Mazama,7,226, cls_1 ,1.1454,63.9,43693.265,1.4291,,,,,
Mazama,7,234, cls_1 ,1,63.9,43693.1841,0.1021,,,,,
Mazama,7,252, cls_1 ,1.0537,71.4424,21846.8814,0.4083,,,,,
Mazama,7,260, cls_1 ,1,71.4424,34955.379,0.1021,,,,,
Mazama,7,277, cls_1 ,1,63.9,43693.3911,0.4083,,,,,
Mazama,7,285, cls_1 ,1.0155,63.9,43693.2147,0.2042,,,,,
Mazama,7,293, cls_1 ,1.0155,71.4424,34954.6044,0.2042,,,,,
Mazama,7,306, cls_1 ,1.1278,90.3682,21847.0552,7.4519,,,,,
Mazama,7,316, cls_1 ,1.1589,90.3682,21846.9104,1.4291,,,,,
Mazama,7,324, cls_1 ,1.0155,63.9,43693.1331,0.2042,,,,,
Mazama,7,325, cls_1 ,1.1489,63.9,2057.7046,7.656,,,,,
Mazama,7,326, cls_1 ,1.0465,172.056,6028.1771,0.6125,,,,,
Mazama,7,336, cls_1 ,1,63.9,1451.8708,0.1021,,,,,
Mazama,7,341, cls_1 ,1.1589,135.5524,9714.1997,1.4291,,,,,
Mazama,7,342, cls_1 ,1.0769,101.0348,13452.5339,0.8166,,,,,
Mazama,7,345, cls_1 ,1.1095,63.9,43697.1407,8.0643,,,,,
Mazama,7,347, cls_1 ,1.0283,63.9,43693.764,0.7146,,,,,
Mazama,7,350, cls_1 ,1.0155,71.4424,13445.7839,0.2042,,,,,
Mazama,7,357, cls_1 ,1.0909,71.4424,34954.9382,0.2042,,,,,
Mazama,7,360, cls_1 ,1.0175,63.9,13445.3677,2.1437,,,,,
Mazama,7,362, cls_1 ,1.0358,63.9,43695.7602,0.3062,,,,,
Mazama,7,363, cls_1 ,1.0441,63.9,43698.4876,4.5936,,,,,
Mazama,7,365, cls_1 ,1,63.9,2185.5295,0.1021,,,,,
Mazama,7,366, cls_1 ,1.1197,101.0348,17477.7067,0.7146,,,,,
Mazama,7,369, cls_1 ,1,63.9,1748.856,0.1021,,,,,
Mazama,7,372, cls_1 ,1,63.9,9715.5974,0.1021,,,,,
Mazama,7,373, cls_1 ,1.0155,71.4424,3361.7618,0.2042,,,,,
Mazama,7,381, cls_1 ,1.0155,71.4424,13445.9187,0.2042,,,,,
Mazama,7,382, cls_1 ,1.1197,71.4424,17478.8034,0.7146,,,,,
Mazama,7,386, cls_1 ,1,71.4424,34955.5391,0.1021,,,,,
Mazama,7,390, cls_1 ,1.1388,115.1974,13444.2769,1.0208,,,,,
Mazama,7,393, cls_1 ,1.1075,101.0348,17478.1419,1.5312,,,,,
Mazama,7,402, cls_1 ,1.0465,71.4424,34954.9456,0.6125,,,,,
Mazama,7,405, cls_1 ,1.0894,95.85,19420.4711,3.2666,,,,,
Mazama,7,407, cls_1 ,1.0688,71.4424,34955.1754,0.5104,,,,,
Mazama,7,424, cls_1 ,1.0843,159.75,6992.1679,2.4499,,,,,
Mazama,7,429, cls_1 ,1.0836,63.9,43693.836,1.6333,,,,,
Mazama,7,431, cls_1 ,1,71.4424,34954.8842,0.1021,,,,,
Mazama,7,433, cls_1 ,1.105,90.3682,4727.0121,0.5104,,,,,
Mazama,7,437, cls_1 ,1.0537,63.9,43694.482,0.4083,,,,,
Mazama,7,441, cls_1 ,1.0688,71.4424,34955.6178,0.5104,,,,,
Mazama,7,443, cls_1 ,1.0358,71.4424,6997.1777,0.3062,,,,,
Mazama,7,447, cls_1 ,1,63.9,43694.8005,0.1021,,,,,
Mazama,7,452, cls_1 ,1.0769,63.9,2867.9378,0.8166,,,,,
Mazama,7,454, cls_1 ,1.0688,63.9,34955.3154,0.5104,,,,,
Mazama,7,455, cls_1 ,1.0283,63.9,3569.8413,0.7146,,,,,
Mazama,7,456, cls_1 ,1.1294,71.4424,8741.115,2.0416,,,,,
Mazama,7,460, cls_1 ,1.0805,131.7332,6992.7235,1.4291,,,,,
Mazama,7,463, cls_1 ,1.0155,63.9,43693.8517,0.2042,,,,,
Mazama,7,468, cls_1 ,1.0909,71.4424,34955.1161,0.2042,,,,,
Mazama,7,469, cls_1 ,1.1746,63.9,3497.1097,1.8374,,,,,
Mazama,7,471, cls_1 ,1.0473,71.4424,34955.917,0.8166,,,,,
Mazama,7,475, cls_1 ,1.0982,71.4424,13445.9573,1.225,,,,,
Mazama,7,479, cls_1 ,1.0473,101.0348,2061.8127,0.8166,,,,,
Mazama,7,482, cls_1 ,1.0465,95.85,19422.5703,0.6125,,,,,
Mazama,7,484, cls_1 ,1.0717,90.3682,21847.6886,4.2874,,,,,
Mazama,7,487, cls_1 ,1.0402,142.8847,8739.2742,1.1229,,,,,
Mazama,7,488, cls_1 ,1.089,63.9,43694.4029,1.327,,,,,
Mazama,7,490, cls_1 ,1.0261,71.4424,17481.3217,0.5104,,,,,
Mazama,7,495, cls_1 ,1.1474,71.4424,34956.6897,2.9603,,,,,
Mazama,7,496, cls_1 ,1.1017,249.5375,1197.8922,2.3478,,,,,
Mazama,7,497, cls_1 ,1.0537,63.9,1033.0889,0.4083,,,,,
Mazama,7,499, cls_1 ,1.1283,63.9,2873.0559,4.0832,,,,,
Mazama,7,501, cls_1 ,1.1372,202.0695,2731.6874,1.5312,,,,,
Mazama,7,504, cls_1 ,1.0467,95.85,13449.9629,1.327,,,,,
Mazama,7,508, cls_1 ,1.1001,63.9,1040.8729,1.6333,,,,,
Mazama,7,509, cls_1 ,1.1251,364.286,181.7286,2.3478,,,,,
Mazama,7,510, cls_1 ,1.0131,71.4424,562.9953,0.8166,,,,,
Mazama,7,512, cls_1 ,1.0932,249.5375,302.2066,0.7146,,,,,
Mazama,7,514, cls_1 ,1.0895,71.4424,6994.5505,33.4823,,,,,
Mazama,7,516, cls_1 ,1.0631,63.9,43693.5436,0.7146,,,,,
Mazama,7,517, cls_1 ,1,95.85,17481.2728,0.1021,,,,,
Mazama,7,518, cls_1 ,1.053,71.4424,1500.2695,1.5312,,,,,
Mazama,7,519, cls_1 ,1,71.4424,441.8796,0.1021,,,,,
Mazama,7,522, cls_1 ,1.1031,386.0533,1198.1205,0.8166,,,,,
Mazama,7,523, cls_1 ,1.0283,255.6,413.127,0.7146,,,,,
Mazama,7,526, cls_1 ,1.0688,63.9,43704.6299,0.5104,,,,,
Mazama,7,527, cls_1 ,1.1409,63.9,665.8423,2.0416,,,,,
Mazama,7,528, cls_1 ,1.1574,71.4424,34956.5173,3.5728,,,,,
Mazama,7,529, cls_1 ,1.1776,63.9,21858.6973,3.9811,,,,,
Mazama,7,531, cls_1 ,1.0283,255.6,2692.6607,0.7146,,,,,
Mazama,7,534, cls_1 ,1.0155,71.4424,95.8748,0.2042,,,,,
Mazama,7,535, cls_1 ,1.2432,63.9,13454.2016,18.5786,,,,,
Mazama,7,536, cls_1 ,1.0473,63.9,285.0083,0.8166,,,,,
Mazama,7,537, cls_1 ,1.1031,142.8847,3889.4018,0.8166,,,,,
Mazama,7,538, cls_1 ,1.0754,71.4424,87.9713,2.0416,,,,,
Mazama,7,539, cls_1 ,1.1265,159.75,1406.4294,0.8166,,,,,
Mazama,7,540, cls_1 ,1.0606,142.8847,2160.9912,1.4291,,,,,
Mazama,7,541, cls_1 ,1.0688,180.7365,5464.9888,0.5104,,,,,
Mazama,7,542, cls_1 ,1.0819,63.9,10930.0845,0.6125,,,,,
Mazama,7,543, cls_1 ,1.0278,524.019,207.4582,1.9395,,,,,
Mazama,7,544, cls_1 ,1.0701,159.75,195.0757,2.1437,,,,,
Mazama,7,546, cls_1 ,1.1431,63.9,168.4097,4.8999,,,,,
Mazama,7,547, cls_1 ,1.0631,90.3682,179.5529,0.7146,,,,,
Mazama,7,548, cls_1 ,1.118,63.9,34978.5306,2.7562,,,,,
Mazama,7,550, cls_1 ,1.1789,63.9,9717.5058,32.9719,,,,,
Mazama,7,552, cls_1 ,1.1167,63.9,5490.8082,1.225,,,,,
Mazama,7,555, cls_1 ,1.1576,115.1974,6044.4586,9.2893,,,,,
Mazama,7,556, cls_1 ,1,63.9,149.2586,0.1021,,,,,
Mazama,7,559, cls_1 ,1.1821,63.9,196.9697,5.8186,,,,,
Mazama,7,560, cls_1 ,1.0465,180.7365,137.9694,0.6125,,,,,
Mazama,7,561, cls_1 ,1.0914,63.9,143.1126,0.3062,,,,,
Mazama,7,562, cls_1 ,1.0606,159.75,140.3332,1.4291,,,,,
Mazama,7,563, cls_1 ,1.112,63.9,114.7531,14.2912,,,,,
Mazama,7,564, cls_1 ,1.0335,90.3682,21849.202,1.8374,,,,,
Mazama,7,567, cls_1 ,1.0402,63.9,259.039,1.1229,,,,,
Mazama,7,569, cls_1 ,1.1085,172.056,96.4396,1.1229,,,,,
Mazama,7,571, cls_1 ,1.1031,319.5,895.4783,0.8166,,,,,
Mazama,7,575, cls_1 ,1.0155,63.9,43695.8842,0.2042,,,,,
Mazama,7,576, cls_1 ,1.1358,90.3682,387.1857,2.3478,,,,,
Mazama,7,578, cls_1 ,1.0473,415.35,80.9345,0.8166,,,,,
Mazama,7,580, cls_1 ,1.1271,71.4424,104.4778,1.1229,,,,,
Mazama,7,582, cls_1 ,1.0261,63.9,619.9402,0.5104,,,,,
Mazama,7,586, cls_1 ,1.079,204.5798,56.076,4.3895,,,,,
Mazama,7,587, cls_1 ,1.1183,172.056,75.145,15.5162,,,,,
Mazama,7,589, cls_1 ,1.0808,63.9,106.3232,8.5747,,,,,
Mazama,7,590, cls_1 ,1.1197,95.85,85.4526,0.7146,,,,,
Mazama,7,592, cls_1 ,1.105,63.9,94.3796,0.5104,,,,,
Mazama,7,594, cls_1 ,1.1265,249.5375,91.2563,0.8166,,,,,
Mazama,7,597, cls_1 ,1.1155,232.5995,3300.2187,4.2874,,,,,
Mazama,7,600, cls_1 ,1.1667,71.4424,76.1516,0.4083,,,,,
Mazama,7,601, cls_1 ,1.0608,63.9,71.1773,3.879,,,,,
Mazama,7,602, cls_1 ,1.1613,63.9,34993.1879,11.7392,,,,,
Mazama,7,603, cls_1 ,1.0805,95.85,63.1178,1.4291,,,,,
Mazama,7,605, cls_1 ,1,63.9,86.8278,0.1021,,,,,
Mazama,7,606, cls_1 ,1.0556,63.9,133.474,1.225,,,,,
Mazama,7,608, cls_1 ,1,71.4424,65.5809,0.1021,,,,,
Mazama,7,610, cls_1 ,1.0688,63.9,43705.1373,0.5104,,,,,
Mazama,7,611, cls_1 ,1.1493,63.9,43696.2423,186.1944,,,,,
Mazama,7,613, cls_1 ,1.0606,115.1974,50.2607,1.4291,,,,,
Mazama,7,614, cls_1 ,1,131.7332,63.3251,0.1021,,,,,
Mazama,7,615, cls_1 ,1.2046,63.9,73.7664,51.2443,,,,,
Mazama,7,616, cls_1 ,1.046,63.9,274.0456,1.6333,,,,,
Mazama,7,618, cls_1 ,1.0358,71.4424,35157.4716,0.3062,,,,,
Mazama,7,620, cls_1 ,1.1482,142.8847,61.4737,7.0435,,,,,
Mazama,7,621, cls_1 ,1.1328,131.7332,10287.0396,0.9187,,,,,
Mazama,7,622, cls_1 ,1.1806,63.9,3587.4003,2.552,,,,,
Mazama,7,623, cls_1 ,1.0261,63.9,2268.4958,0.5104,,,,,
Mazama,7,632, cls_1 ,1.0914,63.9,43695.1347,0.3062,,,,,
Mazama,7,633, cls_1 ,1.1577,127.8,38.7903,18.4765,,,,,
Mazama,7,634, cls_1 ,1.1031,71.4424,129.9771,0.8166,,,,,
Mazama,7,637, cls_1 ,1.1434,127.8,51.4939,0.7146,,,,,
Mazama,7,638, cls_1 ,1.1039,63.9,755.3456,4.7978,,,,,
Mazama,7,639, cls_1 ,1.0467,95.85,4870.0469,1.327,,,,,
Mazama,7,641, cls_1 ,1.1073,71.4424,394.9931,1.327,,,,,
Mazama,7,643, cls_1 ,1.0914,63.9,207.0026,0.3062,,,,,
Mazama,7,644, cls_1 ,1.1708,71.4424,648.3779,9.3914,,,,,
Mazama,7,645, cls_1 ,1.1309,344.112,36.9232,1.4291,,,,,
Mazama,7,646, cls_1 ,1.2162,90.3682,496.3787,9.5955,,,,,
Mazama,7,647, cls_1 ,1.1157,63.9,17487.8017,3.3686,,,,,
Mazama,7,650, cls_1 ,1.088,71.4424,123.3335,1.1229,,,,,
Mazama,7,653, cls_1 ,1.0493,95.85,656.625,3.879,,,,,
Mazama,7,655, cls_1 ,1.1601,71.4424,34977.3921,3.2666,,,,,
Mazama,7,656, cls_1 ,1.1861,71.4424,218.4212,8.3706,,,,,
Mazama,7,657, cls_1 ,1.2639,63.9,662.4835,74.6207,,,,,
Mazama,7,660, cls_1 ,1.1655,63.9,648.2998,71.8645,,,,,
Mazama,7,662, cls_1 ,1.0688,610.4039,29.9826,0.5104,,,,,
Mazama,7,665, cls_1 ,1.1362,63.9,4284.3894,0.5104,,,,,
Mazama,7,669, cls_1 ,1.0537,90.3682,116.1047,0.4083,,,,,
Mazama,7,670, cls_1 ,1.105,63.9,124.2037,0.5104,,,,,
Mazama,7,672, cls_1 ,1.0654,63.9,43694.4999,1.1229,,,,,
Mazama,7,673, cls_1 ,1.089,142.8847,38.4716,1.327,,,,,
Mazama,7,676, cls_1 ,1.0688,142.8847,35.108,0.5104,,,,,
Mazama,7,677, cls_1 ,1.0155,71.4424,90.6806,0.2042,,,,,
Mazama,7,678, cls_1 ,1.1197,95.85,722.964,0.7146,,,,,
Mazama,7,680, cls_1 ,1.0998,131.7332,98.4716,3.2666,,,,,
Mazama,7,681, cls_1 ,1.1424,63.9,1473.9526,27.4596,,,,,
Mazama,7,682, cls_1 ,1.1085,95.85,1044.8931,1.1229,,,,,
Mazama,7,683, cls_1 ,1.0047,71.4424,34957.536,0.6125,,,,,
Mazama,7,684, cls_1 ,1.1744,71.4424,82.9951,8.4727,,,,,
Mazama,7,685, cls_1 ,1.1346,63.9,116.9031,0.4083,,,,,
Mazama,7,686, cls_1 ,1.105,63.9,43694.7089,0.5104,,,,,
Mazama,7,687, cls_1 ,1.088,63.9,30.531,1.1229,,,,,
Mazama,7,692, cls_1 ,1.0465,63.9,21865.0854,0.6125,,,,,
Mazama,7,694, cls_1 ,1,63.9,5491.5156,0.1021,,,,,
Mazama,7,695, cls_1 ,1,63.9,27.4517,0.1021,,,,,
Mazama,7,696, cls_1 ,1.056,63.9,456.7325,2.4499,,,,,
Mazama,7,697, cls_1 ,1.1447,63.9,43708.4182,6.6352,,,,,
Mazama,7,698, cls_1 ,1.0155,71.4424,34958.0947,0.2042,,,,,
Mazama,7,699, cls_1 ,1.12,63.9,21848.5047,11.6371,,,,,
Mazama,7,705, cls_1 ,1.0654,159.75,186.2512,1.1229,,,,,
Mazama,7,706, cls_1 ,1.1796,71.4424,13464.7814,5.0019,,,,,
Mazama,7,710, cls_1 ,1.131,71.4424,339.4833,7.9623,,,,,
Mazama,7,713, cls_1 ,1.1395,202.0695,127.1401,0.6125,,,,,
Mazama,7,714, cls_1 ,1.2448,115.1974,448.1609,21.641,,,,,
Mazama,7,715, cls_1 ,1.1533,63.9,34.0229,11.9434,,,,,
Mazama,7,716, cls_1 ,1,63.9,55.4976,0.1021,,,,,
Mazama,7,718, cls_1 ,1.0721,63.9,263.8849,3.4707,,,,,
Mazama,7,721, cls_1 ,1.0358,63.9,290.8836,0.3062,,,,,
Mazama,7,725, cls_1 ,1.0769,127.8,367.2346,0.8166,,,,,
Mazama,7,727, cls_1 ,1.0283,101.0348,31.7237,0.7146,,,,,
Mazama,7,728, cls_1 ,1.0465,127.8,270.1988,0.6125,,,,,
Mazama,7,729, cls_1 ,1.0819,63.9,191.5898,0.6125,,,,,
Mazama,7,730, cls_1 ,1.118,95.85,7001.9966,4.1853,,,,,
Mazama,7,731, cls_1 ,1.1511,115.1974,5466.9536,2.2458,,,,,
Mazama,7,732, cls_1 ,1.1421,63.9,140.7928,9.2893,,,,,
Mazama,7,733, cls_1 ,1.1898,101.0348,179.4697,94.8326,,,,,
Mazama,7,734, cls_1 ,1.1478,63.9,135.613,38.178,,,,,
Mazama,7,735, cls_1 ,1,63.9,101.0686,0.1021,,,,,
Mazama,7,736, cls_1 ,1,71.4424,254.1522,0.1021,,,,,
Mazama,7,737, cls_1 ,1.0769,115.1974,1082.3187,0.8166,,,,,
Mazama,7,740, cls_1 ,1.053,63.9,138.2428,1.5312,,,,,
Mazama,7,741, cls_1 ,1.1212,172.056,330.1837,11.0247,,,,,
Mazama,7,747, cls_1 ,1.0395,90.3682,236.6158,1.7354,,,,,
Mazama,7,750, cls_1 ,1,63.9,43698.0183,0.1021,,,,,
Mazama,7,751, cls_1 ,1.1027,115.1974,855.5051,4.4915,,,,,
Mazama,7,754, cls_1 ,1.0769,321.0935,154.584,0.8166,,,,,
Mazama,7,756, cls_1 ,1.0529,135.5524,382.3982,1.8374,,,,,
Mazama,7,757, cls_1 ,1.0606,159.75,215.8056,1.4291,,,,,
Mazama,7,758, cls_1 ,1.0631,101.0348,4861.0546,0.7146,,,,,
Mazama,7,760, cls_1 ,1.0155,63.9,152.221,0.2042,,,,,
Mazama,7,763, cls_1 ,1.1256,63.9,374.235,4.4915,,,,,
Mazama,7,764, cls_1 ,1.112,285.7695,81.547,0.9187,,,,,
Mazama,7,766, cls_1 ,1.1125,115.1974,359.1894,0.6125,,,,,
Mazama,7,767, cls_1 ,1.1856,71.4424,102.4828,13.8829,,,,,
Mazama,7,769, cls_1 ,1.0631,194.3443,145.068,0.7146,,,,,
Mazama,7,771, cls_1 ,1.1125,101.0348,8742.6347,0.6125,,,,,
Mazama,7,773, cls_1 ,1.0606,214.3271,35.4057,1.4291,,,,,
Mazama,7,777, cls_1 ,1.0131,575.1,454.4832,0.8166,,,,,
Mazama,7,782, cls_1 ,1.1605,448.4396,18.8077,6.8394,,,,,
Mazama,7,784, cls_1 ,1.0465,71.4424,34956.5234,0.6125,,,,,
Mazama,7,785, cls_1 ,1.0402,63.9,130.3123,1.1229,,,,,
Mazama,7,786, cls_1 ,1.0261,434.567,178.6988,0.5104,,,,,
Mazama,7,787, cls_1 ,1,101.0348,154.9418,0.1021,,,,,
Mazama,7,788, cls_1 ,1,71.4424,127.7459,0.1021,,,,,
Mazama,7,791, cls_1 ,1.0465,95.85,107.154,0.6125,,,,,
Mazama,7,792, cls_1 ,1.1328,333.5678,57.1663,0.9187,,,,,
Mazama,7,793, cls_1 ,1.1154,95.85,93.451,1.4291,,,,,
Mazama,7,796, cls_1 ,1.0311,115.1974,44.475,1.5312,,,,,
Mazama,7,797, cls_1 ,1.0631,127.8,27.5115,0.7146,,,,,
Mazama,7,801, cls_1 ,1.0358,63.9,218.4397,0.3062,,,,,
Mazama,7,807, cls_1 ,1.062,63.9,217.006,5.2061,,,,,
Mazama,7,808, cls_1 ,1,63.9,220.5822,0.1021,,,,,
Mazama,7,813, cls_1 ,1.0944,115.1974,125.2484,6.5331,,,,,
Mazama,7,816, cls_1 ,1.0537,95.85,113.8678,0.4083,,,,,
Mazama,7,818, cls_1 ,1.1173,115.1974,172.257,5.2061,,,,,
Mazama,7,819, cls_1 ,1.1163,90.3682,143.6261,9.6976,,,,,
Mazama,7,820, cls_1 ,1.1296,191.7,68.9719,1.6333,,,,,
Mazama,7,821, cls_1 ,1.126,95.85,52.7345,5.104,,,,,
Mazama,7,824, cls_1 ,1.0556,95.85,81.8792,1.225,,,,,
Mazama,7,825, cls_1 ,1.0819,287.55,44.1075,0.6125,,,,,
Mazama,7,826, cls_1 ,1.1431,172.056,365.9509,6.7373,,,,,
Mazama,7,827, cls_1 ,1.0473,142.8847,82.4367,0.8166,,,,,
Mazama,7,828, cls_1 ,1,63.9,214.5503,0.1021,,,,,
Mazama,7,829, cls_1 ,1.088,285.7695,57.6105,1.1229,,,,,
Mazama,7,835, cls_1 ,1.2644,71.4424,981.7471,69.5167,,,,,
Mazama,7,838, cls_1 ,1.0261,127.8,85.6925,0.5104,,,,,
Mazama,7,840, cls_1 ,1.1638,127.8,72.7183,0.5104,,,,,
Mazama,7,842, cls_1 ,1.1154,285.7695,32.5633,1.6333,,,,,
Mazama,7,845, cls_1 ,1.0975,162.9137,48.6272,0.4083,,,,,
Mazama,7,846, cls_1 ,1.0467,1196.3131,35.5717,1.327,,,,,
Mazama,7,847, cls_1 ,1.1407,63.9,223.9365,5.9207,,,,,
Mazama,7,848, cls_1 ,1.0654,71.4424,807.5119,1.1229,,,,,
Mazama,7,853, cls_1 ,1.1584,63.9,43.4364,9.9018,,,,,
Mazama,7,855, cls_1 ,1.0769,287.55,44.9354,0.8166,,,,,
Mazama,7,857, cls_1 ,1,191.7,33.5159,0.9187,,,,,
Mazama,7,862, cls_1 ,1.088,159.75,28.5154,1.1229,,,,,
Mazama,7,865, cls_1 ,1.105,225.9206,49.6481,0.5104,,,,,
Mazama,7,867, cls_1 ,1.1795,63.9,65.3319,81.6642,,,,,
Mazama,7,868, cls_1 ,1.0688,95.85,19428.8534,0.5104,,,,,
Mazama,7,869, cls_1 ,1.0261,135.5524,39.0044,0.5104,,,,,
Mazama,7,871, cls_1 ,1.0769,90.3682,135.8031,0.8166,,,,,
Mazama,7,873, cls_1 ,1.0465,63.9,45.9019,0.6125,,,,,
Mazama,7,875, cls_1 ,1.0975,71.4424,72.1211,0.4083,,,,,
Mazama,7,876, cls_1 ,1.0805,90.3682,107.2802,1.4291,,,,,
Mazama,7,878, cls_1 ,1,101.0348,90.3248,0.1021,,,,,
Mazama,7,880, cls_1 ,1.0261,135.5524,39.2266,0.5104,,,,,
Mazama,7,884, cls_1 ,1.0889,63.9,41.5505,2.3478,,,,,
Mazama,7,889, cls_1 ,1,285.7695,32.0725,0.1021,,,,,
Mazama,7,890, cls_1 ,1.1197,194.3443,96.2629,0.7146,,,,,
Mazama,7,891, cls_1 ,1.1032,271.1047,19.2426,3.4707,,,,,
Mazama,7,892, cls_1 ,1.064,71.4424,962.3532,4.1853,,,,,
Mazama,7,897, cls_1 ,1.0358,127.8,36.6829,0.3062,,,,,
Mazama,7,899, cls_1 ,1.0993,131.7332,82.2454,1.0208,,,,,
Mazama,7,902, cls_1 ,1.1513,63.9,44.3575,3.777,,,,,
Mazama,7,903, cls_1 ,1.1042,115.1974,39.6208,2.0416,,,,,
Mazama,7,906, cls_1 ,1.0863,71.4424,176.8453,9.6976,,,,,
Mazama,7,908, cls_1 ,1.0836,172.056,26.3858,1.6333,,,,,
Mazama,7,913, cls_1 ,1,90.3682,109.7215,0.1021,,,,,
Mazama,7,915, cls_1 ,1.1066,142.8847,26.1654,2.2458,,,,,
Mazama,7,917, cls_1 ,1.0283,127.8,89.0485,0.7146,,,,,
Mazama,7,918, cls_1 ,1.1277,115.1974,33.9777,10.3101,,,,,
Mazama,7,919, cls_1 ,1.0935,172.056,32.5144,7.0435,,,,,
Mazama,7,920, cls_1 ,1.0465,520.1083,94.078,0.6125,,,,,
Mazama,7,921, cls_1 ,1.128,531.754,47.9241,3.2666,,,,,
Mazama,7,922, cls_1 ,1.1125,63.9,29.5971,0.6125,,,,,
Mazama,7,923, cls_1 ,1.0819,63.9,80.4741,0.6125,,,,,
Mazama,7,926, cls_1 ,1.1123,63.9,69.5433,5.104,,,,,
Mazama,7,927, cls_1 ,1.1695,345.5921,175.6236,0.9187,,,,,
Mazama,7,932, cls_1 ,1.1782,159.75,52.7991,4.3895,,,,,
Mazama,7,933, cls_1 ,1.0616,345.5921,152.547,4.2874,,,,,
Mazama,7,940, cls_1 ,1.1125,101.0348,100.9397,0.6125,,,,,
Mazama,7,943, cls_1 ,1.1075,63.9,83.2155,1.5312,,,,,
Mazama,7,944, cls_1 ,1.063,1169.9984,26.2451,0.9187,,,,,
Mazama,7,946, cls_1 ,1.0932,63.9,71.0331,0.7146,,,,,
Mazama,7,956, cls_1 ,1.0278,115.1974,78.608,1.9395,,,,,
Mazama,7,957, cls_1 ,1.1805,63.9,18.8156,13.5767,,,,,
Mazama,7,958, cls_1 ,1.1094,101.0348,99.6712,3.5728,,,,,
Mazama,7,961, cls_1 ,1.0229,63.9,44.581,2.4499,,,,,
Mazama,7,962, cls_1 ,1.036,263.4664,21.0286,6.8394,,,,,
Mazama,7,963, cls_1 ,1.088,115.1974,14.7953,1.1229,,,,,
Mazama,7,964, cls_1 ,1.1137,115.1974,31.7186,2.3478,,,,,
Mazama,7,965, cls_1 ,1.0914,101.0348,61.6182,0.3062,,,,,
Mazama,7,966, cls_1 ,1.1599,383.4,12.8606,1.7354,,,,,
Mazama,7,967, cls_1 ,1.1701,71.4424,62.1962,4.4915,,,,,
Mazama,7,968, cls_1 ,1.175,71.4424,77.3911,1.1229,,,,,
Mazama,7,970, cls_1 ,1.0465,127.8,56.2506,0.6125,,,,,
Mazama,7,971, cls_1 ,1.0465,95.85,58.0417,0.6125,,,,,
Mazama,7,972, cls_1 ,1.0932,115.1974,14.1276,0.7146,,,,,
Mazama,7,974, cls_1 ,1.178,63.9,91.5745,11.5351,,,,,
Mazama,7,978, cls_1 ,1.2363,71.4424,51.8487,137.5021,,,,,
Mazama,7,979, cls_1 ,1.1778,95.85,56.7327,1.225,,,,,
Mazama,7,980, cls_1 ,1.1467,71.4424,178.2063,8.1664,,,,,
Mazama,7,982, cls_1 ,1,287.55,11.7089,0.1021,,,,,
Mazama,7,985, cls_1 ,1.1292,95.85,48.2253,1.8374,,,,,
Mazama,7,988, cls_1 ,1.088,600.286,25.9999,1.1229,,,,,
Mazama,7,989, cls_1 ,1.0654,63.9,44.1359,1.1229,,,,,
Mazama,7,991, cls_1 ,1.0155,63.9,180.8069,0.2042,,,,,
Mazama,7,992, cls_1 ,1,63.9,41.5509,0.1021,,,,,
Mazama,7,994, cls_1 ,1.1125,63.9,66.532,0.6125,,,,,
Mazama,7,995, cls_1 ,1.0819,285.7695,24.9498,0.6125,,,,,
Mazama,7,996, cls_1 ,1.1197,685.9956,13.5851,0.7146,,,,,
Mazama,7,1001, cls_1 ,1.0869,95.85,158.0376,1.8374,,,,,
Mazama,7,1002, cls_1 ,1.1117,180.7365,22.7184,2.1437,,,,,
Mazama,7,1003, cls_1 ,1.1358,90.3682,117.9802,2.3478,,,,,
Mazama,7,1004, cls_1 ,1.1319,180.7365,21.0939,3.6749,,,,,
Mazama,7,1005, cls_1 ,1.1442,63.9,45.3603,24.6013,,,,,
Mazama,7,1010, cls_1 ,1.0975,90.3682,99.3409,0.4083,,,,,
Mazama,7,1015, cls_1 ,1.0155,71.4424,280.3773,0.2042,,,,,
Mazama,7,1017, cls_1 ,1.164,63.9,79.365,11.433,,,,,
Mazama,7,1018, cls_1 ,1.0805,214.3271,17.1634,1.4291,,,,,
Mazama,7,1021, cls_1 ,1.2113,142.8847,140.0901,20.1098,,,,,
Mazama,7,1022, cls_1 ,1.1154,131.7332,27.639,8.881,,,,,
Mazama,7,1023, cls_1 ,1.1781,214.3271,24.6504,5.3082,,,,,
Mazama,7,1026, cls_1 ,1,63.9,63.2443,0.1021,,,,,
Mazama,7,1027, cls_1 ,1.0805,180.7365,33.9827,1.4291,,,,,
Mazama,7,1028, cls_1 ,1.1271,131.7332,18.0681,1.1229,,,,,
Mazama,7,1029, cls_1 ,1.0889,191.7,23.569,2.3478,,,,,
Mazama,7,1031, cls_1 ,1.1469,142.8847,44.5518,1.9395,,,,,
Mazama,7,1032, cls_1 ,1.1554,90.3682,15.479,1.6333,,,,,
Mazama,7,1033, cls_1 ,1.0909,71.4424,28.967,1.5312,,,,,
Mazama,7,1034, cls_1 ,1.1267,131.7332,50.5913,60.3294,,,,,
Mazama,7,1035, cls_1 ,1.1032,63.9,31.635,9.0851,,,,,
Mazama,7,1036, cls_1 ,1.079,71.4424,18.6442,6.6352,,,,,
Mazama,7,1037, cls_1 ,1.1412,90.3682,56.2996,2.4499,,,,,
Mazama,7,1038, cls_1 ,1.1409,71.4424,17.9106,2.2458,,,,,
Mazama,7,1039, cls_1 ,1.022,90.3682,15.3988,1.0208,,,,,
Mazama,7,1041, cls_1 ,1.1228,204.5798,87.2113,1.5312,,,,,
Mazama,7,1043, cls_1 ,1.0933,71.4424,19.1395,1.7354,,,,,
Mazama,7,1044, cls_1 ,1.2232,63.9,40.4897,14.2912,,,,,
Mazama,7,1045, cls_1 ,1.2534,63.9,30.5277,317.7758,,,,,
Mazama,7,1046, cls_1 ,1.0575,63.9,49.5718,3.1645,,,,,
Mazama,7,1047, cls_1 ,1.128,90.3682,76.211,3.2666,,,,,
Mazama,7,1049, cls_1 ,1.0283,63.9,26.2108,0.7146,,,,,
Mazama,7,1050, cls_1 ,1.0465,115.1974,10.7438,0.6125,,,,,
Mazama,7,1051, cls_1 ,1.0115,90.3682,36.5483,1.1229,,,,,
Mazama,7,1053, cls_1 ,1,71.4424,14.4485,0.1021,,,,,
Mazama,7,1056, cls_1 ,1.0836,214.3271,80.9916,1.6333,,,,,
Mazama,7,1059, cls_1 ,1.0987,63.9,54.5448,1.4291,,,,,
Mazama,7,1064, cls_1 ,1.1443,131.7332,34.1717,1.1229,,,,,
Mazama,7,1067, cls_1 ,1.0358,71.4424,627.5985,0.3062,,,,,
Mazama,7,1074, cls_1 ,1.1075,115.1974,251.8121,2.7562,,,,,
Mazama,7,1077, cls_1 ,1.0909,63.9,783.6065,0.2042,,,,,
Mazama,7,1078, cls_1 ,1.0358,63.9,628.2084,0.3062,,,,,
Mazama,7,1079, cls_1 ,1.0909,95.85,96.4846,0.2042,,,,,
Mazama,7,1081, cls_1 ,1.0631,71.4424,630.4112,0.7146,,,,,
Mazama,7,1082, cls_1 ,1.0465,63.9,782.827,0.6125,,,,,
Mazama,7,2, cls_3 ,1.0547,115.1974,4.863,3.6749,,,,,
Mazama,7,3, cls_3 ,1.0819,101.0348,7.4485,0.6125,,,,,
Mazama,7,4, cls_3 ,1.088,1022.4,1.6125,1.1229,,,,,
Mazama,7,5, cls_3 ,1.0975,101.0348,6.4954,0.4083,,,,,
Mazama,7,6, cls_3 ,1.1482,95.85,11.1113,1.7354,,,,,
Mazama,7,8, cls_3 ,1.0622,90.3682,83.3024,2.6541,,,,,
Mazama,7,9, cls_3 ,1.1913,71.4424,27.3517,58.7982,,,,,
Mazama,7,12, cls_3 ,1.0465,71.4424,17.1251,0.6125,,,,,
Mazama,7,17, cls_3 ,1.0706,63.9,62.6889,1.8374,,,,,
Mazama,7,18, cls_3 ,1.0311,71.4424,33.7548,1.5312,,,,,
Mazama,7,19, cls_3 ,1.0688,63.9,53.8129,0.5104,,,,,
Mazama,7,20, cls_3 ,1.0047,63.9,20.5239,0.6125,,,,,
Mazama,7,21, cls_3 ,1.0848,63.9,737.4021,12.2496,,,,,
Mazama,7,23, cls_3 ,1.2084,63.9,42.1239,23.4785,,,,,
Mazama,7,24, cls_3 ,1.0465,95.85,42.5714,0.6125,,,,,
Mazama,7,26, cls_3 ,1.0537,95.85,84.1263,0.4083,,,,,
Mazama,7,27, cls_3 ,1,71.4424,50.4009,0.1021,,,,,
Mazama,7,28, cls_3 ,1.1031,71.4424,76.776,0.8166,,,,,
Mazama,7,29, cls_3 ,1.0155,162.9137,115.5119,0.2042,,,,,
Mazama,7,30, cls_3 ,1,162.9137,47.8114,0.1021,,,,,
Mazama,7,32, cls_3 ,1.1197,159.75,64.33,0.7146,,,,,
Mazama,7,33, cls_3 ,1.2521,63.9,186.9488,299.0951,,,,,
Mazama,7,34, cls_3 ,1.1042,71.4424,22.5144,2.0416,,,,,
Mazama,7,35, cls_3 ,1.0306,71.4424,123.8204,1.225,,,,,
Mazama,7,37, cls_3 ,1.078,71.4424,32.4579,1.225,,,,,
Mazama,7,40, cls_3 ,1.1872,71.4424,30.7971,5.104,,,,,
Mazama,7,43, cls_3 ,1.1679,71.4424,52.4431,3.6749,,,,,
Mazama,7,44, cls_3 ,1.0473,71.4424,54.6123,0.8166,,,,,
Mazama,7,45, cls_3 ,1.1723,63.9,31.2967,18.6807,,,,,
Mazama,7,46, cls_3 ,1.1197,63.9,62.4612,0.7146,,,,,
Mazama,7,51, cls_3 ,1.0155,63.9,54.8899,0.2042,,,,,
Mazama,7,53, cls_3 ,1.0155,71.4424,33.2814,0.2042,,,,,
Mazama,7,55, cls_3 ,1.0358,63.9,20.6068,0.3062,,,,,
Mazama,7,57, cls_3 ,1.0971,127.8,26.4514,2.4499,,,,,
Mazama,7,58, cls_3 ,1.1292,95.85,331.4629,1.8374,,,,,
Mazama,7,59, cls_3 ,1.0155,71.4424,10.2991,0.2042,,,,,
Mazama,7,60, cls_3 ,1.1808,63.9,38.8771,6.6352,,,,,
Mazama,7,62, cls_3 ,1.089,63.9,737.3408,1.327,,,,,
Mazama,7,63, cls_3 ,1.1679,71.4424,7.8261,1.327,,,,,
Mazama,7,64, cls_3 ,1.1717,63.9,34.6783,2.7562,,,,,
Mazama,7,65, cls_3 ,1.0769,63.9,31.9612,0.8166,,,,,
Mazama,7,66, cls_3 ,1.1406,63.9,28.2744,5.6144,,,,,
Mazama,7,69, cls_3 ,1.0988,202.0695,5.3081,2.1437,,,,,
Mazama,7,72, cls_3 ,1.0769,159.75,122.6655,0.8166,,,,,
Mazama,7,73, cls_3 ,1.0689,63.9,436.2298,1.327,,,,,
Mazama,7,74, cls_3 ,1.1417,63.9,27.3035,7.8602,,,,,
Mazama,7,76, cls_3 ,1.0799,63.9,20.2955,2.552,,,,,
Mazama,7,77, cls_3 ,1.1717,63.9,598.7005,43.5883,,,,,
Mazama,7,81, cls_3 ,1.0131,63.9,26.6397,0.8166,,,,,
Mazama,7,82, cls_3 ,1.0465,71.4424,594.3207,0.6125,,,,,
Mazama,7,84, cls_3 ,1.1084,71.4424,605.9042,1.7354,,,,,
Mazama,7,86, cls_3 ,1.0654,71.4424,20.2895,1.1229,,,,,
Mazama,7,88, cls_3 ,1.1685,63.9,746.746,4.7978,,,,,
Mazama,7,90, cls_3 ,1.1395,202.0695,41.7501,0.6125,,,,,
Mazama,7,91, cls_3 ,1.0688,159.75,8.4367,0.5104,,,,,
Mazama,7,92, cls_3 ,1.088,294.5644,9.3179,1.1229,,,,,
Mazama,7,95, cls_3 ,1.085,321.0935,16.2242,2.1437,,,,,
Mazama,7,96, cls_3 ,1.1653,63.9,9.5887,4.6957,,,,,
Mazama,7,99, cls_3 ,1.1751,63.9,752.2024,12.5559,,,,,
Mazama,7,100, cls_3 ,1.0537,416.577,4.3871,0.4083,,,,,
Mazama,7,103, cls_3 ,1.0306,63.9,17.655,1.225,,,,,
Mazama,7,104, cls_3 ,1.0631,71.4424,44.3584,0.7146,,,,,
Mazama,7,105, cls_3 ,1.1354,63.9,9.0545,2.1437,,,,,
Mazama,7,106, cls_3 ,1.0874,63.9,263.7798,3.6749,,,,,
Mazama,7,107, cls_3 ,1.0465,321.0935,20.1297,0.6125,,,,,
Mazama,7,108, cls_3 ,1.1294,63.9,194.9431,2.0416,,,,,
Mazama,7,109, cls_3 ,1.0047,63.9,386.4593,0.6125,,,,,
Mazama,7,110, cls_3 ,1.0402,63.9,768.7,1.1229,,,,,
Mazama,7,113, cls_3 ,1.063,90.3682,6.4095,0.9187,,,,,
Mazama,7,114, cls_3 ,1.0358,71.4424,6.4712,0.3062,,,,,
Mazama,7,115, cls_3 ,1.1187,95.85,4.1448,4.7978,,,,,
Mazama,7,116, cls_3 ,1.1434,63.9,11.5431,0.7146,,,,,
Mazama,7,117, cls_3 ,1.1183,63.9,81.5943,13.3725,,,,,
Mazama,7,118, cls_3 ,1.0975,71.4424,7.0291,0.4083,,,,,
Mazama,7,120, cls_3 ,1.0358,90.3682,6.7282,0.3062,,,,,
Mazama,7,121, cls_3 ,1.0401,63.9,82.9906,2.4499,,,,,
Mazama,7,122, cls_3 ,1,90.3682,10.287,0.1021,,,,,
Mazama,7,123, cls_3 ,1.1757,63.9,229.711,883.3004,,,,,
Mazama,7,125, cls_3 ,1.0283,127.8,5.5934,0.7146,,,,,
Mazama,7,126, cls_3 ,1.0982,95.85,6.4074,1.225,,,,,
Mazama,7,128, cls_3 ,1.063,95.85,6.9554,0.9187,,,,,
Mazama,7,132, cls_3 ,1.0982,416.577,14.0252,1.225,,,,,
Mazama,7,134, cls_3 ,1.1443,223.65,9.5714,1.1229,,,,,
Mazama,7,138, cls_3 ,1.1565,63.9,10.3002,2.1437,,,,,
Mazama,7,139, cls_3 ,1.0819,127.8,14.3511,0.6125,,,,,
Mazama,7,140, cls_3 ,1.0465,159.75,21.6345,0.6125,,,,,
Mazama,7,141, cls_3 ,1.0819,159.75,30.7824,0.6125,,,,,
Mazama,7,145, cls_3 ,1.0358,63.9,12.4617,0.3062,,,,,
Mazama,7,147, cls_3 ,1.0492,131.7332,9.844,2.2458,,,,,
Mazama,7,148, cls_3 ,1.1166,63.9,16.5458,3.0624,,,,,
Mazama,7,149, cls_3 ,1,63.9,21.062,0.1021,,,,,
Mazama,7,151, cls_3 ,1.069,63.9,2169.7308,3.9811,,,,,
Mazama,7,169, cls_3 ,1.1754,71.4424,1117.0064,35.8302,,,,,
Mazama,7,179, cls_3 ,1.1311,90.3682,71.0903,2.4499,,,,,
Mazama,7,180, cls_3 ,1.0688,1904.7131,3.6044,0.5104,,,,,
Mazama,7,189, cls_3 ,1,1812.1594,4.5115,0.1021,,,,,
Mazama,7,193, cls_3 ,1.1246,404.1391,9.2955,3.3686,,,,,
Mazama,7,194, cls_3 ,1.1109,71.4424,1180.641,71.7624,,,,,
Mazama,7,198, cls_3 ,1.1848,63.9,22.8395,8.4727,,,,,
Mazama,7,199, cls_3 ,1.1117,95.85,4.6959,2.1437,,,,,
Mazama,7,201, cls_3 ,1.0537,95.85,7.1586,0.4083,,,,,
Mazama,7,202, cls_3 ,1.0537,127.8,7.1235,0.4083,,,,,
Mazama,7,204, cls_3 ,1.1337,71.4424,25.2621,1.225,,,,,
Mazama,7,208, cls_3 ,1.063,63.9,32.7901,0.9187,,,,,
Mazama,7,212, cls_3 ,1.2071,71.4424,10.7979,10.7184,,,,,
Mazama,7,213, cls_3 ,1.0769,274.8443,19.3254,0.8166,,,,,
Mazama,7,214, cls_3 ,1.1313,90.3682,114.8981,6.8394,,,,,
Mazama,7,216, cls_3 ,1.1154,272.9809,28.6138,1.6333,,,,,
Mazama,7,219, cls_3 ,1.1337,90.3682,75.9175,9.2893,,,,,
Mazama,7,221, cls_3 ,1.0688,142.8847,9.9516,0.5104,,,,,
Mazama,7,222, cls_3 ,1.0631,71.4424,1745.902,0.7146,,,,,
Mazama,7,224, cls_3 ,1.0261,159.75,43.232,0.5104,,,,,
Mazama,7,225, cls_3 ,1.0283,95.85,105.9022,0.7146,,,,,
Mazama,7,229, cls_3 ,1.1166,115.1974,21.125,4.8999,,,,,
Mazama,7,230, cls_3 ,1.1902,90.3682,111.1704,13.2704,,,,,
Mazama,7,231, cls_3 ,1.1763,63.9,66.0404,11.7392,,,,,
Mazama,7,232, cls_3 ,1.1856,127.8,13.8728,2.9603,,,,,
Mazama,7,233, cls_3 ,1.0556,142.8847,25.8,1.225,,,,,
Mazama,7,235, cls_3 ,1.1301,131.7332,54.867,2.2458,,,,,
Mazama,7,236, cls_3 ,1.0548,71.4424,1109.8031,4.5936,,,,,
Mazama,7,237, cls_3 ,1.0473,142.8847,54.092,0.8166,,,,,
Mazama,7,238, cls_3 ,1.1151,63.9,2891.578,24.2951,,,,,
Mazama,7,239, cls_3 ,1.1343,101.0348,660.7147,13.5767,,,,,
Mazama,7,240, cls_3 ,1.123,328.9454,19.8085,1.9395,,,,,
Mazama,7,243, cls_3 ,1.1502,90.3682,86.7165,3.5728,,,,,
Mazama,7,244, cls_3 ,1.0654,71.4424,220.7367,1.1229,,,,,
Mazama,7,246, cls_3 ,1.1755,63.9,106.0573,51.2443,,,,,
Mazama,7,247, cls_3 ,1,63.9,67.3644,0.1021,,,,,
Mazama,7,251, cls_3 ,1.0916,90.3682,78.5158,52.5713,,,,,
Mazama,7,254, cls_3 ,1.1388,63.9,167.4471,1.0208,,,,,
Mazama,7,255, cls_3 ,1.0467,95.85,9.4295,1.327,,,,,
Mazama,7,256, cls_3 ,1.1409,1378.3009,7.9771,2.0416,,,,,
Mazama,7,257, cls_3 ,1.089,263.4664,46.4063,1.327,,,,,
Mazama,7,258, cls_3 ,1.1536,373.9652,16.3873,4.1853,,,,,
Mazama,7,259, cls_3 ,1.1595,63.9,86.7991,82.8892,,,,,
Mazama,7,261, cls_3 ,1.1224,95.85,6.8298,3.1645,,,,,
Mazama,7,263, cls_3 ,1.0881,115.1974,21.0096,4.3895,,,,,
Mazama,7,265, cls_3 ,1.1669,285.7695,9.9066,14.3933,,,,,
Mazama,7,267, cls_3 ,1.261,63.9,6666.9977,581.0408,,,,,
Mazama,7,268, cls_3 ,1.1387,63.9,244.323,5.4103,,,,,
Mazama,7,269, cls_3 ,1,1329.6729,7.6601,0.1021,,,,,
Mazama,7,270, cls_3 ,1.0592,71.4424,120.3971,2.0416,,,,,
Mazama,7,271, cls_3 ,1.0492,131.7332,102.4092,2.2458,,,,,
Mazama,7,272, cls_3 ,1.0975,263.4664,111.8002,6.329,,,,,
Mazama,7,273, cls_3 ,1.0311,172.056,20.4196,1.5312,,,,,
Mazama,7,274, cls_3 ,1.1578,232.5995,35.8212,1.9395,,,,,
Mazama,7,275, cls_3 ,1.0402,127.8,52.0803,1.1229,,,,,
Mazama,7,276, cls_3 ,1.0688,127.8,51.1961,0.5104,,,,,
Mazama,7,278, cls_3 ,1.1162,127.8,21.0115,6.7373,,,,,
Mazama,7,279, cls_3 ,1.1462,71.4424,602.7263,2.1437,,,,,
Mazama,7,280, cls_3 ,1.1778,63.9,84.3833,26.1325,,,,,
Mazama,7,281, cls_3 ,1.1532,71.4424,1177.2234,12.3517,,,,,
Mazama,7,282, cls_3 ,1.0537,71.4424,31.459,0.4083,,,,,
Mazama,7,283, cls_3 ,1.079,71.4424,57.9515,4.3895,,,,,
Mazama,7,284, cls_3 ,1,63.9,79.8857,0.1021,,,,,
Mazama,7,286, cls_3 ,1.1299,607.05,14.2636,3.4707,,,,,
Mazama,7,287, cls_3 ,1,71.4424,137.1646,0.1021,,,,,
Mazama,7,288, cls_3 ,1.0903,71.4424,1166.6279,2.0416,,,,,
Mazama,7,289, cls_3 ,1.054,63.9,192.3042,2.1437,,,,,
Mazama,7,290, cls_3 ,1.1454,63.9,109.8495,15.6183,,,,,
Mazama,7,291, cls_3 ,1.0556,63.9,85.326,1.225,,,,,
Mazama,7,294, cls_3 ,1,71.4424,67.6134,0.1021,,,,,
Mazama,7,295, cls_3 ,1.1374,63.9,105.2417,71.8645,,,,,
Mazama,7,296, cls_3 ,1.1237,95.85,69.7477,8.5747,,,,,
Mazama,7,298, cls_3 ,1.0744,63.9,73.4231,4.5936,,,,,
Mazama,7,299, cls_3 ,1,71.4424,53.992,0.1021,,,,,
Mazama,7,301, cls_3 ,1.0358,71.4424,76.8067,0.3062,,,,,
Mazama,7,302, cls_3 ,1.1161,159.75,54.8574,11.1267,,,,,
Mazama,7,303, cls_3 ,1.0764,71.4424,177.8759,1.0208,,,,,
Mazama,7,304, cls_3 ,1,63.9,239.7135,0.1021,,,,,
Mazama,7,305, cls_3 ,1,63.9,1441.8321,0.1021,,,,,
Mazama,7,307, cls_3 ,1.0735,71.4424,230.1376,7.5539,,,,,
Mazama,7,308, cls_3 ,1.0831,63.9,40.4518,6.8394,,,,,
Mazama,7,309, cls_3 ,1.078,243.324,67.9689,1.225,,,,,
Mazama,7,310, cls_3 ,1.1301,1329.6729,18.7684,2.2458,,,,,
Mazama,7,313, cls_3 ,1.1019,71.4424,206.2112,10.208,,,,,
Mazama,7,314, cls_3 ,1.0861,225.9206,61.6315,3.3686,,,,,
Mazama,7,315, cls_3 ,1.0631,830.7,25.9744,0.7146,,,,,
Mazama,7,318, cls_3 ,1.1075,127.8,50.3542,1.5312,,,,,
Mazama,7,319, cls_3 ,1.0306,71.4424,115.5548,1.225,,,,,
Mazama,7,321, cls_3 ,1.1139,71.4424,73.8993,8.5747,,,,,
Mazama,7,323, cls_3 ,1.1096,142.8847,471.2751,16.4349,,,,,
Mazama,7,327, cls_3 ,1.1167,115.1974,94.9269,1.225,,,,,
Mazama,7,328, cls_3 ,1.0933,101.0348,10471.5203,1.7354,,,,,
Mazama,7,329, cls_3 ,1.1128,194.3443,112.1778,11.0247,,,,,
Mazama,7,330, cls_3 ,1.1182,159.75,71.6765,6.2269,,,,,
Mazama,7,331, cls_3 ,1.3261,63.9,827.5685,10684.4335,,,,,
Mazama,7,333, cls_3 ,1.1664,63.9,4206.6812,74.2123,,,,,
Mazama,7,334, cls_3 ,1.138,71.4424,20937.7865,6.7373,,,,,
Mazama,7,335, cls_3 ,1.0654,159.75,42.9946,1.1229,,,,,
Mazama,7,337, cls_3 ,1.0537,71.4424,20939.4925,0.4083,,,,,
Mazama,7,338, cls_3 ,1.0475,101.0348,10472.0027,3.0624,,,,,
Mazama,7,339, cls_3 ,1.0537,63.9,305.7985,0.4083,,,,,
Mazama,7,340, cls_3 ,1.0155,1792.0504,30.9363,0.2042,,,,,
Mazama,7,343, cls_3 ,1.0537,63.9,360.4733,0.4083,,,,,
Mazama,7,344, cls_3 ,1.0982,131.7332,6166.7408,1.225,,,,,
Mazama,7,346, cls_3 ,1.0721,63.9,20943.7274,3.4707,,,,,
Mazama,7,348, cls_3 ,1.0769,63.9,1466.1835,0.8166,,,,,
Mazama,7,351, cls_3 ,1.0688,71.4424,225.7563,0.5104,,,,,
Mazama,7,352, cls_3 ,1.1294,63.9,8065.5155,2.0416,,,,,
Mazama,7,353, cls_3 ,1,71.4424,178.3938,0.1021,,,,,
Mazama,7,354, cls_3 ,1.0467,95.85,322.1731,1.327,,,,,
Mazama,7,355, cls_3 ,1.1162,95.85,956.4421,6.7373,,,,,
Mazama,7,356, cls_3 ,1.0819,204.5798,1068.1155,0.6125,,,,,
Mazama,7,358, cls_3 ,1.1319,71.4424,973.334,3.6749,,,,,
Mazama,7,359, cls_3 ,1.1125,63.9,6553.6618,0.6125,,,,,
Mazama,7,361, cls_3 ,1.0467,400.3324,98.6732,1.327,,,,,
Mazama,7,364, cls_3 ,1.0657,1328.9049,27.8297,1.6333,,,,,
Mazama,7,368, cls_3 ,1.078,63.9,4058.5832,1.225,,,,,
Mazama,7,370, cls_3 ,1.0751,63.9,467.2805,9.6976,,,,,
Mazama,7,371, cls_3 ,1.0845,63.9,1461.6585,5.8186,,,,,
Mazama,7,374, cls_3 ,1.1094,63.9,20936.7035,3.5728,,,,,
Mazama,7,375, cls_3 ,1.0509,63.9,10476.1041,1.0208,,,,,
Mazama,7,376, cls_3 ,1.118,194.3443,60.8916,4.1853,,,,,
Mazama,7,377, cls_3 ,1.1105,63.9,26172.3732,22.0493,,,,,
Mazama,7,379, cls_3 ,1.0689,1978.0637,12.0837,1.327,,,,,
Mazama,7,380, cls_3 ,1.1845,63.9,406.267,8.7789,,,,,
Mazama,7,383, cls_3 ,1.0914,71.4424,83.6481,0.3062,,,,,
Mazama,7,385, cls_3 ,1.1221,71.4424,5307.9848,16.537,,,,,
Mazama,7,388, cls_3 ,1.0335,71.4424,1262.8628,1.8374,,,,,
Mazama,7,389, cls_3 ,1.0473,71.4424,89.2932,0.8166,,,,,
Mazama,7,391, cls_3 ,1.0688,127.8,325.4789,0.5104,,,,,
Mazama,7,392, cls_3 ,1.0631,95.85,2335.3611,0.7146,,,,,
Mazama,7,396, cls_3 ,1.0131,63.9,26167.9832,0.8166,,,,,
Mazama,7,398, cls_3 ,1.0311,63.9,4273.8317,1.5312,,,,,
Mazama,7,399, cls_3 ,1.0836,101.0348,116.8511,1.6333,,,,,
Mazama,7,400, cls_3 ,1.1031,63.9,8284.1286,3.1645,,,,,
Mazama,7,401, cls_3 ,1.0728,95.85,165.7421,1.5312,,,,,
Mazama,7,403, cls_3 ,1.053,63.9,17.1329,1.5312,,,,,
Mazama,7,406, cls_3 ,1.0728,63.9,18.5411,1.5312,,,,,
Mazama,7,408, cls_3 ,1.0155,63.9,19.4961,0.2042,,,,,
Mazama,7,409, cls_3 ,1.0805,90.3682,743.7594,1.4291,,,,,
Mazama,7,410, cls_3 ,1.0766,63.9,372.7748,4.0832,,,,,
Mazama,7,411, cls_3 ,1.1316,63.9,470.0662,6.1248,,,,,
Mazama,7,412, cls_3 ,1.0914,71.4424,752.9121,0.3062,,,,,
Mazama,7,413, cls_3 ,1.0932,162.9137,1420.1081,0.7146,,,,,
Mazama,7,414, cls_3 ,1.1658,63.9,434.2465,8.5747,,,,,
Mazama,7,415, cls_3 ,1.0358,63.9,172.4505,0.3062,,,,,
Mazama,7,416, cls_3 ,1.0358,71.4424,3305.8064,0.3062,,,,,
Mazama,7,417, cls_3 ,1.0556,95.85,433.3375,1.225,,,,,
Mazama,7,419, cls_3 ,1.0909,90.3682,500.1256,0.2042,,,,,
Mazama,7,420, cls_3 ,1.0909,90.3682,13093.6239,0.2042,,,,,
Mazama,7,421, cls_3 ,1.0647,95.85,537.6287,1.9395,,,,,
Mazama,7,422, cls_3 ,1.1209,63.9,26170.1772,3.777,,,,,
Mazama,7,423, cls_3 ,1.0261,63.9,416.2775,0.5104,,,,,
Mazama,7,425, cls_3 ,1.0819,142.8847,1013.5623,0.6125,,,,,
Mazama,7,426, cls_3 ,1.1763,63.9,11671.4269,11.7392,,,,,
Mazama,7,427, cls_3 ,1.1337,63.9,1688.5028,1.225,,,,,
Mazama,7,428, cls_3 ,1.0283,90.3682,846.0273,0.7146,,,,,
Mazama,7,430, cls_3 ,1.0688,63.9,26199.5205,0.5104,,,,,
Mazama,7,432, cls_3 ,1.1265,63.9,835.5407,2.552,,,,,
Mazama,7,434, cls_3 ,1.0358,63.9,726.5643,0.3062,,,,,
Mazama,7,435, cls_3 ,1.0819,345.5921,17.8069,0.6125,,,,,
Mazama,7,440, cls_3 ,1.1073,63.9,1731.948,1.327,,,,,
Mazama,7,442, cls_3 ,1,63.9,931.31,0.1021,,,,,
Mazama,7,444, cls_3 ,1.1666,90.3682,11631.1968,16.0266,,,,,
Mazama,7,445, cls_3 ,1,63.9,1185.2743,0.1021,,,,,
Mazama,7,446, cls_3 ,1.1306,101.0348,2094.8378,7.2477,,,,,
Mazama,7,448, cls_3 ,1.0155,63.9,3279.6146,0.2042,,,,,
Mazama,7,450, cls_3 ,1.0836,63.9,3088.1717,1.6333,,,,,
Mazama,7,451, cls_3 ,1.0155,63.9,701.5977,0.2042,,,,,
Mazama,7,453, cls_3 ,1.1265,63.9,11634.0839,2.552,,,,,
Mazama,7,457, cls_3 ,1.0358,63.9,8064.8711,0.3062,,,,,
Mazama,7,458, cls_3 ,1.0283,445.012,23.7154,0.7146,,,,,
Mazama,7,464, cls_3 ,1.1313,131.7332,6158.4212,11.2288,,,,,
Mazama,7,465, cls_3 ,1.2271,71.4424,11665.754,27.4596,,,,,
Mazama,7,466, cls_3 ,1.0556,101.0348,3084.3118,1.225,,,,,
Mazama,7,470, cls_3 ,1.1619,71.4424,8107.0242,17.2516,,,,,
Mazama,7,472, cls_3 ,1.0155,90.3682,1088.2751,0.2042,,,,,
Mazama,7,476, cls_3 ,1.0819,63.9,26174.6808,0.6125,,,,,
Mazama,7,477, cls_3 ,1.0987,63.9,1620.6831,1.4291,,,,,
Mazama,7,478, cls_3 ,1.0155,63.9,26173.3507,0.2042,,,,,
Mazama,7,480, cls_3 ,1.0706,71.4424,20934.1839,2.4499,,,,,
Mazama,7,481, cls_3 ,1.1265,63.9,3276.9721,2.552,,,,,
Mazama,7,483, cls_3 ,1,90.3682,13087.2253,0.1021,,,,,
Mazama,7,489, cls_3 ,1.1035,71.4424,20937.2418,2.8582,,,,,
Mazama,7,494, cls_3 ,1,90.3682,3089.6025,0.1021,,,,,
Mazama,7,500, cls_3 ,1,90.3682,10473.5964,0.1021,,,,,
Mazama,7,505, cls_3 ,1.0465,223.65,66.8554,0.6125,,,,,
Mazama,7,506, cls_3 ,1.1204,388.6885,709.0947,23.5805,,,,,
Mazama,7,515, cls_3 ,1,63.9,26169.4824,0.1021,,,,,
Mazama,7,524, cls_3 ,1.0556,223.65,112.4883,1.225,,,,,
Mazama,7,530, cls_3 ,1.0716,71.4424,20934.5178,8.2685,,,,,
Mazama,7,545, cls_3 ,1,71.4424,8051.8731,0.1021,,,,,
Mazama,7,549, cls_3 ,1,71.4424,5815.3898,0.1021,,,,,
Mazama,7,551, cls_3 ,1.0047,833.1541,154.3062,0.6125,,,,,
Mazama,7,553, cls_3 ,1.0366,434.567,534.8176,2.1437,,,,,
Mazama,7,557, cls_3 ,1.0605,194.3443,2829.3125,3.4707,,,,,
Mazama,7,570, cls_3 ,1.0967,63.9,26167.6326,13.6788,,,,,
Mazama,7,574, cls_3 ,1.0657,115.1974,8052.0132,1.6333,,,,,
Mazama,7,584, cls_3 ,1.0851,90.3682,13084.1017,3.0624,,,,,
Mazama,7,591, cls_3 ,1,162.9137,4025.9332,0.1021,,,,,
Mazama,7,596, cls_3 ,1,63.9,26167.1561,0.9187,,,,,
Mazama,7,612, cls_3 ,1.0914,180.7365,3083.3077,0.3062,,,,,
Mazama,7,617, cls_3 ,1.1297,142.8847,2014.384,2.9603,,,,,
Mazama,7,625, cls_3 ,1.0261,71.4424,2555.3601,0.5104,,,,,
Mazama,7,629, cls_3 ,1.1638,71.4424,20935.0545,0.5104,,,,,
Mazama,7,630, cls_3 ,1.0889,115.1974,2617.9074,0.9187,,,,,
Mazama,7,631, cls_3 ,1.0819,135.5524,5815.2054,0.6125,,,,,
Mazama,7,636, cls_3 ,1.1519,115.1974,8053.6272,0.9187,,,,,
Mazama,7,640, cls_3 ,1.0537,71.4424,20935.9853,0.4083,,,,,
Mazama,7,649, cls_3 ,1.0358,63.9,26167.923,0.3062,,,,,
Mazama,7,651, cls_3 ,1.1084,115.1974,8053.0824,1.7354,,,,,
Mazama,7,658, cls_3 ,1,63.9,26167.6416,0.1021,,,,,
Mazama,7,661, cls_3 ,1.1228,71.4424,20935.0507,1.5312,,,,,
Mazama,7,671, cls_3 ,1,63.9,26167.0518,0.1021,,,,,
Mazama,7,689, cls_3 ,1.078,71.4424,20935.9119,1.225,,,,,
Mazama,7,690, cls_3 ,1.1596,159.75,4187.8468,2.8582,,,,,
Mazama,7,702, cls_3 ,1.022,63.9,26167.2897,1.0208,,,,,
Mazama,7,712, cls_3 ,1.088,63.9,26167.3215,1.1229,,,,,
Mazama,7,738, cls_3 ,1.1371,63.9,535.4545,7.8602,,,,,
Mazama,7,743, cls_3 ,1.0358,63.9,26167.4695,0.3062,,,,,
Mazama,7,752, cls_3 ,1.0764,95.85,1457.1738,1.0208,,,,,
Mazama,7,753, cls_3 ,1.063,71.4424,444.4525,0.9187,,,,,
Mazama,7,755, cls_3 ,1.1197,63.9,302.1382,0.7146,,,,,
Mazama,7,761, cls_3 ,1.0982,71.4424,11631.4592,1.225,,,,,
Mazama,7,768, cls_3 ,1.0728,63.9,4192.7389,1.5312,,,,,
Mazama,7,772, cls_3 ,1.1543,71.4424,20934.264,1.327,,,,,
Mazama,7,775, cls_3 ,1.1099,63.9,20938.8548,1.9395,,,,,
Mazama,7,778, cls_3 ,1.0741,101.0348,10468.1213,4.1853,,,,,
Mazama,7,779, cls_3 ,1.0283,63.9,26169.509,0.7146,,,,,
Mazama,7,783, cls_3 ,1.1199,63.9,26169.3759,1.0208,,,,,
Mazama,7,790, cls_3 ,1.0358,63.9,336.3316,0.3062,,,,,
Mazama,7,795, cls_3 ,1.105,63.9,466.6097,0.5104,,,,,
Mazama,7,800, cls_3 ,1.0311,90.3682,13085.065,1.5312,,,,,
Mazama,7,805, cls_3 ,1.1597,63.9,26167.9952,2.6541,,,,,
Mazama,7,806, cls_3 ,1.0338,63.9,26167.2778,0.9187,,,,,
Mazama,7,809, cls_3 ,1.0872,457.4544,511.1491,12.5559,,,,,
Mazama,7,811, cls_3 ,1.063,159.75,4187.167,0.9187,,,,,
Mazama,7,815, cls_3 ,1.1322,101.0348,10466.9732,2.6541,,,,,
Mazama,7,844, cls_3 ,1.122,115.1974,648.0967,5.3082,,,,,
Mazama,7,849, cls_3 ,1.0819,63.9,197.8271,0.6125,,,,,
Mazama,7,851, cls_3 ,1.2051,63.9,26169.3186,5.9207,,,,,
Mazama,7,859, cls_3 ,1.1046,90.3682,13083.8444,2.552,,,,,
Mazama,7,860, cls_3 ,1.1451,101.0348,3272.3328,12.1475,,,,,
Mazama,7,866, cls_3 ,1.1519,101.0348,2106.73,0.9187,,,,,
Mazama,7,870, cls_3 ,1.0509,63.9,167.1835,1.0208,,,,,
Mazama,7,882, cls_3 ,1.1042,63.9,26167.6276,2.0416,,,,,
Mazama,7,886, cls_3 ,1.1947,71.4424,20936.2516,5.6144,,,,,
Mazama,7,887, cls_3 ,1,63.9,26167.1048,0.1021,,,,,
Mazama,7,901, cls_3 ,1,131.7332,2909.8802,0.1021,,,,,
Mazama,7,909, cls_3 ,1.0467,71.4424,20934.0817,1.327,,,,,
Mazama,7,910, cls_3 ,1.1035,90.3682,13083.8493,2.8582,,,,,
Mazama,7,912, cls_3 ,1.0881,319.5,702.7585,11.2288,,,,,
Mazama,7,925, cls_3 ,1,71.4424,20933.7463,0.1021,,,,,
Mazama,7,929, cls_3 ,1.0993,194.3443,818.1451,1.0208,,,,,
Mazama,7,930, cls_3 ,1,194.3443,1539.7869,0.1021,,,,,
Mazama,7,931, cls_3 ,1.1369,71.4424,20934.1561,0.3062,,,,,
Mazama,7,935, cls_3 ,1.0358,63.9,400.213,0.3062,,,,,
Mazama,7,937, cls_3 ,1.0909,214.3271,297.579,0.2042,,,,,
Mazama,7,938, cls_3 ,1.0556,115.1974,1048.0143,1.225,,,,,
Mazama,7,939, cls_3 ,1.1554,63.9,2333.4546,1.6333,,,,,
Mazama,7,942, cls_3 ,1.0647,63.9,20938.2347,1.9395,,,,,
Mazama,7,947, cls_3 ,1.105,71.4424,310.3183,0.5104,,,,,
Mazama,7,950, cls_3 ,1.0688,63.9,1236.84,0.5104,,,,,
Mazama,7,954, cls_3 ,1.0932,71.4424,583.8912,0.7146,,,,,
Mazama,7,999, cls_3 ,1,63.9,26171.0113,0.1021,,,,,
Mazama,7,1000, cls_3 ,1.1753,71.4424,20933.8324,9.9018,,,,,
Mazama,7,1009, cls_3 ,1.125,63.9,1817.1912,16.0266,,,,,
Mazama,7,1011, cls_3 ,1.1301,63.9,26170.1963,2.2458,,,,,
Mazama,7,1016, cls_3 ,1.0749,63.9,1455.0724,5.0019,,,,,
Mazama,7,1020, cls_3 ,1.1031,63.9,2572.8504,0.8166,,,,,
Mazama,7,1025, cls_3 ,1.1148,63.9,26169.0049,8.0643,,,,,
Mazama,7,1060, cls_3 ,1,63.9,26167.0247,0.1021,,,,,
Mazama,7,1061, cls_3 ,1.0963,135.5524,5819.5244,2.7562,,,,,
Mazama,7,1062, cls_3 ,1.1265,127.8,994.0702,0.8166,,,,,
Mazama,7,1066, cls_3 ,1.1413,71.4424,335.9921,3.3686,,,,,
Mazama,7,1068, cls_3 ,1.1624,63.9,8074.1084,9.1872,,,,,
Mazama,7,1070, cls_3 ,1.1519,63.9,647.6129,7.7581,,,,,
Mazama,7,1071, cls_3 ,1.0937,63.9,330.9095,5.7165,,,,,
Mazama,7,1072, cls_3 ,1.105,127.8,6541.9976,0.5104,,,,,
Mazama,7,1076, cls_3 ,1.2257,63.9,193.858,8.7789,,,,,
Mazama,7,1080, cls_3 ,1.1642,71.4424,20937.0593,1.8374,,,,,
Mazama,7,1083, cls_3 ,1.0358,71.4424,93.7282,0.3062,,,,,
Mazama,7,1084, cls_3 ,1.1767,90.3682,163.2951,6.6352,,,,,
Mazama,7,1085, cls_3 ,1.0465,214.3271,357.3457,0.6125,,,,,
Mazama,7,1086, cls_3 ,1.0909,90.3682,82.3973,0.2042,,,,,
Mazama,7,1088, cls_3 ,1.0889,95.85,576.2017,0.9187,,,,,
Mazama,7,1091, cls_3 ,1.1681,63.9,299.5934,6.6352,,,,,
Mazama,7,1092, cls_3 ,1,115.1974,71.4655,0.1021,,,,,
Mazama,7,1093, cls_3 ,1.207,63.9,209.6558,6.0227,,,,,
Mazama,7,1094, cls_3 ,1.0473,115.1974,78.403,0.8166,,,,,
Mazama,7,1095, cls_3 ,1.1328,287.55,434.0762,0.9187,,,,,
Mazama,7,1097, cls_3 ,1,101.0348,67.4414,0.1021,,,,,
Mazama,7,7, cls_4 ,1.0311,734.85,0.0492,1.5312,,,,,
Mazama,7,38, cls_4 ,1.0509,734.85,0.0766,1.0208,,,,,
Mazama,7,50, cls_4 ,1.1125,685.9956,0.0389,0.6125,,,,,
Mazama,7,61, cls_4 ,1.0465,685.9956,0.0347,0.6125,,,,,
Mazama,7,98, cls_4 ,1.129,191.7,1.3374,6.6352,,,,,
Mazama,7,111, cls_4 ,1.1197,131.7332,1.2329,0.7146,,,,,
Mazama,7,112, cls_4 ,1.0671,172.056,2.2022,4.4915,,,,,
Mazama,7,119, cls_4 ,1.0769,131.7332,2.3857,0.8166,,,,,
Mazama,7,129, cls_4 ,1,272.9809,1.031,0.1021,,,,,
Mazama,7,130, cls_4 ,1.1477,285.7695,0.4121,0.8166,,,,,
Mazama,7,133, cls_4 ,1.0769,71.4424,29.8372,0.8166,,,,,
Mazama,7,135, cls_4 ,1.15,63.9,177.8666,13.1684,,,,,
Mazama,7,142, cls_4 ,1.0631,63.9,192.0316,0.7146,,,,,
Mazama,7,144, cls_4 ,1.1946,63.9,172.9253,33.074,,,,,
Mazama,7,150, cls_4 ,1.2195,63.9,141.3604,64.4126,,,,,
Mazama,7,161, cls_4 ,1.0283,63.9,39.4699,0.7146,,,,,
Mazama,7,163, cls_4 ,1.2186,131.7332,12.5989,10.3101,,,,,
Mazama,7,167, cls_4 ,1.0155,63.9,40.5252,0.2042,,,,,
Mazama,7,168, cls_4 ,1.1922,63.9,42.3973,18.3744,,,,,
Mazama,7,171, cls_4 ,1.0155,95.85,2.0425,0.2042,,,,,
Mazama,7,174, cls_4 ,1,95.85,2.1846,0.1021,,,,,
Mazama,7,176, cls_4 ,1.0537,101.0348,15.0469,0.4083,,,,,
Mazama,7,177, cls_4 ,1.1292,90.3682,99.7934,1.8374,,,,,
Mazama,7,178, cls_4 ,1.1035,101.0348,29.5313,2.8582,,,,,
Mazama,7,181, cls_4 ,1.0654,389.9995,1.1139,1.1229,,,,,
Mazama,7,183, cls_4 ,1.1529,71.4424,65.3968,6.4311,,,,,
Mazama,7,185, cls_4 ,1.1641,63.9,73.2127,10.7184,,,,,
Mazama,7,187, cls_4 ,1,63.9,52.1728,0.1021,,,,,
Mazama,7,190, cls_4 ,1.209,71.4424,31.564,31.1345,,,,,
Mazama,7,192, cls_4 ,1,71.4424,47.6039,0.1021,,,,,
Mazama,7,195, cls_4 ,1.1463,63.9,15.8731,5.6144,,,,,
Mazama,7,203, cls_4 ,1,71.4424,12.7643,0.1021,,,,,
Mazama,7,205, cls_4 ,1.1103,2616.9761,0.0287,2.9603,,,,,
Mazama,7,206, cls_4 ,1.0115,63.9,52.6703,1.1229,,,,,
Mazama,7,207, cls_4 ,1.0631,549.6886,0.8705,0.7146,,,,,
Mazama,7,209, cls_4 ,1.105,71.4424,13.1099,0.5104,,,,,
Mazama,7,210, cls_4 ,1.1427,63.9,17.9382,5.2061,,,,,
Mazama,7,217, cls_4 ,1.1712,142.8847,5.7557,7.5539,,,,,
Mazama,7,218, cls_4 ,1.0689,71.4424,3.7728,1.327,,,,,
Mazama,7,223, cls_4 ,1.0909,71.4424,8.6691,0.2042,,,,,
Mazama,7,228, cls_4 ,1.1219,63.9,2.7035,6.7373,,,,,
Mazama,7,242, cls_4 ,1.0975,63.9,17.415,0.4083,,,,,
Mazama,7,249, cls_4 ,1.0465,610.4039,1.9013,0.6125,,,,,
Mazama,7,250, cls_4 ,1.1199,71.4424,5.859,1.0208,,,,,
Mazama,7,253, cls_4 ,1,63.9,5.8847,0.4083,,,,,
Mazama,7,262, cls_4 ,1.0155,63.9,5.1751,0.2042,,,,,
Mazama,7,292, cls_4 ,1.0386,4274.141,0.0155,1.4291,,,,,
Mazama,7,300, cls_4 ,1.1025,357.2119,0.9254,6.4311,,,,,
Mazama,7,311, cls_4 ,1.1366,159.75,2.6364,8.2685,,,,,
Mazama,7,317, cls_4 ,1.1325,71.4424,9.8158,4.7978,,,,,
Mazama,7,322, cls_4 ,1.07,71.4424,10.1785,3.1645,,,,,
Mazama,7,332, cls_4 ,1.0903,230.3947,1.2,2.0416,,,,,
Mazama,7,349, cls_4 ,1.0283,255.6,0.7036,0.7146,,,,,
Mazama,7,378, cls_4 ,1.0509,115.1974,1.8122,1.0208,,,,,
Mazama,7,384, cls_4 ,1.059,63.9,6.9451,1.7354,,,,,
Mazama,7,395, cls_4 ,1.1412,63.9,4.5286,2.4499,,,,,
Mazama,7,397, cls_4 ,1.0769,321.0935,0.101,0.8166,,,,,
Mazama,7,418, cls_4 ,1.0914,321.0935,0.1509,0.3062,,,,,
Mazama,7,436, cls_4 ,1.0819,688.2241,0.1221,0.6125,,,,,
Mazama,7,449, cls_4 ,1.126,71.4424,5.4953,3.0624,,,,,
Mazama,7,459, cls_4 ,1.1017,71.4424,6.4,2.3478,,,,,
Mazama,7,473, cls_4 ,1.0509,63.9,4.2416,1.0208,,,,,
Mazama,7,485, cls_4 ,1.1506,63.9,3.6592,1.5312,,,,,
Mazama,7,486, cls_4 ,1.1454,71.4424,3.8945,1.4291,,,,,
Mazama,7,491, cls_4 ,1.078,71.4424,3.9936,1.225,,,,,
Mazama,7,498, cls_4 ,1.0592,135.5524,1.1077,2.0416,,,,,
Mazama,7,513, cls_4 ,1.0261,1485.2455,0.1038,0.5104,,,,,
Mazama,7,554, cls_4 ,1.0047,1890.4575,0.0867,0.6125,,,,,
Mazama,7,607, cls_4 ,1.0688,3294.7251,0.0127,0.5104,,,,,
Mazama,7,624, cls_4 ,1.1367,63.9,1.6265,3.777,,,,,
Mazama,7,648, cls_4 ,1.0465,63.9,9.3864,0.6125,,,,,
Mazama,7,674, cls_4 ,1.1355,159.75,1.3003,6.2269,,,,,
Mazama,7,675, cls_4 ,1.1602,159.75,2.6455,1.1229,,,,,
Mazama,7,688, cls_4 ,1.112,202.0695,0.3854,0.9187,,,,,
Mazama,7,700, cls_4 ,1.1241,583.0328,0.1664,2.8582,,,,,
Mazama,7,703, cls_4 ,1.0988,3294.7251,0.0171,2.1437,,,,,
Mazama,7,707, cls_4 ,1.0819,202.0695,0.5553,0.6125,,,,,
Mazama,7,720, cls_4 ,1.0529,159.75,2.6236,1.8374,,,,,
Mazama,7,748, cls_4 ,1.0647,63.9,3.0401,1.9395,,,,,
Mazama,7,749, cls_4 ,1.0654,63.9,5.2854,1.1229,,,,,
Mazama,7,762, cls_4 ,1.1355,263.4664,0.4781,6.2269,,,,,
Mazama,7,765, cls_4 ,1.1073,172.056,0.7533,1.327,,,,,
Mazama,7,774, cls_4 ,1.0688,596.8753,0.376,0.5104,,,,,
Mazama,7,776, cls_4 ,1.0261,3344.9987,0.0197,0.5104,,,,,
Mazama,7,789, cls_4 ,1.0465,857.3085,0.1853,0.6125,,,,,
Mazama,7,802, cls_4 ,1.0993,263.4664,1.6194,1.0208,,,,,
Mazama,7,810, cls_4 ,1.0844,243.324,1.0487,2.7562,,,,,
Mazama,7,831, cls_4 ,1.1126,63.9,1.9838,4.0832,,,,,
Mazama,7,832, cls_4 ,1.0631,71.4424,3.0027,0.7146,,,,,
Mazama,7,833, cls_4 ,1.0338,71.4424,2.513,0.9187,,,,,
Mazama,7,861, cls_4 ,1,243.324,1.3299,0.4083,,,,,
Mazama,7,863, cls_4 ,1.1238,274.8443,0.4277,3.6749,,,,,
Mazama,7,864, cls_4 ,1.0688,63.9,10.2865,0.5104,,,,,
Mazama,7,907, cls_4 ,1.0283,71.4424,0.2592,0.7146,,,,,
Mazama,7,916, cls_4 ,1,71.4424,1.4554,0.1021,,,,,
Mazama,7,977, cls_4 ,1.063,2065.1665,0.0545,0.9187,,,,,
Mazama,7,1054, cls_4 ,1.0982,6390,0.0111,1.225,,,,,
Mazama,7,156, cls_5 ,1.0261,2647.2267,0.0109,0.5104,,,,,
Mazama,7,241, cls_5 ,1.0689,420.2366,0.0718,1.327,,,,,
Mazama,7,248, cls_5 ,1.0769,420.2366,0.0909,0.8166,,,,,
Mazama,7,264, cls_5 ,1.0909,5379.0935,0.0117,0.2042,,,,,
Mazama,7,266, cls_5 ,1.0706,1019.4003,0.0262,1.8374,,,,,
Mazama,7,320, cls_5 ,1.0688,1717.5911,0.0181,0.5104,,,,,
Mazama,7,566, cls_5 ,1.105,1879.6269,0.0166,0.5104,,,,,
Mazama,7,595, cls_5 ,1.0465,1287.9457,0.0407,0.6125,,,,,
Mazama,7,701, cls_5 ,1.0283,180.7365,0.1484,0.7146,,,,,
Mazama,7,704, cls_5 ,1.0358,789.1068,0.0284,0.3062,,,,,
Mazama,7,709, cls_5 ,1.0283,1287.9457,0.0511,0.7146,,,,,
Mazama,7,711, cls_5 ,1,180.7365,0.3394,0.1021,,,,,
Mazama,7,722, cls_5 ,1.0769,1859.973,0.1138,0.8166,,,,,
Mazama,7,724, cls_5 ,1.0914,557.9828,0.0466,0.3062,,,,,
Mazama,7,742, cls_5 ,1.1362,557.9828,0.0489,0.5104,,,,,
Mazama,7,744, cls_5 ,1.063,1391.935,0.0404,0.9187,,,,,
Mazama,7,759, cls_5 ,1.105,667.1356,0.0462,0.5104,,,,,
Mazama,7,852, cls_5 ,1.0766,1859.973,0.278,4.4915,,,,,
Mazama,7,872, cls_5 ,1.0492,1178.6909,0.1599,2.2458,,,,,
Mazama,7,934, cls_5 ,1.2128,63.9,1.3439,28.0721,,,,,
Mazama,7,936, cls_5 ,1,204.5798,7.3063,0.1021,,,,,
Mazama,7,941, cls_5 ,1,63.9,69.0433,0.1021,,,,,
Mazama,7,951, cls_5 ,1,101.0348,88.44,0.1021,,,,,
Mazama,7,953, cls_5 ,1.0395,804.4804,0.2134,1.7354,,,,,
Mazama,7,955, cls_5 ,1.2019,101.0348,0.7911,90.0348,,,,,
Mazama,7,959, cls_5 ,1.0442,804.4804,0.295,3.1645,,,,,
Mazama,7,969, cls_5 ,1,142.8847,1.1008,0.1021,,,,,
Mazama,7,975, cls_5 ,1.088,71.4424,9.5012,1.1229,,,,,
Mazama,7,976, cls_5 ,1.1619,71.4424,12.6867,4.5936,,,,,
Mazama,7,981, cls_5 ,1.1409,204.5798,7.1507,2.0416,,,,,
Mazama,7,983, cls_5 ,1.1472,90.3682,3.8698,17.6599,,,,,
Mazama,7,984, cls_5 ,1,71.4424,30.7629,0.1021,,,,,
Mazama,7,990, cls_5 ,1.0155,101.0348,17.5729,0.2042,,,,,
Mazama,7,998, cls_5 ,1.2055,426.2662,0.3458,17.9661,,,,,
Mazama,7,1006, cls_5 ,1.1602,204.5798,0.4491,1.1229,,,,,
Mazama,7,1008, cls_5 ,1.1281,257.5891,2.8345,5.0019,,,,,
Mazama,7,1012, cls_5 ,1.1166,301.4157,0.3752,3.0624,,,,,
Mazama,7,1013, cls_5 ,1.0358,301.4157,0.6835,0.3062,,,,,
Mazama,7,1014, cls_5 ,1,204.5798,0.6606,0.1021,,,,,
Mazama,7,1024, cls_5 ,1.0358,451.8412,0.6086,0.3062,,,,,
Mazama,7,1042, cls_5 ,1.1562,415.35,6.1283,6.2269,,,,,
Mazama,7,1052, cls_5 ,1.0604,159.75,1.5112,2.3478,,,,,
Mazama,7,1055, cls_5 ,1.1031,159.75,1.5233,0.8166,,,,,
Mazama,7,1057, cls_5 ,1,142.8847,0.6879,0.1021,,,,,
Mazama,7,1058, cls_5 ,1,142.8847,0.6979,0.1021,,,,,
Mazama,7,1063, cls_5 ,1.1441,159.75,0.9508,11.433,,,,,
Mazama,7,1065, cls_5 ,1.1688,474.9709,0.7718,27.7658,,,,,
Mazama,7,1069, cls_5 ,1,159.75,4.9277,0.4083,,,,,
Mazama,7,1075, cls_5 ,1.1042,223.65,2.5732,2.0416,,,,,
Mazama,7,1087, cls_5 ,1,587.3936,0.442,0.1021,,,,,
Mazama,7,1089, cls_5 ,1.1305,180.7365,0.9305,9.5955,,,,,
Mazama,7,1090, cls_5 ,1,301.4157,2.472,0.1021,,,,,
Mazama,7,1096, cls_5 ,1,614.5705,0.3221,0.1021,,,,,
Mazama,7,1098, cls_5 ,1.0465,63.9,3.7485,0.6125,,,,,
Mazama,7,1099, cls_5 ,1.0155,63.9,2.9414,0.2042,,,,,
Mazama,7,184, cls_2 ,1.116,2144.4615,0.0019,1.8374,,,,,
Mazama,7,227, cls_2 ,1.0537,2144.4615,0.0053,0.4083,,,,,
Mazama,7,245, cls_2 ,1.1751,1320.8147,0.0061,6.7373,,,,,
Mazama,7,297, cls_2 ,1.0338,1320.8147,0.0394,0.9187,,,,,
Mazama,7,367, cls_2 ,1.0338,8094.014,0.0024,0.9187,,,,,
Mazama,7,387, cls_2 ,1.0819,4760.9788,0.0036,0.6125,,,,,
Mazama,7,635, cls_2 ,1.0465,3702.4798,0.0058,0.6125,,,,,
Mazama,7,717, cls_2 ,1.0819,90.3682,1.528,0.6125,,,,,
Mazama,7,723, cls_2 ,1.1265,63.9,2.709,0.8166,,,,,
Mazama,7,726, cls_2 ,1.0764,63.9,2.7521,1.0208,,,,,
Mazama,7,817, cls_2 ,1.1154,2906.0453,0.0122,1.4291,,,,,
Mazama,7,879, cls_2 ,1.0688,63.9,1.3139,0.5104,,,,,
Mazama,7,888, cls_2 ,1.1362,63.9,1.3336,0.5104,,,,,
Mazama,7,911, cls_2 ,1.0819,406.6571,0.1222,0.6125,,,,,
Mazama,7,945, cls_2 ,1,420.2366,0.1943,0.1021,,,,,
Mazama,7,960, cls_2 ,1.0819,272.9809,0.7371,0.6125,,,,,
Mazama,7,973, cls_2 ,1.1346,71.4424,2.3829,5.0019,,,,,
Mazama,7,986, cls_2 ,1.0402,71.4424,9.9581,1.1229,,,,,
Mazama,7,987, cls_2 ,1.1154,487.6956,0.1035,1.4291,,,,,
Mazama,7,993, cls_2 ,1.0769,274.8443,0.5885,0.8166,,,,,
Mazama,7,997, cls_2 ,1.0509,487.6956,0.1457,1.0208,,,,,
Mazama,7,1007, cls_2 ,1.1167,583.0328,0.0418,1.225,,,,,
Mazama,7,1019, cls_2 ,1.1199,583.0328,0.0572,1.0208,,,,,
Mazama,7,1040, cls_2 ,1.1388,798.75,0.0309,1.0208,,,,,
Mazama,7,1048, cls_2 ,1.0537,2683.8,0.0062,0.4083,,,,,
Mazama,7,1073, cls_2 ,1.0047,1311.5076,0.0128,0.6125,,,,,
Mazama,7,312, cls_6 ,1.0467,3589.9348,0.1224,1.327,,,,,
Mazama,7,394, cls_6 ,1.0556,294.5644,0.7522,1.225,,,,,
Mazama,7,404, cls_6 ,1.078,294.5644,1.0314,1.225,,,,,
Mazama,7,438, cls_6 ,1.1063,159.75,3.2817,3.3686,,,,,
Mazama,7,439, cls_6 ,1.059,71.4424,2.2869,1.7354,,,,,
Mazama,7,461, cls_6 ,1.0543,63.9,41.6905,3.2666,,,,,
Mazama,7,462, cls_6 ,1.0465,71.4424,4.7282,0.6125,,,,,
Mazama,7,467, cls_6 ,1.172,63.9,19.8472,15.9245,,,,,
Mazama,7,474, cls_6 ,1.0492,357.2119,1.271,2.2458,,,,,
Mazama,7,492, cls_6 ,1.109,180.7365,6.9651,2.4499,,,,,
Mazama,7,493, cls_6 ,1.1334,115.1974,7.6739,6.0227,,,,,
Mazama,7,502, cls_6 ,1.0909,71.4424,32.6144,0.2042,,,,,
Mazama,7,503, cls_6 ,1.0685,159.75,3.7916,6.329,,,,,
Mazama,7,507, cls_6 ,1.0509,127.8,7.4569,1.0208,,,,,
Mazama,7,511, cls_6 ,1.0796,63.9,10.3785,5.2061,,,,,
Mazama,7,520, cls_6 ,1.078,127.8,3.894,1.225,,,,,
Mazama,7,521, cls_6 ,1.0689,63.9,19.1189,1.327,,,,,
Mazama,7,525, cls_6 ,1.07,127.8,4.2272,3.1645,,,,,
Mazama,7,532, cls_6 ,1.1856,271.1047,0.6421,2.9603,,,,,
Mazama,7,533, cls_6 ,1.1536,71.4424,32.7641,4.1853,,,,,
Mazama,7,558, cls_6 ,1.1426,63.9,1.4347,2.8582,,,,,
Mazama,7,565, cls_6 ,1.1518,172.056,2.7642,2.0416,,,,,
Mazama,7,568, cls_6 ,1.0311,90.3682,2.2931,1.5312,,,,,
Mazama,7,572, cls_6 ,1.0688,135.5524,3.4047,0.5104,,,,,
Mazama,7,573, cls_6 ,1,63.9,8.0303,0.1021,,,,,
Mazama,7,577, cls_6 ,1.0688,90.3682,3.6086,0.5104,,,,,
Mazama,7,579, cls_6 ,1.0484,512.1975,1.0544,21.4369,,,,,
Mazama,7,581, cls_6 ,1,115.1974,2.8975,0.1021,,,,,
Mazama,7,583, cls_6 ,1.0473,135.5524,4.4018,0.8166,,,,,
Mazama,7,585, cls_6 ,1.0843,71.4424,5.6512,2.4499,,,,,
Mazama,7,588, cls_6 ,1.0465,71.4424,3.9853,0.6125,,,,,
Mazama,7,593, cls_6 ,1.0537,71.4424,2.9437,0.4083,,,,,
Mazama,7,598, cls_6 ,1.0647,249.5375,0.673,1.9395,,,,,
Mazama,7,599, cls_6 ,1.1815,142.8847,4.4332,16.6391,,,,,
Mazama,7,604, cls_6 ,1.0155,127.8,3.6629,0.2042,,,,,
Mazama,7,609, cls_6 ,1.1409,71.4424,8.358,2.0416,,,,,
Mazama,7,619, cls_6 ,1.0576,63.9,19.58,3.5728,,,,,
Mazama,7,626, cls_6 ,1.0395,249.5375,0.7719,1.7354,,,,,
Mazama,7,627, cls_6 ,1.0897,287.55,2.5124,5.104,,,,,
Mazama,7,628, cls_6 ,1.1842,71.4424,1.734,6.4311,,,,,
Mazama,7,642, cls_6 ,1.1096,63.9,14.6507,3.879,,,,,
Mazama,7,652, cls_6 ,1.1125,159.75,1.8829,0.6125,,,,,
Mazama,7,654, cls_6 ,1,71.4424,1.1721,0.1021,,,,,
Mazama,7,659, cls_6 ,1,63.9,1.921,0.1021,,,,,
Mazama,7,663, cls_6 ,1.0606,194.3443,3.8614,1.4291,,,,,
Mazama,7,664, cls_6 ,1.0638,512.1975,1.4212,8.3706,,,,,
Mazama,7,666, cls_6 ,1.0887,159.75,1.0598,2.9603,,,,,
Mazama,7,667, cls_6 ,1.0537,63.9,1.1174,0.4083,,,,,
Mazama,7,668, cls_6 ,1,445.012,0.5495,0.1021,,,,,
Mazama,7,679, cls_6 ,1,71.4424,12.9371,0.1021,,,,,
Mazama,7,691, cls_6 ,1.0606,351.45,1.5771,1.4291,,,,,
Mazama,7,693, cls_6 ,1.0465,2467.6075,0.4276,0.6125,,,,,
Mazama,7,708, cls_6 ,1.0402,460.7895,1.4947,1.1229,,,,,
Mazama,7,719, cls_6 ,1.1745,63.9,14.19,7.0435,,,,,
Mazama,7,739, cls_6 ,1,63.9,32.8799,0.1021,,,,,
Mazama,7,745, cls_6 ,1.1299,135.5524,2.3843,284.0893,,,,,
Mazama,7,746, cls_6 ,1.0853,339.6332,18.3182,9.7997,,,,,
Mazama,7,770, cls_6 ,1.0278,243.324,2.4781,1.9395,,,,,
Mazama,7,780, cls_6 ,1.0537,127.8,3.7051,0.4083,,,,,
Mazama,7,781, cls_6 ,1.0689,127.8,3.2386,1.327,,,,,
Mazama,7,794, cls_6 ,1.1284,172.056,4.2293,5.3082,,,,,
Mazama,7,798, cls_6 ,1.096,949.9418,0.5106,1.9395,,,,,
Mazama,7,799, cls_6 ,1.0261,172.056,5.5586,0.5104,,,,,
Mazama,7,803, cls_6 ,1.1197,95.85,13.8715,0.7146,,,,,
Mazama,7,804, cls_6 ,1.0631,172.056,10.3472,0.7146,,,,,
Mazama,7,812, cls_6 ,1,101.0348,13.1152,0.1021,,,,,
Mazama,7,814, cls_6 ,1.0411,95.85,8.3789,9.1872,,,,,
Mazama,7,822, cls_6 ,1.0975,95.85,50.0351,6.329,,,,,
Mazama,7,823, cls_6 ,1.1075,142.8847,9.0552,1.5312,,,,,
Mazama,7,830, cls_6 ,1.0473,90.3682,8.0864,0.8166,,,,,
Mazama,7,834, cls_6 ,1.1031,71.4424,6.8214,3.1645,,,,,
Mazama,7,836, cls_6 ,1.0909,142.8847,7.0654,0.2042,,,,,
Mazama,7,837, cls_6 ,1.1027,71.4424,89.3249,4.4915,,,,,
Mazama,7,839, cls_6 ,1.1676,135.5524,17.6293,11.0247,,,,,
Mazama,7,841, cls_6 ,1.1576,63.9,23.9211,44.9153,,,,,
Mazama,7,843, cls_6 ,1.0155,142.8847,8.6626,0.2042,,,,,
Mazama,7,850, cls_6 ,1,71.4424,15.7197,0.1021,,,,,
Mazama,7,854, cls_6 ,1.1197,71.4424,52.0145,0.7146,,,,,
Mazama,7,856, cls_6 ,1.0465,63.9,10.5609,0.6125,,,,,
Mazama,7,858, cls_6 ,1,63.9,12.0289,0.1021,,,,,
Mazama,7,874, cls_6 ,1.1389,71.4424,252.4845,11.6371,,,,,
Mazama,7,877, cls_6 ,1.1057,63.9,317.3151,10.3101,,,,,
Mazama,7,881, cls_6 ,1.0982,135.5524,13.0025,1.225,,,,,
Mazama,7,883, cls_6 ,1,95.85,50.2399,0.1021,,,,,
Mazama,7,885, cls_6 ,1.0909,135.5524,155.6475,0.2042,,,,,
Mazama,7,893, cls_6 ,1.0402,90.3682,20.7257,1.1229,,,,,
Mazama,7,894, cls_6 ,1.1457,71.4424,47.6665,116.5756,,,,,
Mazama,7,895, cls_6 ,1.0746,90.3682,99.0776,8.5747,,,,,
Mazama,7,896, cls_6 ,1.056,63.9,7.8668,2.4499,,,,,
Mazama,7,898, cls_6 ,1.0752,63.9,110.9535,2.3478,,,,,
Mazama,7,900, cls_6 ,1.0509,63.9,10.5596,1.0208,,,,,
Mazama,7,904, cls_6 ,1.2271,63.9,63.2547,125.8649,,,,,
Mazama,7,905, cls_6 ,1.0605,223.65,27.6824,3.4707,,,,,
Mazama,7,914, cls_6 ,1.0529,202.0695,5.1079,1.8374,,,,,
Mazama,7,924, cls_6 ,1.0556,115.1974,138.8932,1.225,,,,,
Mazama,7,928, cls_6 ,1.0977,202.0695,1.5418,7.656,,,,,
Mazama,7,948, cls_6 ,1.1589,63.9,309.9707,1.4291,,,,,
Mazama,7,949, cls_6 ,1.0465,709.4051,0.4203,0.6125,,,,,
Mazama,7,952, cls_6 ,1,71.4424,234.015,0.1021,,,,,
Mazama,7,1030, cls_6 ,1.0975,2706.9024,0.3914,0.4083,,,,,
Mazama,8,1, cls_1 ,1.1346,142.8847,8273.3282,0.4083,,1.064132258,85.42760323,48573.82151,1118.210119
Mazama,8,3, cls_1 ,1,71.4424,67840.6201,0.1021,,,,,
Mazama,8,4, cls_1 ,1.1957,63.9,57.879,34625.825,,,,,
Mazama,8,5, cls_1 ,1.1369,90.3682,42400.3343,0.3062,,,,,
Mazama,8,39, cls_1 ,1.0155,63.9,84800.5039,0.2042,,,,,
Mazama,8,65, cls_1 ,1.1066,63.9,84800.5194,2.2458,,,,,
Mazama,8,75, cls_1 ,1,71.4424,67840.475,0.1021,,,,,
Mazama,8,87, cls_1 ,1,63.9,84800.6831,0.1021,,,,,
Mazama,8,100, cls_1 ,1.1309,71.4424,4648.8133,1.4291,,,,,
Mazama,8,105, cls_1 ,1.0921,95.85,37689.7375,4.5936,,,,,
Mazama,8,111, cls_1 ,1.0155,71.4424,6788.097,0.2042,,,,,
Mazama,8,206, cls_1 ,1.0529,95.85,37689.1241,1.8374,,,,,
Mazama,8,233, cls_1 ,1,71.4424,67840.4124,0.1021,,,,,
Mazama,8,238, cls_1 ,1.0654,142.8847,5848.3787,1.1229,,,,,
Mazama,8,245, cls_1 ,1,142.8847,13568.6441,0.1021,,,,,
Mazama,8,258, cls_1 ,1.0556,71.4424,67840.4091,1.225,,,,,
Mazama,8,263, cls_1 ,1,71.4424,67840.8191,0.1021,,,,,
Mazama,8,265, cls_1 ,1.0155,71.4424,42400.4681,0.2042,,,,,
Mazama,8,308, cls_1 ,1.0283,71.4424,67841.1171,0.7146,,,,,
Mazama,8,312, cls_1 ,1.0654,63.9,84800.5359,1.1229,,,,,
Mazama,8,316, cls_1 ,1.078,115.1974,26092.9423,1.225,,,,,
Mazama,8,330, cls_1 ,1.0819,172.056,11696.8102,0.6125,,,,,
Mazama,8,351, cls_1 ,1.1565,63.9,84800.6015,2.1437,,,,,
Mazama,8,352, cls_1 ,1,63.9,84801.8352,0.1021,,,,,
Mazama,8,377, cls_1 ,1.0358,101.0348,33920.2104,0.3062,,,,,
Mazama,8,378, cls_1 ,1.0923,71.4424,67840.422,6.2269,,,,,
Mazama,8,381, cls_1 ,1.07,71.4424,13573.1303,3.1645,,,,,
Mazama,8,384, cls_1 ,1.102,71.4424,67847.6623,1.8374,,,,,
Mazama,8,389, cls_1 ,1.0663,90.3682,42402.7937,2.552,,,,,
Mazama,8,406, cls_1 ,1.0982,90.3682,42400.5274,1.225,,,,,
Mazama,8,407, cls_1 ,1.0962,63.9,84800.6321,3.0624,,,,,
Mazama,8,2, cls_3 ,1.0806,135.5524,2.9844,10.3101,,,,,
Mazama,8,6, cls_3 ,1.1986,135.5524,6.6283,5.0019,,,,,
Mazama,8,7, cls_3 ,1.0654,202.0695,0.9904,1.1229,,,,,
Mazama,8,8, cls_3 ,1.0261,180.7365,2.7734,0.5104,,,,,
Mazama,8,9, cls_3 ,1.0556,71.4424,2.0639,1.225,,,,,
Mazama,8,10, cls_3 ,1.0402,135.5524,3.3302,1.1229,,,,,
Mazama,8,11, cls_3 ,1.1125,71.4424,1.7396,0.6125,,,,,
Mazama,8,12, cls_3 ,1.0932,71.4424,3.159,0.7146,,,,,
Mazama,8,13, cls_3 ,1.0909,95.85,1.1641,0.2042,,,,,
Mazama,8,14, cls_3 ,1.0338,95.85,0.3831,0.9187,,,,,
Mazama,8,15, cls_3 ,1.1362,71.4424,1.971,0.5104,,,,,
Mazama,8,16, cls_3 ,1,395.1997,0.2234,0.1021,,,,,
Mazama,8,17, cls_3 ,1.0903,90.3682,1.9743,2.0416,,,,,
Mazama,8,18, cls_3 ,1.0819,316.2889,0.7741,0.6125,,,,,
Mazama,8,19, cls_3 ,1.0982,90.3682,2.8731,1.225,,,,,
Mazama,8,20, cls_3 ,1.079,127.8,0.7284,6.6352,,,,,
Mazama,8,21, cls_3 ,1.0889,127.8,4.1831,0.9187,,,,,
Mazama,8,22, cls_3 ,1.1372,913.7923,0.2569,1.5312,,,,,
Mazama,8,23, cls_3 ,1.0473,1109.0839,0.1726,0.8166,,,,,
Mazama,8,24, cls_3 ,1.0261,1109.0839,0.194,0.5104,,,,,
Mazama,8,25, cls_3 ,1.0219,1623.1732,0.1665,1.327,,,,,
Mazama,8,26, cls_3 ,1.0395,180.7365,1.5786,1.7354,,,,,
Mazama,8,28, cls_3 ,1.0764,314.671,0.4052,1.0208,,,,,
Mazama,8,29, cls_3 ,1.0909,172.056,1.9057,0.2042,,,,,
Mazama,8,30, cls_3 ,1.0155,115.1974,1.8189,0.2042,,,,,
Mazama,8,31, cls_3 ,1.0688,1989.3847,0.1767,0.5104,,,,,
Mazama,8,32, cls_3 ,1.2051,101.0348,17.7194,1.9395,,,,,
Mazama,8,33, cls_3 ,1.1434,101.0348,2.8494,0.7146,,,,,
Mazama,8,34, cls_3 ,1.0631,274.8443,0.5638,9.6976,,,,,
Mazama,8,35, cls_3 ,1.1746,314.671,0.341,1.8374,,,,,
Mazama,8,36, cls_3 ,1.195,63.9,10.2484,15.8224,,,,,
Mazama,8,37, cls_3 ,1.0465,90.3682,11.4104,0.6125,,,,,
Mazama,8,38, cls_3 ,1.0306,101.0348,2.4184,1.225,,,,,
Mazama,8,41, cls_3 ,1.0877,63.9,19.4431,5.2061,,,,,
Mazama,8,42, cls_3 ,1.1281,71.4424,19.7616,2.7562,,,,,
Mazama,8,43, cls_3 ,1.1833,71.4424,13.598,6.7373,,,,,
Mazama,8,44, cls_3 ,1.0283,274.8443,1.553,0.7146,,,,,
Mazama,8,45, cls_3 ,1.0338,159.75,1.5664,0.9187,,,,,
Mazama,8,46, cls_3 ,1.0752,63.9,2.6758,2.3478,,,,,
Mazama,8,47, cls_3 ,1.063,63.9,16.4478,0.9187,,,,,
Mazama,8,48, cls_3 ,1.0688,63.9,7.8566,0.5104,,,,,
Mazama,8,50, cls_3 ,1.1346,71.4424,3.9678,0.4083,,,,,
Mazama,8,51, cls_3 ,1.1533,63.9,14.0122,9.6976,,,,,
Mazama,8,52, cls_3 ,1.0131,71.4424,6.3665,0.8166,,,,,
Mazama,8,53, cls_3 ,1.0155,63.9,26.5984,0.2042,,,,,
Mazama,8,54, cls_3 ,1.0283,71.4424,2.2068,0.7146,,,,,
Mazama,8,55, cls_3 ,1.0993,101.0348,1.47,1.0208,,,,,
Mazama,8,56, cls_3 ,1,142.8847,8.258,0.1021,,,,,
Mazama,8,57, cls_3 ,1.0654,90.3682,11.7487,1.1229,,,,,
Mazama,8,59, cls_3 ,1.0654,63.9,15.8912,1.1229,,,,,
Mazama,8,60, cls_3 ,1.123,63.9,41.2276,1.9395,,,,,
Mazama,8,61, cls_3 ,1.1778,101.0348,1.2644,1.225,,,,,
Mazama,8,62, cls_3 ,1.128,531.754,0.5676,3.2666,,,,,
Mazama,8,63, cls_3 ,1.2069,63.9,62.6114,22.7639,,,,,
Mazama,8,64, cls_3 ,1.0914,63.9,39.7343,0.3062,,,,,
Mazama,8,66, cls_3 ,1,71.4424,34.0437,0.1021,,,,,
Mazama,8,67, cls_3 ,1.0386,131.7332,13.6087,1.4291,,,,,
Mazama,8,68, cls_3 ,1.1844,63.9,76.8903,14.3933,,,,,
Mazama,8,69, cls_3 ,1.1693,194.3443,0.6909,6.8394,,,,,
Mazama,8,70, cls_3 ,1.0261,127.8,15.5429,0.5104,,,,,
Mazama,8,71, cls_3 ,1.0665,274.8443,0.7201,4.0832,,,,,
Mazama,8,72, cls_3 ,1.175,95.85,41.9886,19.3952,,,,,
Mazama,8,73, cls_3 ,1.1368,142.8847,5.8288,10.6163,,,,,
Mazama,8,74, cls_3 ,1.1031,232.5995,1.2444,0.8166,,,,,
Mazama,8,76, cls_3 ,1.0657,194.3443,2.0621,1.6333,,,,,
Mazama,8,77, cls_3 ,1.0869,274.8443,1.1855,1.8374,,,,,
Mazama,8,78, cls_3 ,1.1017,232.5995,0.9431,4.1853,,,,,
Mazama,8,79, cls_3 ,1.1206,71.4424,15.5814,4.0832,,,,,
Mazama,8,80, cls_3 ,1.0647,63.9,66.9724,1.9395,,,,,
Mazama,8,81, cls_3 ,1.142,95.85,11.1564,35.2177,,,,,
Mazama,8,82, cls_3 ,1.0631,294.5644,1.1199,0.7146,,,,,
Mazama,8,83, cls_3 ,1.1261,63.9,55.4943,9.1872,,,,,
Mazama,8,84, cls_3 ,1.022,448.4396,0.5545,1.0208,,,,,
Mazama,8,85, cls_3 ,1.1839,63.9,32.0898,18.0682,,,,,
Mazama,8,86, cls_3 ,1.0932,448.4396,0.8259,0.7146,,,,,
Mazama,8,88, cls_3 ,1.0283,71.4424,6.3981,0.7146,,,,,
Mazama,8,89, cls_3 ,1.1328,63.9,39.8412,8.9831,,,,,
Mazama,8,90, cls_3 ,1.0537,71.4424,19.3442,0.4083,,,,,
Mazama,8,91, cls_3 ,1.1214,159.75,2.3807,5.0019,,,,,
Mazama,8,92, cls_3 ,1.092,1014.8841,0.3101,10.208,,,,,
Mazama,8,93, cls_3 ,1.0622,71.4424,3.1206,2.6541,,,,,
Mazama,8,94, cls_3 ,1.158,63.9,31.8646,6.1248,,,,,
Mazama,8,95, cls_3 ,1.1376,63.9,50.9717,4.2874,,,,,
Mazama,8,96, cls_3 ,1.096,230.3947,1.3346,1.9395,,,,,
Mazama,8,97, cls_3 ,1.0643,447.3,1.3556,2.9603,,,,,
Mazama,8,98, cls_3 ,1.0752,230.3947,0.9029,3.3686,,,,,
Mazama,8,99, cls_3 ,1.0631,263.4664,1.365,0.7146,,,,,
Mazama,8,101, cls_3 ,1.1301,63.9,38.3717,7.656,,,,,
Mazama,8,102, cls_3 ,1.189,71.4424,3.2584,8.6768,,,,,
Mazama,8,103, cls_3 ,1.105,71.4424,18.0565,0.5104,,,,,
Mazama,8,104, cls_3 ,1.0657,63.9,9.7749,1.6333,,,,,
Mazama,8,106, cls_3 ,1.0909,63.9,15.4432,1.5312,,,,,
Mazama,8,107, cls_3 ,1,63.9,2.3159,0.1021,,,,,
Mazama,8,108, cls_3 ,1.131,90.3682,6.4993,7.9623,,,,,
Mazama,8,109, cls_3 ,1.0358,63.9,30.2401,0.3062,,,,,
Mazama,8,110, cls_3 ,1.0283,63.9,0.834,0.7146,,,,,
Mazama,8,112, cls_3 ,1.0283,142.8847,8.0449,0.7146,,,,,
Mazama,8,113, cls_3 ,1.0465,63.9,26.9669,0.6125,,,,,
Mazama,8,114, cls_3 ,1.0537,95.85,11.0278,0.4083,,,,,
Mazama,8,115, cls_3 ,1.0769,127.8,14.7853,0.8166,,,,,
Mazama,8,116, cls_3 ,1.1674,71.4424,1.1636,3.2666,,,,,
Mazama,8,117, cls_3 ,1,71.4424,7.0578,0.1021,,,,,
Mazama,8,118, cls_3 ,1.0261,90.3682,13.1168,0.5104,,,,,
Mazama,8,119, cls_3 ,1.0903,101.0348,20.4109,2.0416,,,,,
Mazama,8,120, cls_3 ,1.0764,90.3682,5.5009,1.0208,,,,,
Mazama,8,121, cls_3 ,1.0605,90.3682,5.1342,6.329,,,,,
Mazama,8,122, cls_3 ,1.0851,71.4424,7.6006,3.0624,,,,,
Mazama,8,123, cls_3 ,1,63.9,15.357,0.1021,,,,,
Mazama,8,124, cls_3 ,1.0688,101.0348,4.5326,0.5104,,,,,
Mazama,8,125, cls_3 ,1.0933,63.9,13.4167,1.7354,,,,,
Mazama,8,126, cls_3 ,1.0471,351.45,1.9175,1.9395,,,,,
Mazama,8,127, cls_3 ,1.0529,400.3324,1.5274,1.8374,,,,,
Mazama,8,128, cls_3 ,1.1418,71.4424,7.0898,2.6541,,,,,
Mazama,8,129, cls_3 ,1.0936,101.0348,3.5129,5.3082,,,,,
Mazama,8,130, cls_3 ,1.088,1014.8841,0.5737,1.1229,,,,,
Mazama,8,131, cls_3 ,1.0386,101.0348,6.9122,1.4291,,,,,
Mazama,8,132, cls_3 ,1.1222,127.8,9.7828,2.6541,,,,,
Mazama,8,133, cls_3 ,1.1259,384.7289,1.2449,6.1248,,,,,
Mazama,8,134, cls_3 ,1.1031,127.8,3.8307,0.8166,,,,,
Mazama,8,135, cls_3 ,1.0402,479.25,0.818,1.1229,,,,,
Mazama,8,136, cls_3 ,1.0689,63.9,4.6784,1.327,,,,,
Mazama,8,137, cls_3 ,1.1367,272.9809,1.8665,5.2061,,,,,
Mazama,8,138, cls_3 ,1.0402,63.9,5.6742,1.1229,,,,,
Mazama,8,139, cls_3 ,1.064,364.286,1.051,4.1853,,,,,
Mazama,8,140, cls_3 ,1.0688,127.8,2.8529,0.5104,,,,,
Mazama,8,141, cls_3 ,1.0509,159.75,2.8017,1.0208,,,,,
Mazama,8,142, cls_3 ,1.0688,71.4424,6.6566,0.5104,,,,,
Mazama,8,143, cls_3 ,1,71.4424,2.0281,0.1021,,,,,
Mazama,8,144, cls_3 ,1.0583,71.4424,2.3617,2.7562,,,,,
Mazama,8,145, cls_3 ,1,71.4424,1.5987,0.1021,,,,,
Mazama,8,146, cls_3 ,1.0283,415.35,1.3811,0.7146,,,,,
Mazama,8,148, cls_3 ,1.0764,172.056,1.4743,1.0208,,,,,
Mazama,8,149, cls_3 ,1.0606,544.0889,0.7177,1.4291,,,,,
Mazama,8,150, cls_3 ,1.1073,172.056,1.4855,1.327,,,,,
Mazama,8,151, cls_3 ,1.0631,191.7,3.0579,0.7146,,,,,
Mazama,8,152, cls_3 ,1.1017,223.65,2.5124,2.3478,,,,,
Mazama,8,154, cls_3 ,1.0556,63.9,3.78,1.225,,,,,
Mazama,8,155, cls_3 ,1.0338,63.9,4.8378,0.9187,,,,,
Mazama,8,156, cls_3 ,1.126,71.4424,3.6752,5.104,,,,,
Mazama,8,158, cls_3 ,1.0688,204.5798,0.7773,0.5104,,,,,
Mazama,8,159, cls_3 ,1.0537,71.4424,3.7453,0.4083,,,,,
Mazama,8,160, cls_3 ,1.1495,372.5978,1.0234,9.6976,,,,,
Mazama,8,161, cls_3 ,1.0933,63.9,4.3097,1.7354,,,,,
Mazama,8,162, cls_3 ,1.089,63.9,4.5284,1.327,,,,,
Mazama,8,163, cls_3 ,1.0635,223.65,3.0959,3.3686,,,,,
Mazama,8,165, cls_3 ,1.0047,159.75,1.3161,0.6125,,,,,
Mazama,8,166, cls_3 ,1,63.9,14.2215,0.1021,,,,,
Mazama,8,167, cls_3 ,1.1228,159.75,5.5269,1.5312,,,,,
Mazama,8,168, cls_3 ,1.0283,63.9,6.5002,0.7146,,,,,
Mazama,8,169, cls_3 ,1.1296,159.75,0.9337,1.6333,,,,,
Mazama,8,170, cls_3 ,1.1645,357.2119,1.0434,7.4519,,,,,
Mazama,8,171, cls_3 ,1.0635,63.9,5.5419,3.3686,,,,,
Mazama,8,172, cls_3 ,1.153,95.85,1.473,6.1248,,,,,
Mazama,8,173, cls_3 ,1.0402,63.9,10.0091,1.1229,,,,,
Mazama,8,174, cls_3 ,1.0819,257.5891,9.0789,0.6125,,,,,
Mazama,8,175, cls_3 ,1.0465,63.9,10.0672,0.6125,,,,,
Mazama,8,176, cls_3 ,1.0769,670.95,0.582,0.8166,,,,,
Mazama,8,177, cls_3 ,1.1395,95.85,7.2531,0.6125,,,,,
Mazama,8,179, cls_3 ,1.0283,202.0695,34.3244,0.7146,,,,,
Mazama,8,180, cls_3 ,1.128,772.7674,0.4932,4.6957,,,,,
Mazama,8,181, cls_3 ,1.1559,71.4424,194.4896,136.4813,,,,,
Mazama,8,182, cls_3 ,1,357.2119,1.0179,0.4083,,,,,
Mazama,8,183, cls_3 ,1.0606,357.2119,1.4357,1.4291,,,,,
Mazama,8,184, cls_3 ,1.0784,772.7674,0.5497,3.2666,,,,,
Mazama,8,185, cls_3 ,1.0843,135.5524,3.4976,2.4499,,,,,
Mazama,8,186, cls_3 ,1.1085,255.6,2.0673,1.1229,,,,,
Mazama,8,188, cls_3 ,1.0338,255.6,2.0672,0.9187,,,,,
Mazama,8,189, cls_3 ,1.0402,159.75,2.2892,1.1229,,,,,
Mazama,8,190, cls_3 ,1.1187,71.4424,4.0309,2.2458,,,,,
Mazama,8,191, cls_3 ,1.148,90.3682,1.7982,5.8186,,,,,
Mazama,8,192, cls_3 ,1.0467,214.3271,2.9751,1.327,,,,,
Mazama,8,193, cls_3 ,1.1066,159.75,3.5318,3.0624,,,,,
Mazama,8,194, cls_3 ,1.1658,162.9137,2.4114,12.658,,,,,
Mazama,8,195, cls_3 ,1.0932,1040.2166,0.5495,0.7146,,,,,
Mazama,8,196, cls_3 ,1.0926,115.1974,93.4548,2.552,,,,,
Mazama,8,197, cls_3 ,1,90.3682,7.5115,0.1021,,,,,
Mazama,8,198, cls_3 ,1.0631,71.4424,9.323,0.7146,,,,,
Mazama,8,199, cls_3 ,1.1561,214.3271,9.8347,1.0208,,,,,
Mazama,8,200, cls_3 ,1.0306,287.55,3.9464,1.225,,,,,
Mazama,8,201, cls_3 ,1.0987,90.3682,20.5302,1.4291,,,,,
Mazama,8,202, cls_3 ,1.0924,90.3682,172.8562,2.8582,,,,,
Mazama,8,203, cls_3 ,1.1017,101.0348,72.8838,2.3478,,,,,
Mazama,8,204, cls_3 ,1.0771,142.8847,2.0504,3.6749,,,,,
Mazama,8,205, cls_3 ,1.0338,159.75,10.735,0.9187,,,,,
Mazama,8,207, cls_3 ,1.0445,71.4424,6.1018,2.3478,,,,,
Mazama,8,208, cls_3 ,1.1328,63.9,11.8246,6.7373,,,,,
Mazama,8,209, cls_3 ,1.0799,63.9,25.2417,2.2458,,,,,
Mazama,8,210, cls_3 ,1.0982,63.9,14.2721,1.225,,,,,
Mazama,8,211, cls_3 ,1.0769,202.0695,0.8895,0.8166,,,,,
Mazama,8,212, cls_3 ,1.1636,115.1974,8.3096,23.2743,,,,,
Mazama,8,213, cls_3 ,1.1581,71.4424,195.546,60.1253,,,,,
Mazama,8,214, cls_3 ,1,71.4424,7.3109,0.1021,,,,,
Mazama,8,215, cls_3 ,1.0909,95.85,11.0917,1.5312,,,,,
Mazama,8,216, cls_3 ,1.1476,101.0348,9.4931,25.9284,,,,,
Mazama,8,217, cls_3 ,1.0631,202.0695,0.825,0.7146,,,,,
Mazama,8,218, cls_3 ,1.0819,772.7674,1.2313,0.6125,,,,,
Mazama,8,219, cls_3 ,1.022,159.75,6.9912,1.0208,,,,,
Mazama,8,220, cls_3 ,1.0764,101.0348,9.1242,1.0208,,,,,
Mazama,8,221, cls_3 ,1.1416,95.85,13.1218,6.8394,,,,,
Mazama,8,222, cls_3 ,1.1159,71.4424,16.5045,2.552,,,,,
Mazama,8,223, cls_3 ,1.1706,71.4424,296.5525,58.0837,,,,,
Mazama,8,224, cls_3 ,1.1395,383.4,1.3157,0.6125,,,,,
Mazama,8,225, cls_3 ,1.069,95.85,20.9711,3.9811,,,,,
Mazama,8,226, cls_3 ,1.0811,90.3682,12.2902,6.0227,,,,,
Mazama,8,227, cls_3 ,1.0283,159.75,9.9589,0.7146,,,,,
Mazama,8,228, cls_3 ,1,71.4424,18.5249,0.1021,,,,,
Mazama,8,229, cls_3 ,1.0338,71.4424,215.5493,0.9187,,,,,
Mazama,8,230, cls_3 ,1.0866,63.9,17.8624,8.0643,,,,,
Mazama,8,231, cls_3 ,1.077,63.9,13.5533,4.8999,,,,,
Mazama,8,232, cls_3 ,1.0401,95.85,24.6567,2.8582,,,,,
Mazama,8,234, cls_3 ,1.0473,90.3682,13.132,0.8166,,,,,
Mazama,8,235, cls_3 ,1.0938,135.5524,21.5211,4.8999,,,,,
Mazama,8,236, cls_3 ,1.0386,63.9,13.8476,1.4291,,,,,
Mazama,8,237, cls_3 ,1.0318,287.55,1.2122,2.2458,,,,,
Mazama,8,239, cls_3 ,1.0473,101.0348,29.5391,0.8166,,,,,
Mazama,8,240, cls_3 ,1.0752,63.9,28.4413,2.3478,,,,,
Mazama,8,241, cls_3 ,1.0283,71.4424,10.3747,0.7146,,,,,
Mazama,8,242, cls_3 ,1.0477,63.9,25.7854,2.6541,,,,,
Mazama,8,243, cls_3 ,1.0155,71.4424,16.9262,0.2042,,,,,
Mazama,8,244, cls_3 ,1,90.3682,79.4717,0.1021,,,,,
Mazama,8,246, cls_3 ,1.1154,457.4544,0.6208,1.6333,,,,,
Mazama,8,247, cls_3 ,1.1221,63.9,22.5787,31.4407,,,,,
Mazama,8,248, cls_3 ,1.2061,115.1974,6.6147,94.3222,,,,,
Mazama,8,249, cls_3 ,1.0155,63.9,79.8544,0.2042,,,,,
Mazama,8,250, cls_3 ,1,71.4424,62.3208,0.1021,,,,,
Mazama,8,251, cls_3 ,1.056,71.4424,43.968,2.4499,,,,,
Mazama,8,252, cls_3 ,1.0473,71.4424,118.9745,0.8166,,,,,
Mazama,8,253, cls_3 ,1.0386,101.0348,20.333,1.4291,,,,,
Mazama,8,254, cls_3 ,1.078,443.8636,6.5573,1.225,,,,,
Mazama,8,255, cls_3 ,1.053,101.0348,73.5559,1.5312,,,,,
Mazama,8,256, cls_3 ,1.1409,2421.8859,0.4064,5.0019,,,,,
Mazama,8,257, cls_3 ,1.0688,180.7365,13.4494,0.5104,,,,,
Mazama,8,259, cls_3 ,1.1309,115.1974,72.5864,1.4291,,,,,
Mazama,8,260, cls_3 ,1.1075,71.4424,52.7714,2.7562,,,,,
Mazama,8,261, cls_3 ,1.1818,115.1974,27.9513,18.4765,,,,,
Mazama,8,262, cls_3 ,1,225.9206,4.6491,0.1021,,,,,
Mazama,8,264, cls_3 ,1.1133,71.4424,15.2468,7.7581,,,,,
Mazama,8,266, cls_3 ,1.0975,159.75,5.0695,0.4083,,,,,
Mazama,8,267, cls_3 ,1.112,1602.6038,0.4967,0.9187,,,,,
Mazama,8,268, cls_3 ,1,115.1974,6.0015,0.4083,,,,,
Mazama,8,269, cls_3 ,1.0465,214.3271,6.8003,0.6125,,,,,
Mazama,8,270, cls_3 ,1.1265,115.1974,4.5507,0.8166,,,,,
Mazama,8,271, cls_3 ,1.109,420.2366,2.5899,2.4499,,,,,
Mazama,8,272, cls_3 ,1.1004,535.5796,1.8096,4.5936,,,,,
Mazama,8,273, cls_3 ,1.063,71.4424,2.8892,0.9187,,,,,
Mazama,8,274, cls_3 ,1,71.4424,3.7417,0.1021,,,,,
Mazama,8,275, cls_3 ,1.0261,71.4424,4.3207,0.5104,,,,,
Mazama,8,276, cls_3 ,1.088,1437.75,0.5796,1.1229,,,,,
Mazama,8,277, cls_3 ,1.1281,101.0348,2.8792,2.7562,,,,,
Mazama,8,278, cls_3 ,1.078,587.3936,1.4186,1.225,,,,,
Mazama,8,279, cls_3 ,1.088,101.0348,4.425,1.1229,,,,,
Mazama,8,280, cls_3 ,1.1353,101.0348,5.3048,1.9395,,,,,
Mazama,8,281, cls_3 ,1.0283,115.1974,3.4227,0.7146,,,,,
Mazama,8,282, cls_3 ,1.1063,225.9206,1.806,3.3686,,,,,
Mazama,8,283, cls_3 ,1.0631,115.1974,4.8991,0.7146,,,,,
Mazama,8,284, cls_3 ,1.0473,528.8666,3.3159,0.8166,,,,,
Mazama,8,285, cls_3 ,1.0743,101.0348,3.643,3.777,,,,,
Mazama,8,286, cls_3 ,1.1597,63.9,4.7441,2.6541,,,,,
Mazama,8,287, cls_3 ,1.0889,115.1974,29.6622,2.3478,,,,,
Mazama,8,288, cls_3 ,1.0155,63.9,8.026,0.2042,,,,,
Mazama,8,290, cls_3 ,1.0047,63.9,7.7459,0.6125,,,,,
Mazama,8,291, cls_3 ,1.1268,172.056,5.609,3.5728,,,,,
Mazama,8,293, cls_3 ,1,63.9,5.1645,0.1021,,,,,
Mazama,8,294, cls_3 ,1.0465,71.4424,6.5049,0.6125,,,,,
Mazama,8,295, cls_3 ,1.0688,131.7332,2.3208,0.5104,,,,,
Mazama,8,296, cls_3 ,1.0701,101.0348,76.4922,2.1437,,,,,
Mazama,8,297, cls_3 ,1.0925,63.9,4.5709,9.0851,,,,,
Mazama,8,298, cls_3 ,1.0752,101.0348,8.9617,3.3686,,,,,
Mazama,8,299, cls_3 ,1.1096,101.0348,55.8113,3.2666,,,,,
Mazama,8,301, cls_3 ,1.146,95.85,30.3061,2.3478,,,,,
Mazama,8,302, cls_3 ,1.1099,243.324,4.7386,1.9395,,,,,
Mazama,8,303, cls_3 ,1.2908,63.9,75.4279,180.8862,,,,,
Mazama,8,304, cls_3 ,1.0338,131.7332,1.923,0.9187,,,,,
Mazama,8,305, cls_3 ,1.0509,243.324,7.8431,1.0208,,,,,
Mazama,8,306, cls_3 ,1.0537,101.0348,16.593,0.4083,,,,,
Mazama,8,307, cls_3 ,1.2019,63.9,455.6318,22.866,,,,,
Mazama,8,309, cls_3 ,1.1436,243.324,6.5734,3.0624,,,,,
Mazama,8,310, cls_3 ,1.0701,95.85,5.2218,2.1437,,,,,
Mazama,8,311, cls_3 ,1.0791,115.1974,4.8288,19.7015,,,,,
Mazama,8,313, cls_3 ,1.14,71.4424,14.7917,6.9415,,,,,
Mazama,8,314, cls_3 ,1.0606,63.9,22.9876,1.4291,,,,,
Mazama,8,315, cls_3 ,1.0465,131.7332,13.7657,0.6125,,,,,
Mazama,8,318, cls_3 ,1.0509,225.9206,2.9139,1.0208,,,,,
Mazama,8,320, cls_3 ,1.0904,90.3682,6.7799,3.5728,,,,,
Mazama,8,321, cls_3 ,1.0769,63.9,10.8121,0.8166,,,,,
Mazama,8,323, cls_3 ,1.0805,63.9,20.242,1.4291,,,,,
Mazama,8,324, cls_3 ,1.0647,71.4424,21.6403,1.9395,,,,,
Mazama,8,325, cls_3 ,1.0556,225.9206,2.2141,1.225,,,,,
Mazama,8,326, cls_3 ,1.0402,225.9206,34.3514,1.1229,,,,,
Mazama,8,327, cls_3 ,1.1257,180.7365,2.4765,4.7978,,,,,
Mazama,8,329, cls_3 ,1.079,63.9,71.6098,4.3895,,,,,
Mazama,8,332, cls_3 ,1.089,474.9709,1.1649,1.327,,,,,
Mazama,8,333, cls_3 ,1.0752,159.75,2.6828,2.3478,,,,,
Mazama,8,334, cls_3 ,1.203,71.4424,19.9423,17.762,,,,,
Mazama,8,335, cls_3 ,1.0631,71.4424,35.9265,0.7146,,,,,
Mazama,8,336, cls_3 ,1.0575,257.5891,18.3648,3.1645,,,,,
Mazama,8,337, cls_3 ,1.0909,63.9,444.6428,0.2042,,,,,
Mazama,8,339, cls_3 ,1.096,101.0348,5.3891,4.7978,,,,,
Mazama,8,340, cls_3 ,1,63.9,102.6053,0.1021,,,,,
Mazama,8,341, cls_3 ,1.0473,90.3682,8.5336,0.8166,,,,,
Mazama,8,345, cls_3 ,1.0306,801.3019,0.6083,1.225,,,,,
Mazama,8,346, cls_3 ,1.0465,101.0348,138.6671,0.6125,,,,,
Mazama,8,347, cls_3 ,1.1167,63.9,193.4541,1.225,,,,,
Mazama,8,348, cls_3 ,1.1126,71.4424,20.1097,4.0832,,,,,
Mazama,8,349, cls_3 ,1.0386,63.9,444.423,1.4291,,,,,
Mazama,8,350, cls_3 ,1,63.9,461.856,0.1021,,,,,
Mazama,8,353, cls_3 ,1.1413,101.0348,6.6192,3.3686,,,,,
Mazama,8,356, cls_3 ,1.0764,202.0695,5.1973,1.0208,,,,,
Mazama,8,361, cls_3 ,1.1296,71.4424,31.3583,1.6333,,,,,
Mazama,8,363, cls_3 ,1,90.3682,222.812,0.1021,,,,,
Mazama,8,365, cls_3 ,1.1089,127.8,111.8854,7.2477,,,,,
Mazama,8,367, cls_3 ,1.1434,63.9,6.5869,0.7146,,,,,
Mazama,8,368, cls_3 ,1,325.8273,2.1258,0.1021,,,,,
Mazama,8,369, cls_3 ,1.1434,63.9,5.0599,0.7146,,,,,
Mazama,8,370, cls_3 ,1.1133,357.2119,0.8978,7.7581,,,,,
Mazama,8,371, cls_3 ,1.0975,101.0348,8.3282,0.4083,,,,,
Mazama,8,372, cls_3 ,1.0909,63.9,22.0623,0.2042,,,,,
Mazama,8,374, cls_3 ,1.1554,63.9,36.2855,8.4727,,,,,
Mazama,8,376, cls_3 ,1.1204,101.0348,5.8976,2.4499,,,,,
Mazama,8,379, cls_3 ,1.0179,127.8,3.5417,1.7354,,,,,
Mazama,8,380, cls_3 ,1.0155,71.4424,5.1443,0.2042,,,,,
Mazama,8,385, cls_3 ,1.1031,274.8443,1.1643,0.8166,,,,,
Mazama,8,386, cls_3 ,1.0909,63.9,444.0086,0.2042,,,,,
Mazama,8,387, cls_3 ,1,142.8847,10.8297,0.1021,,,,,
Mazama,8,394, cls_3 ,1.1716,63.9,54.2756,4.8999,,,,,
Mazama,8,395, cls_3 ,1,71.4424,25.5688,0.1021,,,,,
Mazama,8,396, cls_3 ,1.0283,63.9,14.2797,0.7146,,,,,
Mazama,8,397, cls_3 ,1.1369,71.4424,36.397,0.3062,,,,,
Mazama,8,398, cls_3 ,1.0728,90.3682,10.2073,1.5312,,,,,
Mazama,8,399, cls_3 ,1.1585,63.9,30.8961,23.5805,,,,,
Mazama,8,400, cls_3 ,1.0537,131.7332,105.5195,0.4083,,,,,
Mazama,8,401, cls_3 ,1.1667,71.4424,355.1707,0.4083,,,,,
Mazama,8,402, cls_3 ,1.1124,63.9,75.9994,3.777,,,,,
Mazama,8,408, cls_3 ,1.1519,115.1974,137.5952,0.9187,,,,,
Mazama,8,409, cls_3 ,1.0155,63.9,59.5946,0.2042,,,,,
Mazama,8,27, cls_5 ,1.1578,546.8959,0.0249,1.9395,,,,,
Mazama,8,49, cls_5 ,1.0631,546.8959,0.0659,0.7146,,,,,
Mazama,8,147, cls_5 ,1.0932,520.1083,0.0356,0.7146,,,,,
Mazama,8,153, cls_5 ,1.0688,285.7695,0.1406,0.5104,,,,,
Mazama,8,164, cls_5 ,1.1519,285.7695,0.0762,0.9187,,,,,
Mazama,8,187, cls_5 ,1.0914,1891.5371,0.0055,0.3062,,,,,
Mazama,8,354, cls_5 ,1,848.9326,0.0083,0.1021,,,,,
Mazama,8,373, cls_5 ,1,544.0889,0.0191,0.1021,,,,,
Mazama,8,375, cls_5 ,1,516.168,0.026,0.1021,,,,,
Mazama,8,383, cls_5 ,1.0688,516.168,0.0113,0.5104,,,,,
Mazama,8,388, cls_5 ,1.052,709.4051,0.1962,3.777,,,,,
Mazama,8,390, cls_5 ,1.0909,926.55,0.0389,0.2042,,,,,
Mazama,8,391, cls_5 ,1.1073,926.55,0.0697,1.327,,,,,
Mazama,8,393, cls_5 ,1,544.0889,0.0202,0.1021,,,,,
Mazama,8,404, cls_5 ,1.0881,709.4051,0.0929,8.9831,,,,,
Mazama,8,410, cls_5 ,1.1845,225.9206,0.2,0.7146,,,,,
Mazama,8,411, cls_5 ,1,225.9206,0.2677,0.1021,,,,,
Mazama,8,40, cls_2 ,1.1807,7893.978,0.0003,1.327,,,,,
Mazama,8,58, cls_2 ,1.112,7893.978,0.0007,0.9187,,,,,
Mazama,8,157, cls_2 ,1.0155,8026.5751,0.0003,0.2042,,,,,
Mazama,8,178, cls_2 ,1.0547,9984.1577,0.0002,3.6749,,,,,
Mazama,8,300, cls_2 ,1.112,10184.0844,0.0005,0.9187,,,,,
Mazama,8,289, cls_6 ,1.0769,255.6,0.5495,0.8166,,,,,
Mazama,8,292, cls_6 ,1.0734,255.6,0.2044,3.0624,,,,,
Mazama,8,317, cls_6 ,1.0473,249.5375,0.9877,0.8166,,,,,
Mazama,8,319, cls_6 ,1.0809,115.1974,1.2543,1.9395,,,,,
Mazama,8,322, cls_6 ,1.0654,90.3682,14.6195,1.1229,,,,,
Mazama,8,328, cls_6 ,1.0556,115.1974,1.8773,1.225,,,,,
Mazama,8,331, cls_6 ,1.041,90.3682,11.1901,11.5351,,,,,
Mazama,8,338, cls_6 ,1.059,361.473,0.3322,1.7354,,,,,
Mazama,8,342, cls_6 ,1.0728,115.1974,0.2055,1.5312,,,,,
Mazama,8,343, cls_6 ,1.0935,63.9,1.7739,19.5994,,,,,
Mazama,8,344, cls_6 ,1.1187,451.8412,0.377,4.7978,,,,,
Mazama,8,355, cls_6 ,1,115.1974,1.2548,0.1021,,,,,
Mazama,8,357, cls_6 ,1.0631,63.9,48.0256,0.7146,,,,,
Mazama,8,358, cls_6 ,1.0306,131.7332,1.5207,1.225,,,,,
Mazama,8,359, cls_6 ,1.0283,71.4424,2.4135,0.7146,,,,,
Mazama,8,362, cls_6 ,1.0808,101.0348,12.6763,9.6976,,,,,
Mazama,8,364, cls_6 ,1.0131,71.4424,2.7926,0.8166,,,,,
Mazama,8,382, cls_6 ,1.0338,159.75,5.5233,0.9187,,,,,
Mazama,8,392, cls_6 ,1.1463,257.5891,0.8389,15.9245,,,,,
Mazama,8,403, cls_6 ,1,135.5524,2.6948,0.1021,,,,,
Mazama,8,405, cls_6 ,1,135.5524,2.2007,0.1021,,,,,
Mazama,8,360, cls_4 ,1.1362,1186.0294,0.0094,0.5104,,,,,
Mazama,8,366, cls_4 ,1.1398,1186.0294,0.0036,1.327,,,,,
Mazama,9,1, cls_3 ,1.0358,319.5,0.4784,0.3062,,,,,
Mazama,9,3, cls_3 ,1.088,159.75,1.4919,1.1229,,,,,
Mazama,9,4, cls_3 ,1.0799,90.3682,4.3734,2.552,,,,,
Mazama,9,5, cls_3 ,1.0583,90.3682,3.7068,2.7562,,,,,
Mazama,9,6, cls_3 ,1.1292,90.3682,4.8947,1.8374,,,,,
Mazama,9,7, cls_3 ,1.1427,63.9,3.3781,3.5728,,,,,
Mazama,9,8, cls_3 ,1.0155,63.9,9.4383,0.2042,,,,,
Mazama,9,9, cls_3 ,1.0979,285.7695,0.6297,9.0851,,,,,
Mazama,9,12, cls_3 ,1.0358,135.5524,2.2772,0.3062,,,,,
Mazama,9,13, cls_3 ,1.112,95.85,1.7685,0.9187,,,,,
Mazama,9,14, cls_3 ,1,95.85,2.4807,0.1021,,,,,
Mazama,9,15, cls_3 ,1.1336,90.3682,7.5586,2.8582,,,,,
Mazama,9,16, cls_3 ,1.0815,95.85,1.8784,5.104,,,,,
Mazama,9,17, cls_3 ,1.1264,71.4424,8.9823,5.4103,,,,,
Mazama,9,18, cls_3 ,1.0889,71.4424,11.6836,2.3478,,,,,
Mazama,9,19, cls_3 ,1.1519,115.1974,15.9007,7.7581,,,,,
Mazama,9,20, cls_3 ,1.0338,95.85,6.4541,0.9187,,,,,
Mazama,9,21, cls_3 ,1.0879,115.1974,6.6634,20.1098,,,,,
Mazama,9,22, cls_3 ,1.1017,225.9206,1.5757,4.1853,,,,,
Mazama,9,23, cls_3 ,1.0971,225.9206,2.0055,2.4499,,,,,
Mazama,9,24, cls_3 ,1.0914,204.5798,1.6343,0.3062,,,,,
Mazama,9,25, cls_3 ,1.0537,204.5798,1.1432,0.4083,,,,,
Mazama,9,26, cls_3 ,1.0752,257.5891,0.8269,2.3478,,,,,
Mazama,9,27, cls_3 ,1.1134,426.2662,3.7478,18.7828,,,,,
Mazama,9,28, cls_3 ,1,257.5891,1.2181,0.1021,,,,,
Mazama,9,29, cls_3 ,1.1185,90.3682,128.0438,31.9511,,,,,
Mazama,9,30, cls_3 ,1.0576,894.6,1.2714,3.5728,,,,,
Mazama,9,32, cls_3 ,1.0657,159.75,14.2851,1.6333,,,,,
Mazama,9,34, cls_3 ,1.2648,71.4424,112.2717,100.447,,,,,
Mazama,9,35, cls_3 ,1.1801,63.9,19.7132,19.1911,,,,,
Mazama,9,36, cls_3 ,1.1212,95.85,23.3022,7.9623,,,,,
Mazama,9,37, cls_3 ,1.168,301.4157,5.6325,2.6541,,,,,
Mazama,9,38, cls_3 ,1,90.3682,160.1039,0.1021,,,,,
Mazama,9,39, cls_3 ,1.1233,63.9,62.0424,3.9811,,,,,
Mazama,9,40, cls_3 ,1.0775,131.7332,5.3217,7.2477,,,,,
Mazama,9,41, cls_3 ,1.1502,243.324,4.4904,7.5539,,,,,
Mazama,9,42, cls_3 ,1.0509,131.7332,9.4065,1.0208,,,,,
Mazama,9,43, cls_3 ,1.181,63.9,9.3814,13.1684,,,,,
Mazama,9,44, cls_3 ,1,301.4157,6.6393,0.1021,,,,,
Mazama,9,45, cls_3 ,1.0335,63.9,35.8953,1.8374,,,,,
Mazama,9,46, cls_3 ,1.0471,162.9137,9.6397,1.9395,,,,,
Mazama,9,47, cls_3 ,1.0283,101.0348,4.7764,0.7146,,,,,
Mazama,9,48, cls_3 ,1.1006,63.9,15.123,14.9037,,,,,
Mazama,9,49, cls_3 ,1.1302,142.8847,13.231,24.193,,,,,
Mazama,9,50, cls_3 ,1.1679,127.8,63.8058,1.327,,,,,
Mazama,9,51, cls_3 ,1.0769,101.0348,5.3581,0.8166,,,,,
Mazama,9,52, cls_3 ,1.1815,63.9,25.8371,4.6957,,,,,
Mazama,9,53, cls_3 ,1.1075,63.9,13.4742,1.5312,,,,,
Mazama,9,54, cls_3 ,1.0473,172.056,13.8841,0.8166,,,,,
Mazama,9,55, cls_3 ,1.1365,95.85,13.1323,3.2666,,,,,
Mazama,9,56, cls_3 ,1.1137,63.9,40.7867,2.3478,,,,,
Mazama,9,57, cls_3 ,1.109,63.9,8.0994,2.4499,,,,,
Mazama,9,58, cls_3 ,1,63.9,8.9679,0.1021,,,,,
Mazama,9,59, cls_3 ,1.046,142.8847,8.0418,1.6333,,,,,
Mazama,9,60, cls_3 ,1,63.9,11.138,0.1021,,,,,
Mazama,9,61, cls_3 ,1.1973,63.9,159.78,105.1427,,,,,
Mazama,9,62, cls_3 ,1.0757,90.3682,132.2975,8.4727,,,,,
Mazama,9,63, cls_3 ,1.0047,257.5891,2.9894,0.6125,,,,,
Mazama,9,64, cls_3 ,1.2125,63.9,298.791,55.4296,,,,,
Mazama,9,65, cls_3 ,1.1073,243.324,4.1045,1.327,,,,,
Mazama,9,67, cls_3 ,1.1038,90.3682,175.5439,10.5143,,,,,
Mazama,9,68, cls_3 ,1.109,63.9,6.2449,2.4499,,,,,
Mazama,9,69, cls_3 ,1.1128,142.8847,14.3396,11.0247,,,,,
Mazama,9,70, cls_3 ,1.1898,71.4424,292.8594,22.2535,,,,,
Mazama,9,71, cls_3 ,1.0631,400.3324,3.9695,0.7146,,,,,
Mazama,9,73, cls_3 ,1.0932,63.9,10.1066,0.7146,,,,,
Mazama,9,74, cls_3 ,1.1099,63.9,259.2901,1.9395,,,,,
Mazama,9,75, cls_3 ,1.0744,63.9,343.5963,4.5936,,,,,
Mazama,9,77, cls_3 ,1.0932,333.5678,5.976,0.7146,,,,,
Mazama,9,78, cls_3 ,1.0907,63.9,143.3237,7.2477,,,,,
Mazama,9,79, cls_3 ,1.2085,63.9,85.9819,42.6695,,,,,
Mazama,9,81, cls_3 ,1.0728,131.7332,10.9427,1.5312,,,,,
Mazama,9,85, cls_3 ,1.0654,460.7895,4.0876,1.1229,,,,,
Mazama,9,86, cls_3 ,1.0509,131.7332,6.1728,1.0208,,,,,
Mazama,9,90, cls_3 ,1.1444,131.7332,6.2016,4.2874,,,,,
Mazama,9,92, cls_3 ,1.0894,63.9,97.1374,3.2666,,,,,
Mazama,9,93, cls_3 ,1.0654,71.4424,223.1346,1.1229,,,,,
Mazama,9,94, cls_3 ,1.2217,63.9,41.5671,36.3406,,,,,
Mazama,9,95, cls_3 ,1.0401,225.9206,2.7506,2.4499,,,,,
Mazama,9,96, cls_3 ,1.0358,71.4424,208.1896,0.3062,,,,,
Mazama,9,97, cls_3 ,1.1836,63.9,116.5311,8.5747,,,,,
Mazama,9,98, cls_3 ,1.0286,71.4424,86.2171,4.7978,,,,,
Mazama,9,99, cls_3 ,1.1513,63.9,67.0527,6.2269,,,,,
Mazama,9,100, cls_3 ,1.0847,115.1974,42.8108,11.6371,,,,,
Mazama,9,101, cls_3 ,1.0395,71.4424,11.9493,1.7354,,,,,
Mazama,9,102, cls_3 ,1.0717,71.4424,47.6711,6.1248,,,,,
Mazama,9,103, cls_3 ,1.1881,115.1974,15.3688,30.3178,,,,,
Mazama,9,104, cls_3 ,1.0934,101.0348,14.0075,3.4707,,,,,
Mazama,9,105, cls_3 ,1.145,63.9,6.461,15.21,,,,,
Mazama,9,106, cls_3 ,1.0131,127.8,3.0641,0.8166,,,,,
Mazama,9,107, cls_3 ,1.1672,63.9,39.3911,1.6333,,,,,
Mazama,9,108, cls_3 ,1.0358,63.9,38.1231,0.3062,,,,,
Mazama,9,109, cls_3 ,1.0155,71.4424,17.3873,0.2042,,,,,
Mazama,9,110, cls_3 ,1.0465,159.75,7.8068,0.6125,,,,,
Mazama,9,111, cls_3 ,1.0848,63.9,4.8662,14.1892,,,,,
Mazama,9,112, cls_3 ,1.0338,180.7365,18.0972,0.9187,,,,,
Mazama,9,113, cls_3 ,1.0556,71.4424,21.3776,1.225,,,,,
Mazama,9,114, cls_3 ,1.0283,127.8,2.7647,0.7146,,,,,
Mazama,9,115, cls_3 ,1.138,63.9,25.2661,26.9492,,,,,
Mazama,9,116, cls_3 ,1.022,101.0348,8.8317,1.0208,,,,,
Mazama,9,117, cls_3 ,1.0863,71.4424,30.4236,4.0832,,,,,
Mazama,9,118, cls_3 ,1.1093,230.3947,6.1758,8.9831,,,,,
Mazama,9,119, cls_3 ,1.0631,287.55,6.9309,0.7146,,,,,
Mazama,9,121, cls_3 ,1.1059,115.1974,25.3788,7.0435,,,,,
Mazama,9,123, cls_3 ,1.1358,115.1974,29.9306,1.7354,,,,,
Mazama,9,125, cls_3 ,1,63.9,6.1871,0.1021,,,,,
Mazama,9,126, cls_3 ,1.1453,71.4424,36.1385,4.7978,,,,,
Mazama,9,127, cls_3 ,1.0261,63.9,4.9895,0.5104,,,,,
Mazama,9,129, cls_3 ,1.1115,71.4424,15.879,4.7978,,,,,
Mazama,9,130, cls_3 ,1.0606,71.4424,28.1575,1.4291,,,,,
Mazama,9,132, cls_3 ,1.0358,90.3682,3.263,0.3062,,,,,
Mazama,9,133, cls_3 ,1.0874,127.8,9.8969,3.6749,,,,,
Mazama,9,134, cls_3 ,1.0261,127.8,9.3742,0.5104,,,,,
Mazama,9,136, cls_3 ,1.1477,202.0695,3.6508,0.8166,,,,,
Mazama,9,137, cls_3 ,1,71.4424,30.1574,0.1021,,,,,
Mazama,9,138, cls_3 ,1,90.3682,3.494,0.1021,,,,,
Mazama,9,139, cls_3 ,1.1751,71.4424,8.2059,12.5559,,,,,
Mazama,9,140, cls_3 ,1.046,131.7332,7.0861,1.6333,,,,,
Mazama,9,142, cls_3 ,1.0465,243.324,6.951,0.6125,,,,,
Mazama,9,144, cls_3 ,1.0909,63.9,26.6543,1.5312,,,,,
Mazama,9,145, cls_3 ,1.1964,95.85,5.8674,19.7015,,,,,
Mazama,9,147, cls_3 ,1.0509,63.9,10.8534,1.0208,,,,,
Mazama,9,149, cls_3 ,1.0306,225.9206,2.9012,1.225,,,,,
Mazama,9,150, cls_3 ,1.0764,364.286,2.164,1.0208,,,,,
Mazama,9,151, cls_3 ,1.1406,225.9206,3.3279,5.6144,,,,,
Mazama,9,152, cls_3 ,1.0667,115.1974,4.1891,3.2666,,,,,
Mazama,9,154, cls_3 ,1.0311,115.1974,4.8238,1.5312,,,,,
Mazama,9,155, cls_3 ,1.1225,63.9,28.5224,8.6768,,,,,
Mazama,9,156, cls_3 ,1.1256,63.9,25.9255,4.4915,,,,,
Mazama,9,157, cls_3 ,1.0965,289.3196,1.981,3.3686,,,,,
Mazama,9,158, cls_3 ,1.0932,263.4664,4.8037,0.7146,,,,,
Mazama,9,160, cls_3 ,1.0663,487.6956,0.8839,2.552,,,,,
Mazama,9,161, cls_3 ,1.0654,285.7695,4.5576,1.1229,,,,,
Mazama,9,162, cls_3 ,1.1035,214.3271,4.6262,2.8582,,,,,
Mazama,9,163, cls_3 ,1.1031,225.9206,3.2831,0.8166,,,,,
Mazama,9,164, cls_3 ,1.0729,63.9,34.9848,5.104,,,,,
Mazama,9,166, cls_3 ,1.0465,1281.5893,1.4238,0.6125,,,,,
Mazama,9,167, cls_3 ,1.0631,352.8993,1.1492,0.7146,,,,,
Mazama,9,169, cls_3 ,1.0654,352.8993,1.1027,1.1229,,,,,
Mazama,9,170, cls_3 ,1.1206,214.3271,9.9836,4.0832,,,,,
Mazama,9,171, cls_3 ,1.1527,90.3682,56.7616,18.9869,,,,,
Mazama,9,172, cls_3 ,1.0728,301.4157,2.3443,1.5312,,,,,
Mazama,9,175, cls_3 ,1.1011,71.4424,3.4296,5.3082,,,,,
Mazama,9,178, cls_3 ,1.0799,90.3682,11.5751,2.2458,,,,,
Mazama,9,179, cls_3 ,1.2129,63.9,32.7191,40.73,,,,,
Mazama,9,180, cls_3 ,1.0543,357.2119,2.1674,7.9623,,,,,
Mazama,9,181, cls_3 ,1.1062,301.4157,3.3787,7.4519,,,,,
Mazama,9,182, cls_3 ,1.105,71.4424,12.4341,0.5104,,,,,
Mazama,9,183, cls_3 ,1.0631,90.3682,21.7565,0.7146,,,,,
Mazama,9,185, cls_3 ,1,71.4424,6.0095,0.1021,,,,,
Mazama,9,187, cls_3 ,1,90.3682,3.728,0.1021,,,,,
Mazama,9,188, cls_3 ,1.1187,364.286,1.4785,4.7978,,,,,
Mazama,9,189, cls_3 ,1.0836,223.65,2.2587,1.6333,,,,,
Mazama,9,190, cls_3 ,1.1509,364.286,1.4405,2.4499,,,,,
Mazama,9,191, cls_3 ,1.0311,388.6885,4.0853,1.5312,,,,,
Mazama,9,192, cls_3 ,1.0509,131.7332,27.4394,4.2874,,,,,
Mazama,9,193, cls_3 ,1.0606,223.65,2.2182,1.4291,,,,,
Mazama,9,194, cls_3 ,1.0769,63.9,124.6778,0.8166,,,,,
Mazama,9,195, cls_3 ,1.1354,271.1047,3.3535,2.1437,,,,,
Mazama,9,197, cls_3 ,1,90.3682,12.7528,0.1021,,,,,
Mazama,9,198, cls_3 ,1.169,63.9,51.2988,24.2951,,,,,
Mazama,9,199, cls_3 ,1.0841,63.9,91.2404,7.7581,,,,,
Mazama,9,202, cls_3 ,1.1144,95.85,44.5203,5.7165,,,,,
Mazama,9,203, cls_3 ,1.0569,225.9206,4.5515,7.1456,,,,,
Mazama,9,204, cls_3 ,1.0631,127.8,5.152,0.7146,,,,,
Mazama,9,205, cls_3 ,1.1371,460.7895,1.5344,4.5936,,,,,
Mazama,9,206, cls_3 ,1.1502,257.5891,2.7956,3.5728,,,,,
Mazama,9,207, cls_3 ,1.1904,63.9,32.0838,36.0343,,,,,
Mazama,9,208, cls_3 ,1.105,115.1974,5.6364,0.5104,,,,,
Mazama,9,209, cls_3 ,1.1161,101.0348,14.8845,7.9623,,,,,
Mazama,9,210, cls_3 ,1.0988,384.7289,1.3989,2.1437,,,,,
Mazama,9,211, cls_3 ,1.1592,63.9,63.0131,20.0077,,,,,
Mazama,9,214, cls_3 ,1.1154,357.2119,2.6721,1.6333,,,,,
Mazama,9,215, cls_3 ,1.0338,127.8,7.8186,0.9187,,,,,
Mazama,9,216, cls_3 ,1.0386,71.4424,73.8001,1.4291,,,,,
Mazama,9,217, cls_3 ,1.2541,63.9,24.6643,36.0343,,,,,
Mazama,9,218, cls_3 ,1.0993,101.0348,20.8325,1.0208,,,,,
Mazama,9,219, cls_3 ,1.1157,115.1974,7.283,3.3686,,,,,
Mazama,9,223, cls_3 ,1.0155,71.4424,82.335,0.2042,,,,,
Mazama,9,226, cls_3 ,1.0889,214.3271,10.6817,2.3478,,,,,
Mazama,9,229, cls_3 ,1.0306,95.85,24.3565,1.225,,,,,
Mazama,9,233, cls_3 ,1.1602,63.9,91.3952,1.1229,,,,,
Mazama,9,234, cls_3 ,1.0819,1223.3137,1.3872,3.879,,,,,
Mazama,9,236, cls_3 ,1.1003,127.8,12.6366,7.4519,,,,,
Mazama,9,237, cls_3 ,1.1792,63.9,32.8127,6.2269,,,,,
Mazama,9,238, cls_3 ,1.0819,451.8412,2.6636,0.6125,,,,,
Mazama,9,239, cls_3 ,1.0654,658.6661,3.2919,1.1229,,,,,
Mazama,9,241, cls_3 ,1.1337,303.1043,7.5501,1.225,,,,,
Mazama,9,242, cls_3 ,1.078,159.75,7.2568,1.225,,,,,
Mazama,9,243, cls_3 ,1.0861,127.8,5.2926,3.3686,,,,,
Mazama,9,245, cls_3 ,1.1477,728.5721,3.3705,0.8166,,,,,
Mazama,9,247, cls_3 ,1.1224,101.0348,28.038,8.2685,,,,,
Mazama,9,248, cls_3 ,1.1686,63.9,82.3665,6.329,,,,,
Mazama,9,251, cls_3 ,1.0749,71.4424,44.2919,5.0019,,,,,
Mazama,9,252, cls_3 ,1.0438,63.9,18.0681,2.7562,,,,,
Mazama,9,254, cls_3 ,1.1473,71.4424,17.872,21.1306,,,,,
Mazama,9,255, cls_3 ,1.068,127.8,5.8229,2.8582,,,,,
Mazama,9,256, cls_3 ,1.0686,159.75,4.1239,5.8186,,,,,
Mazama,9,257, cls_3 ,1.0657,606.2086,1.5875,1.6333,,,,,
Mazama,9,258, cls_3 ,1.0306,364.286,6.8656,1.225,,,,,
Mazama,9,260, cls_3 ,1.0473,257.5891,7.0331,0.8166,,,,,
Mazama,9,261, cls_3 ,1.2088,71.4424,54.7577,24.0909,,,,,
Mazama,9,262, cls_3 ,1.1294,386.0533,5.52,2.0416,,,,,
Mazama,9,263, cls_3 ,1.0877,95.85,18.6421,4.7978,,,,,
Mazama,9,264, cls_3 ,1,71.4424,6.3014,0.1021,,,,,
Mazama,9,265, cls_3 ,1.105,63.9,25.0319,0.5104,,,,,
Mazama,9,266, cls_3 ,1.1084,180.7365,2.0167,1.7354,,,,,
Mazama,9,267, cls_3 ,1.0688,71.4424,6.1533,0.5104,,,,,
Mazama,9,268, cls_3 ,1.0047,95.85,32.0747,0.6125,,,,,
Mazama,9,269, cls_3 ,1.0358,63.9,13.0156,0.3062,,,,,
Mazama,9,270, cls_3 ,1.1001,180.7365,2.1903,1.6333,,,,,
Mazama,9,271, cls_3 ,1.1148,71.4424,27.5875,8.0643,,,,,
Mazama,9,272, cls_3 ,1.1589,71.4424,31.5479,1.4291,,,,,
Mazama,9,273, cls_3 ,1.1154,428.6542,5.9528,1.6333,,,,,
Mazama,9,274, cls_3 ,1.0932,71.4424,189.1145,0.7146,,,,,
Mazama,9,275, cls_3 ,1.053,63.9,11.8799,1.5312,,,,,
Mazama,9,276, cls_3 ,1.0477,131.7332,36.9107,2.6541,,,,,
Mazama,9,277, cls_3 ,1.2627,63.9,2217.2638,94.2201,,,,,
Mazama,9,278, cls_3 ,1.112,223.65,15.2762,0.9187,,,,,
Mazama,9,280, cls_3 ,1.0688,63.9,14.1721,0.5104,,,,,
Mazama,9,281, cls_3 ,1.2006,71.4424,67.2532,20.6202,,,,,
Mazama,9,282, cls_3 ,1.0746,180.7365,12.7271,6.9415,,,,,
Mazama,9,283, cls_3 ,1.1187,202.0695,21.1017,2.2458,,,,,
Mazama,9,284, cls_3 ,1.0987,204.5798,41.5157,1.4291,,,,,
Mazama,9,285, cls_3 ,1.079,426.2662,2.164,4.3895,,,,,
Mazama,9,286, cls_3 ,1.0531,115.1974,39.7664,6.8394,,,,,
Mazama,9,287, cls_3 ,1.0547,426.2662,2.2177,3.6749,,,,,
Mazama,9,288, cls_3 ,1.116,135.5524,40.7344,7.5539,,,,,
Mazama,9,289, cls_3 ,1.0764,319.5,2.0743,7.8602,,,,,
Mazama,9,290, cls_3 ,1.0338,115.1974,53.7866,0.9187,,,,,
Mazama,9,291, cls_3 ,1.18,71.4424,46.3159,6.4311,,,,,
Mazama,9,292, cls_3 ,1.203,63.9,106.5395,52.163,,,,,
Mazama,9,294, cls_3 ,1.1085,71.4424,50.8606,1.1229,,,,,
Mazama,9,296, cls_3 ,1.096,63.9,49.6379,1.9395,,,,,
Mazama,9,297, cls_3 ,1.1281,63.9,147.1183,2.7562,,,,,
Mazama,9,298, cls_3 ,1,63.9,250.5076,0.1021,,,,,
Mazama,9,299, cls_3 ,1.088,63.9,56.7758,1.1229,,,,,
Mazama,9,300, cls_3 ,1.3196,63.9,399.1525,902.2873,,,,,
Mazama,9,301, cls_3 ,1.1935,63.9,66.7821,8.5747,,,,,
Mazama,9,303, cls_3 ,1.0631,191.7,52.7883,0.7146,,,,,
Mazama,9,305, cls_3 ,1.1938,90.3682,65.4519,7.0435,,,,,
Mazama,9,306, cls_3 ,1.0663,71.4424,37.988,2.552,,,,,
Mazama,9,307, cls_3 ,1.1486,63.9,5.4549,5.2061,,,,,
Mazama,9,308, cls_3 ,1,63.9,14.752,0.1021,,,,,
Mazama,9,309, cls_3 ,1.1358,135.5524,4.0734,2.3478,,,,,
Mazama,9,315, cls_3 ,1.08,135.5524,5.1251,3.5728,,,,,
Mazama,9,316, cls_3 ,1.078,115.1974,188.2534,1.225,,,,,
Mazama,9,317, cls_3 ,1.063,71.4424,1770.3436,0.9187,,,,,
Mazama,9,319, cls_3 ,1.105,101.0348,97.8511,0.5104,,,,,
Mazama,9,320, cls_3 ,1.1434,319.5,3.2253,0.7146,,,,,
Mazama,9,322, cls_3 ,1.0155,71.4424,13.191,0.2042,,,,,
Mazama,9,324, cls_3 ,1.0155,71.4424,9.9578,0.2042,,,,,
Mazama,9,326, cls_3 ,1,95.85,7.6747,0.1021,,,,,
Mazama,9,327, cls_3 ,1.0556,232.5995,4.8193,1.225,,,,,
Mazama,9,330, cls_3 ,1.0358,63.9,96.2628,0.3062,,,,,
Mazama,9,331, cls_3 ,1.1328,63.9,2214.5073,0.9187,,,,,
Mazama,9,332, cls_3 ,1.0716,115.1974,285.5507,3.879,,,,,
Mazama,9,333, cls_3 ,1.063,71.4424,12.6052,0.9187,,,,,
Mazama,9,338, cls_3 ,1,71.4424,1.0236,0.1021,,,,,
Mazama,9,339, cls_3 ,1.128,180.7365,242.9626,4.3895,,,,,
Mazama,9,340, cls_3 ,1.0537,101.0348,166.6156,0.4083,,,,,
Mazama,9,341, cls_3 ,1.07,204.5798,3.7787,3.1645,,,,,
Mazama,9,342, cls_3 ,1.1154,115.1974,18.6292,1.4291,,,,,
Mazama,9,344, cls_3 ,1,71.4424,1.3119,0.1021,,,,,
Mazama,9,346, cls_3 ,1.0155,71.4424,0.9619,0.2042,,,,,
Mazama,9,347, cls_3 ,1.1125,63.9,987.5844,0.6125,,,,,
Mazama,9,348, cls_3 ,1.0517,142.8847,2.7769,2.552,,,,,
Mazama,9,349, cls_3 ,1.0465,63.9,80.522,0.6125,,,,,
Mazama,9,350, cls_3 ,1.0047,63.9,23.0541,0.6125,,,,,
Mazama,9,351, cls_3 ,1.0688,325.8273,4.8212,0.5104,,,,,
Mazama,9,352, cls_3 ,1.1756,63.9,59.0928,23.9889,,,,,
Mazama,9,353, cls_3 ,1.0609,162.9137,342.325,3.0624,,,,,
Mazama,9,354, cls_3 ,1.1381,63.9,2217.1535,3.4707,,,,,
Mazama,9,358, cls_3 ,1.0155,63.9,95.0485,0.2042,,,,,
Mazama,9,359, cls_3 ,1.2014,63.9,170.2934,35.0135,,,,,
Mazama,9,361, cls_3 ,1.1395,71.4424,1773.4809,0.6125,,,,,
Mazama,9,362, cls_3 ,1.1695,63.9,1872.5336,10.8205,,,,,
Mazama,9,364, cls_3 ,1.0909,63.9,207.3845,0.2042,,,,,
Mazama,9,365, cls_3 ,1.1085,71.4424,1780.4623,1.1229,,,,,
Mazama,9,367, cls_3 ,1,63.9,993.5632,0.1021,,,,,
Mazama,9,369, cls_3 ,1.0358,63.9,103.0381,0.3062,,,,,
Mazama,9,371, cls_3 ,1.129,372.5978,5.3372,6.6352,,,,,
Mazama,9,373, cls_3 ,1.1197,95.85,984.5065,0.7146,,,,,
Mazama,9,374, cls_3 ,1.0155,63.9,2214.9661,0.2042,,,,,
Mazama,9,376, cls_3 ,1.0932,101.0348,887.3315,0.7146,,,,,
Mazama,9,377, cls_3 ,1.056,63.9,2218.6595,2.4499,,,,,
Mazama,9,379, cls_3 ,1.0465,773.4276,0.6487,0.6125,,,,,
Mazama,9,382, cls_3 ,1.0465,443.8636,7.7405,0.6125,,,,,
Mazama,9,385, cls_3 ,1.1282,63.9,97.7086,65.9438,,,,,
Mazama,9,386, cls_3 ,1.1858,63.9,1167.6062,14.1892,,,,,
Mazama,9,404, cls_3 ,1.0904,159.75,9.3268,9.2893,,,,,
Mazama,9,409, cls_3 ,1.0155,90.3682,1109.1219,0.2042,,,,,
Mazama,9,413, cls_3 ,1.0155,908.1896,0.5956,0.2042,,,,,
Mazama,9,415, cls_3 ,1.2031,90.3682,29.8363,62.5752,,,,,
Mazama,9,418, cls_3 ,1.0873,63.9,91.1987,15.8224,,,,,
Mazama,9,421, cls_3 ,1.1127,63.9,2218.731,12.0455,,,,,
Mazama,9,425, cls_3 ,1.1197,63.9,2215.2413,0.7146,,,,,
Mazama,9,427, cls_3 ,1,101.0348,135.4961,0.1021,,,,,
Mazama,9,432, cls_3 ,1.1894,172.056,37.8843,17.4557,,,,,
Mazama,9,437, cls_3 ,1.1188,63.9,165.2805,8.5747,,,,,
Mazama,9,439, cls_3 ,1,63.9,2211.7224,0.1021,,,,,
Mazama,9,440, cls_3 ,1,71.4424,58.5826,0.4083,,,,,
Mazama,9,443, cls_3 ,1.0769,71.4424,65.2283,0.8166,,,,,
Mazama,9,444, cls_3 ,1.0509,223.65,183.2243,1.0208,,,,,
Mazama,9,447, cls_3 ,1.0819,101.0348,80.2689,0.6125,,,,,
Mazama,9,449, cls_3 ,1.093,63.9,2214.7887,10.1059,,,,,
Mazama,9,452, cls_3 ,1.0605,127.8,560.5405,4.7978,,,,,
Mazama,9,454, cls_3 ,1.0283,159.75,9.549,0.7146,,,,,
Mazama,9,455, cls_3 ,1.0819,90.3682,266.0987,0.6125,,,,,
Mazama,9,456, cls_3 ,1.1728,294.5644,14.593,11.1267,,,,,
Mazama,9,457, cls_3 ,1.0465,159.75,59.4933,0.6125,,,,,
Mazama,9,458, cls_3 ,1,63.9,98.9323,0.1021,,,,,
Mazama,9,462, cls_3 ,1.14,63.9,218.991,3.1645,,,,,
Mazama,9,463, cls_3 ,1.143,63.9,84.2719,13.2704,,,,,
Mazama,9,464, cls_3 ,1.0697,135.5524,370.978,7.8602,,,,,
Mazama,9,465, cls_3 ,1.1477,249.5375,7.5111,0.8166,,,,,
Mazama,9,466, cls_3 ,1.1945,63.9,47.3867,17.2516,,,,,
Mazama,9,467, cls_3 ,1.0445,894.6,1.2428,2.3478,,,,,
Mazama,9,472, cls_3 ,1.1338,63.9,39.8499,3.879,,,,,
Mazama,9,475, cls_3 ,1.022,894.6,0.9616,1.0208,,,,,
Mazama,9,476, cls_3 ,1.083,90.3682,80.866,3.4707,,,,,
Mazama,9,477, cls_3 ,1.1569,71.4424,96.1306,24.4993,,,,,
Mazama,9,481, cls_3 ,1.0657,63.9,2211.8195,1.6333,,,,,
Mazama,9,482, cls_3 ,1.0473,249.5375,7.348,0.8166,,,,,
Mazama,9,485, cls_3 ,1.1154,63.9,66.4261,13.7808,,,,,
Mazama,9,486, cls_3 ,1.0987,480.3138,24.9785,1.4291,,,,,
Mazama,9,487, cls_3 ,1.1041,202.0695,13.2294,6.329,,,,,
Mazama,9,491, cls_3 ,1.1926,63.9,97.4611,28.0721,,,,,
Mazama,9,492, cls_3 ,1.0386,95.85,113.7726,1.4291,,,,,
Mazama,9,493, cls_3 ,1.0657,90.3682,528.009,1.6333,,,,,
Mazama,9,494, cls_3 ,1.1009,95.85,3.9857,6.5331,,,,,
Mazama,9,499, cls_3 ,1.1469,159.75,8.3769,1.9395,,,,,
Mazama,9,500, cls_3 ,1.0592,63.9,241.7387,2.0416,,,,,
Mazama,9,503, cls_3 ,1.0819,95.85,10.086,0.6125,,,,,
Mazama,9,504, cls_3 ,1.0752,249.5375,5.4157,2.3478,,,,,
Mazama,9,506, cls_3 ,1.022,71.4424,57.1771,1.0208,,,,,
Mazama,9,507, cls_3 ,1.0543,115.1974,21.3123,3.2666,,,,,
Mazama,9,508, cls_3 ,1.0752,301.4157,2.216,2.3478,,,,,
Mazama,9,509, cls_3 ,1.1672,204.5798,9.6213,7.5539,,,,,
Mazama,9,510, cls_3 ,1.1445,71.4424,39.2773,5.4103,,,,,
Mazama,9,511, cls_3 ,1.1369,71.4424,44.0681,9.3914,,,,,
Mazama,9,512, cls_3 ,1.1042,63.9,44.1302,6.7373,,,,,
Mazama,9,513, cls_3 ,1,63.9,92.8624,0.1021,,,,,
Mazama,9,514, cls_3 ,1.1496,63.9,37.755,10.8205,,,,,
Mazama,9,515, cls_3 ,1.0606,115.1974,9.9185,1.4291,,,,,
Mazama,9,516, cls_3 ,1.054,63.9,38.2055,2.1437,,,,,
Mazama,9,517, cls_3 ,1.0475,63.9,83.2354,3.0624,,,,,
Mazama,9,518, cls_3 ,1.1154,63.9,105.164,1.4291,,,,,
Mazama,9,520, cls_3 ,1.078,159.75,7.5509,1.225,,,,,
Mazama,9,521, cls_3 ,1.014,95.85,15.3647,1.4291,,,,,
Mazama,9,522, cls_3 ,1.0769,301.4157,1.8686,1.7354,,,,,
Mazama,9,523, cls_3 ,1.1073,95.85,18.6445,1.327,,,,,
Mazama,9,524, cls_3 ,1.078,71.4424,269.767,1.225,,,,,
Mazama,9,525, cls_3 ,1.2044,71.4424,1772.4712,4.1853,,,,,
Mazama,9,526, cls_3 ,1.0706,289.3196,2.6611,2.4499,,,,,
Mazama,9,527, cls_3 ,1.1242,63.9,29.1269,1.327,,,,,
Mazama,9,529, cls_3 ,1.0402,90.3682,1109.648,1.1229,,,,,
Mazama,9,530, cls_3 ,1.0992,71.4424,14.1943,4.2874,,,,,
Mazama,9,531, cls_3 ,1.1212,71.4424,51.2047,8.3706,,,,,
Mazama,9,532, cls_3 ,1.0869,95.85,998.3732,1.8374,,,,,
Mazama,9,533, cls_3 ,1.063,351.45,4.978,0.9187,,,,,
Mazama,9,534, cls_3 ,1.128,95.85,14.1276,3.2666,,,,,
Mazama,9,535, cls_3 ,1.1919,101.0348,17.2057,18.0682,,,,,
Mazama,9,537, cls_3 ,1.0131,95.85,11.8433,0.8166,,,,,
Mazama,9,539, cls_3 ,1.1628,101.0348,9.4811,6.1248,,,,,
Mazama,9,540, cls_3 ,1.0283,127.8,18.8274,0.7146,,,,,
Mazama,9,543, cls_3 ,1.0752,71.4424,14.1191,3.3686,,,,,
Mazama,9,545, cls_3 ,1.0465,127.8,16.5024,0.6125,,,,,
Mazama,9,546, cls_3 ,1.1815,115.1974,11.2946,1.7354,,,,,
Mazama,9,547, cls_3 ,1.1185,90.3682,224.8813,11.3309,,,,,
Mazama,9,548, cls_3 ,1.175,71.4424,17.0176,13.985,,,,,
Mazama,9,551, cls_3 ,1.0889,524.019,1.9793,0.9187,,,,,
Mazama,9,552, cls_3 ,1.0402,162.9137,5.482,1.1229,,,,,
Mazama,9,553, cls_3 ,1.0769,566.1554,0.7162,1.7354,,,,,
Mazama,9,555, cls_3 ,1.1075,95.85,12.0005,1.5312,,,,,
Mazama,9,556, cls_3 ,1.0769,95.85,5.8595,0.8166,,,,,
Mazama,9,561, cls_3 ,1.0631,361.473,8.8544,0.7146,,,,,
Mazama,9,562, cls_3 ,1.0688,90.3682,85.7207,0.5104,,,,,
Mazama,9,563, cls_3 ,1.1695,71.4424,32.0074,4.2874,,,,,
Mazama,9,564, cls_3 ,1.0509,63.9,32.878,1.0208,,,,,
Mazama,9,565, cls_3 ,1.0805,95.85,6.2373,1.4291,,,,,
Mazama,9,566, cls_3 ,1.0477,214.3271,10.3372,2.6541,,,,,
Mazama,9,567, cls_3 ,1.1117,63.9,7.5301,2.1437,,,,,
Mazama,9,568, cls_3 ,1.0529,63.9,8.8557,1.8374,,,,,
Mazama,9,569, cls_3 ,1.0975,583.0328,1.8353,0.4083,,,,,
Mazama,9,570, cls_3 ,1.0929,249.5375,3.1795,6.6352,,,,,
Mazama,9,571, cls_3 ,1.0175,294.5644,6.0337,2.1437,,,,,
Mazama,9,572, cls_3 ,1.0467,583.0328,2.1407,1.327,,,,,
Mazama,9,573, cls_3 ,1.1519,71.4424,32.6167,3.0624,,,,,
Mazama,9,575, cls_3 ,1.1863,71.4424,34.1944,4.0832,,,,,
Mazama,9,577, cls_3 ,1.1454,115.1974,9.5487,8.9831,,,,,
Mazama,9,578, cls_3 ,1,90.3682,9.4085,0.1021,,,,,
Mazama,9,579, cls_3 ,1.0631,101.0348,21.9757,0.7146,,,,,
Mazama,9,580, cls_3 ,1.1526,159.75,13.328,8.3706,,,,,
Mazama,9,581, cls_3 ,1.155,71.4424,8.0298,4.8999,,,,,
Mazama,9,583, cls_3 ,1.1226,63.9,12.7175,1.7354,,,,,
Mazama,9,584, cls_3 ,1.1417,142.8847,21.2953,8.5747,,,,,
Mazama,9,585, cls_3 ,1.0509,63.9,51.4369,2.9603,,,,,
Mazama,9,586, cls_3 ,1.0537,71.4424,12.5141,0.4083,,,,,
Mazama,9,587, cls_3 ,1.0769,71.4424,8.9642,0.8166,,,,,
Mazama,9,588, cls_3 ,1.0272,63.9,12.1154,2.3478,,,,,
Mazama,9,589, cls_3 ,1.0805,90.3682,6.8953,1.4291,,,,,
Mazama,9,590, cls_3 ,1.0688,373.9652,5.5599,0.5104,,,,,
Mazama,9,591, cls_3 ,1.1213,115.1974,18.1354,7.5539,,,,,
Mazama,9,592, cls_3 ,1.126,497.0254,4.0716,3.0624,,,,,
Mazama,9,593, cls_3 ,1.0529,63.9,29.8104,1.8374,,,,,
Mazama,9,594, cls_3 ,1.0606,63.9,19.4862,1.4291,,,,,
Mazama,9,595, cls_3 ,1.0467,63.9,59.6481,1.327,,,,,
Mazama,9,597, cls_3 ,1.1328,1000.7034,1.7255,0.9187,,,,,
Mazama,9,599, cls_3 ,1.1523,63.9,28.7014,49.1006,,,,,
Mazama,9,600, cls_3 ,1.0909,214.3271,8.338,1.5312,,,,,
Mazama,9,601, cls_3 ,1.1437,71.4424,23.9689,13.1684,,,,,
Mazama,9,602, cls_3 ,1.068,301.4157,24.6768,11.1267,,,,,
Mazama,9,604, cls_3 ,1.1187,63.9,13.1165,2.2458,,,,,
Mazama,9,606, cls_3 ,1.0605,194.3443,6.1653,3.4707,,,,,
Mazama,9,607, cls_3 ,1.078,63.9,139.3136,1.225,,,,,
Mazama,9,608, cls_3 ,1.0509,115.1974,16.625,1.0208,,,,,
Mazama,9,609, cls_3 ,1.182,63.9,35.0749,13.3725,,,,,
Mazama,9,610, cls_3 ,1.0975,95.85,21.3551,0.4083,,,,,
Mazama,9,612, cls_3 ,1.0631,319.5,1.7458,0.7146,,,,,
Mazama,9,613, cls_3 ,1.0754,63.9,42.0006,2.0416,,,,,
Mazama,9,614, cls_3 ,1.2078,90.3682,35.2377,15.4141,,,,,
Mazama,9,615, cls_3 ,1.078,63.9,19.1995,1.225,,,,,
Mazama,9,616, cls_3 ,1.0604,90.3682,8.9558,2.3478,,,,,
Mazama,9,617, cls_3 ,1.0752,729.9719,1.2319,3.3686,,,,,
Mazama,9,618, cls_3 ,1.1054,63.9,2.5832,8.881,,,,,
Mazama,9,619, cls_3 ,1.0283,243.324,9.0879,0.7146,,,,,
Mazama,9,620, cls_3 ,1.0764,71.4424,33.2684,1.0208,,,,,
Mazama,9,621, cls_3 ,1.097,71.4424,8.6721,7.2477,,,,,
Mazama,9,622, cls_3 ,1.18,95.85,17.8319,11.6371,,,,,
Mazama,9,623, cls_3 ,1.0831,71.4424,5.6203,8.3706,,,,,
Mazama,9,624, cls_3 ,1.0754,63.9,13.4021,2.0416,,,,,
Mazama,9,625, cls_3 ,1.1077,194.3443,5.7453,5.7165,,,,,
Mazama,9,626, cls_3 ,1.167,63.9,57.1356,8.1664,,,,,
Mazama,9,627, cls_3 ,1.1362,63.9,11.8807,0.5104,,,,,
Mazama,9,628, cls_3 ,1.0155,63.9,23.5141,0.2042,,,,,
Mazama,9,629, cls_3 ,1.0819,71.4424,26.5765,3.879,,,,,
Mazama,9,630, cls_3 ,1.1414,90.3682,86.7628,17.2516,,,,,
Mazama,9,632, cls_3 ,1.0766,63.9,43.6468,4.4915,,,,,
Mazama,9,633, cls_3 ,1,71.4424,20.1298,0.1021,,,,,
Mazama,9,635, cls_3 ,1.1167,63.9,3.0685,1.225,,,,,
Mazama,9,636, cls_3 ,1.1443,71.4424,3.65,1.1229,,,,,
Mazama,9,637, cls_3 ,1.063,63.9,3.7282,0.9187,,,,,
Mazama,9,638, cls_3 ,1.0283,71.4424,18.1933,0.7146,,,,,
Mazama,9,639, cls_3 ,1.0306,872.6504,2.9027,1.225,,,,,
Mazama,9,640, cls_3 ,1.2599,63.9,54.8145,206.9167,,,,,
Mazama,9,641, cls_3 ,1.0467,142.8847,107.9733,1.327,,,,,
Mazama,9,642, cls_3 ,1.112,71.4424,4.1849,0.9187,,,,,
Mazama,9,644, cls_3 ,1.0471,159.75,86.5133,1.9395,,,,,
Mazama,9,645, cls_3 ,1.1316,63.9,35.6788,9.0851,,,,,
Mazama,9,647, cls_3 ,1.085,115.1974,19.0316,2.1437,,,,,
Mazama,9,648, cls_3 ,1.0631,71.4424,47.7312,0.7146,,,,,
Mazama,9,649, cls_3 ,1.077,63.9,511.0563,4.8999,,,,,
Mazama,9,650, cls_3 ,1.1075,63.9,25.8416,2.7562,,,,,
Mazama,9,651, cls_3 ,1.1011,63.9,37.423,5.3082,,,,,
Mazama,9,652, cls_3 ,1.0688,71.4424,18.8135,0.5104,,,,,
Mazama,9,653, cls_3 ,1.0817,194.3443,58.7739,3.1645,,,,,
Mazama,9,654, cls_3 ,1.1242,90.3682,35.4532,1.327,,,,,
Mazama,9,656, cls_3 ,1.1546,115.1974,29.7598,8.881,,,,,
Mazama,9,657, cls_3 ,1.0889,162.9137,8.1844,0.9187,,,,,
Mazama,9,658, cls_3 ,1.1368,63.9,9.6086,9.7997,,,,,
Mazama,9,659, cls_3 ,1.0836,63.9,25.248,1.6333,,,,,
Mazama,9,660, cls_3 ,1.1267,131.7332,6.8903,10.4122,,,,,
Mazama,9,661, cls_3 ,1.0346,115.1974,159.0102,3.9811,,,,,
Mazama,9,662, cls_3 ,1.0706,101.0348,4.1632,1.8374,,,,,
Mazama,9,663, cls_3 ,1.1672,95.85,1.6343,1.6333,,,,,
Mazama,9,665, cls_3 ,1.0274,63.9,15.0447,4.2874,,,,,
Mazama,9,666, cls_3 ,1.085,63.9,11.3643,2.1437,,,,,
Mazama,9,667, cls_3 ,1.0335,90.3682,18.6988,1.8374,,,,,
Mazama,9,668, cls_3 ,1.056,90.3682,2.6212,2.4499,,,,,
Mazama,9,669, cls_3 ,1.1328,95.85,3.1748,0.9187,,,,,
Mazama,9,671, cls_3 ,1.1137,63.9,17.6281,2.3478,,,,,
Mazama,9,672, cls_3 ,1,63.9,510.0907,0.1021,,,,,
Mazama,9,673, cls_3 ,1.1346,71.4424,4.3948,0.4083,,,,,
Mazama,9,675, cls_3 ,1.0769,101.0348,207.3844,0.8166,,,,,
Mazama,9,676, cls_3 ,1.0771,191.7,0.7859,3.6749,,,,,
Mazama,9,677, cls_3 ,1.1667,101.0348,6.4434,0.4083,,,,,
Mazama,9,678, cls_3 ,1.0338,90.3682,6.749,0.9187,,,,,
Mazama,9,679, cls_3 ,1.0219,63.9,22.1357,1.327,,,,,
Mazama,9,681, cls_3 ,1.0728,63.9,6.7802,1.5312,,,,,
Mazama,9,682, cls_3 ,1.0819,316.2889,0.5526,0.6125,,,,,
Mazama,9,683, cls_3 ,1.112,63.9,510.5005,0.9187,,,,,
Mazama,9,684, cls_3 ,1.0869,63.9,6.2148,1.8374,,,,,
Mazama,9,687, cls_3 ,1.0965,71.4424,15.789,3.3686,,,,,
Mazama,9,688, cls_3 ,1.1634,63.9,13.9852,8.7789,,,,,
Mazama,9,689, cls_3 ,1.0819,90.3682,92.2736,3.879,,,,,
Mazama,9,690, cls_3 ,1.0321,95.85,14.7032,4.0832,,,,,
Mazama,9,691, cls_3 ,1.0838,63.9,40.778,4.1853,,,,,
Mazama,9,693, cls_3 ,1.063,274.8443,12.7201,0.9187,,,,,
Mazama,9,694, cls_3 ,1.0473,95.85,11.4716,0.8166,,,,,
Mazama,9,695, cls_3 ,1.0471,63.9,27.6968,1.9395,,,,,
Mazama,9,696, cls_3 ,1.1136,71.4424,116.6183,8.1664,,,,,
Mazama,9,697, cls_3 ,1.0463,63.9,23.0032,4.4915,,,,,
Mazama,9,698, cls_3 ,1.0872,180.7365,7.0117,11.3309,,,,,
Mazama,9,701, cls_3 ,1.1081,115.1974,10.7825,14.9037,,,,,
Mazama,9,702, cls_3 ,1.1035,63.9,22.0218,2.8582,,,,,
Mazama,9,703, cls_3 ,1.022,63.9,18.8554,1.0208,,,,,
Mazama,9,704, cls_3 ,1.0635,71.4424,22.4894,3.3686,,,,,
Mazama,9,705, cls_3 ,1.1487,71.4424,18.5535,21.8452,,,,,
Mazama,9,706, cls_3 ,1.071,95.85,6.6362,5.2061,,,,,
Mazama,9,707, cls_3 ,1.1155,63.9,35.7189,4.2874,,,,,
Mazama,9,708, cls_3 ,1.0734,63.9,29.6623,3.0624,,,,,
Mazama,9,710, cls_3 ,1.1069,71.4424,75.9324,3.9811,,,,,
Mazama,9,711, cls_3 ,1.0691,90.3682,29.4311,5.3082,,,,,
Mazama,9,712, cls_3 ,1.1001,131.7332,15.0826,1.6333,,,,,
Mazama,9,713, cls_3 ,1.0982,95.85,19.1713,1.225,,,,,
Mazama,9,714, cls_3 ,1.1396,63.9,19.0687,10.7184,,,,,
Mazama,9,715, cls_3 ,1.0706,71.4424,408.5198,2.4499,,,,,
Mazama,9,717, cls_3 ,1,63.9,14.0337,0.1021,,,,,
Mazama,9,718, cls_3 ,1.0619,63.9,42.391,7.3498,,,,,
Mazama,9,719, cls_3 ,1.0889,159.75,24.6444,0.9187,,,,,
Mazama,9,720, cls_3 ,1.1288,71.4424,13.8121,7.7581,,,,,
Mazama,9,722, cls_3 ,1.0306,271.1047,6.032,1.225,,,,,
Mazama,9,723, cls_3 ,1.063,95.85,69.1077,0.9187,,,,,
Mazama,9,724, cls_3 ,1.1198,101.0348,86.146,42.7716,,,,,
Mazama,9,725, cls_3 ,1.2347,677.7618,0.4811,1.5312,,,,,
Mazama,9,726, cls_3 ,1.165,95.85,14.1817,2.3478,,,,,
Mazama,9,727, cls_3 ,1.1971,63.9,80.9056,41.3425,,,,,
Mazama,9,728, cls_3 ,1,71.4424,35.6513,0.1021,,,,,
Mazama,9,729, cls_3 ,1.1358,115.1974,15.9092,2.3478,,,,,
Mazama,9,730, cls_3 ,1.0283,71.4424,32.1588,0.7146,,,,,
Mazama,9,731, cls_3 ,1.0631,159.75,1.2905,0.7146,,,,,
Mazama,9,733, cls_3 ,1.1378,63.9,107.2656,10.9226,,,,,
Mazama,9,734, cls_3 ,1.059,63.9,15.2153,1.7354,,,,,
Mazama,9,735, cls_3 ,1.112,115.1974,1.3322,0.9187,,,,,
Mazama,9,736, cls_3 ,1.0631,90.3682,15.1869,0.7146,,,,,
Mazama,9,737, cls_3 ,1.0889,63.9,9.8997,2.3478,,,,,
Mazama,9,738, cls_3 ,1.0155,71.4424,20.501,0.2042,,,,,
Mazama,9,739, cls_3 ,1.1642,191.7,11.4771,1.8374,,,,,
Mazama,9,740, cls_3 ,1.0734,71.4424,25.9798,3.0624,,,,,
Mazama,9,741, cls_3 ,1.0155,63.9,2.1838,0.2042,,,,,
Mazama,9,742, cls_3 ,1.1206,131.7332,17.2762,4.0832,,,,,
Mazama,9,743, cls_3 ,1.0982,71.4424,38.3917,1.225,,,,,
Mazama,9,744, cls_3 ,1.0155,63.9,2.0069,0.2042,,,,,
Mazama,9,745, cls_3 ,1.0689,71.4424,70.6958,1.327,,,,,
Mazama,9,746, cls_3 ,1,63.9,1.8352,0.1021,,,,,
Mazama,9,747, cls_3 ,1.0047,135.5524,3.8731,0.6125,,,,,
Mazama,9,748, cls_3 ,1,71.4424,1.5931,0.1021,,,,,
Mazama,9,749, cls_3 ,1.0903,71.4424,13.2541,8.7789,,,,,
Mazama,9,750, cls_3 ,1.0933,90.3682,23.2748,1.7354,,,,,
Mazama,9,751, cls_3 ,1.0261,658.6661,2.3317,0.5104,,,,,
Mazama,9,752, cls_3 ,1.0716,71.4424,21.3846,3.879,,,,,
Mazama,9,753, cls_3 ,1.2007,71.4424,41.4643,2.7562,,,,,
Mazama,9,754, cls_3 ,1.0889,549.6886,0.9433,0.9187,,,,,
Mazama,9,755, cls_3 ,1.1256,194.3443,9.3191,4.4915,,,,,
Mazama,9,757, cls_3 ,1.059,71.4424,20.4472,1.7354,,,,,
Mazama,9,758, cls_3 ,1.0417,487.6956,1.4792,2.0416,,,,,
Mazama,9,759, cls_3 ,1.1031,709.4051,2.5029,3.1645,,,,,
Mazama,9,760, cls_3 ,1.0994,142.8847,9.8256,6.6352,,,,,
Mazama,9,761, cls_3 ,1.1314,511.2,2.945,3.1645,,,,,
Mazama,9,762, cls_3 ,1.0631,1489.3636,1.0209,0.7146,,,,,
Mazama,9,763, cls_3 ,1.1197,257.5891,4.9346,0.7146,,,,,
Mazama,9,765, cls_3 ,1.0819,101.0348,1.6869,0.6125,,,,,
Mazama,9,767, cls_3 ,1.1084,95.85,8.3176,4.5936,,,,,
Mazama,9,768, cls_3 ,1.2443,63.9,28.6047,35.9322,,,,,
Mazama,9,769, cls_3 ,1.1125,101.0348,1.6016,0.6125,,,,,
Mazama,9,771, cls_3 ,1.0806,71.4424,12.4366,2.8582,,,,,
Mazama,9,773, cls_3 ,1.1075,162.9137,6.3467,1.5312,,,,,
Mazama,9,774, cls_3 ,1.0631,1109.0839,0.4555,0.7146,,,,,
Mazama,9,775, cls_3 ,1.0618,95.85,3.5939,5.7165,,,,,
Mazama,9,776, cls_3 ,1.0509,71.4424,15.4416,1.0208,,,,,
Mazama,9,777, cls_3 ,1.022,162.9137,9.2992,1.0208,,,,,
Mazama,9,780, cls_3 ,1.0366,172.056,9.9086,2.1437,,,,,
Mazama,9,781, cls_3 ,1.0402,63.9,93.5672,1.1229,,,,,
Mazama,9,782, cls_3 ,1.0537,71.4424,28.0834,0.4083,,,,,
Mazama,9,783, cls_3 ,1.0769,71.4424,10.3216,0.8166,,,,,
Mazama,9,784, cls_3 ,1.1075,63.9,92.6283,1.5312,,,,,
Mazama,9,785, cls_3 ,1.0477,63.9,53.1722,2.6541,,,,,
Mazama,9,786, cls_3 ,1.1873,63.9,27.3135,19.7015,,,,,
Mazama,9,787, cls_3 ,1.0509,71.4424,12.7945,1.0208,,,,,
Mazama,9,789, cls_3 ,1.1757,71.4424,3.3508,5.9207,,,,,
Mazama,9,790, cls_3 ,1.1031,71.4424,5.6655,0.8166,,,,,
Mazama,9,791, cls_3 ,1.059,63.9,6.6015,1.7354,,,,,
Mazama,9,792, cls_3 ,1.0982,63.9,5.5469,1.225,,,,,
Mazama,9,793, cls_3 ,1.0556,71.4424,4.8796,1.225,,,,,
Mazama,9,794, cls_3 ,1.1634,63.9,39.4216,8.7789,,,,,
Mazama,9,796, cls_3 ,1.0657,63.9,2.8665,1.6333,,,,,
Mazama,9,797, cls_3 ,1.0817,63.9,113.7392,3.1645,,,,,
Mazama,9,799, cls_3 ,1.1125,63.9,5.0488,0.6125,,,,,
Mazama,9,802, cls_3 ,1.1199,63.9,62.0786,1.0208,,,,,
Mazama,9,803, cls_3 ,1.1337,1109.0839,0.4858,1.225,,,,,
Mazama,9,804, cls_3 ,1.1085,131.7332,12.6843,1.1229,,,,,
Mazama,9,805, cls_3 ,1.059,325.8273,1.4673,1.7354,,,,,
Mazama,9,806, cls_3 ,1.0473,127.8,25.5118,0.8166,,,,,
Mazama,9,807, cls_3 ,1.172,63.9,29.5059,13.6788,,,,,
Mazama,9,808, cls_3 ,1.1306,63.9,32.5,7.2477,,,,,
Mazama,9,809, cls_3 ,1.0903,127.8,3.5708,2.0416,,,,,
Mazama,9,810, cls_3 ,1.0335,186.2989,13.578,1.8374,,,,,
Mazama,9,811, cls_3 ,1.1429,63.9,101.0025,1.6333,,,,,
Mazama,9,812, cls_3 ,1.0728,664.8364,1.6251,1.5312,,,,,
Mazama,9,813, cls_3 ,1.07,479.25,2.8923,3.1645,,,,,
Mazama,9,814, cls_3 ,1.1306,505.1739,1.1633,7.2477,,,,,
Mazama,9,815, cls_3 ,1.1353,127.8,4.2442,1.9395,,,,,
Mazama,9,816, cls_3 ,1.1094,63.9,25.2182,3.5728,,,,,
Mazama,9,817, cls_3 ,1.1042,63.9,47.1743,5.9207,,,,,
Mazama,9,818, cls_3 ,1.0903,63.9,52.0566,2.0416,,,,,
Mazama,9,819, cls_3 ,1.1742,63.9,44.3101,9.6976,,,,,
Mazama,9,820, cls_3 ,1.1935,63.9,21.2059,69.0062,,,,,
Mazama,9,821, cls_3 ,1.0657,127.8,45.4456,1.6333,,,,,
Mazama,9,824, cls_3 ,1.1292,314.671,1.546,1.8374,,,,,
Mazama,9,826, cls_3 ,1.0819,63.9,10.2096,0.6125,,,,,
Mazama,9,827, cls_3 ,1.1296,63.9,102.2307,1.6333,,,,,
Mazama,9,828, cls_3 ,1.1224,63.9,5.6846,3.1645,,,,,
Mazama,9,829, cls_3 ,1.1514,225.9206,9.7223,7.1456,,,,,
Mazama,9,830, cls_3 ,1.1096,314.671,1.8702,3.2666,,,,,
Mazama,9,831, cls_3 ,1.112,71.4424,4.2306,0.9187,,,,,
Mazama,9,832, cls_3 ,1.0155,214.3271,1.4104,0.2042,,,,,
Mazama,9,833, cls_3 ,1.1154,71.4424,2.739,1.6333,,,,,
Mazama,9,834, cls_3 ,1.0987,63.9,172.9919,1.4291,,,,,
Mazama,9,835, cls_3 ,1.053,95.85,77.1553,1.5312,,,,,
Mazama,9,836, cls_3 ,1.102,127.8,43.6716,1.8374,,,,,
Mazama,9,838, cls_3 ,1.1413,101.0348,1.8322,4.6957,,,,,
Mazama,9,839, cls_3 ,1,71.4424,15.8426,0.1021,,,,,
Mazama,9,840, cls_3 ,1.1251,95.85,5.187,2.3478,,,,,
Mazama,9,841, cls_3 ,1.1095,71.4424,15.5014,12.4538,,,,,
Mazama,9,842, cls_3 ,1.118,71.4424,6.0957,4.1853,,,,,
Mazama,9,843, cls_3 ,1.159,63.9,37.6575,7.8602,,,,,
Mazama,9,844, cls_3 ,1.1409,127.8,4.4056,2.0416,,,,,
Mazama,9,845, cls_3 ,1.0155,223.65,0.6305,0.2042,,,,,
Mazama,9,846, cls_3 ,1.0465,223.65,1.0131,0.6125,,,,,
Mazama,9,847, cls_3 ,1.1075,95.85,7.2844,2.7562,,,,,
Mazama,9,849, cls_3 ,1.1596,415.35,0.7182,8.7789,,,,,
Mazama,9,850, cls_3 ,1.0509,95.85,8.9223,1.0208,,,,,
Mazama,9,851, cls_3 ,1.0688,71.4424,11.2851,0.5104,,,,,
Mazama,9,852, cls_3 ,1.0631,95.85,9.6983,0.7146,,,,,
Mazama,9,853, cls_3 ,1.0933,71.4424,10.8833,1.7354,,,,,
Mazama,9,854, cls_3 ,1.0889,415.35,1.0662,0.9187,,,,,
Mazama,9,855, cls_3 ,1.0998,71.4424,2.6909,3.2666,,,,,
Mazama,9,856, cls_3 ,1,63.9,39.8076,0.1021,,,,,
Mazama,9,857, cls_3 ,1.1479,63.9,6.8099,15.21,,,,,
Mazama,9,858, cls_3 ,1.0465,127.8,5.3403,0.6125,,,,,
Mazama,9,859, cls_3 ,1.1303,71.4424,33.3698,4.8999,,,,,
Mazama,9,860, cls_3 ,1.1519,63.9,25.5013,11.3309,,,,,
Mazama,9,861, cls_3 ,1.0868,63.9,40.3399,6.1248,,,,,
Mazama,9,862, cls_3 ,1.0757,95.85,12.2384,5.4103,,,,,
Mazama,9,863, cls_3 ,1.1031,63.9,24.4997,0.8166,,,,,
Mazama,9,865, cls_3 ,1.124,63.9,18.0594,7.3498,,,,,
Mazama,9,866, cls_3 ,1.0338,186.2989,4.5706,0.9187,,,,,
Mazama,9,867, cls_3 ,1.0861,63.9,22.9124,6.6352,,,,,
Mazama,9,868, cls_3 ,1,159.75,0.4425,0.1021,,,,,
Mazama,9,870, cls_3 ,1,524.019,0.4571,0.1021,,,,,
Mazama,9,871, cls_3 ,1,159.75,0.4427,0.1021,,,,,
Mazama,9,872, cls_3 ,1.0473,71.4424,3.3433,0.8166,,,,,
Mazama,9,873, cls_3 ,1,71.4424,4.3162,0.1021,,,,,
Mazama,9,874, cls_3 ,1.1167,63.9,36.6321,1.225,,,,,
Mazama,9,875, cls_3 ,1.0338,249.5375,4.2767,0.9187,,,,,
Mazama,9,876, cls_3 ,1.0283,255.6,0.5027,0.7146,,,,,
Mazama,9,877, cls_3 ,1.166,63.9,6.7266,10.5143,,,,,
Mazama,9,878, cls_3 ,1.0654,191.7,1.7533,1.1229,,,,,
Mazama,9,879, cls_3 ,1.0473,191.7,2.737,0.8166,,,,,
Mazama,9,880, cls_3 ,1.057,101.0348,13.5316,4.4915,,,,,
Mazama,9,881, cls_3 ,1,204.5798,0.6025,0.1021,,,,,
Mazama,9,882, cls_3 ,1.0631,162.9137,4.7608,0.7146,,,,,
Mazama,9,883, cls_3 ,1.0155,101.0348,0.9515,0.2042,,,,,
Mazama,9,884, cls_3 ,1,255.6,0.5188,0.1021,,,,,
Mazama,9,885, cls_3 ,1.0688,101.0348,0.6988,0.5104,,,,,
Mazama,9,886, cls_3 ,1.0932,931.4946,0.6871,0.7146,,,,,
Mazama,9,887, cls_3 ,1.1265,142.8847,8.5166,0.8166,,,,,
Mazama,9,888, cls_3 ,1.0688,225.9206,0.4995,0.5104,,,,,
Mazama,9,889, cls_3 ,1.0473,90.3682,5.4181,0.8166,,,,,
Mazama,9,890, cls_3 ,1.0806,90.3682,9.974,11.5351,,,,,
Mazama,9,892, cls_3 ,1.0965,90.3682,2.3064,3.3686,,,,,
Mazama,9,893, cls_3 ,1.063,162.9137,6.6344,0.9187,,,,,
Mazama,9,894, cls_3 ,1.096,90.3682,18.3061,1.9395,,,,,
Mazama,9,895, cls_3 ,1.0402,511.2,0.6273,1.1229,,,,,
Mazama,9,896, cls_3 ,1.0402,814.5684,0.6784,1.1229,,,,,
Mazama,9,897, cls_3 ,1.0358,908.7515,0.776,0.3062,,,,,
Mazama,9,898, cls_3 ,1.046,372.5978,1.2958,1.6333,,,,,
Mazama,9,899, cls_3 ,1.0965,63.9,41.9722,3.3686,,,,,
Mazama,9,900, cls_3 ,1.0889,63.9,30.4684,0.9187,,,,,
Mazama,9,901, cls_3 ,1.1362,131.7332,2.7537,0.5104,,,,,
Mazama,9,902, cls_3 ,1.0805,831.3142,0.3588,1.4291,,,,,
Mazama,9,903, cls_3 ,1.0402,101.0348,3.2793,1.1229,,,,,
Mazama,9,904, cls_3 ,1.112,939.6777,0.7335,0.9187,,,,,
Mazama,9,905, cls_3 ,1.1855,63.9,24.1839,11.0247,,,,,
Mazama,9,906, cls_3 ,1.0537,63.9,3.4173,0.4083,,,,,
Mazama,9,907, cls_3 ,1.1125,71.4424,10.2069,0.6125,,,,,
Mazama,9,908, cls_3 ,1.0155,63.9,3.2348,0.2042,,,,,
Mazama,9,909, cls_3 ,1.096,101.0348,2.4778,1.9395,,,,,
Mazama,9,910, cls_3 ,1,71.4424,1.5273,0.1021,,,,,
Mazama,9,913, cls_3 ,1,71.4424,1.569,0.4083,,,,,
Mazama,9,914, cls_3 ,1.0155,95.85,1.4956,0.2042,,,,,
Mazama,9,915, cls_3 ,1.1743,101.0348,6.768,12.658,,,,,
Mazama,9,916, cls_3 ,1.0688,90.3682,1.226,0.5104,,,,,
Mazama,9,917, cls_3 ,1.1751,90.3682,1.0343,12.5559,,,,,
Mazama,9,918, cls_3 ,1.0909,95.85,0.6684,1.5312,,,,,
Mazama,9,921, cls_3 ,1.0889,357.2119,1.4686,0.9187,,,,,
Mazama,9,924, cls_3 ,1.1429,159.75,2.6262,1.6333,,,,,
Mazama,9,925, cls_3 ,1.0909,71.4424,1.9997,0.2042,,,,,
Mazama,9,926, cls_3 ,1.128,71.4424,23.4297,4.6957,,,,,
Mazama,9,927, cls_3 ,1.0914,71.4424,2.9599,0.3062,,,,,
Mazama,9,928, cls_3 ,1,95.85,2.1889,0.1021,,,,,
Mazama,9,929, cls_3 ,1.088,843.5042,0.4505,1.1229,,,,,
Mazama,9,931, cls_3 ,1.1783,101.0348,1.1996,1.6333,,,,,
Mazama,9,936, cls_3 ,1.1388,63.9,2.544,1.0208,,,,,
Mazama,9,938, cls_3 ,1.0155,90.3682,16.0905,0.2042,,,,,
Mazama,9,940, cls_3 ,1.0769,63.9,3.0339,0.8166,,,,,
Mazama,9,943, cls_3 ,1.2081,90.3682,10.5986,3.3686,,,,,
Mazama,9,946, cls_3 ,1.0975,90.3682,5.3512,0.4083,,,,,
Mazama,9,948, cls_3 ,1.0909,135.5524,4.6218,0.2042,,,,,
Mazama,9,950, cls_3 ,1.2254,95.85,7.0214,7.9623,,,,,
Mazama,9,955, cls_3 ,1.0956,135.5524,1.0106,5.2061,,,,,
Mazama,9,957, cls_3 ,1.0556,364.286,1.5733,1.225,,,,,
Mazama,9,958, cls_3 ,1.0932,142.8847,5.2262,0.7146,,,,,
Mazama,9,968, cls_3 ,1.0943,63.9,6.572,3.777,,,,,
Mazama,9,971, cls_3 ,1.0975,480.3138,1.1945,0.4083,,,,,
Mazama,9,974, cls_3 ,1.1434,673.986,0.4465,0.7146,,,,,
Mazama,9,975, cls_3 ,1.0933,202.0695,2.02,1.7354,,,,,
Mazama,9,977, cls_3 ,1.1031,63.9,12.538,0.8166,,,,,
Mazama,9,978, cls_3 ,1.0358,63.9,10.8285,0.3062,,,,,
Mazama,9,979, cls_3 ,1.105,63.9,6.3661,0.5104,,,,,
Mazama,9,981, cls_3 ,1.1781,71.4424,3.4372,1.9395,,,,,
Mazama,9,982, cls_3 ,1.0537,63.9,7.0048,0.4083,,,,,
Mazama,9,983, cls_3 ,1,71.4424,4.0329,0.4083,,,,,
Mazama,9,985, cls_3 ,1.1855,63.9,3.6933,0.6125,,,,,
Mazama,9,995, cls_3 ,1.0909,71.4424,5.4437,0.2042,,,,,
Mazama,9,996, cls_3 ,1.0537,71.4424,1.9596,0.4083,,,,,
Mazama,9,997, cls_3 ,1,71.4424,1.9098,0.1021,,,,,
Mazama,9,998, cls_3 ,1,71.4424,1.1746,0.1021,,,,,
Mazama,9,999, cls_3 ,1.0155,1229.141,0.3821,0.2042,,,,,
Mazama,9,2, cls_1 ,1.284,63.9,178.0139,39237.8107,,1.061909639,96.41811687,50850.6046,474.6559506
Mazama,9,10, cls_1 ,1.0155,71.4424,29568.0532,0.2042,,,,,
Mazama,9,11, cls_1 ,1,63.9,96095.9071,0.1021,,,,,
Mazama,9,31, cls_1 ,1,71.4424,76876.4182,0.1021,,,,,
Mazama,9,66, cls_1 ,1.1873,63.9,96096.1177,17.4557,,,,,
Mazama,9,72, cls_1 ,1.1197,71.4424,76876.4276,0.7146,,,,,
Mazama,9,76, cls_1 ,1.0654,63.9,96095.5283,1.1229,,,,,
Mazama,9,80, cls_1 ,1,63.9,22621.4303,0.4083,,,,,
Mazama,9,82, cls_1 ,1,63.9,76899.3601,0.1021,,,,,
Mazama,9,83, cls_1 ,1,204.5798,9379.402,0.1021,,,,,
Mazama,9,84, cls_1 ,1.0261,90.3682,48055.0402,0.5104,,,,,
Mazama,9,87, cls_1 ,1.0155,71.4424,76876.6376,0.2042,,,,,
Mazama,9,91, cls_1 ,1.105,63.9,96095.5427,0.5104,,,,,
Mazama,9,120, cls_1 ,1.0467,115.1974,29568.943,1.327,,,,,
Mazama,9,122, cls_1 ,1.1387,71.4424,15379.9523,2.9603,,,,,
Mazama,9,128, cls_1 ,1.054,71.4424,76882.3266,2.1437,,,,,
Mazama,9,146, cls_1 ,1,303.1043,4271.0917,0.1021,,,,,
Mazama,9,186, cls_1 ,1.123,63.9,96095.5598,1.9395,,,,,
Mazama,9,200, cls_1 ,1,101.0348,38438.3054,0.1021,,,,,
Mazama,9,213, cls_1 ,1.0358,115.1974,29568.1058,0.3062,,,,,
Mazama,9,222, cls_1 ,1.105,71.4424,76876.4874,0.5104,,,,,
Mazama,9,225, cls_1 ,1.0155,63.9,96095.6022,0.2042,,,,,
Mazama,9,230, cls_1 ,1.088,71.4424,76876.4239,5.6144,,,,,
Mazama,9,253, cls_1 ,1,71.4424,76876.5326,0.1021,,,,,
Mazama,9,310, cls_1 ,1.0689,71.4424,76890.0998,1.327,,,,,
Mazama,9,313, cls_1 ,1.0706,90.3682,48048.5989,2.4499,,,,,
Mazama,9,321, cls_1 ,1.0987,95.85,4523.0322,34.5031,,,,,
Mazama,9,328, cls_1 ,1.0904,272.9809,5266.5775,3.5728,,,,,
Mazama,9,334, cls_1 ,1,101.0348,22613.8211,0.1021,,,,,
Mazama,9,335, cls_1 ,1.0155,95.85,3214.6405,0.2042,,,,,
Mazama,9,357, cls_1 ,1.1187,71.4424,76876.56,4.7978,,,,,
Mazama,9,368, cls_1 ,1.1199,63.9,96096.1646,1.0208,,,,,
Mazama,9,370, cls_1 ,1,255.6,3286.2483,0.1021,,,,,
Mazama,9,383, cls_1 ,1.0155,71.4424,76882.5637,0.2042,,,,,
Mazama,9,387, cls_1 ,1.0975,90.3682,48049.5333,0.4083,,,,,
Mazama,9,389, cls_1 ,1.1346,71.4424,76877.1086,0.4083,,,,,
Mazama,9,390, cls_1 ,1.0155,63.9,96095.5609,0.2042,,,,,
Mazama,9,391, cls_1 ,1.127,71.4424,76878.3116,5.7165,,,,,
Mazama,9,394, cls_1 ,1.0654,127.8,24024.2373,1.1229,,,,,
Mazama,9,395, cls_1 ,1,63.9,96095.9971,0.1021,,,,,
Mazama,9,396, cls_1 ,1.0764,142.8847,10679.894,1.0208,,,,,
Mazama,9,397, cls_1 ,1.071,142.8847,19220.2393,7.7581,,,,,
Mazama,9,399, cls_1 ,1.0473,71.4424,76876.837,0.8166,,,,,
Mazama,9,402, cls_1 ,1,159.75,14784.6662,0.1021,,,,,
Mazama,9,405, cls_1 ,1.1197,131.7332,22611.1,0.7146,,,,,
Mazama,9,406, cls_1 ,1.1167,71.4424,76878.5011,1.225,,,,,
Mazama,9,407, cls_1 ,1.059,63.9,96095.9191,1.7354,,,,,
Mazama,9,408, cls_1 ,1.1492,63.9,48051.4889,3.3686,,,,,
Mazama,9,412, cls_1 ,1.1085,101.0348,38439.3146,1.1229,,,,,
Mazama,9,416, cls_1 ,1.0764,63.9,96096.0004,1.0208,,,,,
Mazama,9,417, cls_1 ,1.0155,172.056,5655.5102,0.2042,,,,,
Mazama,9,419, cls_1 ,1.063,63.9,42718.7182,0.9187,,,,,
Mazama,9,422, cls_1 ,1.0819,63.9,4826.7533,0.6125,,,,,
Mazama,9,423, cls_1 ,1.112,63.9,13259.1546,0.9187,,,,,
Mazama,9,428, cls_1 ,1,159.75,15375.6506,0.1021,,,,,
Mazama,9,430, cls_1 ,1.0799,63.9,48067.3711,2.552,,,,,
Mazama,9,431, cls_1 ,1.0688,63.9,13277.842,0.5104,,,,,
Mazama,9,433, cls_1 ,1.1066,63.9,76883.1005,7.8602,,,,,
Mazama,9,434, cls_1 ,1.1275,63.9,12016.1406,7.8602,,,,,
Mazama,9,435, cls_1 ,1.0261,95.85,42709.3822,0.5104,,,,,
Mazama,9,441, cls_1 ,1.1426,71.4424,76878.1067,2.8582,,,,,
Mazama,9,445, cls_1 ,1,63.9,96096.9627,0.1021,,,,,
Mazama,9,448, cls_1 ,1.0993,101.0348,38438.5915,1.0208,,,,,
Mazama,9,450, cls_1 ,1.0358,63.9,96097.2972,0.3062,,,,,
Mazama,9,460, cls_1 ,1.0688,225.9206,7393.3437,0.5104,,,,,
Mazama,9,471, cls_1 ,1.089,115.1974,9376.4632,1.327,,,,,
Mazama,9,483, cls_1 ,1.0688,127.8,24023.98,0.5104,,,,,
Mazama,9,484, cls_1 ,1.0155,71.4424,76876.5245,0.2042,,,,,
Mazama,9,488, cls_1 ,1.1197,204.5798,9376.0651,0.7146,,,,,
Mazama,9,489, cls_1 ,1.0509,63.9,3287.0431,1.0208,,,,,
Mazama,9,490, cls_1 ,1,63.9,3846.9539,0.1021,,,,,
Mazama,9,497, cls_1 ,1.0764,90.3682,48048.2944,1.0208,,,,,
Mazama,9,502, cls_1 ,1.0465,63.9,96096.0089,0.6125,,,,,
Mazama,9,519, cls_1 ,1.0993,115.1974,29568.1285,1.0208,,,,,
Mazama,9,536, cls_1 ,1,71.4424,76876.7025,0.1021,,,,,
Mazama,9,560, cls_1 ,1.0688,71.4424,76876.414,0.5104,,,,,
Mazama,9,598, cls_1 ,1.0155,63.9,96095.5923,0.2042,,,,,
Mazama,9,643, cls_1 ,1.041,71.4424,76876.4529,3.2666,,,,,
Mazama,9,721, cls_1 ,1.0631,127.8,24023.8907,0.7146,,,,,
Mazama,9,801, cls_1 ,1,71.4424,76876.4101,0.1021,,,,,
Mazama,9,848, cls_1 ,1.0155,63.9,96095.5144,0.2042,,,,,
Mazama,9,960, cls_1 ,1,90.3682,48047.7643,0.1021,,,,,
Mazama,9,989, cls_1 ,1.0531,214.3271,8541.8281,8.0643,,,,,
Mazama,9,33, cls_6 ,1.1197,6001.5845,0.0213,0.7146,,,,,
Mazama,9,88, cls_6 ,1.0545,95.85,1.2928,2.8582,,,,,
Mazama,9,89, cls_6 ,1.0402,95.85,3.1858,1.1229,,,,,
Mazama,9,131, cls_6 ,1.0755,1219.9713,0.0627,22.2535,,,,,
Mazama,9,159, cls_6 ,1.0131,257.5891,0.3338,0.8166,,,,,
Mazama,9,168, cls_6 ,1.0465,257.5891,0.3509,0.6125,,,,,
Mazama,9,184, cls_6 ,1.0395,535.5796,0.2207,1.7354,,,,,
Mazama,9,201, cls_6 ,1.0975,249.5375,0.6346,0.4083,,,,,
Mazama,9,212, cls_6 ,1.0401,249.5375,0.3201,2.4499,,,,,
Mazama,9,224, cls_6 ,1.0338,142.8847,3.3191,0.9187,,,,,
Mazama,9,228, cls_6 ,1.0496,142.8847,2.4725,5.9207,,,,,
Mazama,9,235, cls_6 ,1.1425,204.5798,1.8033,7.4519,,,,,
Mazama,9,279, cls_6 ,1.1404,90.3682,5.9599,28.0721,,,,,
Mazama,9,293, cls_6 ,1.0819,115.1974,0.5762,0.6125,,,,,
Mazama,9,295, cls_6 ,1.0691,90.3682,4.3663,3.5728,,,,,
Mazama,9,302, cls_6 ,1.0819,115.1974,0.586,0.6125,,,,,
Mazama,9,304, cls_6 ,1.0728,90.3682,6.9653,1.5312,,,,,
Mazama,9,312, cls_6 ,1.1333,230.3947,2.638,18.2724,,,,,
Mazama,9,314, cls_6 ,1.053,127.8,17.9614,1.5312,,,,,
Mazama,9,318, cls_6 ,1.1094,90.3682,35.6621,3.5728,,,,,
Mazama,9,323, cls_6 ,1.1825,63.9,21.0657,7.0435,,,,,
Mazama,9,329, cls_6 ,1.0799,142.8847,6.8658,2.552,,,,,
Mazama,9,337, cls_6 ,1.0802,63.9,20.2058,7.5539,,,,,
Mazama,9,343, cls_6 ,1.0473,63.9,1.9518,0.8166,,,,,
Mazama,9,345, cls_6 ,1.0155,63.9,2.9819,0.2042,,,,,
Mazama,9,355, cls_6 ,1.0654,191.7,4.9502,1.1229,,,,,
Mazama,9,360, cls_6 ,1.0473,142.8847,6.8972,0.8166,,,,,
Mazama,9,366, cls_6 ,1.0243,142.8847,7.3164,1.6333,,,,,
Mazama,9,378, cls_6 ,1.1596,274.8443,6.4902,15.5162,,,,,
Mazama,9,380, cls_6 ,1.1523,63.9,19.3862,4.4915,,,,,
Mazama,9,381, cls_6 ,1.0592,63.9,14.5464,2.0416,,,,,
Mazama,9,384, cls_6 ,1.126,63.9,8.7505,5.104,,,,,
Mazama,9,388, cls_6 ,1.0306,63.9,18.566,1.225,,,,,
Mazama,9,392, cls_6 ,1.1405,135.5524,5.6276,45.9361,,,,,
Mazama,9,398, cls_6 ,1.0556,90.3682,8.3586,1.225,,,,,
Mazama,9,400, cls_6 ,1.1162,71.4424,13.7845,5.6144,,,,,
Mazama,9,410, cls_6 ,1.1292,243.324,2.1693,1.8374,,,,,
Mazama,9,411, cls_6 ,1.0592,135.5524,27.2623,4.3895,,,,,
Mazama,9,424, cls_6 ,1.0971,186.2989,1.3244,2.4499,,,,,
Mazama,9,429, cls_6 ,1.0843,115.1974,2.0381,2.4499,,,,,
Mazama,9,436, cls_6 ,1.0819,115.1974,3.8351,0.6125,,,,,
Mazama,9,438, cls_6 ,1.0909,186.2989,1.6186,0.2042,,,,,
Mazama,9,451, cls_6 ,1,162.9137,5.6172,0.1021,,,,,
Mazama,9,453, cls_6 ,1.1167,63.9,1.0326,13.0663,,,,,
Mazama,9,469, cls_6 ,1.0739,191.7,0.5531,5.5123,,,,,
Mazama,9,470, cls_6 ,1.0338,544.0889,1.1334,0.9187,,,,,
Mazama,9,478, cls_6 ,1,63.9,32.352,0.1021,,,,,
Mazama,9,479, cls_6 ,1.0155,63.9,2.3194,0.2042,,,,,
Mazama,9,480, cls_6 ,1,63.9,2.832,0.1021,,,,,
Mazama,9,501, cls_6 ,1.1067,544.0889,0.4986,15.7204,,,,,
Mazama,9,505, cls_6 ,1.063,1401.4364,0.2353,0.9187,,,,,
Mazama,9,541, cls_6 ,1.1115,544.0889,0.0659,4.7978,,,,,
Mazama,9,558, cls_6 ,1.0509,544.0889,0.1977,1.0208,,,,,
Mazama,9,680, cls_6 ,1.0694,4230.209,0.0529,10.3101,,,,,
Mazama,9,837, cls_6 ,1.1083,115.1974,0.891,13.1684,,,,,
Mazama,9,864, cls_6 ,1.1085,115.1974,9.9693,1.1229,,,,,
Mazama,9,891, cls_6 ,1.0909,1382.7375,0.1024,1.5312,,,,,
Mazama,9,911, cls_6 ,1,95.85,0.5789,0.4083,,,,,
Mazama,9,912, cls_6 ,1.0261,95.85,0.4672,0.5104,,,,,
Mazama,9,919, cls_6 ,1,1297.4218,0.0326,0.1021,,,,,
Mazama,9,949, cls_6 ,1.0799,2485.5375,0.0444,2.552,,,,,
Mazama,9,961, cls_6 ,1.175,115.1974,4.2975,1.1229,,,,,
Mazama,9,967, cls_6 ,1.1336,71.4424,0.5758,13.6788,,,,,
Mazama,9,969, cls_6 ,1,71.4424,27.6766,0.1021,,,,,
Mazama,9,124, cls_5 ,1.1197,204.5798,0.1236,0.7146,,,,,
Mazama,9,135, cls_5 ,1.0537,194.3443,0.2614,0.4083,,,,,
Mazama,9,141, cls_5 ,1.0909,71.4424,0.5527,0.2042,,,,,
Mazama,9,143, cls_5 ,1.0155,71.4424,0.5011,0.2042,,,,,
Mazama,9,148, cls_5 ,1,344.112,0.031,0.1021,,,,,
Mazama,9,153, cls_5 ,1,344.112,0.0316,0.1021,,,,,
Mazama,9,165, cls_5 ,1.0155,516.168,0.032,0.2042,,,,,
Mazama,9,173, cls_5 ,1,223.65,0.089,0.1021,,,,,
Mazama,9,174, cls_5 ,1,63.9,0.8148,0.1021,,,,,
Mazama,9,176, cls_5 ,1.0914,63.9,0.358,0.3062,,,,,
Mazama,9,177, cls_5 ,1.0909,162.9137,0.1476,0.2042,,,,,
Mazama,9,196, cls_5 ,1.1362,451.8412,0.0368,0.5104,,,,,
Mazama,9,220, cls_5 ,1.0909,384.7289,0.0743,0.2042,,,,,
Mazama,9,221, cls_5 ,1.1362,71.4424,0.4452,0.5104,,,,,
Mazama,9,227, cls_5 ,1.0155,71.4424,1.0491,0.2042,,,,,
Mazama,9,231, cls_5 ,1,384.7289,0.0633,0.1021,,,,,
Mazama,9,232, cls_5 ,1,225.9206,0.1241,0.1021,,,,,
Mazama,9,240, cls_5 ,1.0909,162.9137,0.1095,0.2042,,,,,
Mazama,9,244, cls_5 ,1,71.4424,0.3911,0.1021,,,,,
Mazama,9,246, cls_5 ,1,71.4424,0.5108,0.1021,,,,,
Mazama,9,249, cls_5 ,1,71.4424,0.5091,0.1021,,,,,
Mazama,9,250, cls_5 ,1,71.4424,0.3151,0.1021,,,,,
Mazama,9,259, cls_5 ,1,646.9382,0.0268,0.1021,,,,,
Mazama,9,325, cls_5 ,1.1125,172.056,0.1093,0.6125,,,,,
Mazama,9,336, cls_5 ,1.0155,172.056,0.2898,0.2042,,,,,
Mazama,9,356, cls_5 ,1.0932,319.5,0.057,0.7146,,,,,
Mazama,9,375, cls_5 ,1.1241,2109.668,0.0079,2.8582,,,,,
Mazama,9,393, cls_5 ,1,162.9137,0.0792,0.1021,,,,,
Mazama,9,401, cls_5 ,1,135.5524,0.1332,0.1021,,,,,
Mazama,9,403, cls_5 ,1,135.5524,0.1552,0.1021,,,,,
Mazama,9,414, cls_5 ,1.0909,71.4424,0.2628,0.2042,,,,,
Mazama,9,420, cls_5 ,1,71.4424,0.4399,0.1021,,,,,
Mazama,9,442, cls_5 ,1.0358,1016.8938,0.019,0.3062,,,,,
Mazama,9,446, cls_5 ,1,486.6479,0.037,0.1021,,,,,
Mazama,9,459, cls_5 ,1.0155,101.0348,0.1272,0.2042,,,,,
Mazama,9,461, cls_5 ,1,101.0348,0.2265,0.1021,,,,,
Mazama,9,468, cls_5 ,1.0914,333.5678,0.027,0.3062,,,,,
Mazama,9,473, cls_5 ,1,127.8,0.0777,0.1021,,,,,
Mazama,9,474, cls_5 ,1,127.8,0.0772,0.1021,,,,,
Mazama,9,495, cls_5 ,1,333.5678,0.0453,0.1021,,,,,
Mazama,9,496, cls_5 ,1,71.4424,0.227,0.1021,,,,,
Mazama,9,498, cls_5 ,1,71.4424,0.226,0.1021,,,,,
Mazama,9,528, cls_5 ,1,172.056,1.2659,0.1021,,,,,
Mazama,9,538, cls_5 ,1.1679,71.4424,0.2659,3.6749,,,,,
Mazama,9,542, cls_5 ,1,71.4424,7.2478,0.1021,,,,,
Mazama,9,544, cls_5 ,1,345.5921,0.042,0.1021,,,,,
Mazama,9,549, cls_5 ,1.0358,328.9454,0.2567,0.3062,,,,,
Mazama,9,550, cls_5 ,1,71.4424,0.4266,0.1021,,,,,
Mazama,9,554, cls_5 ,1.0155,71.4424,0.2283,0.2042,,,,,
Mazama,9,559, cls_5 ,1.0909,345.5921,0.0425,0.2042,,,,,
Mazama,9,574, cls_5 ,1.1369,400.3324,0.0345,0.3062,,,,,
Mazama,9,576, cls_5 ,1,71.4424,0.4467,0.1021,,,,,
Mazama,9,582, cls_5 ,1.0155,71.4424,0.2472,0.2042,,,,,
Mazama,9,596, cls_5 ,1,115.1974,0.1183,0.1021,,,,,
Mazama,9,603, cls_5 ,1,115.1974,0.1585,0.1021,,,,,
Mazama,9,605, cls_5 ,1,202.0695,0.083,0.1021,,,,,
Mazama,9,611, cls_5 ,1.0155,186.2989,0.085,0.2042,,,,,
Mazama,9,631, cls_5 ,1,520.1083,0.0411,0.1021,,,,,
Mazama,9,634, cls_5 ,1,457.4544,0.0301,0.1021,,,,,
Mazama,9,646, cls_5 ,1.0909,257.5891,0.0558,0.2042,,,,,
Mazama,9,655, cls_5 ,1,257.5891,0.0834,0.1021,,,,,
Mazama,9,674, cls_5 ,1.1197,71.4424,0.5655,0.7146,,,,,
Mazama,9,685, cls_5 ,1.0155,63.9,2.0667,0.2042,,,,,
Mazama,9,692, cls_5 ,1.0155,63.9,1.31,0.2042,,,,,
Mazama,9,700, cls_5 ,1.0688,71.4424,0.63,0.5104,,,,,
Mazama,9,709, cls_5 ,1,71.4424,1.3294,0.1021,,,,,
Mazama,9,716, cls_5 ,1.0909,90.3682,0.3837,0.2042,,,,,
Mazama,9,756, cls_5 ,1,565.2532,0.0282,0.1021,,,,,
Mazama,9,764, cls_5 ,1.0155,225.9206,0.0741,0.2042,,,,,
Mazama,9,766, cls_5 ,1,71.4424,0.4097,0.1021,,,,,
Mazama,9,770, cls_5 ,1,71.4424,0.8441,0.1021,,,,,
Mazama,9,772, cls_5 ,1.0914,71.4424,0.2891,0.3062,,,,,
Mazama,9,778, cls_5 ,1,71.4424,0.6316,0.1021,,,,,
Mazama,9,779, cls_5 ,1.0914,71.4424,0.2355,0.3062,,,,,
Mazama,9,795, cls_5 ,1,325.8273,0.0566,0.1021,,,,,
Mazama,9,798, cls_5 ,1,142.8847,0.0836,0.1021,,,,,
Mazama,9,800, cls_5 ,1,142.8847,0.0791,0.1021,,,,,
Mazama,9,822, cls_5 ,1.0909,263.4664,0.0311,0.2042,,,,,
Mazama,9,823, cls_5 ,1,263.4664,0.0438,0.1021,,,,,
Mazama,9,825, cls_5 ,1.0338,4065.1902,0.0083,0.9187,,,,,
Mazama,9,920, cls_5 ,1,90.3682,0.2961,0.1021,,,,,
Mazama,9,922, cls_5 ,1.0155,90.3682,0.1835,0.2042,,,,,
Mazama,9,923, cls_5 ,1,271.1047,0.1181,0.1021,,,,,
Mazama,9,930, cls_5 ,1.167,101.0348,0.4673,0.8166,,,,,
Mazama,9,932, cls_5 ,1.1638,271.1047,0.1357,0.5104,,,,,
Mazama,9,933, cls_5 ,1,71.4424,0.8929,0.1021,,,,,
Mazama,9,934, cls_5 ,1,71.4424,2.8446,0.1021,,,,,
Mazama,9,935, cls_5 ,1.1398,71.4424,0.3126,1.327,,,,,
Mazama,9,937, cls_5 ,1.0155,71.4424,3.4756,0.2042,,,,,
Mazama,9,939, cls_5 ,1,63.9,2.0159,0.1021,,,,,
Mazama,9,941, cls_5 ,1.1915,71.4424,0.6371,1.7354,,,,,
Mazama,9,942, cls_5 ,1,63.9,3.7839,0.1021,,,,,
Mazama,9,944, cls_5 ,1,71.4424,0.4023,0.1021,,,,,
Mazama,9,945, cls_5 ,1.2177,71.4424,1.2379,1.6333,,,,,
Mazama,9,947, cls_5 ,1,71.4424,0.368,0.1021,,,,,
Mazama,9,951, cls_5 ,1,214.3271,0.2077,0.1021,,,,,
Mazama,9,952, cls_5 ,1,272.9809,0.1262,0.1021,,,,,
Mazama,9,953, cls_5 ,1.0909,159.75,0.1075,0.2042,,,,,
Mazama,9,954, cls_5 ,1.105,1364.9046,0.0144,0.5104,,,,,
Mazama,9,956, cls_5 ,1,159.75,0.1588,0.1021,,,,,
Mazama,9,959, cls_5 ,1.105,214.3271,0.2622,0.5104,,,,,
Mazama,9,963, cls_5 ,1.0975,71.4424,3.3319,0.4083,,,,,
Mazama,9,964, cls_5 ,1.2149,71.4424,0.6477,1.327,,,,,
Mazama,9,965, cls_5 ,1,63.9,1.5135,0.1021,,,,,
Mazama,9,966, cls_5 ,1,101.0348,0.6446,0.1021,,,,,
Mazama,9,970, cls_5 ,1,63.9,1.1018,0.1021,,,,,
Mazama,9,972, cls_5 ,1,131.7332,0.6968,0.1021,,,,,
Mazama,9,973, cls_5 ,1.1862,115.1974,0.3099,1.5312,,,,,
Mazama,9,976, cls_5 ,1.0155,71.4424,2.8575,0.2042,,,,,
Mazama,9,980, cls_5 ,1.0473,115.1974,0.3339,0.8166,,,,,
Mazama,9,986, cls_5 ,1,115.1974,0.8694,0.1021,,,,,
Mazama,9,987, cls_5 ,1.0358,172.056,0.8622,0.3062,,,,,
Mazama,9,988, cls_5 ,1,71.4424,1.4415,0.1021,,,,,
Mazama,9,990, cls_5 ,1,71.4424,0.7719,0.1021,,,,,
Mazama,9,991, cls_5 ,1.1415,172.056,0.2489,1.8374,,,,,
Mazama,9,993, cls_5 ,1,115.1974,0.3217,0.1021,,,,,
Mazama,9,994, cls_5 ,1.2266,429.8433,0.0978,2.3478,,,,,
Mazama,9,311, cls_2 ,1.0366,1750.2652,0.0052,2.9603,,,,,
Mazama,9,363, cls_2 ,1.1265,127.8,0.261,0.8166,,,,,
Mazama,9,372, cls_2 ,1,127.8,0.5084,0.4083,,,,,
Mazama,9,426, cls_2 ,1.0819,5931.4381,0.0019,0.6125,,,,,
Mazama,9,557, cls_2 ,1.1358,4402.2648,0.0025,2.3478,,,,,
Mazama,9,664, cls_2 ,1.0131,101.0348,2.5246,0.8166,,,,,
Mazama,9,670, cls_2 ,1.1462,101.0348,0.9186,2.552,,,,,
Mazama,9,686, cls_2 ,1.0606,357.2119,0.2253,1.4291,,,,,
Mazama,9,732, cls_2 ,1.0819,683.013,0.062,0.6125,,,,,
Mazama,9,984, cls_2 ,1.1167,90.3682,0.2506,1.225,,,,,
Mazama,9,992, cls_2 ,1.0909,90.3682,1.5006,0.2042,,,,,
Mazama,9,699, cls_4 ,1.1199,2987.9656,0.0008,1.0208,,,,,
Mazama,9,788, cls_4 ,1.0261,2987.9656,0.0016,0.5104,,,,,
Mazama,9,869, cls_4 ,1.0537,3538.5256,0.001,0.4083,,,,,
Mazama,9,962, cls_4 ,1.0283,5060.0166,0.0003,0.7146,,,,,
Mazama,10,1, cls_1 ,1.3053,63.9,1128.0912,15061.8388,,1.076559049,133.8579873,5012.424518,36.02826222
Mazama,10,13, cls_1 ,1.1197,71.4424,5089.2602,0.7146,,,,,
Mazama,10,14, cls_1 ,1.0155,63.9,29511.1941,0.2042,,,,,
Mazama,10,15, cls_1 ,1.0155,63.9,7379.4322,0.2042,,,,,
Mazama,10,17, cls_1 ,1.0155,71.4424,3989.9266,0.2042,,,,,
Mazama,10,18, cls_1 ,1,127.8,9222.4922,0.1021,,,,,
Mazama,10,24, cls_1 ,1,115.1974,11350.7201,0.1021,,,,,
Mazama,10,27, cls_1 ,1.1346,63.9,36888.1387,0.4083,,,,,
Mazama,10,28, cls_1 ,1,90.3682,18444.8866,0.1021,,,,,
Mazama,10,80, cls_1 ,1,71.4424,29510.7409,0.1021,,,,,
Mazama,10,88, cls_1 ,1,101.0348,14755.6958,0.1021,,,,,
Mazama,10,97, cls_1 ,1.1075,90.3682,18444.6315,2.7562,,,,,
Mazama,10,100, cls_1 ,1.0537,63.9,5091.2196,0.4083,,,,,
Mazama,10,102, cls_1 ,1.0283,63.9,14756.9775,0.7146,,,,,
Mazama,10,103, cls_1 ,1.1197,95.85,3600.3251,0.7146,,,,,
Mazama,10,124, cls_1 ,1.0932,63.9,36888.2719,0.7146,,,,,
Mazama,10,130, cls_1 ,1.0889,95.85,16395.3343,0.9187,,,,,
Mazama,10,144, cls_1 ,1,63.9,36888.2317,0.1021,,,,,
Mazama,10,164, cls_1 ,1.0914,71.4424,29510.8268,0.3062,,,,,
Mazama,10,169, cls_1 ,1.1974,101.0348,8875.3359,56.5525,,,,,
Mazama,10,177, cls_1 ,1.0688,63.9,36891.9706,0.5104,,,,,
Mazama,10,181, cls_1 ,1,63.9,36888.375,0.1021,,,,,
Mazama,10,186, cls_1 ,1.0819,142.8847,7380.9817,0.6125,,,,,
Mazama,10,187, cls_1 ,1,63.9,36888.4202,0.1021,,,,,
Mazama,10,198, cls_1 ,1.0701,191.7,4101.7907,2.1437,,,,,
Mazama,10,199, cls_1 ,1.0728,71.4424,29512.0898,1.5312,,,,,
Mazama,10,203, cls_1 ,1,101.0348,3013.2362,0.1021,,,,,
Mazama,10,207, cls_1 ,1.0975,63.9,36888.3011,0.4083,,,,,
Mazama,10,219, cls_1 ,1,71.4424,29512.0822,0.1021,,,,,
Mazama,10,220, cls_1 ,1.0592,95.85,4612.1659,2.0416,,,,,
Mazama,10,223, cls_1 ,1.1477,63.9,36888.6785,0.8166,,,,,
Mazama,10,227, cls_1 ,1.0155,71.4424,29512.3416,0.2042,,,,,
Mazama,10,228, cls_1 ,1,71.4424,5905.7359,0.1021,,,,,
Mazama,10,234, cls_1 ,1.0654,131.7332,505.6316,1.1229,,,,,
Mazama,10,235, cls_1 ,1.0701,71.4424,2555.2116,2.1437,,,,,
Mazama,10,237, cls_1 ,1.0155,63.9,1474.9869,0.2042,,,,,
Mazama,10,238, cls_1 ,1.1412,63.9,36891.3637,2.4499,,,,,
Mazama,10,239, cls_1 ,1,63.9,9227.412,0.1021,,,,,
Mazama,10,240, cls_1 ,1.1305,63.9,8687.2263,4.2874,,,,,
Mazama,10,241, cls_1 ,1.0606,63.9,36891.5331,1.4291,,,,,
Mazama,10,243, cls_1 ,1.102,63.9,36888.647,1.8374,,,,,
Mazama,10,244, cls_1 ,1,131.7332,267.1495,0.1021,,,,,
Mazama,10,246, cls_1 ,1,63.9,36889.3049,0.1021,,,,,
Mazama,10,247, cls_1 ,1.1257,90.3682,18453.7092,4.1853,,,,,
Mazama,10,248, cls_1 ,1.0155,63.9,36891.9954,0.2042,,,,,
Mazama,10,249, cls_1 ,1.0338,131.7332,662.1381,0.9187,,,,,
Mazama,10,250, cls_1 ,1.23,71.4424,375.9841,1045.608,,,,,
Mazama,10,251, cls_1 ,1.1271,71.4424,16401.0124,1.1229,,,,,
Mazama,10,253, cls_1 ,1,115.1974,2553.5873,0.1021,,,,,
Mazama,10,254, cls_1 ,1.1265,115.1974,11351.7896,0.8166,,,,,
Mazama,10,255, cls_1 ,1.0491,71.4424,29517.3186,6.5331,,,,,
Mazama,10,259, cls_1 ,1.0529,127.8,5922.978,5.7165,,,,,
Mazama,10,262, cls_1 ,1.0278,135.5524,612.6904,1.9395,,,,,
Mazama,10,266, cls_1 ,1.1089,127.8,869.6492,6.4311,,,,,
Mazama,10,268, cls_1 ,1.0889,127.8,5092.9399,0.9187,,,,,
Mazama,10,275, cls_1 ,1,115.1974,1539.1373,0.1021,,,,,
Mazama,10,276, cls_1 ,1,63.9,36888.9621,0.1021,,,,,
Mazama,10,277, cls_1 ,1.1238,71.4424,7390.147,3.6749,,,,,
Mazama,10,278, cls_1 ,1.0537,71.4424,29511.5048,0.4083,,,,,
Mazama,10,283, cls_1 ,1,127.8,3992.8914,0.1021,,,,,
Mazama,10,284, cls_1 ,1.1003,71.4424,9251.1163,2.6541,,,,,
Mazama,10,287, cls_1 ,1.0688,71.4424,2324.7243,0.5104,,,,,
Mazama,10,290, cls_1 ,1.0537,186.2989,4103.6771,0.4083,,,,,
Mazama,10,291, cls_1 ,1.0261,63.9,36889.3685,0.5104,,,,,
Mazama,10,293, cls_1 ,1.0706,63.9,36888.4748,1.8374,,,,,
Mazama,10,294, cls_1 ,1.1637,63.9,5775.7561,10.4122,,,,,
Mazama,10,295, cls_1 ,1.0605,71.4424,18498.6224,6.329,,,,,
Mazama,10,300, cls_1 ,1.0688,90.3682,9224.3941,0.5104,,,,,
Mazama,10,303, cls_1 ,1.1197,95.85,16396.6905,0.7146,,,,,
Mazama,10,304, cls_1 ,1.0155,63.9,36889.1041,0.2042,,,,,
Mazama,10,305, cls_1 ,1,63.9,36888.6202,0.1021,,,,,
Mazama,10,309, cls_1 ,1,71.4424,29512.6087,0.1021,,,,,
Mazama,10,310, cls_1 ,1.0741,63.9,36889.9128,4.1853,,,,,
Mazama,10,312, cls_1 ,1.1484,63.9,36944.8829,3.879,,,,,
Mazama,10,316, cls_1 ,1.1271,135.5524,8199.5993,1.1229,,,,,
Mazama,10,317, cls_1 ,1.0657,63.9,638.6861,1.6333,,,,,
Mazama,10,319, cls_1 ,1,63.9,36889.3073,0.1021,,,,,
Mazama,10,328, cls_1 ,1,71.4424,29511.5254,0.1021,,,,,
Mazama,10,334, cls_1 ,1.0993,71.4424,29515.8021,1.0208,,,,,
Mazama,10,335, cls_1 ,1,63.9,36889.0645,0.1021,,,,,
Mazama,10,336, cls_1 ,1.0219,186.2989,1405.9137,1.327,,,,,
Mazama,10,338, cls_1 ,1.053,101.0348,1093.2236,1.5312,,,,,
Mazama,10,339, cls_1 ,1.0869,71.4424,29512.1848,1.8374,,,,,
Mazama,10,341, cls_1 ,1.0914,95.85,7383.5769,0.3062,,,,,
Mazama,10,342, cls_1 ,1.0869,71.4424,29512.4227,1.8374,,,,,
Mazama,10,347, cls_1 ,1.0155,95.85,9227.169,0.2042,,,,,
Mazama,10,350, cls_1 ,1.0809,101.0348,1081.997,1.9395,,,,,
Mazama,10,357, cls_1 ,1.1663,135.5524,2228.7843,2.1437,,,,,
Mazama,10,359, cls_1 ,1.0509,63.9,36890.9233,1.0208,,,,,
Mazama,10,360, cls_1 ,1.1166,63.9,36890.5789,4.8999,,,,,
Mazama,10,363, cls_1 ,1.123,63.9,36890.1432,1.9395,,,,,
Mazama,10,366, cls_1 ,1.0688,63.9,1589.5558,0.5104,,,,,
Mazama,10,367, cls_1 ,1.1197,63.9,36891.3661,0.7146,,,,,
Mazama,10,370, cls_1 ,1.1084,71.4424,29512.6185,1.7354,,,,,
Mazama,10,373, cls_1 ,1.0769,63.9,18448.465,0.8166,,,,,
Mazama,10,374, cls_1 ,1.0537,63.9,36892.1956,0.4083,,,,,
Mazama,10,376, cls_1 ,1.0473,63.9,1053.3336,0.8166,,,,,
Mazama,10,377, cls_1 ,1.0283,115.1974,11354.9859,0.7146,,,,,
Mazama,10,381, cls_1 ,1.0909,71.4424,1048.0038,0.2042,,,,,
Mazama,10,385, cls_1 ,1.102,71.4424,29511.7612,1.8374,,,,,
Mazama,10,389, cls_1 ,1.0909,71.4424,29513.2846,0.2042,,,,,
Mazama,10,390, cls_1 ,1.0707,172.056,1826.3434,34.8094,,,,,
Mazama,10,391, cls_1 ,1.1242,127.8,3283.9299,1.327,,,,,
Mazama,10,392, cls_1 ,1.0819,191.7,4102.7366,0.6125,,,,,
Mazama,10,396, cls_1 ,1.0509,71.4424,29513.0734,1.0208,,,,,
Mazama,10,399, cls_1 ,1,71.4424,29512.701,0.1021,,,,,
Mazama,10,400, cls_1 ,1.0402,202.0695,3693.4121,1.1229,,,,,
Mazama,10,404, cls_1 ,1.1366,225.9206,1512.3533,2.552,,,,,
Mazama,10,406, cls_1 ,1.0537,63.9,36889.3638,0.4083,,,,,
Mazama,10,411, cls_1 ,1.0465,90.3682,18448.7655,0.6125,,,,,
Mazama,10,415, cls_1 ,1,71.4424,29515.526,0.1021,,,,,
Mazama,10,418, cls_1 ,1.112,95.85,2435.4018,0.9187,,,,,
Mazama,10,420, cls_1 ,1.0155,63.9,36892.5092,0.2042,,,,,
Mazama,10,423, cls_1 ,1.1197,159.75,5904.7349,0.7146,,,,,
Mazama,10,424, cls_1 ,1.1309,135.5524,8199.1957,1.4291,,,,,
Mazama,10,426, cls_1 ,1,63.9,36891.2801,0.1021,,,,,
Mazama,10,427, cls_1 ,1.0932,63.9,36891.4238,0.7146,,,,,
Mazama,10,428, cls_1 ,1.1426,101.0348,14759.4714,2.8582,,,,,
Mazama,10,429, cls_1 ,1.0987,71.4424,29515.7711,1.4291,,,,,
Mazama,10,432, cls_1 ,1.0358,71.4424,29513.5546,0.3062,,,,,
Mazama,10,433, cls_1 ,1.0306,95.85,16397.9297,1.225,,,,,
Mazama,10,434, cls_1 ,1.0155,194.3443,3991.3486,0.2042,,,,,
Mazama,10,435, cls_1 ,1,131.7332,8681.9605,0.1021,,,,,
Mazama,10,437, cls_1 ,1.0473,63.9,36897.1961,0.8166,,,,,
Mazama,10,446, cls_1 ,1.1337,71.4424,29516.5078,1.225,,,,,
Mazama,10,448, cls_1 ,1.0155,223.65,220.5006,0.2042,,,,,
Mazama,10,450, cls_1 ,1.0155,71.4424,2953.9593,0.2042,,,,,
Mazama,10,452, cls_1 ,1.1358,63.9,36890.4062,2.3478,,,,,
Mazama,10,453, cls_1 ,1.0402,162.9137,5678.7217,1.1229,,,,,
Mazama,10,454, cls_1 ,1.0975,71.4424,1801.833,0.4083,,,,,
Mazama,10,455, cls_1 ,1.0471,325.8273,761.2089,1.9395,,,,,
Mazama,10,458, cls_1 ,1.0631,63.9,36893.2768,0.7146,,,,,
Mazama,10,459, cls_1 ,1.0358,223.65,800.9721,0.3062,,,,,
Mazama,10,463, cls_1 ,1.0769,95.85,16398.0171,1.7354,,,,,
Mazama,10,469, cls_1 ,1.0836,63.9,8688.3013,1.6333,,,,,
Mazama,10,470, cls_1 ,1.0155,63.9,36890.1303,0.2042,,,,,
Mazama,10,471, cls_1 ,1.0465,90.3682,18447.0471,0.6125,,,,,
Mazama,10,472, cls_1 ,1.0047,63.9,2959.7018,0.6125,,,,,
Mazama,10,473, cls_1 ,1.0688,90.3682,299.0673,0.5104,,,,,
Mazama,10,476, cls_1 ,1.1548,115.1974,2302.302,4.3895,,,,,
Mazama,10,480, cls_1 ,1.128,127.8,9225.95,4.6957,,,,,
Mazama,10,481, cls_1 ,1,63.9,241.4559,0.4083,,,,,
Mazama,10,484, cls_1 ,1.0689,63.9,36890.9755,1.327,,,,,
Mazama,10,486, cls_1 ,1.0358,71.4424,3286.5636,0.3062,,,,,
Mazama,10,489, cls_1 ,1.1692,90.3682,1494.6249,36.6468,,,,,
Mazama,10,490, cls_1 ,1.1167,63.9,213.2071,1.225,,,,,
Mazama,10,491, cls_1 ,1.0932,71.4424,2061.5971,0.7146,,,,,
Mazama,10,495, cls_1 ,1.0769,101.0348,14763.4502,1.7354,,,,,
Mazama,10,496, cls_1 ,1.0631,63.9,36895.6709,0.7146,,,,,
Mazama,10,500, cls_1 ,1,71.4424,2002.4408,0.1021,,,,,
Mazama,10,501, cls_1 ,1.0155,63.9,36891.8926,0.2042,,,,,
Mazama,10,502, cls_1 ,1.1125,71.4424,29516.4992,0.6125,,,,,
Mazama,10,504, cls_1 ,1.0805,71.4424,29513.9669,1.4291,,,,,
Mazama,10,506, cls_1 ,1.063,95.85,1029.935,0.9187,,,,,
Mazama,10,508, cls_1 ,1.063,127.8,3610.4607,0.9187,,,,,
Mazama,10,511, cls_1 ,1.0402,243.324,228.5397,1.1229,,,,,
Mazama,10,515, cls_1 ,1,71.4424,29520.0715,0.1021,,,,,
Mazama,10,516, cls_1 ,1.0631,63.9,2055.2348,0.7146,,,,,
Mazama,10,517, cls_1 ,1.0631,131.7332,8687.2093,0.7146,,,,,
Mazama,10,518, cls_1 ,1.1035,95.85,492.809,2.8582,,,,,
Mazama,10,519, cls_1 ,1.1396,101.0348,96.1815,3.6749,,,,,
Mazama,10,520, cls_1 ,1.0932,115.1974,1019.8226,0.7146,,,,,
Mazama,10,521, cls_1 ,1.1599,63.9,36895.579,1.7354,,,,,
Mazama,10,522, cls_1 ,1.0688,127.8,9230.0405,0.5104,,,,,
Mazama,10,524, cls_1 ,1.0863,63.9,36891.8206,4.0832,,,,,
Mazama,10,525, cls_1 ,1.0465,115.1974,11353.1768,0.6125,,,,,
Mazama,10,528, cls_1 ,1.0583,135.5524,946.2901,2.7562,,,,,
Mazama,10,529, cls_1 ,1.154,71.4424,16423.4587,10.7184,,,,,
Mazama,10,531, cls_1 ,1,63.9,16405.6315,0.1021,,,,,
Mazama,10,532, cls_1 ,1.1328,71.4424,11380.2965,0.9187,,,,,
Mazama,10,533, cls_1 ,1.0993,90.3682,18452.742,1.0208,,,,,
Mazama,10,538, cls_1 ,1.0688,71.4424,917.4084,0.5104,,,,,
Mazama,10,539, cls_1 ,1.0537,63.9,1646.1951,0.4083,,,,,
Mazama,10,540, cls_1 ,1.0631,95.85,1510.9058,0.7146,,,,,
Mazama,10,541, cls_1 ,1.0932,159.75,5093.1604,0.7146,,,,,
Mazama,10,542, cls_1 ,1.1275,71.4424,3095.0216,18.8848,,,,,
Mazama,10,543, cls_1 ,1.0467,101.0348,79.9155,1.327,,,,,
Mazama,10,546, cls_1 ,1.1226,71.4424,29518.9201,1.7354,,,,,
Mazama,10,549, cls_1 ,1.022,71.4424,877.3141,1.0208,,,,,
Mazama,10,553, cls_1 ,1.063,71.4424,1832.4965,0.9187,,,,,
Mazama,10,554, cls_1 ,1.0155,71.4424,2798.0586,0.2042,,,,,
Mazama,10,555, cls_1 ,1.105,505.1739,73.1005,0.5104,,,,,
Mazama,10,559, cls_1 ,1.0688,71.4424,1536.1894,0.5104,,,,,
Mazama,10,561, cls_1 ,1.0556,95.85,134.6188,1.225,,,,,
Mazama,10,567, cls_1 ,1.1239,101.0348,3428.9823,68.3938,,,,,
Mazama,10,573, cls_1 ,1.0972,63.9,48.6391,36.0343,,,,,
Mazama,10,574, cls_1 ,1.1836,127.8,1243.5277,62.1669,,,,,
Mazama,10,576, cls_1 ,1.0047,95.85,1161.5995,0.6125,,,,,
Mazama,10,582, cls_1 ,1.112,127.8,464.6843,0.9187,,,,,
Mazama,10,583, cls_1 ,1.1271,90.3682,1023.2615,1.1229,,,,,
Mazama,10,586, cls_1 ,1.1474,71.4424,837.2357,14.3933,,,,,
Mazama,10,588, cls_1 ,1.1073,63.9,29517.5798,1.327,,,,,
Mazama,10,590, cls_1 ,1.1864,90.3682,564.5185,3.879,,,,,
Mazama,10,593, cls_1 ,1.1197,90.3682,18465.3348,0.7146,,,,,
Mazama,10,595, cls_1 ,1.0728,95.85,1187.2105,1.5312,,,,,
Mazama,10,596, cls_1 ,1.0465,63.9,14764.4172,0.6125,,,,,
Mazama,10,598, cls_1 ,1.0465,131.7332,313.8287,0.6125,,,,,
Mazama,10,599, cls_1 ,1.1469,95.85,517.8567,1.9395,,,,,
Mazama,10,600, cls_1 ,1.1239,63.9,1219.581,2.1437,,,,,
Mazama,10,601, cls_1 ,1.0819,495.9974,616.4857,0.6125,,,,,
Mazama,10,603, cls_1 ,1.1479,90.3682,11435.0314,6.4311,,,,,
Mazama,10,605, cls_1 ,1,63.9,765.6502,0.1021,,,,,
Mazama,10,606, cls_1 ,1.0647,328.9454,40.269,1.9395,,,,,
Mazama,10,607, cls_1 ,1.116,63.9,630.2556,1.8374,,,,,
Mazama,10,608, cls_1 ,1.0338,90.3682,18459.3356,0.9187,,,,,
Mazama,10,609, cls_1 ,1.0975,191.7,315.4572,0.4083,,,,,
Mazama,10,610, cls_1 ,1.2091,63.9,936.9568,130.7648,,,,,
Mazama,10,611, cls_1 ,1.0537,71.4424,388.1668,0.4083,,,,,
Mazama,10,612, cls_1 ,1.1154,328.9454,37.5652,1.6333,,,,,
Mazama,10,613, cls_1 ,1.0631,63.9,598.8847,0.7146,,,,,
Mazama,10,614, cls_1 ,1.1038,63.9,8707.9039,29.195,,,,,
Mazama,10,615, cls_1 ,1.1802,71.4424,29516.1309,8.5747,,,,,
Mazama,10,616, cls_1 ,1.148,63.9,543.1529,116.5756,,,,,
Mazama,10,618, cls_1 ,1.0631,71.4424,985.1816,0.7146,,,,,
Mazama,10,619, cls_1 ,1.0746,71.4424,29553.2593,8.5747,,,,,
Mazama,10,620, cls_1 ,1,71.4424,286.6758,0.1021,,,,,
Mazama,10,621, cls_1 ,1.2029,101.0348,183.0907,7.1456,,,,,
Mazama,10,624, cls_1 ,1.0889,159.75,153.8366,0.9187,,,,,
Mazama,10,626, cls_1 ,1.1125,71.4424,612.2047,0.6125,,,,,
Mazama,10,627, cls_1 ,1.2149,63.9,174.8221,138.7271,,,,,
Mazama,10,629, cls_1 ,1.0465,63.9,112.6578,0.6125,,,,,
Mazama,10,630, cls_1 ,1.0932,71.4424,224.8962,0.7146,,,,,
Mazama,10,631, cls_1 ,1.0975,115.1974,219.7113,0.4083,,,,,
Mazama,10,632, cls_1 ,1.0155,63.9,451.0028,0.2042,,,,,
Mazama,10,633, cls_1 ,1.123,63.9,29588.0415,1.9395,,,,,
Mazama,10,635, cls_1 ,1.1471,101.0348,146.9272,3.6749,,,,,
Mazama,10,636, cls_1 ,1.0155,162.9137,103.9989,0.2042,,,,,
Mazama,10,638, cls_1 ,1.2008,63.9,116.9324,0.9187,,,,,
Mazama,10,639, cls_1 ,1.1283,71.4424,29712.9827,6.329,,,,,
Mazama,10,640, cls_1 ,1.0643,71.4424,186.9672,2.9603,,,,,
Mazama,10,642, cls_1 ,1.0799,223.65,686.728,2.552,,,,,
Mazama,10,643, cls_1 ,1.0319,223.65,457.1698,2.6541,,,,,
Mazama,10,645, cls_1 ,1.0982,135.5524,121.7653,1.225,,,,,
Mazama,10,647, cls_1 ,1,63.9,421.5852,0.1021,,,,,
Mazama,10,649, cls_1 ,1.0909,63.9,84.7711,0.2042,,,,,
Mazama,10,650, cls_1 ,1.0155,135.5524,89.2779,0.2042,,,,,
Mazama,10,652, cls_1 ,1.1369,71.4424,77.5787,0.3062,,,,,
Mazama,10,653, cls_1 ,1.0261,71.4424,29517.0194,0.5104,,,,,
Mazama,10,654, cls_1 ,1.0654,135.5524,76.8752,1.1229,,,,,
Mazama,10,656, cls_1 ,1.0537,71.4424,699.5997,0.4083,,,,,
Mazama,10,657, cls_1 ,1.0769,95.85,71.8974,1.7354,,,,,
Mazama,10,659, cls_1 ,1.0819,230.3947,2281.9534,0.6125,,,,,
Mazama,10,661, cls_1 ,1.0917,90.3682,18563.158,5.4103,,,,,
Mazama,10,662, cls_1 ,1.0548,204.5798,160.0196,4.5936,,,,,
Mazama,10,663, cls_1 ,1.0358,95.85,189.347,0.3062,,,,,
Mazama,10,666, cls_1 ,1.0932,186.2989,35.5655,0.7146,,,,,
Mazama,10,667, cls_1 ,1.0741,415.35,979.484,9.7997,,,,,
Mazama,10,669, cls_1 ,1.0975,101.0348,1048.3824,0.4083,,,,,
Mazama,10,670, cls_1 ,1.0473,191.7,233.8248,0.8166,,,,,
Mazama,10,671, cls_1 ,1.0283,95.85,54.5219,0.7146,,,,,
Mazama,10,672, cls_1 ,1,101.0348,11357.9634,0.1021,,,,,
Mazama,10,673, cls_1 ,1.1601,63.9,36930.435,2.4499,,,,,
Mazama,10,674, cls_1 ,1.0131,95.85,8740.764,0.8166,,,,,
Mazama,10,675, cls_1 ,1.0688,131.7332,48.9431,0.5104,,,,,
Mazama,10,676, cls_1 ,1.1185,95.85,3567.9398,26.1325,,,,,
Mazama,10,677, cls_1 ,1.1168,101.0348,528.2684,10.1059,,,,,
Mazama,10,678, cls_1 ,1.0261,63.9,62.1378,0.5104,,,,,
Mazama,10,680, cls_1 ,1.0889,71.4424,29517.9951,0.9187,,,,,
Mazama,10,681, cls_1 ,1.2537,63.9,3089.5189,4582.9949,,,,,
Mazama,10,682, cls_1 ,1.0473,63.9,61.4468,0.8166,,,,,
Mazama,10,683, cls_1 ,1.0576,186.2989,47.2194,3.5728,,,,,
Mazama,10,684, cls_1 ,1.0822,63.9,730.2087,60.3294,,,,,
Mazama,10,685, cls_1 ,1.0694,101.0348,265.1894,4.3895,,,,,
Mazama,10,686, cls_1 ,1.0819,131.7332,41.7669,0.6125,,,,,
Mazama,10,688, cls_1 ,1.1518,71.4424,62.9012,10.208,,,,,
Mazama,10,689, cls_1 ,1.0283,71.4424,49.9409,0.7146,,,,,
Mazama,10,691, cls_1 ,1,159.75,146.2798,0.1021,,,,,
Mazama,10,693, cls_1 ,1.0939,71.4424,9127.1749,6.1248,,,,,
Mazama,10,694, cls_1 ,1.0473,159.75,46.3658,0.8166,,,,,
Mazama,10,695, cls_1 ,1.1667,186.2989,41.2238,0.4083,,,,,
Mazama,10,696, cls_1 ,1.0537,159.75,1627.7791,0.4083,,,,,
Mazama,10,697, cls_1 ,1,71.4424,44.0298,0.1021,,,,,
Mazama,10,698, cls_1 ,1.105,101.0348,1341.3399,0.5104,,,,,
Mazama,10,699, cls_1 ,1.0835,135.5524,524.4152,13.0663,,,,,
Mazama,10,701, cls_1 ,1.1303,63.9,60.5675,4.8999,,,,,
Mazama,10,702, cls_1 ,1.0358,63.9,59.9438,0.3062,,,,,
Mazama,10,705, cls_1 ,1.1778,63.9,38.4561,1.225,,,,,
Mazama,10,706, cls_1 ,1,115.1974,46.3637,0.1021,,,,,
Mazama,10,708, cls_1 ,1.0509,95.85,441.6336,1.0208,,,,,
Mazama,10,709, cls_1 ,1.0754,101.0348,608.2411,2.0416,,,,,
Mazama,10,711, cls_1 ,1.0718,457.4544,13.3976,2.7562,,,,,
Mazama,10,714, cls_1 ,1.0358,63.9,56.7016,0.3062,,,,,
Mazama,10,715, cls_1 ,1.1506,71.4424,55.7248,1.5312,,,,,
Mazama,10,716, cls_1 ,1.1434,127.8,63.9035,0.7146,,,,,
Mazama,10,717, cls_1 ,1.1125,115.1974,150.3972,0.6125,,,,,
Mazama,10,719, cls_1 ,1.0509,194.3443,37.3546,1.0208,,,,,
Mazama,10,720, cls_1 ,1.063,63.9,35.4054,0.9187,,,,,
Mazama,10,721, cls_1 ,1.1273,63.9,57.4607,8.2685,,,,,
Mazama,10,722, cls_1 ,1,115.1974,46.3268,0.1021,,,,,
Mazama,10,723, cls_1 ,1.0338,480.3138,15.6398,0.9187,,,,,
Mazama,10,724, cls_1 ,1.0932,71.4424,29528.982,0.7146,,,,,
Mazama,10,727, cls_1 ,1.0473,63.9,241.4289,0.8166,,,,,
Mazama,10,728, cls_1 ,1.0802,230.3947,92.378,7.5539,,,,,
Mazama,10,735, cls_1 ,1,71.4424,27.8786,0.1021,,,,,
Mazama,10,736, cls_1 ,1.0769,214.3271,86.4992,0.8166,,,,,
Mazama,10,737, cls_1 ,1.0155,71.4424,26.9701,0.2042,,,,,
Mazama,10,739, cls_1 ,1.1125,159.75,123.6428,0.6125,,,,,
Mazama,10,742, cls_1 ,1.0399,191.7,690.6949,4.7978,,,,,
Mazama,10,743, cls_1 ,1.0425,395.1997,973.8775,3.6749,,,,,
Mazama,10,744, cls_1 ,1.0992,159.75,1869.1806,4.2874,,,,,
Mazama,10,745, cls_1 ,1.0632,415.35,40.014,7.2477,,,,,
Mazama,10,747, cls_1 ,1.0909,71.4424,25.7669,0.2042,,,,,
Mazama,10,748, cls_1 ,1.0858,294.5644,34.1125,5.3082,,,,,
Mazama,10,750, cls_1 ,1.159,159.75,59.0119,22.4577,,,,,
Mazama,10,752, cls_1 ,1.1041,204.5798,121.62,11.5351,,,,,
Mazama,10,753, cls_1 ,1.0764,159.75,103.844,1.0208,,,,,
Mazama,10,754, cls_1 ,1.1289,63.9,20.4102,3.777,,,,,
Mazama,10,755, cls_1 ,1.0473,204.5798,133.1024,0.8166,,,,,
Mazama,10,756, cls_1 ,1.088,214.3271,79.9744,1.1229,,,,,
Mazama,10,757, cls_1 ,1.0509,131.7332,13.4747,2.9603,,,,,
Mazama,10,758, cls_1 ,1.0987,255.6,200.5018,1.4291,,,,,
Mazama,10,759, cls_1 ,1.2568,63.9,205.0693,1168.0022,,,,,
Mazama,10,760, cls_1 ,1.1674,159.75,511.328,3.0624,,,,,
Mazama,10,761, cls_1 ,1.0465,95.85,16425.1247,0.6125,,,,,
Mazama,10,762, cls_1 ,1.0155,71.4424,29555.1525,0.2042,,,,,
Mazama,10,763, cls_1 ,1.0819,63.9,50.5924,0.6125,,,,,
Mazama,10,765, cls_1 ,1.0465,63.9,25.5599,0.6125,,,,,
Mazama,10,767, cls_1 ,1,159.75,32.4853,0.1021,,,,,
Mazama,10,769, cls_1 ,1.0631,71.4424,29525.5815,0.7146,,,,,
Mazama,10,770, cls_1 ,1.0306,127.8,9251.205,1.225,,,,,
Mazama,10,772, cls_1 ,1.0358,416.577,43.8071,0.3062,,,,,
Mazama,10,773, cls_1 ,1.0903,131.7332,14.087,2.0416,,,,,
Mazama,10,775, cls_1 ,1.0492,159.75,16.3303,2.2458,,,,,
Mazama,10,776, cls_1 ,1.0643,90.3682,48.9844,2.9603,,,,,
Mazama,10,777, cls_1 ,1.0606,135.5524,2229.5976,16.8432,,,,,
Mazama,10,778, cls_1 ,1.1159,63.9,65.3469,2.552,,,,,
Mazama,10,779, cls_1 ,1.0619,95.85,276.3646,7.3498,,,,,
Mazama,10,780, cls_1 ,1.1117,71.4424,382.5371,2.1437,,,,,
Mazama,10,783, cls_1 ,1.0155,90.3682,96.2831,0.2042,,,,,
Mazama,10,784, cls_1 ,1.0358,63.9,11.2211,0.3062,,,,,
Mazama,10,786, cls_1 ,1.0819,127.8,9246.7075,0.6125,,,,,
Mazama,10,787, cls_1 ,1.1073,257.5891,30.5386,1.327,,,,,
Mazama,10,789, cls_1 ,1.0769,95.85,31.2518,0.8166,,,,,
Mazama,10,790, cls_1 ,1.0318,95.85,24.885,2.2458,,,,,
Mazama,10,791, cls_1 ,1.0529,159.75,12.8439,5.7165,,,,,
Mazama,10,793, cls_1 ,1.046,90.3682,55.0596,1.6333,,,,,
Mazama,10,794, cls_1 ,1.209,63.9,2894.2879,3.6749,,,,,
Mazama,10,795, cls_1 ,1.0933,95.85,113.098,1.7354,,,,,
Mazama,10,796, cls_1 ,1.105,159.75,14.483,0.5104,,,,,
Mazama,10,797, cls_1 ,1.0465,63.9,10.791,0.6125,,,,,
Mazama,10,799, cls_1 ,1.0706,159.75,8.6548,2.4499,,,,,
Mazama,10,800, cls_1 ,1.0155,225.9206,13.8734,0.2042,,,,,
Mazama,10,801, cls_1 ,1.0261,249.5375,165.9954,0.5104,,,,,
Mazama,10,804, cls_1 ,1.1081,90.3682,153.2407,14.9037,,,,,
Mazama,10,806, cls_1 ,1.0819,303.1043,26.3138,0.6125,,,,,
Mazama,10,808, cls_1 ,1.0401,339.6332,30.6731,2.8582,,,,,
Mazama,10,809, cls_1 ,1.0155,71.4424,694.6661,0.2042,,,,,
Mazama,10,813, cls_1 ,1.105,303.1043,22.2929,0.5104,,,,,
Mazama,10,814, cls_1 ,1.0689,131.7332,48.534,1.327,,,,,
Mazama,10,815, cls_1 ,1.1143,63.9,255.7425,37.6676,,,,,
Mazama,10,816, cls_1 ,1.0863,63.9,691.5629,4.0832,,,,,
Mazama,10,817, cls_1 ,1.0688,191.7,146.2223,0.5104,,,,,
Mazama,10,818, cls_1 ,1.0465,95.85,146.2046,0.6125,,,,,
Mazama,10,819, cls_1 ,1.1174,257.5891,15.5135,16.2308,,,,,
Mazama,10,820, cls_1 ,1.0283,223.65,10.8066,0.7146,,,,,
Mazama,10,821, cls_1 ,1.0465,159.75,8.1687,0.6125,,,,,
Mazama,10,823, cls_1 ,1,63.9,2877.9381,0.1021,,,,,
Mazama,10,824, cls_1 ,1.1105,63.9,564.3772,35.0135,,,,,
Mazama,10,826, cls_1 ,1.1489,71.4424,431.2641,10.5143,,,,,
Mazama,10,827, cls_1 ,1.0467,249.5375,1070.9026,1.327,,,,,
Mazama,10,828, cls_1 ,1,191.7,128.7523,0.1021,,,,,
Mazama,10,829, cls_1 ,1.0909,71.4424,31.49,0.2042,,,,,
Mazama,10,830, cls_1 ,1,115.1974,98.1806,0.1021,,,,,
Mazama,10,835, cls_1 ,1.1591,63.9,139.6309,99.222,,,,,
Mazama,10,836, cls_1 ,1.1415,135.5524,2626.7226,1.8374,,,,,
Mazama,10,837, cls_1 ,1.0537,71.4424,29.5839,0.4083,,,,,
Mazama,10,839, cls_1 ,1.0932,63.9,165.3715,0.7146,,,,,
Mazama,10,842, cls_1 ,1.0618,63.9,317.0093,5.7165,,,,,
Mazama,10,845, cls_1 ,1.0155,63.9,292.8824,0.2042,,,,,
Mazama,10,846, cls_1 ,1.112,194.3443,33.8686,0.9187,,,,,
Mazama,10,848, cls_1 ,1.046,142.8847,197.5812,1.6333,,,,,
Mazama,10,850, cls_1 ,1,101.0348,53.4072,0.1021,,,,,
Mazama,10,853, cls_1 ,1.0904,426.2662,34.3202,3.5728,,,,,
Mazama,10,854, cls_1 ,1.1449,71.4424,222.5637,236.8262,,,,,
Mazama,10,855, cls_1 ,1,71.4424,226.5272,0.1021,,,,,
Mazama,10,858, cls_1 ,1,101.0348,56.8715,0.1021,,,,,
Mazama,10,859, cls_1 ,1.0283,230.3947,16.8465,0.7146,,,,,
Mazama,10,861, cls_1 ,1.0647,373.9652,30.5198,1.9395,,,,,
Mazama,10,862, cls_1 ,1.0631,71.4424,311.994,0.7146,,,,,
Mazama,10,864, cls_1 ,1.0445,90.3682,318.9998,2.3478,,,,,
Mazama,10,865, cls_1 ,1.0537,135.5524,174.7326,0.4083,,,,,
Mazama,10,866, cls_1 ,1.0933,194.3443,33.0952,1.7354,,,,,
Mazama,10,869, cls_1 ,1.0283,294.5644,8.1859,0.7146,,,,,
Mazama,10,870, cls_1 ,1.0631,95.85,1280.9937,0.7146,,,,,
Mazama,10,871, cls_1 ,1.0706,159.75,12.7657,1.8374,,,,,
Mazama,10,872, cls_1 ,1.0179,230.3947,18.1693,1.7354,,,,,
Mazama,10,875, cls_1 ,1.1154,194.3443,183.577,1.4291,,,,,
Mazama,10,877, cls_1 ,1.0891,202.0695,182.7063,7.8602,,,,,
Mazama,10,878, cls_1 ,1.0261,63.9,2875.0953,0.5104,,,,,
Mazama,10,879, cls_1 ,1.0632,734.85,51.3528,7.2477,,,,,
Mazama,10,880, cls_1 ,1.0688,180.7365,1477.0844,0.5104,,,,,
Mazama,10,881, cls_1 ,1.145,159.75,33.3529,6.9415,,,,,
Mazama,10,882, cls_1 ,1.0261,63.9,10.0058,0.5104,,,,,
Mazama,10,884, cls_1 ,1,63.9,10.1135,0.1021,,,,,
Mazama,10,887, cls_1 ,1.1395,71.4424,22.3774,0.6125,,,,,
Mazama,10,888, cls_1 ,1.0395,159.75,125.6846,4.2874,,,,,
Mazama,10,889, cls_1 ,1.105,63.9,189.9944,0.5104,,,,,
Mazama,10,890, cls_1 ,1.078,63.9,2400.6139,16.0266,,,,,
Mazama,10,891, cls_1 ,1.1039,194.3443,20.564,12.658,,,,,
Mazama,10,892, cls_1 ,1.0537,95.85,10.2656,0.4083,,,,,
Mazama,10,893, cls_1 ,1.0622,71.4424,19.8209,2.6541,,,,,
Mazama,10,894, cls_1 ,1.0932,71.4424,33.7301,0.7146,,,,,
Mazama,10,895, cls_1 ,1.1075,159.75,30.443,2.7562,,,,,
Mazama,10,897, cls_1 ,1.0278,131.7332,12.9919,1.9395,,,,,
Mazama,10,898, cls_1 ,1.0914,90.3682,194.5282,6.7373,,,,,
Mazama,10,900, cls_1 ,1.112,115.1974,11.1362,0.9187,,,,,
Mazama,10,904, cls_1 ,1,95.85,10.0209,0.1021,,,,,
Mazama,10,907, cls_1 ,1.0914,63.9,109.1437,0.3062,,,,,
Mazama,10,909, cls_1 ,1.072,71.4424,8994.035,14.0871,,,,,
Mazama,10,910, cls_1 ,1.064,172.056,256.961,6.6352,,,,,
Mazama,10,912, cls_1 ,1.0358,685.9956,11.6207,0.3062,,,,,
Mazama,10,913, cls_1 ,1.0529,90.3682,47.276,1.8374,,,,,
Mazama,10,915, cls_1 ,1.0844,71.4424,29.683,2.7562,,,,,
Mazama,10,918, cls_1 ,1.0155,63.9,271.1202,0.2042,,,,,
Mazama,10,920, cls_1 ,1.1637,274.8443,16.3055,0.6125,,,,,
Mazama,10,923, cls_1 ,1.0688,202.0695,111.7149,0.5104,,,,,
Mazama,10,924, cls_1 ,1,71.4424,218.72,0.1021,,,,,
Mazama,10,925, cls_1 ,1.0631,63.9,877.0014,0.7146,,,,,
Mazama,10,926, cls_1 ,1.1328,71.4424,101.955,0.9187,,,,,
Mazama,10,929, cls_1 ,1.1879,63.9,5662.0406,347.1749,,,,,
Mazama,10,930, cls_1 ,1.0688,294.5644,82.4783,0.5104,,,,,
Mazama,10,934, cls_1 ,1.0932,194.3443,36.8759,0.7146,,,,,
Mazama,10,937, cls_1 ,1.0467,101.0348,4523.1938,1.327,,,,,
Mazama,10,938, cls_1 ,1.086,272.9809,21.9493,21.3348,,,,,
Mazama,10,940, cls_1 ,1.0817,101.0348,4525.8351,3.1645,,,,,
Mazama,10,941, cls_1 ,1.0283,135.5524,10.0237,0.7146,,,,,
Mazama,10,943, cls_1 ,1.0819,186.2989,31.4346,0.6125,,,,,
Mazama,10,944, cls_1 ,1,115.1974,683.4533,0.1021,,,,,
Mazama,10,945, cls_1 ,1.0993,71.4424,7.1298,1.0208,,,,,
Mazama,10,947, cls_1 ,1.0659,71.4424,2300.184,5.0019,,,,,
Mazama,10,948, cls_1 ,1.0686,204.5798,62.3312,31.2366,,,,,
Mazama,10,950, cls_1 ,1.1507,101.0348,10.1742,5.104,,,,,
Mazama,10,952, cls_1 ,1.1597,131.7332,47.6073,2.6541,,,,,
Mazama,10,953, cls_1 ,1.085,142.8847,5.8528,2.1437,,,,,
Mazama,10,954, cls_1 ,1.0741,63.9,337.5129,31.3386,,,,,
Mazama,10,955, cls_1 ,1.0706,95.85,1281.9785,2.4499,,,,,
Mazama,10,956, cls_1 ,1.1602,115.1974,11.7664,1.1229,,,,,
Mazama,10,958, cls_1 ,1.0155,63.9,11.1931,0.2042,,,,,
Mazama,10,960, cls_1 ,1.2236,63.9,101.6085,134.6438,,,,,
Mazama,10,961, cls_1 ,1.2227,63.9,145.2064,60.3294,,,,,
Mazama,10,964, cls_1 ,1.0689,63.9,7.4101,1.327,,,,,
Mazama,10,965, cls_1 ,1.1085,272.9809,20.9046,1.1229,,,,,
Mazama,10,967, cls_1 ,1.1589,101.0348,11.4476,1.4291,,,,,
Mazama,10,968, cls_1 ,1.0509,127.8,49.0922,1.0208,,,,,
Mazama,10,977, cls_1 ,1.0131,257.5891,27.6786,0.8166,,,,,
Mazama,10,978, cls_1 ,1.116,71.4424,159.6757,1.8374,,,,,
Mazama,10,979, cls_1 ,1.1726,142.8847,192.4921,2.552,,,,,
Mazama,10,981, cls_1 ,1.1096,63.9,176.5703,42.4654,,,,,
Mazama,10,983, cls_1 ,1.0764,71.4424,176.1486,1.0208,,,,,
Mazama,10,984, cls_1 ,1.078,101.0348,4507.1934,1.225,,,,,
Mazama,10,987, cls_1 ,1.1311,386.0533,7.4456,2.4499,,,,,
Mazama,10,988, cls_1 ,1,71.4424,130.6033,0.1021,,,,,
Mazama,10,990, cls_1 ,1,429.8433,18.9549,0.1021,,,,,
Mazama,10,991, cls_1 ,1.1293,63.9,501.5319,31.747,,,,,
Mazama,10,992, cls_1 ,1.1358,63.9,865.4207,1.7354,,,,,
Mazama,10,993, cls_1 ,1.0989,71.4424,545.4028,22.0493,,,,,
Mazama,10,994, cls_1 ,1.1031,71.4424,142.1946,0.8166,,,,,
Mazama,10,996, cls_1 ,1.0909,274.8443,31.5675,0.2042,,,,,
Mazama,10,999, cls_1 ,1.0784,63.9,38.9036,12.4538,,,,,
Mazama,10,1001, cls_1 ,1.0813,71.4424,2296.9296,4.6957,,,,,
Mazama,10,1002, cls_1 ,1.0631,115.1974,115.5372,0.7146,,,,,
Mazama,10,1004, cls_1 ,1.0993,63.9,106.896,1.0208,,,,,
Mazama,10,1005, cls_1 ,1,63.9,101.2004,0.1021,,,,,
Mazama,10,1007, cls_1 ,1,131.7332,214.2885,0.1021,,,,,
Mazama,10,1009, cls_1 ,1.1199,71.4424,288.9405,1.0208,,,,,
Mazama,10,1011, cls_1 ,1.1228,63.9,77.5527,1.5312,,,,,
Mazama,10,1013, cls_1 ,1.0338,505.1739,15.6343,0.9187,,,,,
Mazama,10,1015, cls_1 ,1.0465,71.4424,80.0174,0.6125,,,,,
Mazama,10,1016, cls_1 ,1.112,71.4424,121.5875,0.9187,,,,,
Mazama,10,1018, cls_1 ,1.1073,127.8,114.7593,1.327,,,,,
Mazama,10,1020, cls_1 ,1.1409,263.4664,176.9402,2.0416,,,,,
Mazama,10,1021, cls_1 ,1.0662,172.056,64.8436,49.5089,,,,,
Mazama,10,1025, cls_1 ,1.1001,115.1974,3467.3052,1.6333,,,,,
Mazama,10,1028, cls_1 ,1.0733,63.9,53.2122,6.0227,,,,,
Mazama,10,1031, cls_1 ,1.0306,557.9828,8.3734,1.225,,,,,
Mazama,10,1032, cls_1 ,1.0465,63.9,177.1956,0.6125,,,,,
Mazama,10,1033, cls_1 ,1.0998,225.9206,77.1109,7.0435,,,,,
Mazama,10,1036, cls_1 ,1.0556,225.9206,33.4311,1.225,,,,,
Mazama,10,1040, cls_1 ,1.0772,90.3682,82.2936,42.1591,,,,,
Mazama,10,1041, cls_1 ,1.1066,301.4157,518.8357,2.2458,,,,,
Mazama,10,1042, cls_1 ,1.0155,63.9,880.7141,0.2042,,,,,
Mazama,10,1043, cls_1 ,1.0283,191.7,51.2667,0.7146,,,,,
Mazama,10,1050, cls_1 ,1.0338,319.5,17.9114,0.9187,,,,,
Mazama,10,1053, cls_1 ,1.1031,90.3682,88.2411,0.8166,,,,,
Mazama,10,1055, cls_1 ,1.0517,63.9,2889.5757,20.6202,,,,,
Mazama,10,1056, cls_1 ,1.1125,71.4424,33.7369,0.6125,,,,,
Mazama,10,1057, cls_1 ,1.056,471.7361,8.6351,2.4499,,,,,
Mazama,10,1058, cls_1 ,1.2012,63.9,60.9777,102.4886,,,,,
Mazama,10,1059, cls_1 ,1,71.4424,38.9592,0.1021,,,,,
Mazama,10,1060, cls_1 ,1.046,95.85,18.1098,1.6333,,,,,
Mazama,10,1061, cls_1 ,1,186.2989,40.0077,0.1021,,,,,
Mazama,10,1064, cls_1 ,1,325.8273,47.2256,0.1021,,,,,
Mazama,10,1065, cls_1 ,1,71.4424,36.6391,0.1021,,,,,
Mazama,10,1066, cls_1 ,1.0473,90.3682,116.6303,0.8166,,,,,
Mazama,10,1067, cls_1 ,1.0537,71.4424,53.113,0.4083,,,,,
Mazama,10,1068, cls_1 ,1.0631,159.75,1808.2281,0.7146,,,,,
Mazama,10,1069, cls_1 ,1.0975,204.5798,153.7355,0.4083,,,,,
Mazama,10,1072, cls_1 ,1.118,90.3682,588.2375,40.2196,,,,,
Mazama,10,1073, cls_1 ,1.0467,90.3682,88.8835,1.327,,,,,
Mazama,10,1074, cls_1 ,1.1084,95.85,22.3189,1.7354,,,,,
Mazama,10,1078, cls_1 ,1.1309,159.75,278.8082,1.4291,,,,,
Mazama,10,1079, cls_1 ,1.0688,71.4424,8986.6328,0.5104,,,,,
Mazama,10,1081, cls_1 ,1.0819,63.9,139.047,0.6125,,,,,
Mazama,10,1082, cls_1 ,1,159.75,38.9605,0.1021,,,,,
Mazama,10,1083, cls_1 ,1.109,63.9,701.7984,42.7716,,,,,
Mazama,10,1084, cls_1 ,1.0631,127.8,69.2644,0.7146,,,,,
Mazama,10,1085, cls_1 ,1.1596,95.85,38.4032,2.8582,,,,,
Mazama,10,1087, cls_1 ,1.0465,71.4424,4995.875,0.6125,,,,,
Mazama,10,1088, cls_1 ,1.1744,63.9,116.5228,30.522,,,,,
Mazama,10,1091, cls_1 ,1,63.9,262.9983,0.1021,,,,,
Mazama,10,1096, cls_1 ,1.0805,142.8847,62.8006,1.4291,,,,,
Mazama,10,1098, cls_1 ,1.0769,71.4424,8988.0548,1.7354,,,,,
Mazama,10,1099, cls_1 ,1,71.4424,4499.9096,0.1021,,,,,
Mazama,10,1104, cls_1 ,1.1099,71.4424,1802.9945,1.9395,,,,,
Mazama,10,1105, cls_1 ,1.0537,131.7332,2647.4914,0.4083,,,,,
Mazama,10,1106, cls_1 ,1.0836,71.4424,2292.1466,1.6333,,,,,
Mazama,10,1108, cls_1 ,1.0473,454.0948,19.5617,0.8166,,,,,
Mazama,10,1109, cls_1 ,1.0734,372.5978,106.3546,3.0624,,,,,
Mazama,10,1111, cls_1 ,1.1716,63.9,192.3743,4.8999,,,,,
Mazama,10,1113, cls_1 ,1.0338,255.6,31.9877,0.9187,,,,,
Mazama,10,1114, cls_1 ,1.0537,63.9,11232.3144,0.4083,,,,,
Mazama,10,1116, cls_1 ,1.078,63.9,11230.181,1.225,,,,,
Mazama,10,1117, cls_1 ,1.1125,127.8,1802.5179,0.6125,,,,,
Mazama,10,1119, cls_1 ,1.105,63.9,62.9864,0.5104,,,,,
Mazama,10,1120, cls_1 ,1.0537,131.7332,2651.347,0.4083,,,,,
Mazama,10,1122, cls_1 ,1.0233,677.7618,33.1042,12.1475,,,,,
Mazama,10,1124, cls_1 ,1.0473,204.5798,782.112,0.8166,,,,,
Mazama,10,1126, cls_1 ,1.1031,223.65,31.3662,0.8166,,,,,
Mazama,10,1127, cls_1 ,1.0155,71.4424,90.2159,0.2042,,,,,
Mazama,10,1130, cls_1 ,1.0689,90.3682,134.823,1.327,,,,,
Mazama,10,1133, cls_1 ,1.0537,131.7332,1051.9267,0.4083,,,,,
Mazama,10,1136, cls_1 ,1.0895,159.75,323.279,27.0513,,,,,
Mazama,10,1139, cls_1 ,1.0932,95.85,4995.03,0.7146,,,,,
Mazama,10,1142, cls_1 ,1.0688,115.1974,3462.0731,0.5104,,,,,
Mazama,10,1145, cls_1 ,1.1261,172.056,1553.8922,3.879,,,,,
Mazama,10,1147, cls_1 ,1.063,142.8847,21.4613,0.9187,,,,,
Mazama,10,1148, cls_1 ,1.1443,142.8847,20.69,1.1229,,,,,
Mazama,10,1150, cls_1 ,1.0805,63.9,11230.0807,1.4291,,,,,
Mazama,10,1151, cls_1 ,1.0638,274.8443,16.0459,8.9831,,,,,
Mazama,10,1152, cls_1 ,1.0914,202.0695,355.1706,0.3062,,,,,
Mazama,10,1154, cls_1 ,1,63.9,11230.3709,0.1021,,,,,
Mazama,10,1157, cls_1 ,1.0537,271.1047,16.9269,0.4083,,,,,
Mazama,10,1160, cls_1 ,1.0764,63.9,337.4136,1.0208,,,,,
Mazama,10,1162, cls_1 ,1.1283,63.9,311.4074,6.329,,,,,
Mazama,10,1163, cls_1 ,1.1471,71.4424,135.9477,3.6749,,,,,
Mazama,10,1166, cls_1 ,1.1045,319.5,17.8529,5.5123,,,,,
Mazama,10,1170, cls_1 ,1.123,135.5524,16.2373,1.9395,,,,,
Mazama,10,1171, cls_1 ,1.1476,90.3682,134.7055,16.6391,,,,,
Mazama,10,1172, cls_1 ,1.046,95.85,28.4584,1.6333,,,,,
Mazama,10,1173, cls_1 ,1.0261,677.7618,14.5582,0.5104,,,,,
Mazama,10,1174, cls_1 ,1.2279,63.9,1084.8638,671.7901,,,,,
Mazama,10,1175, cls_1 ,1.0402,131.7332,21.5363,1.1229,,,,,
Mazama,10,1176, cls_1 ,1.096,159.75,531.3559,8.2685,,,,,
Mazama,10,1177, cls_1 ,1.0606,90.3682,5617.5348,1.4291,,,,,
Mazama,10,1178, cls_1 ,1.0968,95.85,21.5644,14.9037,,,,,
Mazama,10,1179, cls_1 ,1.0537,230.3947,13.4468,0.4083,,,,,
Mazama,10,1180, cls_1 ,1.0814,63.9,11231.9216,10.8205,,,,,
Mazama,10,1183, cls_1 ,1.0155,71.4424,16.5045,0.2042,,,,,
Mazama,10,1185, cls_1 ,1.022,204.5798,14.7369,1.0208,,,,,
Mazama,10,1186, cls_1 ,1.167,357.2119,10.8217,0.8166,,,,,
Mazama,10,1187, cls_1 ,1.0972,95.85,37.1261,3.6749,,,,,
Mazama,10,1188, cls_1 ,1,63.9,11263.6533,0.1021,,,,,
Mazama,10,1189, cls_1 ,1.1199,71.4424,26.2476,1.0208,,,,,
Mazama,10,1190, cls_1 ,1.1735,63.9,11650.8196,46.8548,,,,,
Mazama,10,1191, cls_1 ,1.0909,63.9,11228.9402,0.2042,,,,,
Mazama,10,1192, cls_1 ,1.0358,63.9,60.2056,0.3062,,,,,
Mazama,10,1193, cls_1 ,1.0261,204.5798,12.739,0.5104,,,,,
Mazama,10,1194, cls_1 ,1,115.1974,3467.2204,0.1021,,,,,
Mazama,10,1196, cls_1 ,1.0606,159.75,24.7153,1.4291,,,,,
Mazama,10,1197, cls_1 ,1.062,131.7332,29.1849,26.0305,,,,,
Mazama,10,1198, cls_1 ,1,289.3196,12.3178,0.1021,,,,,
Mazama,10,1199, cls_1 ,1.0358,63.9,49.6433,0.3062,,,,,
Mazama,10,1200, cls_1 ,1.112,194.3443,312.5871,0.9187,,,,,
Mazama,10,1201, cls_1 ,1.119,71.4424,4625.0552,3.2666,,,,,
Mazama,10,1202, cls_1 ,1.0822,115.1974,27.0837,33.3802,,,,,
Mazama,10,1204, cls_1 ,1.0537,135.5524,2501.852,0.4083,,,,,
Mazama,10,1205, cls_1 ,1.0819,159.75,1128.9585,0.6125,,,,,
Mazama,10,1207, cls_1 ,1.1862,63.9,119.7987,1.5312,,,,,
Mazama,10,1211, cls_1 ,1.0283,922.1326,17.2615,0.7146,,,,,
Mazama,10,1212, cls_1 ,1.088,294.5644,10.3822,1.1229,,,,,
Mazama,10,1213, cls_1 ,1.1137,71.4424,556.6258,2.3478,,,,,
Mazama,10,1214, cls_1 ,1.014,115.1974,588.5728,1.4291,,,,,
Mazama,10,1216, cls_1 ,1.0805,127.8,2812.6393,1.4291,,,,,
Mazama,10,1217, cls_1 ,1.1896,63.9,96.7003,2.8582,,,,,
Mazama,10,1218, cls_1 ,1.0688,71.4424,97.8195,0.5104,,,,,
Mazama,10,1224, cls_1 ,1.0453,71.4424,141.4598,5.6144,,,,,
Mazama,10,1226, cls_1 ,1.0635,71.4424,8985.2726,3.3686,,,,,
Mazama,10,1227, cls_1 ,1.1204,63.9,12.2173,2.4499,,,,,
Mazama,10,1230, cls_1 ,1.0706,71.4424,62.2759,12.8621,,,,,
Mazama,10,1232, cls_1 ,1.063,255.6,214.2312,0.9187,,,,,
Mazama,10,1233, cls_1 ,1.0874,90.3682,131.1264,10.7184,,,,,
Mazama,10,1234, cls_1 ,1.105,159.75,83.9156,0.5104,,,,,
Mazama,10,1237, cls_1 ,1.1501,191.7,1253.198,8.5747,,,,,
Mazama,10,1239, cls_1 ,1,71.4424,258.653,0.1021,,,,,
Mazama,10,1240, cls_1 ,1.0909,71.4424,8984.0387,0.2042,,,,,
Mazama,10,1242, cls_1 ,1,63.9,13.9987,0.1021,,,,,
Mazama,10,1247, cls_1 ,1.1017,71.4424,318.9763,2.3478,,,,,
Mazama,10,1249, cls_1 ,1.0631,159.75,81.9133,0.7146,,,,,
Mazama,10,1250, cls_1 ,1.1242,63.9,16.2558,1.327,,,,,
Mazama,10,1252, cls_1 ,1.0473,63.9,11229.3684,0.8166,,,,,
Mazama,10,1255, cls_1 ,1.1658,90.3682,109.8618,68.5979,,,,,
Mazama,10,1259, cls_1 ,1.0982,63.9,11236.863,1.225,,,,,
Mazama,10,1261, cls_1 ,1.0689,71.4424,10.4637,1.327,,,,,
Mazama,10,1263, cls_1 ,1,71.4424,54.1659,0.4083,,,,,
Mazama,10,1269, cls_1 ,1.1022,159.75,18.798,7.7581,,,,,
Mazama,10,1270, cls_1 ,1.1364,90.3682,846.3438,23.7847,,,,,
Mazama,10,1274, cls_1 ,1,90.3682,80.8229,0.1021,,,,,
Mazama,10,1277, cls_1 ,1.0155,71.4424,50.4829,0.2042,,,,,
Mazama,10,1278, cls_1 ,1.189,364.286,220.9338,8.6768,,,,,
Mazama,10,1283, cls_1 ,1.1271,159.75,280.3896,1.1229,,,,,
Mazama,10,1284, cls_1 ,1,115.1974,3470.5226,0.1021,,,,,
Mazama,10,1289, cls_1 ,1.0283,915.4665,9.28,0.7146,,,,,
Mazama,10,1291, cls_1 ,1.0819,465.199,206.6636,3.879,,,,,
Mazama,10,1292, cls_1 ,1.162,95.85,120.3006,21.7431,,,,,
Mazama,10,1295, cls_1 ,1.0395,63.9,37.1128,4.2874,,,,,
Mazama,10,1296, cls_1 ,1.0261,162.9137,19.7192,0.5104,,,,,
Mazama,10,1297, cls_1 ,1.0509,316.2889,11.2578,1.0208,,,,,
Mazama,10,1298, cls_1 ,1.0798,115.1974,69.7875,9.7997,,,,,
Mazama,10,1301, cls_1 ,1.0395,90.3682,109.2618,1.7354,,,,,
Mazama,10,1307, cls_1 ,1.0604,115.1974,527.1036,2.3478,,,,,
Mazama,10,1310, cls_1 ,1.0937,339.6332,432.649,5.7165,,,,,
Mazama,10,1311, cls_1 ,1.093,71.4424,41.048,4.1853,,,,,
Mazama,10,1312, cls_1 ,1.0889,202.0695,37.838,2.3478,,,,,
Mazama,10,1313, cls_1 ,1.1369,63.9,59.3115,0.3062,,,,,
Mazama,10,1315, cls_1 ,1,115.1974,15.4166,0.4083,,,,,
Mazama,10,1316, cls_1 ,1.0155,131.7332,68.2573,0.2042,,,,,
Mazama,10,1319, cls_1 ,1.0338,71.4424,28.6431,0.9187,,,,,
Mazama,10,1326, cls_1 ,1.0465,63.9,1658.0369,0.6125,,,,,
Mazama,10,1327, cls_1 ,1.1341,71.4424,1330.0446,19.1911,,,,,
Mazama,10,1328, cls_1 ,1.0984,285.7695,18.7095,8.0643,,,,,
Mazama,10,1329, cls_1 ,1.1289,135.5524,86.1804,70.3333,,,,,
Mazama,10,1330, cls_1 ,1.1398,465.199,43.6954,1.327,,,,,
Mazama,10,1331, cls_1 ,1.0663,71.4424,33.5525,3.6749,,,,,
Mazama,10,1333, cls_1 ,1,71.4424,44.8123,0.1021,,,,,
Mazama,10,1337, cls_1 ,1.1328,285.7695,22.4546,0.9187,,,,,
Mazama,10,1341, cls_1 ,1,357.2119,24.5908,0.1021,,,,,
Mazama,10,1342, cls_1 ,1.1799,90.3682,134.5193,102.3865,,,,,
Mazama,10,1345, cls_1 ,1.0537,90.3682,765.3924,0.4083,,,,,
Mazama,10,1351, cls_1 ,1.1434,301.4157,5.4848,0.7146,,,,,
Mazama,10,1353, cls_1 ,1.1594,63.9,69.0898,167.7179,,,,,
Mazama,10,1354, cls_1 ,1.0894,63.9,1658.1198,7.3498,,,,,
Mazama,10,1356, cls_1 ,1,115.1974,529.8271,0.1021,,,,,
Mazama,10,1360, cls_1 ,1,557.9828,4.191,0.1021,,,,,
Mazama,10,1362, cls_1 ,1.1251,101.0348,287.2339,28.9908,,,,,
Mazama,10,1363, cls_1 ,1.1602,159.75,33.1057,12.2496,,,,,
Mazama,10,1364, cls_1 ,1.063,90.3682,140.5622,0.9187,,,,,
Mazama,10,1365, cls_1 ,1.0975,301.4157,7.4001,0.4083,,,,,
Mazama,10,1366, cls_1 ,1.0975,159.75,60.6511,0.4083,,,,,
Mazama,10,1367, cls_1 ,1.1775,115.1974,18.79,13.985,,,,,
Mazama,10,1370, cls_1 ,1.0582,115.1974,27.8996,3.9811,,,,,
Mazama,10,1371, cls_1 ,1.059,90.3682,138.9733,1.7354,,,,,
Mazama,10,1373, cls_1 ,1.1116,63.9,1659.2171,2.6541,,,,,
Mazama,10,1376, cls_1 ,1.0799,71.4424,21.0614,2.2458,,,,,
Mazama,10,1378, cls_1 ,1.0537,316.2889,32.4457,0.4083,,,,,
Mazama,10,1379, cls_1 ,1.1744,63.9,16.5335,3.2666,,,,,
Mazama,10,1380, cls_1 ,1.0914,63.9,423.3301,0.3062,,,,,
Mazama,10,1381, cls_1 ,1.0556,90.3682,18.4288,1.225,,,,,
Mazama,10,1383, cls_1 ,1.0395,71.4424,19.4491,1.7354,,,,,
Mazama,10,1385, cls_1 ,1.0442,565.2532,12.5321,3.1645,,,,,
Mazama,10,1386, cls_1 ,1.0537,71.4424,338.3837,0.4083,,,,,
Mazama,10,1387, cls_1 ,1.0914,142.8847,338.3799,0.3062,,,,,
Mazama,10,1389, cls_1 ,1.0688,71.4424,218.1321,0.5104,,,,,
Mazama,10,1390, cls_1 ,1.1085,131.7332,399.3354,1.1229,,,,,
Mazama,10,1394, cls_1 ,1.1066,63.9,22.8681,2.2458,,,,,
Mazama,10,1395, cls_1 ,1.0402,325.8273,79.0642,1.1229,,,,,
Mazama,10,1396, cls_1 ,1.1673,71.4424,25.4027,15.5162,,,,,
Mazama,10,1397, cls_1 ,1.0728,294.5644,22.7522,1.5312,,,,,
Mazama,10,1399, cls_1 ,1.0956,142.8847,21.3463,7.3498,,,,,
Mazama,10,1400, cls_1 ,1,90.3682,14.9093,0.1021,,,,,
Mazama,10,1401, cls_1 ,1.12,131.7332,37.222,21.7431,,,,,
Mazama,10,1402, cls_1 ,1.1508,71.4424,115.6724,16.537,,,,,
Mazama,10,1404, cls_1 ,1.0283,223.65,144.7972,0.7146,,,,,
Mazama,10,1405, cls_1 ,1.1519,115.1974,12.0458,0.9187,,,,,
Mazama,10,1406, cls_1 ,1.0358,95.85,11.3637,0.3062,,,,,
Mazama,10,1408, cls_1 ,1,63.9,24.1569,0.1021,,,,,
Mazama,10,1411, cls_1 ,1.0583,63.9,8.0758,7.0435,,,,,
Mazama,10,1413, cls_1 ,1,71.4424,47.5127,0.1021,,,,,
Mazama,10,1414, cls_1 ,1.1155,71.4424,20.6505,59.4107,,,,,
Mazama,10,1415, cls_1 ,1,71.4424,45.9887,0.1021,,,,,
Mazama,10,1416, cls_1 ,1.1854,63.9,68.5458,33.5844,,,,,
Mazama,10,1417, cls_1 ,1.1413,95.85,36.0788,3.3686,,,,,
Mazama,10,1418, cls_1 ,1.0366,131.7332,49.7564,2.9603,,,,,
Mazama,10,1419, cls_1 ,1.0988,71.4424,377.6068,2.1437,,,,,
Mazama,10,1421, cls_1 ,1.0425,159.75,270.0104,3.6749,,,,,
Mazama,10,1422, cls_1 ,1.0509,159.75,16.5423,1.0208,,,,,
Mazama,10,1424, cls_1 ,1.0809,191.7,27.4029,1.9395,,,,,
Mazama,10,1425, cls_1 ,1.0358,71.4424,124.1594,0.3062,,,,,
Mazama,10,1427, cls_1 ,1.0993,90.3682,60.1284,1.0208,,,,,
Mazama,10,1428, cls_1 ,1.1271,159.75,21.4353,1.1229,,,,,
Mazama,10,1429, cls_1 ,1.1125,263.4664,7.1379,0.6125,,,,,
Mazama,10,1431, cls_1 ,1.1509,90.3682,50.362,28.3783,,,,,
Mazama,10,1432, cls_1 ,1,159.75,15.2837,0.1021,,,,,
Mazama,10,1434, cls_1 ,1.0914,63.9,107.4209,0.3062,,,,,
Mazama,10,1435, cls_1 ,1.07,214.3271,22.5461,3.1645,,,,,
Mazama,10,1436, cls_1 ,1.0155,95.85,25.7573,0.2042,,,,,
Mazama,10,1438, cls_1 ,1.1844,63.9,53.9416,89.8306,,,,,
Mazama,10,1439, cls_1 ,1.1736,159.75,21.4072,10.7184,,,,,
Mazama,10,1441, cls_1 ,1.1065,162.9137,40.223,3.6749,,,,,
Mazama,10,1442, cls_1 ,1.096,214.3271,17.6461,1.9395,,,,,
Mazama,10,1443, cls_1 ,1.0863,495.9974,9.8295,4.0832,,,,,
Mazama,10,1444, cls_1 ,1.0909,257.5891,12.9474,0.2042,,,,,
Mazama,10,1446, cls_1 ,1.0537,294.5644,10.6699,0.4083,,,,,
Mazama,10,1447, cls_1 ,1.1096,63.9,13.3198,3.879,,,,,
Mazama,10,1448, cls_1 ,1,63.9,23.7372,0.1021,,,,,
Mazama,10,1449, cls_1 ,1.078,159.75,10.5933,1.225,,,,,
Mazama,10,1450, cls_1 ,1.0941,71.4424,108.4932,14.6996,,,,,
Mazama,10,1451, cls_1 ,1.0647,249.5375,5.8015,1.9395,,,,,
Mazama,10,1452, cls_1 ,1.0631,159.75,8.224,0.7146,,,,,
Mazama,10,1453, cls_1 ,1.1705,243.324,19.0787,64.3106,,,,,
Mazama,10,1456, cls_1 ,1.1032,272.9809,7.091,3.4707,,,,,
Mazama,10,1457, cls_1 ,1.1847,71.4424,180.9155,12.0455,,,,,
Mazama,10,1459, cls_1 ,1,71.4424,5.7882,0.1021,,,,,
Mazama,10,1460, cls_1 ,1,71.4424,5.7868,0.1021,,,,,
Mazama,10,1463, cls_1 ,1.0769,186.2989,5.5061,0.8166,,,,,
Mazama,10,1465, cls_1 ,1.0155,497.0254,5.1984,0.2042,,,,,
Mazama,10,1466, cls_1 ,1.0932,71.4424,42.7901,0.7146,,,,,
Mazama,10,1467, cls_1 ,1,63.9,225.6606,0.1021,,,,,
Mazama,10,1468, cls_1 ,1.0338,135.5524,25.1167,0.9187,,,,,
Mazama,10,1469, cls_1 ,1.0386,272.9809,5.6347,1.4291,,,,,
Mazama,10,1470, cls_1 ,1.0582,230.3947,4.7757,10.9226,,,,,
Mazama,10,1471, cls_1 ,1.1117,294.5644,4.9294,2.1437,,,,,
Mazama,10,1475, cls_1 ,1.1372,294.5644,4.9195,1.5312,,,,,
Mazama,10,1477, cls_1 ,1.0726,285.7695,3.8746,13.985,,,,,
Mazama,10,1478, cls_1 ,1.0688,90.3682,21.1961,0.5104,,,,,
Mazama,10,1479, cls_1 ,1.0869,271.1047,13.3052,1.8374,,,,,
Mazama,10,1480, cls_1 ,1,420.2366,4.3732,0.1021,,,,,
Mazama,10,1481, cls_1 ,1.112,230.3947,5.9804,0.9187,,,,,
Mazama,10,1482, cls_1 ,1.1837,287.55,14.0726,29.9095,,,,,
Mazama,10,1483, cls_1 ,1,63.9,11.7285,0.1021,,,,,
Mazama,10,1484, cls_1 ,1.1474,63.9,6.8553,2.9603,,,,,
Mazama,10,1488, cls_1 ,1.1667,101.0348,5.589,0.4083,,,,,
Mazama,10,1489, cls_1 ,1.0131,285.7695,4.9124,0.8166,,,,,
Mazama,10,1490, cls_1 ,1,63.9,11.5533,0.1021,,,,,
Mazama,10,1492, cls_1 ,1.0606,95.85,8.8212,1.4291,,,,,
Mazama,10,1496, cls_1 ,1.0651,225.9206,4.2318,2.2458,,,,,
Mazama,10,1497, cls_1 ,1.0338,95.85,7.0565,0.9187,,,,,
Mazama,10,1498, cls_1 ,1.0924,71.4424,18.7596,2.8582,,,,,
Mazama,10,1500, cls_1 ,1.0657,142.8847,4.9404,1.6333,,,,,
Mazama,10,1501, cls_1 ,1.1654,95.85,5.0727,23.7847,,,,,
Mazama,10,1503, cls_1 ,1.0537,159.75,7.3953,0.4083,,,,,
Mazama,10,1504, cls_1 ,1.1594,63.9,15.4436,40.2196,,,,,
Mazama,10,1507, cls_1 ,1.105,131.7332,5.2506,0.5104,,,,,
Mazama,10,1508, cls_1 ,1.1075,131.7332,3.9868,1.5312,,,,,
Mazama,10,1509, cls_1 ,1.063,434.567,4.0094,0.9187,,,,,
Mazama,10,1510, cls_1 ,1.1167,159.75,6.195,1.225,,,,,
Mazama,10,1511, cls_1 ,1.1537,63.9,26.1123,4.6957,,,,,
Mazama,10,1512, cls_1 ,1.0606,95.85,28.4176,1.4291,,,,,
Mazama,10,1513, cls_1 ,1.059,202.0695,8.45,1.7354,,,,,
Mazama,10,1514, cls_1 ,1.0805,63.9,60.5905,1.4291,,,,,
Mazama,10,1515, cls_1 ,1.1154,63.9,104.0332,1.4291,,,,,
Mazama,10,1516, cls_1 ,1.173,63.9,9.6695,16.9453,,,,,
Mazama,10,1517, cls_1 ,1,271.1047,3.3072,0.1021,,,,,
Mazama,10,1518, cls_1 ,1.0631,294.5644,2.9298,0.7146,,,,,
Mazama,10,1519, cls_1 ,1.1075,63.9,103.1943,1.5312,,,,,
Mazama,10,1521, cls_1 ,1.0987,294.5644,2.7976,1.4291,,,,,
Mazama,10,1523, cls_1 ,1.0311,186.2989,3.4405,1.5312,,,,,
Mazama,10,1524, cls_1 ,1.0764,186.2989,4.5995,1.0208,,,,,
Mazama,10,2, cls_3 ,1.0473,505.1739,10.0089,0.8166,,,,,
Mazama,10,3, cls_3 ,1.0917,159.75,19.4693,5.4103,,,,,
Mazama,10,4, cls_3 ,1.1734,159.75,25.814,7.9623,,,,,
Mazama,10,5, cls_3 ,1.0537,71.4424,10.0322,0.4083,,,,,
Mazama,10,6, cls_3 ,1,159.75,32.652,0.4083,,,,,
Mazama,10,7, cls_3 ,1.0865,90.3682,115.905,14.5975,,,,,
Mazama,10,8, cls_3 ,1.083,159.75,25.8559,3.4707,,,,,
Mazama,10,9, cls_3 ,1.2156,101.0348,62.1609,35.9322,,,,,
Mazama,10,10, cls_3 ,1.0155,71.4424,11.4196,0.2042,,,,,
Mazama,10,11, cls_3 ,1.2084,63.9,126.6713,73.9061,,,,,
Mazama,10,12, cls_3 ,1.0889,115.1974,10.0211,2.3478,,,,,
Mazama,10,16, cls_3 ,1.1966,63.9,109.2928,40.6279,,,,,
Mazama,10,19, cls_3 ,1.0155,202.0695,22.7331,0.2042,,,,,
Mazama,10,20, cls_3 ,1.0131,127.8,25.2431,0.8166,,,,,
Mazama,10,21, cls_3 ,1.1434,63.9,31.2476,27.7658,,,,,
Mazama,10,22, cls_3 ,1.155,71.4424,170.0458,9.1872,,,,,
Mazama,10,23, cls_3 ,1.1175,63.9,144.6827,12.4538,,,,,
Mazama,10,25, cls_3 ,1.112,71.4424,165.1797,0.9187,,,,,
Mazama,10,26, cls_3 ,1.1288,71.4424,64.0591,5.6144,,,,,
Mazama,10,29, cls_3 ,1.1332,95.85,39.3116,3.3686,,,,,
Mazama,10,30, cls_3 ,1,71.4424,163.1026,0.1021,,,,,
Mazama,10,31, cls_3 ,1.0914,63.9,121.0638,0.3062,,,,,
Mazama,10,32, cls_3 ,1.0718,63.9,65.55,2.7562,,,,,
Mazama,10,33, cls_3 ,1.1307,71.4424,39.657,5.5123,,,,,
Mazama,10,34, cls_3 ,1.1858,63.9,218.672,29.7054,,,,,
Mazama,10,35, cls_3 ,1.0631,600.286,12.5337,0.7146,,,,,
Mazama,10,36, cls_3 ,1.0716,63.9,79.0068,3.879,,,,,
Mazama,10,37, cls_3 ,1.172,63.9,34.577,2.0416,,,,,
Mazama,10,39, cls_3 ,1,71.4424,31.6171,0.1021,,,,,
Mazama,10,41, cls_3 ,1.1848,71.4424,17.6137,8.4727,,,,,
Mazama,10,42, cls_3 ,1.1454,63.9,42.2288,1.4291,,,,,
Mazama,10,43, cls_3 ,1.1701,63.9,35.5056,2.2458,,,,,
Mazama,10,44, cls_3 ,1.0844,186.2989,49.706,2.7562,,,,,
Mazama,10,45, cls_3 ,1.0512,90.3682,30.9155,3.3686,,,,,
Mazama,10,46, cls_3 ,1.1835,249.5375,14.2211,1.4291,,,,,
Mazama,10,47, cls_3 ,1.1427,159.75,22.5154,3.5728,,,,,
Mazama,10,48, cls_3 ,1.1299,428.6542,34.2536,3.4707,,,,,
Mazama,10,49, cls_3 ,1.0734,115.1974,25.9872,3.0624,,,,,
Mazama,10,50, cls_3 ,1.1709,191.7,15.7287,3.1645,,,,,
Mazama,10,51, cls_3 ,1.0517,71.4424,34.8907,2.552,,,,,
Mazama,10,52, cls_3 ,1.0047,115.1974,40.2519,0.6125,,,,,
Mazama,10,54, cls_3 ,1,71.4424,30.095,0.1021,,,,,
Mazama,10,55, cls_3 ,1.1816,159.75,24.1066,15.5162,,,,,
Mazama,10,56, cls_3 ,1.1043,191.7,86.0331,4.0832,,,,,
Mazama,10,57, cls_3 ,1.0869,90.3682,34.1897,1.8374,,,,,
Mazama,10,59, cls_3 ,1.1864,95.85,61.1553,3.879,,,,,
Mazama,10,61, cls_3 ,1.0819,115.1974,37.0826,0.6125,,,,,
Mazama,10,64, cls_3 ,1.1407,131.7332,93.9426,11.8413,,,,,
Mazama,10,65, cls_3 ,1.2495,71.4424,72.4817,95.1388,,,,,
Mazama,10,66, cls_3 ,1.0358,63.9,58.4122,0.3062,,,,,
Mazama,10,67, cls_3 ,1.2163,63.9,45.162,12.0455,,,,,
Mazama,10,68, cls_3 ,1.0261,115.1974,55.594,0.5104,,,,,
Mazama,10,70, cls_3 ,1.1316,63.9,48.5569,6.1248,,,,,
Mazama,10,71, cls_3 ,1.0926,95.85,57.0696,2.552,,,,,
Mazama,10,72, cls_3 ,1.0799,63.9,38.9054,2.552,,,,,
Mazama,10,73, cls_3 ,1.1297,191.7,95.4664,2.9603,,,,,
Mazama,10,74, cls_3 ,1,162.9137,25.5699,0.9187,,,,,
Mazama,10,75, cls_3 ,1.1332,95.85,53.7418,3.3686,,,,,
Mazama,10,77, cls_3 ,1.0311,741.0747,44.9229,1.5312,,,,,
Mazama,10,78, cls_3 ,1.1268,63.9,38.5595,3.5728,,,,,
Mazama,10,79, cls_3 ,1.0956,95.85,78.6645,7.3498,,,,,
Mazama,10,81, cls_3 ,1.1514,63.9,31.2759,4.7978,,,,,
Mazama,10,82, cls_3 ,1,63.9,50.5965,0.1021,,,,,
Mazama,10,83, cls_3 ,1.1453,63.9,401.7865,22.6618,,,,,
Mazama,10,84, cls_3 ,1.0942,90.3682,42.6201,11.6371,,,,,
Mazama,10,85, cls_3 ,1.1031,71.4424,23.3867,0.8166,,,,,
Mazama,10,86, cls_3 ,1.0722,316.2889,58.7374,4.6957,,,,,
Mazama,10,87, cls_3 ,1.0509,71.4424,23.155,1.0208,,,,,
Mazama,10,89, cls_3 ,1.118,71.4424,26.3124,3.879,,,,,
Mazama,10,90, cls_3 ,1.0819,257.5891,23.6849,0.6125,,,,,
Mazama,10,91, cls_3 ,1.1372,63.9,32.458,1.5312,,,,,
Mazama,10,92, cls_3 ,1.1273,63.9,116.4618,25.6221,,,,,
Mazama,10,93, cls_3 ,1.1311,63.9,30.7649,2.4499,,,,,
Mazama,10,94, cls_3 ,1.2255,63.9,240.4686,151.8954,,,,,
Mazama,10,95, cls_3 ,1.0689,63.9,25.2005,1.327,,,,,
Mazama,10,96, cls_3 ,1.0764,95.85,52.9839,1.0208,,,,,
Mazama,10,98, cls_3 ,1.1187,63.9,25.8766,2.2458,,,,,
Mazama,10,99, cls_3 ,1.0438,63.9,117.3167,2.7562,,,,,
Mazama,10,104, cls_3 ,1.1744,63.9,23.1914,8.4727,,,,,
Mazama,10,105, cls_3 ,1.1695,142.8847,18.1242,0.9187,,,,,
Mazama,10,108, cls_3 ,1.0909,63.9,38.6421,0.2042,,,,,
Mazama,10,109, cls_3 ,1.0769,303.1043,20.2136,0.8166,,,,,
Mazama,10,110, cls_3 ,1.0894,63.9,34.5113,3.2666,,,,,
Mazama,10,111, cls_3 ,1.089,63.9,40.4459,1.327,,,,,
Mazama,10,112, cls_3 ,1.0359,589.1289,870.6662,2.552,,,,,
Mazama,10,113, cls_3 ,1,63.9,349.1164,0.1021,,,,,
Mazama,10,114, cls_3 ,1.0889,71.4424,212.926,0.9187,,,,,
Mazama,10,115, cls_3 ,1.0568,287.55,27.6351,7.7581,,,,,
Mazama,10,116, cls_3 ,1.0402,159.75,93.6648,1.1229,,,,,
Mazama,10,117, cls_3 ,1.0576,63.9,666.8439,3.5728,,,,,
Mazama,10,118, cls_3 ,1.0706,95.85,654.4622,2.4499,,,,,
Mazama,10,119, cls_3 ,1.0509,127.8,43.6312,1.0208,,,,,
Mazama,10,120, cls_3 ,1.0556,90.3682,54.4231,1.225,,,,,
Mazama,10,121, cls_3 ,1.0933,71.4424,208.8781,1.7354,,,,,
Mazama,10,122, cls_3 ,1.0754,115.1974,803.6333,2.0416,,,,,
Mazama,10,123, cls_3 ,1.0701,287.55,23.6558,2.1437,,,,,
Mazama,10,126, cls_3 ,1.0764,63.9,92.2626,1.0208,,,,,
Mazama,10,127, cls_3 ,1.0473,285.7695,97.8044,0.8166,,,,,
Mazama,10,128, cls_3 ,1.1875,101.0348,52.1167,1.9395,,,,,
Mazama,10,129, cls_3 ,1.0836,63.9,91.9625,1.6333,,,,,
Mazama,10,131, cls_3 ,1.116,172.056,3326.0519,1.8374,,,,,
Mazama,10,132, cls_3 ,1.1387,63.9,59.8949,2.9603,,,,,
Mazama,10,133, cls_3 ,1.0543,63.9,1351.751,3.2666,,,,,
Mazama,10,134, cls_3 ,1.0278,115.1974,1755.261,1.9395,,,,,
Mazama,10,135, cls_3 ,1.0417,357.2119,135.9603,2.0416,,,,,
Mazama,10,136, cls_3 ,1.2191,63.9,2226.9768,60.8398,,,,,
Mazama,10,137, cls_3 ,1.0982,63.9,128.3924,1.225,,,,,
Mazama,10,139, cls_3 ,1.3422,63.9,1579.1496,30192.6839,,,,,
Mazama,10,140, cls_3 ,1.1912,63.9,1497.1228,24.7034,,,,,
Mazama,10,142, cls_3 ,1.0283,63.9,1654.1254,0.7146,,,,,
Mazama,10,143, cls_3 ,1.0932,101.0348,161.6825,0.7146,,,,,
Mazama,10,146, cls_3 ,1.2117,101.0348,113.5155,68.0875,,,,,
Mazama,10,148, cls_3 ,1.088,243.324,50.8867,1.1229,,,,,
Mazama,10,149, cls_3 ,1.0869,90.3682,1674.3425,1.8374,,,,,
Mazama,10,150, cls_3 ,1.1609,115.1974,144.9037,4.3895,,,,,
Mazama,10,151, cls_3 ,1,63.9,68.228,0.1021,,,,,
Mazama,10,152, cls_3 ,1.0769,63.9,160.5297,1.7354,,,,,
Mazama,10,153, cls_3 ,1.0769,357.2119,29.7794,0.8166,,,,,
Mazama,10,155, cls_3 ,1.1001,225.9206,119.1496,1.6333,,,,,
Mazama,10,156, cls_3 ,1.1426,63.9,79.9823,2.8582,,,,,
Mazama,10,157, cls_3 ,1.1443,101.0348,279.5255,1.1229,,,,,
Mazama,10,158, cls_3 ,1.0358,63.9,132.1297,0.3062,,,,,
Mazama,10,159, cls_3 ,1.1125,135.5524,61.3052,0.6125,,,,,
Mazama,10,160, cls_3 ,1.0909,63.9,73944.4931,1.5312,,,,,
Mazama,10,161, cls_3 ,1.0283,115.1974,127.9356,0.7146,,,,,
Mazama,10,162, cls_3 ,1.1209,90.3682,22759.6722,3.777,,,,,
Mazama,10,163, cls_3 ,1.0734,63.9,239.5317,3.0624,,,,,
Mazama,10,165, cls_3 ,1.0805,115.1974,127.8005,1.4291,,,,,
Mazama,10,166, cls_3 ,1.0465,95.85,221.0383,0.6125,,,,,
Mazama,10,167, cls_3 ,1.0604,159.75,125.4823,2.3478,,,,,
Mazama,10,170, cls_3 ,1.1268,135.5524,209.4321,3.5728,,,,,
Mazama,10,171, cls_3 ,1.1128,71.4424,605.9528,11.0247,,,,,
Mazama,10,172, cls_3 ,1.0819,416.577,57.6172,0.6125,,,,,
Mazama,10,173, cls_3 ,1.0243,115.1974,76.4766,1.6333,,,,,
Mazama,10,175, cls_3 ,1,63.9,87.0097,0.1021,,,,,
Mazama,10,176, cls_3 ,1.0805,71.4424,3326.1294,1.4291,,,,,
Mazama,10,178, cls_3 ,1.0894,63.9,73952.5572,3.2666,,,,,
Mazama,10,179, cls_3 ,1.2373,63.9,3698.1669,79.1122,,,,,
Mazama,10,182, cls_3 ,1.0769,63.9,286.7278,0.8166,,,,,
Mazama,10,183, cls_3 ,1.0688,135.5524,168.1943,0.5104,,,,,
Mazama,10,184, cls_3 ,1.0769,294.5644,42.7692,1.7354,,,,,
Mazama,10,185, cls_3 ,1.2218,63.9,536.594,19.2932,,,,,
Mazama,10,188, cls_3 ,1.1125,71.4424,11839.3961,0.6125,,,,,
Mazama,10,189, cls_3 ,1.0909,63.9,501.3804,0.2042,,,,,
Mazama,10,190, cls_3 ,1.2296,63.9,1576.1367,64.7189,,,,,
Mazama,10,191, cls_3 ,1,63.9,991.7512,0.1021,,,,,
Mazama,10,192, cls_3 ,1.1046,71.4424,59157.2362,2.552,,,,,
Mazama,10,193, cls_3 ,1.1763,63.9,308.2904,17.1495,,,,,
Mazama,10,194, cls_3 ,1,63.9,129.1433,0.1021,,,,,
Mazama,10,196, cls_3 ,1.0631,159.75,124.5788,0.7146,,,,,
Mazama,10,197, cls_3 ,1.0631,159.75,11832.4703,0.7146,,,,,
Mazama,10,200, cls_3 ,1.0155,63.9,7225.425,0.2042,,,,,
Mazama,10,201, cls_3 ,1.105,63.9,2398.357,9.3914,,,,,
Mazama,10,202, cls_3 ,1.088,159.75,355.2505,1.1229,,,,,
Mazama,10,204, cls_3 ,1.1073,63.9,8710.3197,1.327,,,,,
Mazama,10,205, cls_3 ,1.116,101.0348,3489.6054,4.5936,,,,,
Mazama,10,206, cls_3 ,1.0631,63.9,605.2185,0.7146,,,,,
Mazama,10,210, cls_3 ,1.0311,63.9,746.3638,1.5312,,,,,
Mazama,10,211, cls_3 ,1.0706,142.8847,14789.7802,1.8374,,,,,
Mazama,10,212, cls_3 ,1.1589,63.9,290.5368,1.4291,,,,,
Mazama,10,213, cls_3 ,1.1591,294.5644,78.7829,3.9811,,,,,
Mazama,10,214, cls_3 ,1.0283,634.1894,32.0523,0.7146,,,,,
Mazama,10,215, cls_3 ,1.1429,95.85,195.2131,1.6333,,,,,
Mazama,10,216, cls_3 ,1.1075,63.9,212.3601,1.5312,,,,,
Mazama,10,217, cls_3 ,1.1073,63.9,73949.604,1.327,,,,,
Mazama,10,218, cls_3 ,1.0706,101.0348,942.4447,1.8374,,,,,
Mazama,10,221, cls_3 ,1.1532,63.9,73955.0767,5.8186,,,,,
Mazama,10,222, cls_3 ,1.078,63.9,310.7101,1.225,,,,,
Mazama,10,224, cls_3 ,1.1111,115.1974,320.7564,8.3706,,,,,
Mazama,10,226, cls_3 ,1.1459,63.9,622.8777,11.6371,,,,,
Mazama,10,229, cls_3 ,1.0769,63.9,335.8151,1.7354,,,,,
Mazama,10,230, cls_3 ,1.0731,101.0348,18493.8596,6.5331,,,,,
Mazama,10,231, cls_3 ,1.0635,90.3682,3721.5631,3.777,,,,,
Mazama,10,236, cls_3 ,1.0975,172.056,244.2867,0.4083,,,,,
Mazama,10,242, cls_3 ,1.0769,63.9,335.4907,0.8166,,,,,
Mazama,10,252, cls_3 ,1,63.9,363.8903,0.4083,,,,,
Mazama,10,256, cls_3 ,1.059,115.1974,53.2548,1.7354,,,,,
Mazama,10,257, cls_3 ,1.1556,71.4424,1488.0703,5.4103,,,,,
Mazama,10,258, cls_3 ,1.022,63.9,624.4267,1.0208,,,,,
Mazama,10,260, cls_3 ,1.1793,63.9,73996.1377,86.9724,,,,,
Mazama,10,261, cls_3 ,1.1155,63.9,73955.5313,6.0227,,,,,
Mazama,10,263, cls_3 ,1,63.9,81.9187,0.1021,,,,,
Mazama,10,264, cls_3 ,1.1561,63.9,2559.1115,3.1645,,,,,
Mazama,10,265, cls_3 ,1.0261,63.9,85.1527,0.5104,,,,,
Mazama,10,267, cls_3 ,1.0608,71.4424,59174.1029,3.879,,,,,
Mazama,10,269, cls_3 ,1.074,71.4424,74.7061,8.0643,,,,,
Mazama,10,270, cls_3 ,1,71.4424,404.0238,0.1021,,,,,
Mazama,10,271, cls_3 ,1.105,101.0348,160.3468,0.5104,,,,,
Mazama,10,272, cls_3 ,1.1381,159.75,9298.2029,17.3536,,,,,
Mazama,10,273, cls_3 ,1.1272,172.056,548.9203,85.5432,,,,,
Mazama,10,274, cls_3 ,1.1328,289.3196,3610.635,0.9187,,,,,
Mazama,10,279, cls_3 ,1.0465,131.7332,17437.789,0.6125,,,,,
Mazama,10,280, cls_3 ,1.0688,63.9,73945.8,0.5104,,,,,
Mazama,10,281, cls_3 ,1.096,101.0348,216.7534,1.9395,,,,,
Mazama,10,282, cls_3 ,1.0689,63.9,98.7695,1.327,,,,,
Mazama,10,285, cls_3 ,1.0932,63.9,3893.028,0.7146,,,,,
Mazama,10,286, cls_3 ,1.0769,63.9,112.4968,0.8166,,,,,
Mazama,10,288, cls_3 ,1.0805,71.4424,96.2729,1.4291,,,,,
Mazama,10,289, cls_3 ,1.197,63.9,59212.9482,99.222,,,,,
Mazama,10,292, cls_3 ,1.151,63.9,328.2063,20.314,,,,,
Mazama,10,296, cls_3 ,1.0657,159.75,62.305,1.6333,,,,,
Mazama,10,297, cls_3 ,1.1124,63.9,73949.2285,3.777,,,,,
Mazama,10,298, cls_3 ,1.2364,63.9,14856.7716,83.7058,,,,,
Mazama,10,299, cls_3 ,1,63.9,138.3297,0.1021,,,,,
Mazama,10,301, cls_3 ,1.0475,63.9,339.4755,3.0624,,,,,
Mazama,10,302, cls_3 ,1,63.9,74010.7288,0.1021,,,,,
Mazama,10,306, cls_3 ,1,63.9,73947.969,0.1021,,,,,
Mazama,10,307, cls_3 ,1.2153,63.9,1895.8743,28.7866,,,,,
Mazama,10,308, cls_3 ,1.109,71.4424,59158.9409,2.4499,,,,,
Mazama,10,311, cls_3 ,1.1474,63.9,200.8575,17.1495,,,,,
Mazama,10,313, cls_3 ,1.0283,95.85,10203.0121,0.7146,,,,,
Mazama,10,315, cls_3 ,1.053,90.3682,190.4099,1.5312,,,,,
Mazama,10,318, cls_3 ,1.1073,95.85,14791.9246,1.327,,,,,
Mazama,10,320, cls_3 ,1.1569,90.3682,125.5928,13.0663,,,,,
Mazama,10,321, cls_3 ,1.1004,294.5644,518.9644,4.5936,,,,,
Mazama,10,322, cls_3 ,1.0903,90.3682,889.185,2.0416,,,,,
Mazama,10,323, cls_3 ,1.0465,95.85,32866.9345,0.6125,,,,,
Mazama,10,324, cls_3 ,1.022,63.9,139.3126,1.0208,,,,,
Mazama,10,325, cls_3 ,1.1039,71.4424,59158.0751,4.7978,,,,,
Mazama,10,326, cls_3 ,1.0306,115.1974,430.8902,1.225,,,,,
Mazama,10,329, cls_3 ,1.1161,90.3682,22756.0514,7.9623,,,,,
Mazama,10,330, cls_3 ,1.0261,90.3682,670.9895,0.5104,,,,,
Mazama,10,331, cls_3 ,1.2297,95.85,419.0682,33.074,,,,,
Mazama,10,333, cls_3 ,1.0926,127.8,157.4909,2.552,,,,,
Mazama,10,337, cls_3 ,1.0529,225.9206,1483.569,1.8374,,,,,
Mazama,10,340, cls_3 ,1.1495,71.4424,59156.0883,1.225,,,,,
Mazama,10,343, cls_3 ,1.0836,63.9,36973.8446,6.329,,,,,
Mazama,10,344, cls_3 ,1.0386,186.2989,203.7554,1.4291,,,,,
Mazama,10,346, cls_3 ,1.0631,63.9,33070.1391,0.7146,,,,,
Mazama,10,348, cls_3 ,1.1125,63.9,73949.3577,3.4707,,,,,
Mazama,10,351, cls_3 ,1.0537,274.8443,357.623,0.4083,,,,,
Mazama,10,353, cls_3 ,1.0338,71.4424,168.313,0.9187,,,,,
Mazama,10,354, cls_3 ,1.0473,63.9,73948.2616,0.8166,,,,,
Mazama,10,355, cls_3 ,1.0884,223.65,187.0122,2.6541,,,,,
Mazama,10,356, cls_3 ,1.053,230.3947,94.953,1.5312,,,,,
Mazama,10,361, cls_3 ,1.069,71.4424,196.6357,3.9811,,,,,
Mazama,10,362, cls_3 ,1.0556,63.9,8219.8402,1.225,,,,,
Mazama,10,364, cls_3 ,1,63.9,73960.5488,0.1021,,,,,
Mazama,10,365, cls_3 ,1.0764,225.9206,534.9402,1.0208,,,,,
Mazama,10,368, cls_3 ,1.0606,63.9,59160.6063,1.4291,,,,,
Mazama,10,369, cls_3 ,1.0311,63.9,32869.4852,1.5312,,,,,
Mazama,10,371, cls_3 ,1.0981,63.9,877.8638,3.9811,,,,,
Mazama,10,372, cls_3 ,1.0631,95.85,321.2183,0.7146,,,,,
Mazama,10,375, cls_3 ,1.1155,71.4424,177.3712,4.2874,,,,,
Mazama,10,378, cls_3 ,1.102,101.0348,29587.5361,1.8374,,,,,
Mazama,10,379, cls_3 ,1.0338,95.85,251.5749,0.9187,,,,,
Mazama,10,380, cls_3 ,1.1702,63.9,595.2615,18.6807,,,,,
Mazama,10,382, cls_3 ,1.0874,159.75,11832.2765,3.6749,,,,,
Mazama,10,383, cls_3 ,1.0806,95.85,263.8898,2.8582,,,,,
Mazama,10,384, cls_3 ,1.0022,127.8,1762.415,1.225,,,,,
Mazama,10,386, cls_3 ,1.0933,386.0533,812.9425,1.7354,,,,,
Mazama,10,388, cls_3 ,1.0663,225.9206,260.755,2.552,,,,,
Mazama,10,393, cls_3 ,1.1557,71.4424,29582.3837,2.3478,,,,,
Mazama,10,394, cls_3 ,1.0688,71.4424,3245.4988,0.5104,,,,,
Mazama,10,395, cls_3 ,1.053,71.4424,2964.3318,1.5312,,,,,
Mazama,10,397, cls_3 ,1.118,159.75,382.4708,3.879,,,,,
Mazama,10,398, cls_3 ,1.0975,71.4424,59156.7725,0.4083,,,,,
Mazama,10,401, cls_3 ,1.0764,232.5995,640.6315,1.0208,,,,,
Mazama,10,402, cls_3 ,1.0556,95.85,722.3767,7.2477,,,,,
Mazama,10,403, cls_3 ,1.1754,71.4424,17495.204,14.2912,,,,,
Mazama,10,405, cls_3 ,1.1154,159.75,11833.4658,1.4291,,,,,
Mazama,10,407, cls_3 ,1.112,63.9,1986.0084,0.9187,,,,,
Mazama,10,408, cls_3 ,1,63.9,73943.9774,0.1021,,,,,
Mazama,10,409, cls_3 ,1,63.9,5591.6432,0.1021,,,,,
Mazama,10,410, cls_3 ,1.0971,63.9,269.7781,2.4499,,,,,
Mazama,10,412, cls_3 ,1,63.9,73944.8209,0.1021,,,,,
Mazama,10,413, cls_3 ,1.0537,63.9,73944.6421,0.4083,,,,,
Mazama,10,414, cls_3 ,1.1577,63.9,136.8151,32.4615,,,,,
Mazama,10,416, cls_3 ,1.0769,63.9,18495.6111,1.7354,,,,,
Mazama,10,417, cls_3 ,1.1523,63.9,499.3668,9.0851,,,,,
Mazama,10,419, cls_3 ,1.0667,71.4424,9247.8441,3.2666,,,,,
Mazama,10,421, cls_3 ,1.0592,95.85,32865.6647,2.0416,,,,,
Mazama,10,422, cls_3 ,1.0654,272.9809,727.3635,1.1229,,,,,
Mazama,10,430, cls_3 ,1.1618,63.9,73974.2738,47.3652,,,,,
Mazama,10,431, cls_3 ,1.0975,127.8,18490.2162,0.4083,,,,,
Mazama,10,439, cls_3 ,1.1495,71.4424,59156.8853,1.225,,,,,
Mazama,10,440, cls_3 ,1.042,63.9,73949.2354,4.6957,,,,,
Mazama,10,441, cls_3 ,1,63.9,73944.2871,0.1021,,,,,
Mazama,10,442, cls_3 ,1.0306,63.9,73946.2225,1.225,,,,,
Mazama,10,443, cls_3 ,1.1154,71.4424,29585.4709,1.6333,,,,,
Mazama,10,444, cls_3 ,1.078,71.4424,286.2628,1.225,,,,,
Mazama,10,447, cls_3 ,1.1133,63.9,73945.458,17.5578,,,,,
Mazama,10,449, cls_3 ,1.1159,333.5678,2716.9786,2.552,,,,,
Mazama,10,451, cls_3 ,1.0631,101.0348,29578.5345,0.7146,,,,,
Mazama,10,456, cls_3 ,1.2183,63.9,59165.8724,25.8263,,,,,
Mazama,10,457, cls_3 ,1.1546,95.85,32864.752,13.3725,,,,,
Mazama,10,460, cls_3 ,1.096,339.6332,672.9752,13.1684,,,,,
Mazama,10,461, cls_3 ,1.0261,142.8847,226.7849,0.5104,,,,,
Mazama,10,462, cls_3 ,1.1765,142.8847,561.6601,10.4122,,,,,
Mazama,10,464, cls_3 ,1,63.9,73944.318,0.1021,,,,,
Mazama,10,474, cls_3 ,1,63.9,73944.4835,0.1021,,,,,
Mazama,10,475, cls_3 ,1.0311,63.9,74007.8031,1.5312,,,,,
Mazama,10,477, cls_3 ,1.0473,63.9,196.9801,0.8166,,,,,
Mazama,10,479, cls_3 ,1,63.9,73946.4265,0.1021,,,,,
Mazama,10,482, cls_3 ,1.1695,71.4424,59183.4962,0.9187,,,,,
Mazama,10,487, cls_3 ,1.0465,131.7332,17400.1598,0.6125,,,,,
Mazama,10,492, cls_3 ,1.0689,127.8,18488.2083,1.327,,,,,
Mazama,10,497, cls_3 ,1.0465,127.8,875.1537,0.6125,,,,,
Mazama,10,510, cls_3 ,1.1115,186.2989,6574.3594,4.7978,,,,,
Mazama,10,512, cls_3 ,1.085,159.75,2370.257,2.1437,,,,,
Mazama,10,513, cls_3 ,1.1096,127.8,2962.4917,3.879,,,,,
Mazama,10,526, cls_3 ,1,204.5798,139.0841,0.1021,,,,,
Mazama,10,527, cls_3 ,1.0473,194.3443,1341.4148,0.8166,,,,,
Mazama,10,530, cls_3 ,1,63.9,73953.6747,0.1021,,,,,
Mazama,10,534, cls_3 ,1.0465,63.9,73946.1625,0.6125,,,,,
Mazama,10,535, cls_3 ,1.0805,71.4424,22803.9901,1.4291,,,,,
Mazama,10,536, cls_3 ,1.0517,90.3682,32896.2282,2.552,,,,,
Mazama,10,537, cls_3 ,1.1032,142.8847,14790.7207,3.4707,,,,,
Mazama,10,545, cls_3 ,1.0631,95.85,32865.9054,0.7146,,,,,
Mazama,10,547, cls_3 ,1.0914,71.4424,59159.2906,0.3062,,,,,
Mazama,10,548, cls_3 ,1.1084,159.75,8219.062,57.0629,,,,,
Mazama,10,551, cls_3 ,1.0659,194.3443,6574.3593,5.0019,,,,,
Mazama,10,556, cls_3 ,1.1204,63.9,73945.4513,2.4499,,,,,
Mazama,10,557, cls_3 ,1.0358,63.9,73945.418,0.3062,,,,,
Mazama,10,558, cls_3 ,1,225.9206,195.4943,0.1021,,,,,
Mazama,10,563, cls_3 ,1.0283,159.75,11832.3974,0.7146,,,,,
Mazama,10,571, cls_3 ,1.0688,63.9,73945.1796,0.5104,,,,,
Mazama,10,580, cls_3 ,1.0338,159.75,313.5554,0.9187,,,,,
Mazama,10,591, cls_3 ,1.1172,71.4424,927.32,2.0416,,,,,
Mazama,10,597, cls_3 ,1.053,90.3682,36972.433,1.5312,,,,,
Mazama,10,602, cls_3 ,1.0689,159.75,478.6203,1.327,,,,,
Mazama,10,604, cls_3 ,1.065,71.4424,1449.5824,8.2685,,,,,
Mazama,10,622, cls_3 ,1.0635,115.1974,22757.3926,3.3686,,,,,
Mazama,10,623, cls_3 ,1,63.9,73944.002,0.1021,,,,,
Mazama,10,625, cls_3 ,1.1192,127.8,18486.706,10.3101,,,,,
Mazama,10,628, cls_3 ,1.105,255.6,1023.2465,0.5104,,,,,
Mazama,10,637, cls_3 ,1.0604,63.9,73945.4889,2.3478,,,,,
Mazama,10,644, cls_3 ,1.1125,115.1974,22752.4829,0.6125,,,,,
Mazama,10,646, cls_3 ,1.0401,127.8,2531.4504,2.4499,,,,,
Mazama,10,651, cls_3 ,1.0631,172.056,10199.6939,0.7146,,,,,
Mazama,10,658, cls_3 ,1.0663,63.9,73946.0035,2.552,,,,,
Mazama,10,660, cls_3 ,1.0663,127.8,2045.4846,2.552,,,,,
Mazama,10,665, cls_3 ,1.1721,63.9,73945.8243,8.0643,,,,,
Mazama,10,668, cls_3 ,1.0517,63.9,73943.9853,2.552,,,,,
Mazama,10,687, cls_3 ,1.096,115.1974,8700.7746,1.9395,,,,,
Mazama,10,703, cls_3 ,1.1434,90.3682,36974.18,0.7146,,,,,
Mazama,10,704, cls_3 ,1.0402,90.3682,36972.2694,1.1229,,,,,
Mazama,10,738, cls_3 ,1.1001,63.9,73944.0353,1.6333,,,,,
Mazama,10,749, cls_3 ,1.0386,115.1974,22752.7235,1.4291,,,,,
Mazama,10,782, cls_3 ,1.0718,71.4424,1860.2205,2.7562,,,,,
Mazama,10,788, cls_3 ,1.088,471.7361,746.0226,1.1229,,,,,
Mazama,10,803, cls_3 ,1.082,71.4424,717.4894,5.5123,,,,,
Mazama,10,805, cls_3 ,1,115.1974,22752.1209,0.1021,,,,,
Mazama,10,834, cls_3 ,1.0869,294.5644,273.8799,1.8374,,,,,
Mazama,10,841, cls_3 ,1.0283,63.9,73944.0666,0.7146,,,,,
Mazama,10,851, cls_3 ,1.1131,63.9,73944.5806,4.3895,,,,,
Mazama,10,856, cls_3 ,1.1283,707.2434,262.7761,6.329,,,,,
Mazama,10,863, cls_3 ,1.0631,314.671,247.3085,0.7146,,,,,
Mazama,10,868, cls_3 ,1.0473,191.7,8217.7613,0.8166,,,,,
Mazama,10,883, cls_3 ,1.0769,159.75,11833.2921,1.7354,,,,,
Mazama,10,886, cls_3 ,1.133,63.9,1184.2354,34.6052,,,,,
Mazama,10,896, cls_3 ,1.0654,159.75,1525.8982,1.1229,,,,,
Mazama,10,899, cls_3 ,1.0937,159.75,1827.6696,2.2458,,,,,
Mazama,10,911, cls_3 ,1.0769,71.4424,4623.4919,0.8166,,,,,
Mazama,10,917, cls_3 ,1.078,373.9652,366.9543,1.225,,,,,
Mazama,10,919, cls_3 ,1.2003,71.4424,59162.0957,30.3178,,,,,
Mazama,10,921, cls_3 ,1.105,71.4424,7216.1889,0.5104,,,,,
Mazama,10,928, cls_3 ,1.0622,373.9652,160.7784,2.6541,,,,,
Mazama,10,933, cls_3 ,1,63.9,305.216,0.1021,,,,,
Mazama,10,946, cls_3 ,1.0338,90.3682,36972.0491,0.9187,,,,,
Mazama,10,957, cls_3 ,1.1554,71.4424,1993.4155,1.6333,,,,,
Mazama,10,963, cls_3 ,1.0903,90.3682,36974.5536,2.0416,,,,,
Mazama,10,971, cls_3 ,1.1031,426.2662,80.9823,5.2061,,,,,
Mazama,10,972, cls_3 ,1.1099,142.8847,14789.3453,1.9395,,,,,
Mazama,10,973, cls_3 ,1.168,95.85,827.9068,2.6541,,,,,
Mazama,10,974, cls_3 ,1.054,406.6571,105.1214,2.1437,,,,,
Mazama,10,976, cls_3 ,1.0281,135.5524,11833.1414,2.7562,,,,,
Mazama,10,982, cls_3 ,1.0517,63.9,73944.157,2.552,,,,,
Mazama,10,985, cls_3 ,1.0689,257.5891,124.2583,1.327,,,,,
Mazama,10,986, cls_3 ,1.0366,301.4157,1213.783,2.1437,,,,,
Mazama,10,989, cls_3 ,1.0889,71.4424,59155.0583,0.9187,,,,,
Mazama,10,995, cls_3 ,1.096,257.5891,173.2649,1.9395,,,,,
Mazama,10,998, cls_3 ,1.0944,63.9,29611.439,4.4915,,,,,
Mazama,10,1003, cls_3 ,1.168,71.4424,59156.5287,20.416,,,,,
Mazama,10,1006, cls_3 ,1.0283,294.5644,506.8899,0.7146,,,,,
Mazama,10,1008, cls_3 ,1.089,383.4,1339.6324,1.327,,,,,
Mazama,10,1010, cls_3 ,1.1393,63.9,73956.3909,13.7808,,,,,
Mazama,10,1014, cls_3 ,1.1031,63.9,73971.274,0.8166,,,,,
Mazama,10,1017, cls_3 ,1.0769,142.8847,14789.0371,0.8166,,,,,
Mazama,10,1019, cls_3 ,1.0796,294.5644,303.9322,5.2061,,,,,
Mazama,10,1022, cls_3 ,1.0964,214.3271,5917.1906,6.8394,,,,,
Mazama,10,1026, cls_3 ,1.1043,214.3271,5583.071,4.0832,,,,,
Mazama,10,1027, cls_3 ,1.0927,63.9,73945.4602,3.1645,,,,,
Mazama,10,1030, cls_3 ,1.1184,71.4424,18496.3844,24.0909,,,,,
Mazama,10,1034, cls_3 ,1.0465,159.75,11831.2342,0.6125,,,,,
Mazama,10,1038, cls_3 ,1.0386,384.7289,2040.6301,1.4291,,,,,
Mazama,10,1045, cls_3 ,1.022,63.9,73947.9829,1.0208,,,,,
Mazama,10,1046, cls_3 ,1,63.9,73943.8585,0.1021,,,,,
Mazama,10,1049, cls_3 ,1.0856,159.75,8004.8689,4.8999,,,,,
Mazama,10,1052, cls_3 ,1.118,162.9137,11376.8727,4.1853,,,,,
Mazama,10,1054, cls_3 ,1.1717,71.4424,3529.9845,3.9811,,,,,
Mazama,10,1063, cls_3 ,1.0507,361.473,1213.3347,5.3082,,,,,
Mazama,10,1070, cls_3 ,1.022,63.9,73946.0276,1.0208,,,,,
Mazama,10,1071, cls_3 ,1.0473,95.85,22761.4083,0.8166,,,,,
Mazama,10,1075, cls_3 ,1.0445,127.8,18486.1189,2.3478,,,,,
Mazama,10,1076, cls_3 ,1.1159,95.85,14793.0418,2.552,,,,,
Mazama,10,1089, cls_3 ,1.1452,63.9,9251.5569,10.5143,,,,,
Mazama,10,1090, cls_3 ,1.0819,95.85,3999.0543,0.6125,,,,,
Mazama,10,1092, cls_3 ,1.0155,71.4424,59156.3314,0.2042,,,,,
Mazama,10,1093, cls_3 ,1.0799,63.9,18512.9293,2.552,,,,,
Mazama,10,1094, cls_3 ,1.0631,95.85,32865.6339,0.7146,,,,,
Mazama,10,1095, cls_3 ,1.0473,159.75,11831.1918,0.8166,,,,,
Mazama,10,1102, cls_3 ,1.0932,101.0348,29577.6583,0.7146,,,,,
Mazama,10,1103, cls_3 ,1.0993,63.9,73945.5451,1.0208,,,,,
Mazama,10,1110, cls_3 ,1.0631,63.9,73951.4277,0.7146,,,,,
Mazama,10,1112, cls_3 ,1.1141,71.4424,1888.1853,2.8582,,,,,
Mazama,10,1115, cls_3 ,1.0635,71.4424,22753.7208,3.777,,,,,
Mazama,10,1118, cls_3 ,1.0654,115.1974,22752.104,1.1229,,,,,
Mazama,10,1121, cls_3 ,1,71.4424,731.8889,0.1021,,,,,
Mazama,10,1128, cls_3 ,1.0909,71.4424,14792.5655,0.2042,,,,,
Mazama,10,1129, cls_3 ,1.18,71.4424,36989.6843,45.834,,,,,
Mazama,10,1131, cls_3 ,1.0654,63.9,73944.9492,1.1229,,,,,
Mazama,10,1132, cls_3 ,1.063,71.4424,22753.8811,0.9187,,,,,
Mazama,10,1137, cls_3 ,1.0155,63.9,73945.7517,0.2042,,,,,
Mazama,10,1138, cls_3 ,1.0537,63.9,73953.2591,0.4083,,,,,
Mazama,10,1143, cls_3 ,1.1008,63.9,3797.3479,5.7165,,,,,
Mazama,10,1153, cls_3 ,1.089,71.4424,59154.9741,1.327,,,,,
Mazama,10,1155, cls_3 ,1.0819,63.9,14806.3267,3.879,,,,,
Mazama,10,1156, cls_3 ,1.0914,63.9,59156.7831,0.3062,,,,,
Mazama,10,1161, cls_3 ,1,63.9,16433.5141,0.4083,,,,,
Mazama,10,1169, cls_3 ,1.0648,101.0348,2100.9861,4.5936,,,,,
Mazama,10,1181, cls_3 ,1.1522,63.9,73945.347,5.3082,,,,,
Mazama,10,1182, cls_3 ,1.014,101.0348,3080.7307,1.4291,,,,,
Mazama,10,1210, cls_3 ,1.0764,101.0348,29578.9238,1.0208,,,,,
Mazama,10,1215, cls_3 ,1.0492,63.9,73946.4283,2.2458,,,,,
Mazama,10,1219, cls_3 ,1.0703,71.4424,59156.2219,5.7165,,,,,
Mazama,10,1221, cls_3 ,1.0517,90.3682,36973.5186,2.552,,,,,
Mazama,10,1235, cls_3 ,1.0606,95.85,5105.7627,1.4291,,,,,
Mazama,10,1241, cls_3 ,1.1112,63.9,73944.0833,17.9661,,,,,
Mazama,10,1243, cls_3 ,1.129,71.4424,59155.0383,6.6352,,,,,
Mazama,10,1246, cls_3 ,1.0509,63.9,73945.8579,4.2874,,,,,
Mazama,10,1290, cls_3 ,1.0358,63.9,73943.7377,0.3062,,,,,
Mazama,10,1300, cls_3 ,1.0366,63.9,32866.5134,2.9603,,,,,
Mazama,10,1309, cls_3 ,1.0769,63.9,73951.38,0.8166,,,,,
Mazama,10,1318, cls_3 ,1,71.4424,59155.1619,0.1021,,,,,
Mazama,10,1320, cls_3 ,1.105,95.85,32863.9253,0.5104,,,,,
Mazama,10,1336, cls_3 ,1.0465,63.9,73943.7884,0.6125,,,,,
Mazama,10,1346, cls_3 ,1.047,63.9,2316.7935,5.5123,,,,,
Mazama,10,1347, cls_3 ,1.0651,63.9,7228.182,2.2458,,,,,
Mazama,10,1349, cls_3 ,1.0047,63.9,73943.7422,0.6125,,,,,
Mazama,10,1357, cls_3 ,1.083,71.4424,59155.4669,3.4707,,,,,
Mazama,10,1361, cls_3 ,1.0932,63.9,73943.7234,0.7146,,,,,
Mazama,10,1382, cls_3 ,1.0338,186.2989,8699.4925,0.9187,,,,,
Mazama,10,1409, cls_3 ,1.0934,63.9,73943.7454,3.4707,,,,,
Mazama,10,1410, cls_3 ,1,63.9,73946.2734,0.1021,,,,,
Mazama,10,1430, cls_3 ,1,186.2989,8699.6408,0.1021,,,,,
Mazama,10,1440, cls_3 ,1.0654,225.9206,5688.1642,1.1229,,,,,
Mazama,10,1458, cls_3 ,1.0701,71.4424,59154.9498,2.1437,,,,,
Mazama,10,1474, cls_3 ,1.0987,71.4424,59154.9332,1.4291,,,,,
Mazama,10,1476, cls_3 ,1.0647,294.5644,3481.2128,1.9395,,,,,
Mazama,10,1491, cls_3 ,1.1621,63.9,73944.554,70.8437,,,,,
Mazama,10,1495, cls_3 ,1,63.9,73943.6388,0.1021,,,,,
Mazama,10,1506, cls_3 ,1.1495,63.9,73996.9822,1.225,,,,,
Mazama,10,38, cls_2 ,1.0338,63.9,2.2834,0.9187,,,,,
Mazama,10,40, cls_2 ,1.0889,63.9,2.2848,0.9187,,,,,
Mazama,10,53, cls_2 ,1.078,303.1043,1.4781,1.225,,,,,
Mazama,10,58, cls_2 ,1.1228,71.4424,2.7648,1.5312,,,,,
Mazama,10,60, cls_2 ,1.1942,314.671,0.3583,12.1475,,,,,
Mazama,10,62, cls_2 ,1.116,587.3936,0.3794,4.5936,,,,,
Mazama,10,63, cls_2 ,1.0395,204.5798,0.2212,1.7354,,,,,
Mazama,10,69, cls_2 ,1.0556,71.4424,3.6546,1.225,,,,,
Mazama,10,76, cls_2 ,1.0769,204.5798,0.441,0.8166,,,,,
Mazama,10,107, cls_2 ,1.063,1265.9621,0.087,0.9187,,,,,
Mazama,10,138, cls_2 ,1.0358,180.7365,0.1128,0.3062,,,,,
Mazama,10,145, cls_2 ,1.0358,180.7365,0.1118,0.3062,,,,,
Mazama,10,154, cls_2 ,1.1561,1976.2567,0.0323,1.0208,,,,,
Mazama,10,245, cls_2 ,1.0769,2987.1114,0.0239,0.8166,,,,,
Mazama,10,332, cls_2 ,1.1125,1803.1239,0.0289,0.6125,,,,,
Mazama,10,387, cls_2 ,1.2335,63.9,32.5636,18.7828,,,,,
Mazama,10,438, cls_2 ,1,63.9,48.218,0.1021,,,,,
Mazama,10,445, cls_2 ,1.2295,63.9,60.7923,12.9642,,,,,
Mazama,10,465, cls_2 ,1.1294,63.9,35.7001,2.0416,,,,,
Mazama,10,467, cls_2 ,1.1085,1533.9328,0.0429,1.1229,,,,,
Mazama,10,478, cls_2 ,1.0982,71.4424,14.5266,1.225,,,,,
Mazama,10,485, cls_2 ,1.0631,63.9,4.7882,0.7146,,,,,
Mazama,10,493, cls_2 ,1,71.4424,23.8459,0.1021,,,,,
Mazama,10,494, cls_2 ,1.1808,63.9,35.1716,3.4707,,,,,
Mazama,10,498, cls_2 ,1.0631,71.4424,10.2521,0.7146,,,,,
Mazama,10,499, cls_2 ,1.0631,63.9,5.1983,0.7146,,,,,
Mazama,10,523, cls_2 ,1.1598,115.1974,4.6055,3.0624,,,,,
Mazama,10,544, cls_2 ,1.2022,90.3682,6.7126,4.0832,,,,,
Mazama,10,562, cls_2 ,1.0932,95.85,0.9577,0.7146,,,,,
Mazama,10,566, cls_2 ,1.1296,63.9,7.7697,1.6333,,,,,
Mazama,10,575, cls_2 ,1.1075,90.3682,7.3616,1.5312,,,,,
Mazama,10,581, cls_2 ,1.1265,95.85,0.872,0.8166,,,,,
Mazama,10,592, cls_2 ,1.0358,63.9,4.9889,0.3062,,,,,
Mazama,10,617, cls_2 ,1.1434,415.35,0.1294,0.7146,,,,,
Mazama,10,692, cls_2 ,1.167,2154.1978,0.0852,0.8166,,,,,
Mazama,10,712, cls_2 ,1.0465,1471.0885,0.0582,0.6125,,,,,
Mazama,10,718, cls_2 ,1.2214,1471.0885,0.0731,2.4499,,,,,
Mazama,10,726, cls_2 ,1.1888,71.4424,0.8483,1.1229,,,,,
Mazama,10,730, cls_2 ,1.105,1174.7872,0.1122,0.5104,,,,,
Mazama,10,732, cls_2 ,1.0819,101.0348,1.1743,0.6125,,,,,
Mazama,10,734, cls_2 ,1,71.4424,2.4115,0.1021,,,,,
Mazama,10,740, cls_2 ,1.1927,325.8273,0.4494,1.327,,,,,
Mazama,10,781, cls_2 ,1.1543,263.4664,0.8525,1.327,,,,,
Mazama,10,785, cls_2 ,1.1226,71.4424,3.1321,1.7354,,,,,
Mazama,10,792, cls_2 ,1.0769,101.0348,1.8628,0.8166,,,,,
Mazama,10,807, cls_2 ,1.0993,71.4424,4.4874,1.0208,,,,,
Mazama,10,810, cls_2 ,1.2516,63.9,2.4086,3.1645,,,,,
Mazama,10,812, cls_2 ,1.0975,63.9,2.3997,0.4083,,,,,
Mazama,10,822, cls_2 ,1,63.9,2.5467,0.1021,,,,,
Mazama,10,831, cls_2 ,1.1265,63.9,8.0292,0.8166,,,,,
Mazama,10,832, cls_2 ,1.0926,63.9,0.5302,2.552,,,,,
Mazama,10,833, cls_2 ,1,63.9,3.0248,0.1021,,,,,
Mazama,10,838, cls_2 ,1.1495,63.9,0.2758,1.225,,,,,
Mazama,10,840, cls_2 ,1,63.9,6.4491,0.1021,,,,,
Mazama,10,844, cls_2 ,1.1773,95.85,2.7998,2.4499,,,,,
Mazama,10,847, cls_2 ,1.1543,95.85,5.2647,1.327,,,,,
Mazama,10,849, cls_2 ,1,71.4424,5.2134,0.1021,,,,,
Mazama,10,857, cls_2 ,1.0769,333.5678,0.2031,0.8166,,,,,
Mazama,10,860, cls_2 ,1.1637,451.8412,0.3176,0.6125,,,,,
Mazama,10,867, cls_2 ,1.163,172.056,5.6165,4.7978,,,,,
Mazama,10,873, cls_2 ,1.1624,172.056,2.623,9.1872,,,,,
Mazama,10,876, cls_2 ,1.0706,495.9974,0.8345,1.8374,,,,,
Mazama,10,901, cls_2 ,1.1599,63.9,37.9738,1.7354,,,,,
Mazama,10,902, cls_2 ,1.1707,63.9,8.7007,14.5975,,,,,
Mazama,10,905, cls_2 ,1.0889,63.9,6.4526,0.9187,,,,,
Mazama,10,906, cls_2 ,1,63.9,7.018,0.1021,,,,,
Mazama,10,908, cls_2 ,1.1197,2924.9523,0.0392,0.7146,,,,,
Mazama,10,914, cls_2 ,1.1395,71.4424,5.0065,0.6125,,,,,
Mazama,10,916, cls_2 ,1.063,223.65,2.48,0.9187,,,,,
Mazama,10,922, cls_2 ,1.0283,101.0348,5.3173,0.7146,,,,,
Mazama,10,927, cls_2 ,1.1637,71.4424,16.2054,3.1645,,,,,
Mazama,10,931, cls_2 ,1.0473,180.7365,1.7933,0.8166,,,,,
Mazama,10,932, cls_2 ,1.0932,257.5891,0.4635,0.7146,,,,,
Mazama,10,939, cls_2 ,1,71.4424,17.8919,0.1021,,,,,
Mazama,10,951, cls_2 ,1.1888,257.5891,0.6541,1.1229,,,,,
Mazama,10,966, cls_2 ,1.2328,451.8412,0.6384,12.5559,,,,,
Mazama,10,1037, cls_2 ,1,71.4424,3.9453,0.1021,,,,,
Mazama,10,1039, cls_2 ,1.1309,71.4424,3.862,1.4291,,,,,
Mazama,10,1044, cls_2 ,1.0283,71.4424,7.3276,0.7146,,,,,
Mazama,10,1048, cls_2 ,1.0358,71.4424,14.1515,0.3062,,,,,
Mazama,10,1051, cls_2 ,1.1182,71.4424,1.5882,6.2269,,,,,
Mazama,10,1077, cls_2 ,1.1781,610.4039,0.0254,1.9395,,,,,
Mazama,10,1100, cls_2 ,1.0537,610.4039,0.064,0.4083,,,,,
Mazama,10,1123, cls_2 ,1.112,1556.0667,0.0839,0.9187,,,,,
Mazama,10,1159, cls_2 ,1.1294,1414.8476,0.0822,2.0416,,,,,
Mazama,10,1184, cls_2 ,1.1495,416.577,0.1047,1.225,,,,,
Mazama,10,1203, cls_2 ,1.1519,95.85,0.8561,0.9187,,,,,
Mazama,10,1206, cls_2 ,1.1756,71.4424,3.1236,2.1437,,,,,
Mazama,10,1208, cls_2 ,1.1434,95.85,1.0866,0.7146,,,,,
Mazama,10,1209, cls_2 ,1.0932,986.3188,0.0967,0.7146,,,,,
Mazama,10,1220, cls_2 ,1.2041,71.4424,9.5938,1.327,,,,,
Mazama,10,1222, cls_2 ,1.0537,162.9137,1.4521,0.4083,,,,,
Mazama,10,1225, cls_2 ,1.2041,722.946,0.0959,1.327,,,,,
Mazama,10,1231, cls_2 ,1.1915,90.3682,1.8845,4.2874,,,,,
Mazama,10,1248, cls_2 ,1.1519,159.75,1.1179,0.9187,,,,,
Mazama,10,1257, cls_2 ,1,71.4424,2.0741,0.1021,,,,,
Mazama,10,1260, cls_2 ,1,63.9,7.7123,0.1021,,,,,
Mazama,10,1264, cls_2 ,1.2304,63.9,0.6536,3.0624,,,,,
Mazama,10,1265, cls_2 ,1.0889,71.4424,0.8501,0.9187,,,,,
Mazama,10,1271, cls_2 ,1.1907,191.7,0.926,1.225,,,,,
Mazama,10,1272, cls_2 ,1.1388,63.9,2.584,1.0208,,,,,
Mazama,10,1273, cls_2 ,1.1099,722.946,0.1116,1.9395,,,,,
Mazama,10,1279, cls_2 ,1.1242,95.85,2.1798,1.327,,,,,
Mazama,10,1280, cls_2 ,1.0509,127.8,1.2552,1.0208,,,,,
Mazama,10,1285, cls_2 ,1.0537,63.9,4.4042,0.4083,,,,,
Mazama,10,1294, cls_2 ,1.1398,63.9,0.3493,1.327,,,,,
Mazama,10,1304, cls_2 ,1,63.9,3.3288,0.1021,,,,,
Mazama,10,1369, cls_2 ,1.0752,1677.2989,0.0727,3.3686,,,,,
Mazama,10,1388, cls_2 ,1.0914,71.4424,0.6623,0.3062,,,,,
Mazama,10,1391, cls_2 ,1.0358,71.4424,0.6609,0.3062,,,,,
Mazama,10,1433, cls_2 ,1.1197,2534.342,0.0546,0.7146,,,,,
Mazama,10,1455, cls_2 ,1.1197,1943.4426,0.1085,0.7146,,,,,
Mazama,10,1472, cls_2 ,1.1894,63.9,0.6659,41.3425,,,,,
Mazama,10,1485, cls_2 ,1.1443,172.056,14.0001,1.1229,,,,,
Mazama,10,1487, cls_2 ,1.1362,328.9454,0.1828,0.5104,,,,,
Mazama,10,1494, cls_2 ,1,63.9,101.3138,0.1021,,,,,
Mazama,10,1499, cls_2 ,1.022,71.4424,0.5135,1.0208,,,,,
Mazama,10,1505, cls_2 ,1.0155,71.4424,2.1003,0.2042,,,,,
Mazama,10,1520, cls_2 ,1.1328,63.9,6.2739,0.9187,,,,,
Mazama,10,1522, cls_2 ,1.1509,63.9,2.5003,2.4499,,,,,
Mazama,10,1525, cls_2 ,1.0631,325.8273,0.358,0.7146,,,,,
Mazama,10,101, cls_5 ,1.0358,71.4424,3.2565,0.3062,,,,,
Mazama,10,106, cls_5 ,1.1429,71.4424,0.7211,1.6333,,,,,
Mazama,10,125, cls_5 ,1.1125,63.9,1.167,0.6125,,,,,
Mazama,10,141, cls_5 ,1.1369,63.9,3.6661,0.3062,,,,,
Mazama,10,147, cls_5 ,1.1265,63.9,1.7121,0.8166,,,,,
Mazama,10,168, cls_5 ,1.1637,71.4424,1.6252,0.6125,,,,,
Mazama,10,174, cls_5 ,1,71.4424,2.9887,0.1021,,,,,
Mazama,10,180, cls_5 ,1.1265,71.4424,0.8586,0.8166,,,,,
Mazama,10,195, cls_5 ,1.1362,159.75,0.7446,0.5104,,,,,
Mazama,10,208, cls_5 ,1.1265,159.75,0.3664,0.8166,,,,,
Mazama,10,209, cls_5 ,1.1781,404.1391,0.1004,1.9395,,,,,
Mazama,10,225, cls_5 ,1.0537,274.8443,0.2335,0.4083,,,,,
Mazama,10,232, cls_5 ,1.0537,223.65,0.3408,0.4083,,,,,
Mazama,10,233, cls_5 ,1.1561,223.65,0.2548,1.0208,,,,,
Mazama,10,314, cls_5 ,1.0764,6487.109,0.0201,1.0208,,,,,
Mazama,10,345, cls_5 ,1.0155,180.7365,0.2821,0.2042,,,,,
Mazama,10,349, cls_5 ,1.1477,180.7365,0.0959,0.8166,,,,,
Mazama,10,425, cls_5 ,1.0465,2555.4009,0.0226,0.6125,,,,,
Mazama,10,483, cls_5 ,1,71.4424,0.6403,0.1021,,,,,
Mazama,10,488, cls_5 ,1.0358,71.4424,0.2405,0.3062,,,,,
Mazama,10,505, cls_5 ,1.0769,71.4424,1.2336,0.8166,,,,,
Mazama,10,507, cls_5 ,1.0752,303.1043,0.1023,2.3478,,,,,
Mazama,10,509, cls_5 ,1.0465,71.4424,1.6339,0.6125,,,,,
Mazama,10,552, cls_5 ,1.1125,303.1043,0.292,0.6125,,,,,
Mazama,10,570, cls_5 ,1.0975,1649.3752,0.0343,0.4083,,,,,
Mazama,10,679, cls_5 ,1.0261,2831.3181,0.0468,0.5104,,,,,
Mazama,10,700, cls_5 ,1.0283,71.4424,0.2464,0.7146,,,,,
Mazama,10,710, cls_5 ,1,71.4424,1.4466,0.1021,,,,,
Mazama,10,741, cls_5 ,1.1075,71.4424,0.2669,1.5312,,,,,
Mazama,10,751, cls_5 ,1,71.4424,3.0757,0.1021,,,,,
Mazama,10,768, cls_5 ,1.0769,1501.65,0.0457,0.8166,,,,,
Mazama,10,774, cls_5 ,1.0688,352.8993,0.1429,0.5104,,,,,
Mazama,10,798, cls_5 ,1.105,1814.6925,0.0479,0.5104,,,,,
Mazama,10,811, cls_5 ,1.0993,2525.8693,0.0587,1.0208,,,,,
Mazama,10,843, cls_5 ,1.0728,1220.8078,0.0733,1.5312,,,,,
Mazama,10,885, cls_5 ,1.0465,2521.6223,0.08,0.6125,,,,,
Mazama,10,935, cls_5 ,1.1889,71.4424,2.0834,1.6333,,,,,
Mazama,10,942, cls_5 ,1.0769,1220.8078,0.0973,0.8166,,,,,
Mazama,10,949, cls_5 ,1.1722,71.4424,3.3551,1.0208,,,,,
Mazama,10,959, cls_5 ,1.0688,1374.2215,0.0643,0.5104,,,,,
Mazama,10,962, cls_5 ,1,71.4424,1.1663,0.1021,,,,,
Mazama,10,969, cls_5 ,1.1346,63.9,0.7081,0.4083,,,,,
Mazama,10,975, cls_5 ,1,63.9,1.183,0.1021,,,,,
Mazama,10,1029, cls_5 ,1.063,314.671,0.2289,0.9187,,,,,
Mazama,10,1047, cls_5 ,1.167,314.671,0.2598,0.8166,,,,,
Mazama,10,1062, cls_5 ,1.0914,843.5042,0.3537,0.3062,,,,,
Mazama,10,1086, cls_5 ,1.0975,607.05,1.1847,0.4083,,,,,
Mazama,10,1134, cls_5 ,1.1498,90.3682,7.4427,37.9739,,,,,
Mazama,10,1135, cls_5 ,1,2939.5736,0.1759,0.9187,,,,,
Mazama,10,1140, cls_5 ,1.0473,101.0348,37.7953,0.8166,,,,,
Mazama,10,1141, cls_5 ,1.0819,1252.5867,0.2483,0.6125,,,,,
Mazama,10,1158, cls_5 ,1.1183,90.3682,46.8486,3.5728,,,,,
Mazama,10,1164, cls_5 ,1.2575,71.4424,61.0855,5.8186,,,,,
Mazama,10,1165, cls_5 ,1.2528,71.4424,11.4984,22.7639,,,,,
Mazama,10,1168, cls_5 ,1.0766,172.056,13.0745,4.0832,,,,,
Mazama,10,1195, cls_5 ,1.2789,71.4424,13.966,8.3706,,,,,
Mazama,10,1229, cls_5 ,1.0938,249.5375,6.2338,4.8999,,,,,
Mazama,10,1244, cls_5 ,1.1315,495.9974,0.7329,47.5694,,,,,
Mazama,10,1253, cls_5 ,1.0155,71.4424,27.7663,0.2042,,,,,
Mazama,10,1256, cls_5 ,1.2737,71.4424,4.321,5.7165,,,,,
Mazama,10,1306, cls_5 ,1.1875,63.9,4.9803,2.2458,,,,,
Mazama,10,1322, cls_5 ,1.1649,63.9,17.9721,0.7146,,,,,
Mazama,10,1332, cls_5 ,1.2495,101.0348,1.5387,12.3517,,,,,
Mazama,10,1350, cls_5 ,1.0819,127.8,1.0325,0.6125,,,,,
Mazama,10,1352, cls_5 ,1.0338,127.8,0.8744,0.9187,,,,,
Mazama,10,1358, cls_5 ,1.1065,101.0348,3.0147,3.6749,,,,,
Mazama,10,1374, cls_5 ,1,101.0348,5.1448,0.1021,,,,,
Mazama,10,1384, cls_5 ,1,71.4424,2.4083,0.1021,,,,,
Mazama,10,1392, cls_5 ,1.0155,71.4424,2.0621,0.2042,,,,,
Mazama,10,1398, cls_5 ,1.0509,883.6933,0.819,1.0208,,,,,
Mazama,10,1445, cls_5 ,1.1008,115.1974,35.1226,89.3202,,,,,
Mazama,10,1454, cls_5 ,1.1721,289.3196,8.4354,398.3171,,,,,
Mazama,10,1461, cls_5 ,1.0261,115.1974,99.6506,0.5104,,,,,
Mazama,10,1473, cls_5 ,1.0338,388.6885,11.2699,0.9187,,,,,
Mazama,10,1486, cls_5 ,1.0769,289.3196,48.5361,2.9603,,,,,
Mazama,10,1493, cls_5 ,1.0654,257.5891,22.7635,1.1229,,,,,
Mazama,10,1502, cls_5 ,1.1053,257.5891,8.0599,7.9623,,,,,
Mazama,10,327, cls_6 ,1.1261,127.8,0.5231,9.1872,,,,,
Mazama,10,352, cls_6 ,1.0473,127.8,5.6476,0.8166,,,,,
Mazama,10,358, cls_6 ,1.0583,830.7,0.0525,2.7562,,,,,
Mazama,10,436, cls_6 ,1.1557,159.75,0.4941,2.3478,,,,,
Mazama,10,466, cls_6 ,1.1443,159.75,0.9543,1.1229,,,,,
Mazama,10,468, cls_6 ,1.1204,531.754,2.0697,2.4499,,,,,
Mazama,10,503, cls_6 ,1.1298,63.9,36.6515,6.9415,,,,,
Mazama,10,514, cls_6 ,1.1804,127.8,2.347,45.6299,,,,,
Mazama,10,550, cls_6 ,1.0155,159.75,19.259,0.2042,,,,,
Mazama,10,560, cls_6 ,1.0473,243.324,3.1065,0.8166,,,,,
Mazama,10,564, cls_6 ,1.1125,127.8,28.8707,0.6125,,,,,
Mazama,10,565, cls_6 ,1.1398,101.0348,8.3234,1.327,,,,,
Mazama,10,568, cls_6 ,1.0358,63.9,86.7456,0.3062,,,,,
Mazama,10,569, cls_6 ,1.0937,101.0348,2.4697,5.7165,,,,,
Mazama,10,572, cls_6 ,1.053,71.4424,21.7931,1.5312,,,,,
Mazama,10,577, cls_6 ,1.0047,992.5091,0.0414,0.6125,,,,,
Mazama,10,578, cls_6 ,1.1125,71.4424,0.6006,0.6125,,,,,
Mazama,10,579, cls_6 ,1.0734,63.9,217.8188,3.0624,,,,,
Mazama,10,584, cls_6 ,1.1489,63.9,23.315,86.462,,,,,
Mazama,10,585, cls_6 ,1.1602,186.2989,0.7636,1.1229,,,,,
Mazama,10,587, cls_6 ,1.1519,162.9137,2.553,0.9187,,,,,
Mazama,10,589, cls_6 ,1.0909,71.4424,1.4135,0.2042,,,,,
Mazama,10,594, cls_6 ,1.0689,186.2989,0.8691,1.327,,,,,
Mazama,10,634, cls_6 ,1.0283,515.1783,4.1871,0.7146,,,,,
Mazama,10,641, cls_6 ,1.0592,115.1974,4.8107,2.0416,,,,,
Mazama,10,648, cls_6 ,1.0811,90.3682,6.3157,6.0227,,,,,
Mazama,10,655, cls_6 ,1.1857,1403.6199,0.0648,0.9187,,,,,
Mazama,10,664, cls_6 ,1.1679,71.4424,11.142,3.6749,,,,,
Mazama,10,690, cls_6 ,1.1242,71.4424,24.3006,1.327,,,,,
Mazama,10,707, cls_6 ,1.1331,101.0348,1.6398,17.2516,,,,,
Mazama,10,713, cls_6 ,1.0982,289.3196,0.1617,1.225,,,,,
Mazama,10,725, cls_6 ,1.0819,71.4424,0.8322,0.6125,,,,,
Mazama,10,729, cls_6 ,1.0155,71.4424,1.9021,0.2042,,,,,
Mazama,10,731, cls_6 ,1.1561,883.6933,0.0727,1.0208,,,,,
Mazama,10,733, cls_6 ,1.175,159.75,0.2601,1.5312,,,,,
Mazama,10,746, cls_6 ,1.07,63.9,211.8679,4.7978,,,,,
Mazama,10,764, cls_6 ,1.146,63.9,4.6088,2.3478,,,,,
Mazama,10,766, cls_6 ,1.0335,63.9,6.5706,1.8374,,,,,
Mazama,10,771, cls_6 ,1.0283,95.85,2.2755,0.7146,,,,,
Mazama,10,802, cls_6 ,1.0819,101.0348,0.4857,0.6125,,,,,
Mazama,10,825, cls_6 ,1.0358,101.0348,0.9856,0.3062,,,,,
Mazama,10,852, cls_6 ,1.1309,131.7332,1.148,1.4291,,,,,
Mazama,10,874, cls_6 ,1.1296,71.4424,3.7108,1.6333,,,,,
Mazama,10,903, cls_6 ,1.0805,71.4424,3.3834,1.4291,,,,,
Mazama,10,936, cls_6 ,1.1649,301.4157,0.3272,0.7146,,,,,
Mazama,10,970, cls_6 ,1.1388,434.567,0.1215,1.0208,,,,,
Mazama,10,1012, cls_6 ,1.1434,544.0889,0.131,0.7146,,,,,
Mazama,10,1035, cls_6 ,1.1931,474.9709,0.0959,2.1437,,,,,
Mazama,10,1080, cls_6 ,1.1395,204.5798,0.2615,0.6125,,,,,
Mazama,10,1097, cls_6 ,1.1638,204.5798,0.2394,0.5104,,,,,
Mazama,10,1101, cls_6 ,1.0932,325.8273,0.1918,0.7146,,,,,
Mazama,10,1107, cls_6 ,1.2141,115.1974,0.9255,1.1229,,,,,
Mazama,10,1125, cls_6 ,1.1871,71.4424,1.2998,1.0208,,,,,
Mazama,10,1149, cls_6 ,1,71.4424,2.3909,0.1021,,,,,
Mazama,10,1167, cls_6 ,1.1357,357.2119,0.0973,4.0832,,,,,
Mazama,10,1462, cls_6 ,1.0914,71.4424,0.6095,0.3062,,,,,
Mazama,10,1464, cls_6 ,1.0358,71.4424,0.6094,0.3062,,,,,
Mazama,10,980, cls_4 ,1.0465,3119.0139,0.0169,0.6125,,,,,
Mazama,10,997, cls_4 ,1.0909,488.741,0.0767,0.2042,,,,,
Mazama,10,1000, cls_4 ,1.0473,488.741,0.0621,0.8166,,,,,
Mazama,10,1023, cls_4 ,1.0914,172.056,0.2056,0.3062,,,,,
Mazama,10,1024, cls_4 ,1.0975,172.056,0.1709,0.4083,,,,,
Mazama,10,1144, cls_4 ,1.0261,351.45,0.0806,0.5104,,,,,
Mazama,10,1146, cls_4 ,1.1667,351.45,0.0846,0.4083,,,,,
Mazama,10,1223, cls_4 ,1.1477,162.9137,2.0319,0.8166,,,,,
Mazama,10,1228, cls_4 ,1.1602,943.4722,0.2468,1.1229,,,,,
Mazama,10,1236, cls_4 ,1.0689,63.9,8.5602,1.327,,,,,
Mazama,10,1238, cls_4 ,1.1868,127.8,4.2492,2.7562,,,,,
Mazama,10,1245, cls_4 ,1.0869,63.9,13.443,1.8374,,,,,
Mazama,10,1251, cls_4 ,1.2126,63.9,28.8885,6.329,,,,,
Mazama,10,1254, cls_4 ,1.105,127.8,3.2269,0.5104,,,,,
Mazama,10,1258, cls_4 ,1.0465,1999.6208,0.0506,0.6125,,,,,
Mazama,10,1262, cls_4 ,1.1031,63.9,7.9611,0.8166,,,,,
Mazama,10,1266, cls_4 ,1.0465,63.9,12.9958,0.6125,,,,,
Mazama,10,1267, cls_4 ,1.1871,63.9,18.7665,1.0208,,,,,
Mazama,10,1268, cls_4 ,1.0975,142.8847,2.1864,0.4083,,,,,
Mazama,10,1275, cls_4 ,1.0155,63.9,8.6267,0.2042,,,,,
Mazama,10,1276, cls_4 ,1.0689,71.4424,7.4927,1.327,,,,,
Mazama,10,1281, cls_4 ,1.1627,63.9,33.4012,9.4935,,,,,
Mazama,10,1282, cls_4 ,1.1471,63.9,7.1208,3.6749,,,,,
Mazama,10,1286, cls_4 ,1.2135,63.9,20.0011,3.0624,,,,,
Mazama,10,1287, cls_4 ,1.0819,101.0348,5.4176,0.6125,,,,,
Mazama,10,1288, cls_4 ,1.1808,63.9,34.191,5.4103,,,,,
Mazama,10,1293, cls_4 ,1.063,95.85,10.0823,0.9187,,,,,
Mazama,10,1299, cls_4 ,1.0809,263.4664,1.3837,1.9395,,,,,
Mazama,10,1302, cls_4 ,1.1726,127.8,3.284,2.552,,,,,
Mazama,10,1303, cls_4 ,1.1265,63.9,10.5413,0.8166,,,,,
Mazama,10,1305, cls_4 ,1.0909,63.9,26.9526,1.5312,,,,,
Mazama,10,1308, cls_4 ,1.0689,63.9,31.5834,1.327,,,,,
Mazama,10,1314, cls_4 ,1.0689,63.9,14.9671,1.327,,,,,
Mazama,10,1317, cls_4 ,1.1868,63.9,11.571,2.7562,,,,,
Mazama,10,1321, cls_4 ,1.1125,131.7332,4.2838,0.6125,,,,,
Mazama,10,1323, cls_4 ,1.0402,71.4424,5.507,1.1229,,,,,
Mazama,10,1324, cls_4 ,1.0473,63.9,10.2191,0.8166,,,,,
Mazama,10,1325, cls_4 ,1.0537,71.4424,5.2724,0.4083,,,,,
Mazama,10,1334, cls_4 ,1.0358,63.9,5.9927,0.3062,,,,,
Mazama,10,1335, cls_4 ,1.0909,71.4424,8.0793,0.2042,,,,,
Mazama,10,1338, cls_4 ,1.1477,63.9,6.1421,0.8166,,,,,
Mazama,10,1339, cls_4 ,1.0592,384.7289,0.8766,2.0416,,,,,
Mazama,10,1340, cls_4 ,1.1328,95.85,5.5187,0.9187,,,,,
Mazama,10,1343, cls_4 ,1.1561,63.9,4.8643,1.0208,,,,,
Mazama,10,1344, cls_4 ,1.0889,63.9,7.3618,0.9187,,,,,
Mazama,10,1348, cls_4 ,1.116,63.9,5.0674,1.8374,,,,,
Mazama,10,1355, cls_4 ,1.0047,63.9,10.3624,0.6125,,,,,
Mazama,10,1359, cls_4 ,1.1775,63.9,2.3743,3.777,,,,,
Mazama,10,1368, cls_4 ,1.1328,544.0889,0.3263,0.9187,,,,,
Mazama,10,1372, cls_4 ,1,63.9,1.7835,0.1021,,,,,
Mazama,10,1375, cls_4 ,1.1931,101.0348,0.8363,2.1437,,,,,
Mazama,10,1377, cls_4 ,1.0155,63.9,1.118,0.2042,,,,,
Mazama,10,1393, cls_4 ,1.0688,101.0348,2.4583,0.5104,,,,,
Mazama,10,1403, cls_4 ,1.1491,101.0348,1.4459,4.8999,,,,,
Mazama,10,1407, cls_4 ,1,127.8,3.2349,0.1021,,,,,
Mazama,10,1412, cls_4 ,1.0769,364.286,0.5786,2.9603,,,,,
Mazama,10,1420, cls_4 ,1.0537,90.3682,6.3439,0.4083,,,,,
Mazama,10,1423, cls_4 ,1.1155,115.1974,3.3309,4.2874,,,,,
Mazama,10,1426, cls_4 ,1.1265,90.3682,4.063,0.8166,,,,,
Mazama,10,1437, cls_4 ,1.1003,115.1974,3.6109,2.6541,,,,,
