SPECIES,UA, PID , TYPE , FRAC , ENN, PROX , AREA ,,,,,
T_pecari,1,1, cls_1 ,1.1427,63.9,11.8068,18474.4836,,,,,
T_pecari,1,14, cls_1 ,1.0155,63.9,45245.0024,0.2042,,,,,
T_pecari,1,40, cls_1 ,1.1066,63.9,45245.018,2.2458,,,,,
T_pecari,1,50, cls_1 ,1,71.4424,36196.0736,0.1021,,,,,
T_pecari,1,61, cls_1 ,1,63.9,45245.1817,0.1021,,,,,
T_pecari,1,73, cls_1 ,1.1309,71.4424,2481.3871,1.4291,,,,,
T_pecari,1,78, cls_1 ,1.0921,95.85,20109.5137,4.5936,,,,,
T_pecari,1,84, cls_1 ,1.0155,71.4424,3623.6554,0.2042,,,,,
T_pecari,1,99, cls_1 ,1,90.3682,22622.5003,0.1021,,,,,
T_pecari,1,2, cls_3 ,1.0219,1623.1732,0.0876,1.327,,,,,
T_pecari,1,3, cls_3 ,1.0395,180.7365,1.5222,1.7354,,,,,
T_pecari,1,5, cls_3 ,1.0909,172.056,1.8487,0.2042,,,,,
T_pecari,1,6, cls_3 ,1.0155,115.1974,1.7614,0.2042,,,,,
T_pecari,1,7, cls_3 ,1.0688,1989.3847,0.1036,0.5104,,,,,
T_pecari,1,8, cls_3 ,1.2051,101.0348,17.6603,1.9395,,,,,
T_pecari,1,9, cls_3 ,1.1434,101.0348,2.7901,0.7146,,,,,
T_pecari,1,10, cls_3 ,1.0631,274.8443,0.4979,9.6976,,,,,
T_pecari,1,11, cls_3 ,1.195,63.9,10.1824,15.8224,,,,,
T_pecari,1,12, cls_3 ,1.0465,90.3682,11.3518,0.6125,,,,,
T_pecari,1,13, cls_3 ,1.0306,101.0348,2.3578,1.225,,,,,
T_pecari,1,16, cls_3 ,1.0877,63.9,19.3807,5.2061,,,,,
T_pecari,1,17, cls_3 ,1.1281,71.4424,19.6999,2.7562,,,,,
T_pecari,1,18, cls_3 ,1.1833,71.4424,13.5346,6.7373,,,,,
T_pecari,1,19, cls_3 ,1.0283,274.8443,1.4859,0.7146,,,,,
T_pecari,1,20, cls_3 ,1.0338,159.75,1.5018,0.9187,,,,,
T_pecari,1,21, cls_3 ,1.0752,63.9,2.6096,2.3478,,,,,
T_pecari,1,22, cls_3 ,1.063,63.9,16.3853,0.9187,,,,,
T_pecari,1,23, cls_3 ,1.0688,63.9,7.7905,0.5104,,,,,
T_pecari,1,25, cls_3 ,1.1346,71.4424,3.9004,0.4083,,,,,
T_pecari,1,26, cls_3 ,1.1533,63.9,13.9428,9.6976,,,,,
T_pecari,1,27, cls_3 ,1.0131,71.4424,6.3029,0.8166,,,,,
T_pecari,1,28, cls_3 ,1.0155,63.9,26.5373,0.2042,,,,,
T_pecari,1,29, cls_3 ,1.0283,71.4424,2.1385,0.7146,,,,,
T_pecari,1,30, cls_3 ,1.0993,101.0348,1.3756,1.0208,,,,,
T_pecari,1,31, cls_3 ,1,142.8847,8.1958,0.1021,,,,,
T_pecari,1,32, cls_3 ,1.0654,90.3682,11.6845,1.1229,,,,,
T_pecari,1,34, cls_3 ,1.0654,63.9,15.8275,1.1229,,,,,
T_pecari,1,35, cls_3 ,1.123,63.9,41.1627,1.9395,,,,,
T_pecari,1,36, cls_3 ,1.1778,101.0348,1.1676,1.225,,,,,
T_pecari,1,37, cls_3 ,1.128,531.754,0.409,3.2666,,,,,
T_pecari,1,38, cls_3 ,1.2069,63.9,62.5379,22.7639,,,,,
T_pecari,1,39, cls_3 ,1.0914,63.9,39.6677,0.3062,,,,,
T_pecari,1,41, cls_3 ,1,71.4424,33.9791,0.1021,,,,,
T_pecari,1,42, cls_3 ,1.0386,131.7332,13.5419,1.4291,,,,,
T_pecari,1,43, cls_3 ,1.1844,63.9,76.8133,14.3933,,,,,
T_pecari,1,44, cls_3 ,1.1693,194.3443,0.5685,6.8394,,,,,
T_pecari,1,45, cls_3 ,1.0261,127.8,15.4764,0.5104,,,,,
T_pecari,1,46, cls_3 ,1.0665,274.8443,0.5648,4.0832,,,,,
T_pecari,1,47, cls_3 ,1.175,95.85,41.9105,19.3952,,,,,
T_pecari,1,48, cls_3 ,1.1368,142.8847,5.7521,10.6163,,,,,
T_pecari,1,49, cls_3 ,1.1031,232.5995,1.0198,0.8166,,,,,
T_pecari,1,51, cls_3 ,1.0657,194.3443,1.9329,1.6333,,,,,
T_pecari,1,52, cls_3 ,1.0869,274.8443,1.0127,1.8374,,,,,
T_pecari,1,53, cls_3 ,1.1017,232.5995,0.6705,4.1853,,,,,
T_pecari,1,54, cls_3 ,1.1206,71.4424,15.5059,4.0832,,,,,
T_pecari,1,55, cls_3 ,1.0647,63.9,66.8963,1.9395,,,,,
T_pecari,1,56, cls_3 ,1.142,95.85,11.0499,35.2177,,,,,
T_pecari,1,57, cls_3 ,1.0631,294.5644,0.9244,0.7146,,,,,
T_pecari,1,58, cls_3 ,1.1261,63.9,55.4082,9.1872,,,,,
T_pecari,1,59, cls_3 ,1.1839,63.9,31.9999,18.0682,,,,,
T_pecari,1,60, cls_3 ,1.0932,471.7361,0.4711,0.7146,,,,,
T_pecari,1,62, cls_3 ,1.0283,71.4424,6.1779,0.7146,,,,,
T_pecari,1,63, cls_3 ,1.1328,63.9,39.7492,8.9831,,,,,
T_pecari,1,64, cls_3 ,1.0537,71.4424,19.2674,0.4083,,,,,
T_pecari,1,65, cls_3 ,1.1214,159.75,2.1147,5.0019,,,,,
T_pecari,1,66, cls_3 ,1.0622,71.4424,2.8842,2.6541,,,,,
T_pecari,1,67, cls_3 ,1.158,63.9,31.7754,6.1248,,,,,
T_pecari,1,68, cls_3 ,1.1376,63.9,50.8859,4.2874,,,,,
T_pecari,1,69, cls_3 ,1.096,230.3947,1.1213,1.9395,,,,,
T_pecari,1,70, cls_3 ,1.0643,447.3,0.9942,2.9603,,,,,
T_pecari,1,71, cls_3 ,1.0752,230.3947,0.6969,3.3686,,,,,
T_pecari,1,72, cls_3 ,1.0631,263.4664,1.2831,0.7146,,,,,
T_pecari,1,74, cls_3 ,1.1301,63.9,38.271,7.656,,,,,
T_pecari,1,75, cls_3 ,1.189,71.4424,3.1693,8.6768,,,,,
T_pecari,1,76, cls_3 ,1.105,71.4424,17.9742,0.5104,,,,,
T_pecari,1,77, cls_3 ,1.0657,63.9,9.4907,1.6333,,,,,
T_pecari,1,79, cls_3 ,1.0909,63.9,15.1522,1.5312,,,,,
T_pecari,1,80, cls_3 ,1,63.9,2.2314,0.1021,,,,,
T_pecari,1,81, cls_3 ,1.131,90.3682,6.1299,7.9623,,,,,
T_pecari,1,82, cls_3 ,1.0358,63.9,30.1477,0.3062,,,,,
T_pecari,1,83, cls_3 ,1.0283,63.9,0.748,0.7146,,,,,
T_pecari,1,85, cls_3 ,1.0283,142.8847,7.9541,0.7146,,,,,
T_pecari,1,86, cls_3 ,1.0465,63.9,26.8725,0.6125,,,,,
T_pecari,1,87, cls_3 ,1.0537,95.85,10.9359,0.4083,,,,,
T_pecari,1,88, cls_3 ,1.0769,127.8,14.6941,0.8166,,,,,
T_pecari,1,89, cls_3 ,1.0261,90.3682,12.7097,0.5104,,,,,
T_pecari,1,90, cls_3 ,1.0903,101.0348,20.3178,2.0416,,,,,
T_pecari,1,91, cls_3 ,1.0764,90.3682,3.7992,1.0208,,,,,
T_pecari,1,92, cls_3 ,1.0605,90.3682,4.6435,6.329,,,,,
T_pecari,1,93, cls_3 ,1.054,90.3682,1.9121,2.1437,,,,,
T_pecari,1,94, cls_3 ,1,63.9,15.2561,0.1021,,,,,
T_pecari,1,95, cls_3 ,1.0688,101.0348,4.4373,0.5104,,,,,
T_pecari,1,96, cls_3 ,1.0933,63.9,13.3063,1.7354,,,,,
T_pecari,1,97, cls_3 ,1.0471,351.45,1.826,1.9395,,,,,
T_pecari,1,98, cls_3 ,1.0529,400.3324,1.1914,1.8374,,,,,
T_pecari,1,100, cls_3 ,1.0936,101.0348,3.414,5.3082,,,,,
T_pecari,1,101, cls_3 ,1.0386,101.0348,6.817,1.4291,,,,,
T_pecari,1,102, cls_3 ,1.1222,127.8,9.6567,2.6541,,,,,
T_pecari,1,103, cls_3 ,1.1031,127.8,3.7179,0.8166,,,,,
T_pecari,1,104, cls_3 ,1.0402,479.25,0.5005,1.1229,,,,,
T_pecari,1,105, cls_3 ,1.0689,63.9,4.2428,1.327,,,,,
T_pecari,1,106, cls_3 ,1.1367,272.9809,1.7639,5.2061,,,,,
T_pecari,1,107, cls_3 ,1.0402,63.9,5.2027,1.1229,,,,,
T_pecari,1,108, cls_3 ,1.064,364.286,0.9511,4.1853,,,,,
T_pecari,1,109, cls_3 ,1.0688,127.8,2.7342,0.5104,,,,,
T_pecari,1,110, cls_3 ,1.0509,159.75,2.6654,1.0208,,,,,
T_pecari,1,111, cls_3 ,1.0688,71.4424,6.4296,0.5104,,,,,
T_pecari,1,112, cls_3 ,1.0583,71.4424,2.1645,2.7562,,,,,
T_pecari,1,113, cls_3 ,1.0764,172.056,1.3641,1.0208,,,,,
T_pecari,1,114, cls_3 ,1.0606,544.0889,0.3252,1.4291,,,,,
T_pecari,1,115, cls_3 ,1.1073,172.056,1.3757,1.327,,,,,
T_pecari,1,116, cls_3 ,1.0537,71.4424,3.5767,0.4083,,,,,
T_pecari,1,117, cls_3 ,1.0933,63.9,4.1395,1.7354,,,,,
T_pecari,1,118, cls_3 ,1.089,63.9,4.3642,1.327,,,,,
T_pecari,1,119, cls_3 ,1.0635,63.9,2.9438,3.3686,,,,,
T_pecari,1,120, cls_3 ,1.0688,63.9,8.7204,0.5104,,,,,
T_pecari,1,121, cls_3 ,1.0465,63.9,8.6801,0.6125,,,,,
T_pecari,1,122, cls_3 ,1.128,1746.7623,0.2537,4.6957,,,,,
T_pecari,1,123, cls_3 ,1.0606,357.2119,0.4554,1.4291,,,,,
T_pecari,1,124, cls_3 ,1.0843,135.5524,3.3275,2.4499,,,,,
T_pecari,1,125, cls_3 ,1.1085,255.6,0.5012,1.1229,,,,,
T_pecari,1,126, cls_3 ,1.0338,255.6,0.6824,0.9187,,,,,
T_pecari,1,127, cls_3 ,1.1187,71.4424,3.0501,2.2458,,,,,
T_pecari,1,128, cls_3 ,1.148,90.3682,1.6077,5.8186,,,,,
T_pecari,1,129, cls_3 ,1.0932,1040.2166,0.1751,0.7146,,,,,
T_pecari,1,130, cls_3 ,1,90.3682,7.3268,0.1021,,,,,
T_pecari,1,131, cls_3 ,1.0631,71.4424,8.2202,0.7146,,,,,
T_pecari,1,132, cls_3 ,1.0306,287.55,3.1805,1.225,,,,,
T_pecari,1,133, cls_3 ,1.0987,90.3682,19.1372,1.4291,,,,,
T_pecari,1,134, cls_3 ,1.0338,159.75,9.7402,0.9187,,,,,
T_pecari,1,135, cls_3 ,1.1636,115.1974,4.2178,23.2743,,,,,
T_pecari,1,136, cls_3 ,1.0819,772.7674,0.5609,0.6125,,,,,
T_pecari,1,137, cls_3 ,1.0811,90.3682,9.9589,6.0227,,,,,
T_pecari,1,138, cls_3 ,1.0473,90.3682,10.1892,0.8166,,,,,
T_pecari,1,139, cls_3 ,1.1409,3636.2693,0.0633,5.0019,,,,,
T_pecari,1,140, cls_3 ,1.1137,71.4424,3.172,2.3478,,,,,
T_pecari,1,141, cls_3 ,1.0728,71.4424,4.7349,1.5312,,,,,
T_pecari,1,4, cls_5 ,1.1578,546.8959,0.0239,1.9395,,,,,
T_pecari,1,24, cls_5 ,1.0631,546.8959,0.0648,0.7146,,,,,
T_pecari,1,15, cls_2 ,1.1807,7893.978,0.0001,1.327,,,,,
T_pecari,1,33, cls_2 ,1.112,7893.978,0.0002,0.9187,,,,,
T_pecari,2,1, cls_5 ,1.2239,202.0695,0.8674,5.7165,,,,,
T_pecari,2,3, cls_5 ,1.1667,214.3271,1.4567,0.4083,,,,,
T_pecari,2,5, cls_5 ,1.2011,71.4424,0.4622,1.7354,,,,,
T_pecari,2,8, cls_5 ,1,225.9206,0.7377,0.1021,,,,,
T_pecari,2,10, cls_5 ,1.1477,90.3682,13.619,0.8166,,,,,
T_pecari,2,11, cls_5 ,1,71.4424,4.0327,0.1021,,,,,
T_pecari,2,13, cls_5 ,1.0155,71.4424,1.6247,0.2042,,,,,
T_pecari,2,14, cls_5 ,1.2118,214.3271,0.5575,1.8374,,,,,
T_pecari,2,15, cls_5 ,1.0358,63.9,2.359,0.3062,,,,,
T_pecari,2,16, cls_5 ,1.1649,63.9,2.0895,0.7146,,,,,
T_pecari,2,18, cls_5 ,1.2522,63.9,6.9,9.9018,,,,,
T_pecari,2,19, cls_5 ,1.1388,101.0348,2.0851,1.0208,,,,,
T_pecari,2,22, cls_5 ,1.1756,131.7332,1.0688,2.1437,,,,,
T_pecari,2,32, cls_5 ,1.105,63.9,3.6421,0.5104,,,,,
T_pecari,2,35, cls_5 ,1.1443,63.9,4.5365,1.1229,,,,,
T_pecari,2,38, cls_5 ,1.0909,71.4424,20.5338,0.2042,,,,,
T_pecari,2,39, cls_5 ,1.1904,95.85,3.1781,2.3478,,,,,
T_pecari,2,44, cls_5 ,1.2528,71.4424,0.8591,9.2893,,,,,
T_pecari,2,45, cls_5 ,1.2165,95.85,3.2876,2.552,,,,,
T_pecari,2,47, cls_5 ,1.1454,90.3682,1.7537,1.4291,,,,,
T_pecari,2,50, cls_5 ,1.1519,90.3682,5.9871,0.9187,,,,,
T_pecari,2,52, cls_5 ,1,71.4424,2.22,0.1021,,,,,
T_pecari,2,57, cls_5 ,1.0914,71.4424,3.0482,0.3062,,,,,
T_pecari,2,61, cls_5 ,1.1835,101.0348,1.5524,4.1853,,,,,
T_pecari,2,63, cls_5 ,1.179,63.9,30.8562,2.2458,,,,,
T_pecari,2,64, cls_5 ,1.168,63.9,5.9925,2.6541,,,,,
T_pecari,2,65, cls_5 ,1.1941,90.3682,0.9806,1.8374,,,,,
T_pecari,2,71, cls_5 ,1.0819,63.9,1.5558,0.6125,,,,,
T_pecari,2,72, cls_5 ,1.105,63.9,3.3877,0.5104,,,,,
T_pecari,2,74, cls_5 ,1,71.4424,2.1922,0.1021,,,,,
T_pecari,2,75, cls_5 ,1.0155,63.9,2.1441,0.2042,,,,,
T_pecari,2,77, cls_5 ,1,63.9,3.081,0.1021,,,,,
T_pecari,2,81, cls_5 ,1,71.4424,1.3955,0.1021,,,,,
T_pecari,2,82, cls_5 ,1.1125,63.9,2.3331,0.6125,,,,,
T_pecari,2,85, cls_5 ,1.0358,63.9,5.8141,0.3062,,,,,
T_pecari,2,89, cls_5 ,1.0909,257.5891,1.4229,0.2042,,,,,
T_pecari,2,177, cls_5 ,1.0473,2641.6294,0.0483,0.8166,,,,,
T_pecari,2,229, cls_5 ,1.0473,3358.5514,0.0257,0.8166,,,,,
T_pecari,2,383, cls_5 ,1.0283,3119.0139,0.0065,0.7146,,,,,
T_pecari,2,447, cls_5 ,1.0537,1152.4166,0.0157,0.4083,,,,,
T_pecari,2,499, cls_5 ,1.0932,683.7599,0.0223,0.7146,,,,,
T_pecari,2,568, cls_5 ,1.105,683.7599,0.0293,0.5104,,,,,
T_pecari,2,600, cls_5 ,1.0975,3029.8642,0.0095,0.4083,,,,,
T_pecari,2,632, cls_5 ,1.0338,1175.6558,0.0122,0.9187,,,,,
T_pecari,2,642, cls_5 ,1.1226,1081.1193,0.0147,1.7354,,,,,
T_pecari,2,678, cls_5 ,1.0465,1081.1193,0.0247,0.6125,,,,,
T_pecari,2,802, cls_5 ,1.1886,63.9,1.2535,10.1059,,,,,
T_pecari,2,805, cls_5 ,1.0688,63.9,24.7534,0.5104,,,,,
T_pecari,2,2, cls_3 ,1.3345,63.9,614.0785,17400.9057,,,,,
T_pecari,2,43, cls_3 ,1,63.9,42615.8714,0.1021,,,,,
T_pecari,2,111, cls_3 ,1.0889,95.85,18940.6271,0.9187,,,,,
T_pecari,2,138, cls_3 ,1.0509,63.9,42616.1485,1.0208,,,,,
T_pecari,2,141, cls_3 ,1.0688,63.9,13233.568,0.5104,,,,,
T_pecari,2,143, cls_3 ,1.0951,63.9,21311.0121,49.3048,,,,,
T_pecari,2,166, cls_3 ,1,63.9,704.9385,0.1021,,,,,
T_pecari,2,175, cls_3 ,1.0769,127.8,10654.3732,0.8166,,,,,
T_pecari,2,185, cls_3 ,1.0764,71.4424,34092.9231,7.8602,,,,,
T_pecari,2,187, cls_3 ,1,71.4424,34093.074,0.1021,,,,,
T_pecari,2,189, cls_3 ,1.058,63.9,42615.842,25.1117,,,,,
T_pecari,2,193, cls_3 ,1.077,63.9,42617.0827,4.8999,,,,,
T_pecari,2,201, cls_3 ,1.1418,95.85,18942.1521,2.6541,,,,,
T_pecari,2,202, cls_3 ,1.0509,135.5524,9474.1306,2.9603,,,,,
T_pecari,2,217, cls_3 ,1.11,172.056,5882.1292,30.3178,,,,,
T_pecari,2,226, cls_3 ,1.0987,95.85,18940.8696,106.2655,,,,,
T_pecari,2,227, cls_3 ,1.1441,71.4424,34094.3766,3.777,,,,,
T_pecari,2,233, cls_3 ,1.1275,63.9,42618.6041,7.8602,,,,,
T_pecari,2,234, cls_3 ,1.1704,71.4424,9482.9264,28.2762,,,,,
T_pecari,2,238, cls_3 ,1.0909,71.4424,34092.9992,0.2042,,,,,
T_pecari,2,248, cls_3 ,1.1395,63.9,42616.9258,0.6125,,,,,
T_pecari,2,255, cls_3 ,1.0261,63.9,21320.7902,0.5104,,,,,
T_pecari,2,257, cls_3 ,1.1137,71.4424,3535.936,4.6957,,,,,
T_pecari,2,259, cls_3 ,1.0358,71.4424,1499.6024,0.3062,,,,,
T_pecari,2,262, cls_3 ,1.1246,63.9,5887.6982,3.3686,,,,,
T_pecari,2,263, cls_3 ,1.1815,71.4424,2139.7503,13.7808,,,,,
T_pecari,2,266, cls_3 ,1.1966,63.9,5024.3776,121.8838,,,,,
T_pecari,2,267, cls_3 ,1.0475,131.7332,4744.8082,3.0624,,,,,
T_pecari,2,269, cls_3 ,1.0663,131.7332,3504.6,2.552,,,,,
T_pecari,2,272, cls_3 ,1.148,115.1974,13118.2708,5.8186,,,,,
T_pecari,2,280, cls_3 ,1.0721,127.8,10655.3574,3.4707,,,,,
T_pecari,2,301, cls_3 ,1.1075,127.8,10654.2478,7.3498,,,,,
T_pecari,2,306, cls_3 ,1.0465,63.9,529.96,0.6125,,,,,
T_pecari,2,309, cls_3 ,1.1901,95.85,18965.9929,22.9681,,,,,
T_pecari,2,311, cls_3 ,1.0869,63.9,42617.1477,1.8374,,,,,
T_pecari,2,313, cls_3 ,1.0465,90.3682,253.0752,0.6125,,,,,
T_pecari,2,314, cls_3 ,1.078,90.3682,21308.0315,1.225,,,,,
T_pecari,2,320, cls_3 ,1.0651,101.0348,17047.4127,2.2458,,,,,
T_pecari,2,324, cls_3 ,1.088,95.85,18940.637,1.1229,,,,,
T_pecari,2,325, cls_3 ,1.0961,194.3443,221.6278,12.5559,,,,,
T_pecari,2,336, cls_3 ,1.0909,63.9,413.1344,0.2042,,,,,
T_pecari,2,337, cls_3 ,1,63.9,42616.3427,0.1021,,,,,
T_pecari,2,351, cls_3 ,1.0338,95.85,549.342,0.9187,,,,,
T_pecari,2,359, cls_3 ,1.1553,63.9,42623.8325,3.879,,,,,
T_pecari,2,372, cls_3 ,1.1073,383.4,219.9875,1.327,,,,,
T_pecari,2,375, cls_3 ,1.0836,225.9206,1709.7871,1.6333,,,,,
T_pecari,2,381, cls_3 ,1.063,127.8,10655.3679,0.9187,,,,,
T_pecari,2,382, cls_3 ,1.1738,115.1974,1706.2648,13.7808,,,,,
T_pecari,2,394, cls_3 ,1.0465,95.85,18941.5912,0.6125,,,,,
T_pecari,2,405, cls_3 ,1,63.9,4161.075,0.1021,,,,,
T_pecari,2,409, cls_3 ,1.0465,63.9,13114.8563,0.6125,,,,,
T_pecari,2,416, cls_3 ,1.0914,63.9,42616.4891,0.3062,,,,,
T_pecari,2,417, cls_3 ,1.0465,90.3682,21308.4638,0.6125,,,,,
T_pecari,2,426, cls_3 ,1,90.3682,21308.5819,0.1021,,,,,
T_pecari,2,427, cls_3 ,1,71.4424,34093.3575,0.1021,,,,,
T_pecari,2,432, cls_3 ,1.0572,95.85,18941.4892,8.9831,,,,,
T_pecari,2,435, cls_3 ,1.1372,63.9,42616.4733,1.5312,,,,,
T_pecari,2,436, cls_3 ,1.1554,131.7332,10027.7429,2.552,,,,,
T_pecari,2,439, cls_3 ,1,71.4424,34094.3851,0.1021,,,,,
T_pecari,2,444, cls_3 ,1.0769,63.9,42621.793,0.8166,,,,,
T_pecari,2,452, cls_3 ,1.022,101.0348,17047.398,1.0208,,,,,
T_pecari,2,481, cls_3 ,1.1167,63.9,42624.7424,1.225,,,,,
T_pecari,2,485, cls_3 ,1.1649,159.75,2940.1242,0.7146,,,,,
T_pecari,2,494, cls_3 ,1.1893,63.9,4612.0632,7.3498,,,,,
T_pecari,2,495, cls_3 ,1.0987,63.9,42616.6428,1.4291,,,,,
T_pecari,2,503, cls_3 ,1.105,63.9,8542.6068,0.5104,,,,,
T_pecari,2,504, cls_3 ,1.0819,71.4424,13115.0555,0.6125,,,,,
T_pecari,2,505, cls_3 ,1.1197,63.9,42617.1335,0.7146,,,,,
T_pecari,2,507, cls_3 ,1.0932,159.75,2623.6201,0.7146,,,,,
T_pecari,2,512, cls_3 ,1.0537,90.3682,10657.0063,0.4083,,,,,
T_pecari,2,514, cls_3 ,1.0909,90.3682,5328.9719,1.5312,,,,,
T_pecari,2,515, cls_3 ,1.0993,232.5995,732.8126,1.0208,,,,,
T_pecari,2,516, cls_3 ,1.1204,63.9,42617.226,2.4499,,,,,
T_pecari,2,517, cls_3 ,1.0819,63.9,13117.2984,0.6125,,,,,
T_pecari,2,521, cls_3 ,1,95.85,2625.3911,0.1021,,,,,
T_pecari,2,530, cls_3 ,1.1543,63.9,8528.6192,1.327,,,,,
T_pecari,2,531, cls_3 ,1.1001,101.0348,3411.8572,1.6333,,,,,
T_pecari,2,533, cls_3 ,1.1125,95.85,1708.1459,0.6125,,,,,
T_pecari,2,534, cls_3 ,1.0932,63.9,3417.2565,0.7146,,,,,
T_pecari,2,540, cls_3 ,1.1642,63.9,34097.6925,1.8374,,,,,
T_pecari,2,545, cls_3 ,1,159.75,1895.8514,0.1021,,,,,
T_pecari,2,547, cls_3 ,1.1554,186.2989,2796.6684,1.6333,,,,,
T_pecari,2,548, cls_3 ,1.165,63.9,1692.8727,2.3478,,,,,
T_pecari,2,549, cls_3 ,1.0338,303.1043,854.2221,0.9187,,,,,
T_pecari,2,550, cls_3 ,1.1346,115.1974,1011.377,0.4083,,,,,
T_pecari,2,551, cls_3 ,1.0688,225.9206,1900.2237,0.5104,,,,,
T_pecari,2,556, cls_3 ,1.1334,63.9,34096.0287,27.0513,,,,,
T_pecari,2,557, cls_3 ,1.0909,71.4424,735.5478,0.2042,,,,,
T_pecari,2,558, cls_3 ,1.2018,101.0348,2625.4998,1.1229,,,,,
T_pecari,2,563, cls_3 ,1.1265,243.324,701.9572,0.8166,,,,,
T_pecari,2,570, cls_3 ,1.1125,71.4424,34092.9482,0.6125,,,,,
T_pecari,2,572, cls_3 ,1.0155,63.9,1764.9516,0.2042,,,,,
T_pecari,2,573, cls_3 ,1.1362,63.9,1476.5404,0.5104,,,,,
T_pecari,2,577, cls_3 ,1.0402,63.9,3416.1945,1.1229,,,,,
T_pecari,2,579, cls_3 ,1.0537,63.9,3006.2573,0.4083,,,,,
T_pecari,2,580, cls_3 ,1.1125,90.3682,13115.9928,0.6125,,,,,
T_pecari,2,581, cls_3 ,1.1388,101.0348,1708.2075,1.0208,,,,,
T_pecari,2,582, cls_3 ,1.112,255.6,2664.1826,0.9187,,,,,
T_pecari,2,584, cls_3 ,1.0799,71.4424,10031.1559,2.2458,,,,,
T_pecari,2,591, cls_3 ,1.1167,180.7365,2510.9811,1.225,,,,,
T_pecari,2,598, cls_3 ,1.1001,63.9,42617.4718,1.6333,,,,,
T_pecari,2,606, cls_3 ,1.1125,71.4424,34119.6111,0.6125,,,,,
T_pecari,2,607, cls_3 ,1.0975,63.9,42620.9817,0.4083,,,,,
T_pecari,2,608, cls_3 ,1.1395,159.75,6819.2425,0.6125,,,,,
T_pecari,2,619, cls_3 ,1.0819,71.4424,34096.442,0.6125,,,,,
T_pecari,2,626, cls_3 ,1.1638,95.85,18941.278,0.5104,,,,,
T_pecari,2,631, cls_3 ,1.063,71.4424,34092.961,0.9187,,,,,
T_pecari,2,638, cls_3 ,1.1609,63.9,42628.3457,4.3895,,,,,
T_pecari,2,645, cls_3 ,1.0975,159.75,4161.8231,0.4083,,,,,
T_pecari,2,654, cls_3 ,1,63.9,42616.1229,0.1021,,,,,
T_pecari,2,657, cls_3 ,1.0734,71.4424,13114.4052,3.0624,,,,,
T_pecari,2,658, cls_3 ,1.0155,63.9,5021.381,0.2042,,,,,
T_pecari,2,659, cls_3 ,1.0949,90.3682,21313.6674,9.9018,,,,,
T_pecari,2,662, cls_3 ,1.0914,63.9,2630.0234,0.3062,,,,,
T_pecari,2,665, cls_3 ,1,90.3682,21311.6694,0.1021,,,,,
T_pecari,2,671, cls_3 ,1.0988,63.9,42616.1897,2.1437,,,,,
T_pecari,2,690, cls_3 ,1.1402,71.4424,34092.9225,4.1853,,,,,
T_pecari,2,692, cls_3 ,1.0688,63.9,21310.4944,0.5104,,,,,
T_pecari,2,694, cls_3 ,1.063,63.9,3217.87,0.9187,,,,,
T_pecari,2,712, cls_3 ,1.0701,63.9,42615.85,2.1437,,,,,
T_pecari,2,729, cls_3 ,1.0752,90.3682,21308.3696,2.3478,,,,,
T_pecari,2,731, cls_3 ,1.0155,63.9,42618.8625,0.2042,,,,,
T_pecari,2,762, cls_3 ,1.0465,63.9,42615.9535,0.6125,,,,,
T_pecari,2,765, cls_3 ,1.0155,71.4424,34092.7797,0.2042,,,,,
T_pecari,2,774, cls_3 ,1.0689,101.0348,17047.3489,1.327,,,,,
T_pecari,2,780, cls_3 ,1.0592,90.3682,1920.1137,2.0416,,,,,
T_pecari,2,782, cls_3 ,1.0473,90.3682,21308.0072,0.8166,,,,,
T_pecari,2,784, cls_3 ,1.0395,63.9,3306.0797,1.7354,,,,,
T_pecari,2,786, cls_3 ,1.0635,63.9,17051.1979,10.3101,,,,,
T_pecari,2,791, cls_3 ,1.0155,90.3682,21307.978,0.2042,,,,,
T_pecari,2,806, cls_3 ,1.0556,71.4424,21308.4635,1.225,,,,,
T_pecari,2,807, cls_3 ,1,71.4424,34092.7875,0.1021,,,,,
T_pecari,2,809, cls_3 ,1.0582,63.9,42616.293,3.9811,,,,,
T_pecari,2,810, cls_3 ,1,71.4424,10030.0659,0.1021,,,,,
T_pecari,2,812, cls_3 ,1,63.9,34102.5629,0.1021,,,,,
T_pecari,2,4, cls_1 ,1.1429,101.0348,26.7914,1.6333,,1.090942908,125.7318253,235.1384465,14.55954219
T_pecari,2,6, cls_1 ,1.0402,194.3443,9.4182,1.1229,,,,,
T_pecari,2,7, cls_1 ,1.1251,95.85,29.7561,2.3478,,,,,
T_pecari,2,9, cls_1 ,1.1438,63.9,18.4897,23.5805,,,,,
T_pecari,2,12, cls_1 ,1.0975,191.7,9.8373,0.4083,,,,,
T_pecari,2,20, cls_1 ,1.0769,159.75,12.1102,0.8166,,,,,
T_pecari,2,21, cls_1 ,1.1319,90.3682,43.7263,12.9642,,,,,
T_pecari,2,23, cls_1 ,1.1537,71.4424,34.4246,4.6957,,,,,
T_pecari,2,24, cls_1 ,1.0261,287.55,8.7177,0.5104,,,,,
T_pecari,2,25, cls_1 ,1.2068,63.9,46.0203,13.7808,,,,,
T_pecari,2,26, cls_1 ,1.0799,274.8443,6.4275,2.552,,,,,
T_pecari,2,28, cls_1 ,1,101.0348,22.4238,0.1021,,,,,
T_pecari,2,29, cls_1 ,1.059,63.9,80.8896,1.7354,,,,,
T_pecari,2,30, cls_1 ,1.1226,63.9,44.2895,1.7354,,,,,
T_pecari,2,31, cls_1 ,1.0631,101.0348,12.3676,0.7146,,,,,
T_pecari,2,33, cls_1 ,1.1414,90.3682,21.1084,17.2516,,,,,
T_pecari,2,34, cls_1 ,1.1297,101.0348,10.2279,2.9603,,,,,
T_pecari,2,36, cls_1 ,1,63.9,60.3229,0.1021,,,,,
T_pecari,2,37, cls_1 ,1.1518,71.4424,52.3741,2.0416,,,,,
T_pecari,2,40, cls_1 ,1.0819,214.3271,21.0942,0.6125,,,,,
T_pecari,2,41, cls_1 ,1.1099,63.9,108.4528,20.8244,,,,,
T_pecari,2,42, cls_1 ,1.1628,71.4424,33.1121,15.8224,,,,,
T_pecari,2,46, cls_1 ,1.1124,95.85,59.0785,3.777,,,,,
T_pecari,2,48, cls_1 ,1.0894,159.75,10.6202,3.2666,,,,,
T_pecari,2,49, cls_1 ,1.0844,131.7332,21.5359,2.7562,,,,,
T_pecari,2,51, cls_1 ,1.1257,90.3682,176.338,4.7978,,,,,
T_pecari,2,53, cls_1 ,1,71.4424,5.8499,0.1021,,,,,
T_pecari,2,54, cls_1 ,1.0932,90.3682,96.342,0.7146,,,,,
T_pecari,2,55, cls_1 ,1,127.8,27.847,0.1021,,,,,
T_pecari,2,56, cls_1 ,1.105,131.7332,8.9581,0.5104,,,,,
T_pecari,2,58, cls_1 ,1.0283,465.199,4.8356,0.7146,,,,,
T_pecari,2,59, cls_1 ,1.0631,71.4424,5.2164,0.7146,,,,,
T_pecari,2,62, cls_1 ,1.0764,214.3271,8.1725,1.0208,,,,,
T_pecari,2,66, cls_1 ,1.105,131.7332,5.518,0.5104,,,,,
T_pecari,2,67, cls_1 ,1.0728,131.7332,17.6809,1.5312,,,,,
T_pecari,2,68, cls_1 ,1.0543,95.85,853.3409,7.9623,,,,,
T_pecari,2,69, cls_1 ,1.0465,90.3682,28.2757,0.6125,,,,,
T_pecari,2,70, cls_1 ,1.1659,71.4424,1537.7415,30.2158,,,,,
T_pecari,2,73, cls_1 ,1.0022,131.7332,10.7158,1.225,,,,,
T_pecari,2,76, cls_1 ,1.0631,225.9206,5.9331,0.7146,,,,,
T_pecari,2,78, cls_1 ,1.0663,63.9,50.9212,2.552,,,,,
T_pecari,2,79, cls_1 ,1.1765,63.9,160.431,12.0455,,,,,
T_pecari,2,83, cls_1 ,1.0654,225.9206,7.0584,1.1229,,,,,
T_pecari,2,84, cls_1 ,1.1362,230.3947,6.0323,0.5104,,,,,
T_pecari,2,86, cls_1 ,1,63.9,50.6658,0.1021,,,,,
T_pecari,2,87, cls_1 ,1.0993,63.9,1895.2149,1.0208,,,,,
T_pecari,2,88, cls_1 ,1.1395,867.9587,2.3321,0.6125,,,,,
T_pecari,2,90, cls_1 ,1.105,71.4424,38.0677,0.5104,,,,,
T_pecari,2,91, cls_1 ,1.0467,90.3682,15.9206,1.327,,,,,
T_pecari,2,92, cls_1 ,1.1418,127.8,21.7061,2.6541,,,,,
T_pecari,2,93, cls_1 ,1.2141,63.9,62.6593,15.6183,,,,,
T_pecari,2,94, cls_1 ,1.088,90.3682,499.5939,1.1229,,,,,
T_pecari,2,95, cls_1 ,1.0654,186.2989,7.0656,1.1229,,,,,
T_pecari,2,96, cls_1 ,1.2298,63.9,464.2758,768.5622,,,,,
T_pecari,2,97, cls_1 ,1.1398,63.9,1926.3123,1.327,,,,,
T_pecari,2,98, cls_1 ,1.0537,63.9,6.9975,0.4083,,,,,
T_pecari,2,99, cls_1 ,1.1358,186.2989,8.4229,1.7354,,,,,
T_pecari,2,100, cls_1 ,1.1362,95.85,24.6386,0.5104,,,,,
T_pecari,2,101, cls_1 ,1.0909,63.9,279.5961,0.2042,,,,,
T_pecari,2,102, cls_1 ,1.0635,90.3682,15.6264,3.3686,,,,,
T_pecari,2,103, cls_1 ,1.0631,172.056,6.1695,0.7146,,,,,
T_pecari,2,104, cls_1 ,1.0809,101.0348,41.2384,27.0513,,,,,
T_pecari,2,105, cls_1 ,1.0657,115.1974,137.2532,1.6333,,,,,
T_pecari,2,106, cls_1 ,1.0509,63.9,5.8181,1.0208,,,,,
T_pecari,2,107, cls_1 ,1.1454,272.9809,10.6687,1.4291,,,,,
T_pecari,2,108, cls_1 ,1.1628,101.0348,14.7542,6.1248,,,,,
T_pecari,2,109, cls_1 ,1.056,294.5644,33.8674,14.2912,,,,,
T_pecari,2,110, cls_1 ,1.1945,90.3682,475.4509,21.9473,,,,,
T_pecari,2,112, cls_1 ,1.0509,186.2989,33.1039,1.0208,,,,,
T_pecari,2,113, cls_1 ,1.0819,257.5891,9.0865,0.6125,,,,,
T_pecari,2,114, cls_1 ,1.1187,63.9,37.8117,2.2458,,,,,
T_pecari,2,115, cls_1 ,1.078,63.9,37.708,1.225,,,,,
T_pecari,2,116, cls_1 ,1.1328,257.5891,78.9001,0.9187,,,,,
T_pecari,2,117, cls_1 ,1.0261,101.0348,23.4006,0.5104,,,,,
T_pecari,2,118, cls_1 ,1.0631,230.3947,10.8193,0.7146,,,,,
T_pecari,2,119, cls_1 ,1.1683,71.4424,788.3838,8.0643,,,,,
T_pecari,2,120, cls_1 ,1.063,159.75,200.5656,0.9187,,,,,
T_pecari,2,121, cls_1 ,1.0716,159.75,35.6546,3.879,,,,,
T_pecari,2,122, cls_1 ,1.0537,404.1391,3.6011,0.4083,,,,,
T_pecari,2,123, cls_1 ,1.053,225.9206,13.3666,1.5312,,,,,
T_pecari,2,124, cls_1 ,1,63.9,33.2738,0.1021,,,,,
T_pecari,2,125, cls_1 ,1.0473,162.9137,16.2167,0.8166,,,,,
T_pecari,2,126, cls_1 ,1.0537,159.75,199.0122,0.4083,,,,,
T_pecari,2,127, cls_1 ,1.2467,63.9,3531.8075,497.4371,,,,,
T_pecari,2,128, cls_1 ,1.1265,255.6,79.9877,0.8166,,,,,
T_pecari,2,129, cls_1 ,1.0283,230.3947,14.3689,0.7146,,,,,
T_pecari,2,130, cls_1 ,1.063,90.3682,51.7516,0.9187,,,,,
T_pecari,2,131, cls_1 ,1.046,63.9,1888.8327,1.6333,,,,,
T_pecari,2,132, cls_1 ,1.1021,101.0348,339.9253,9.1872,,,,,
T_pecari,2,133, cls_1 ,1.0338,289.3196,17.4416,0.9187,,,,,
T_pecari,2,134, cls_1 ,1.0473,95.85,245.0193,0.8166,,,,,
T_pecari,2,135, cls_1 ,1.0918,127.8,19.8828,57.1649,,,,,
T_pecari,2,136, cls_1 ,1.0927,63.9,63.8439,3.1645,,,,,
T_pecari,2,137, cls_1 ,1.0155,101.0348,18.4582,0.2042,,,,,
T_pecari,2,139, cls_1 ,1.1154,172.056,13.9345,1.6333,,,,,
T_pecari,2,140, cls_1 ,1.151,63.9,479.3314,20.8244,,,,,
T_pecari,2,142, cls_1 ,1.0155,71.4424,800.5701,0.2042,,,,,
T_pecari,2,144, cls_1 ,1.1031,191.7,18.5415,0.8166,,,,,
T_pecari,2,145, cls_1 ,1.2331,63.9,336.6663,395.4589,,,,,
T_pecari,2,146, cls_1 ,1.1369,63.9,21.9987,0.3062,,,,,
T_pecari,2,147, cls_1 ,1.079,63.9,405.076,4.3895,,,,,
T_pecari,2,148, cls_1 ,1.0537,95.85,5.3221,0.4083,,,,,
T_pecari,2,149, cls_1 ,1.0465,71.4424,7.8994,0.6125,,,,,
T_pecari,2,150, cls_1 ,1.0932,63.9,80.9711,0.7146,,,,,
T_pecari,2,151, cls_1 ,1.0836,71.4424,6.0805,1.6333,,,,,
T_pecari,2,152, cls_1 ,1,63.9,24.0878,0.1021,,,,,
T_pecari,2,153, cls_1 ,1.1501,63.9,51.0307,20.0077,,,,,
T_pecari,2,154, cls_1 ,1.0909,159.75,303.5603,0.2042,,,,,
T_pecari,2,155, cls_1 ,1.0465,384.7289,54.6124,0.6125,,,,,
T_pecari,2,156, cls_1 ,1.0909,95.85,5.8618,0.2042,,,,,
T_pecari,2,157, cls_1 ,1.0335,583.0328,9.8331,1.8374,,,,,
T_pecari,2,158, cls_1 ,1.078,172.056,33.284,1.225,,,,,
T_pecari,2,159, cls_1 ,1.0465,191.7,32.3359,0.6125,,,,,
T_pecari,2,161, cls_1 ,1.0155,135.5524,425.3821,0.2042,,,,,
T_pecari,2,162, cls_1 ,1.0462,127.8,472.2783,6.7373,,,,,
T_pecari,2,163, cls_1 ,1.21,71.4424,3577.9383,42.4654,,,,,
T_pecari,2,164, cls_1 ,1.1297,63.9,301.9371,2.9603,,,,,
T_pecari,2,165, cls_1 ,1.0769,95.85,6.0078,0.8166,,,,,
T_pecari,2,167, cls_1 ,1.0809,63.9,616.0198,1.9395,,,,,
T_pecari,2,168, cls_1 ,1.0909,71.4424,71.764,0.2042,,,,,
T_pecari,2,169, cls_1 ,1.1805,63.9,169.5705,3.879,,,,,
T_pecari,2,170, cls_1 ,1.1137,159.75,13.2359,2.3478,,,,,
T_pecari,2,171, cls_1 ,1.1172,71.4424,237.3624,2.0416,,,,,
T_pecari,2,172, cls_1 ,1.0465,71.4424,781.4147,0.6125,,,,,
T_pecari,2,173, cls_1 ,1.0358,63.9,61.8611,0.3062,,,,,
T_pecari,2,174, cls_1 ,1.0701,429.8433,6.6574,2.1437,,,,,
T_pecari,2,176, cls_1 ,1.0509,63.9,144.552,1.0208,,,,,
T_pecari,2,178, cls_1 ,1.0509,115.1974,27.5383,1.0208,,,,,
T_pecari,2,179, cls_1 ,1.2053,63.9,29.4352,21.0285,,,,,
T_pecari,2,180, cls_1 ,1.0537,285.7695,173.8801,0.4083,,,,,
T_pecari,2,181, cls_1 ,1.063,131.7332,201.948,0.9187,,,,,
T_pecari,2,182, cls_1 ,1.0465,225.9206,102.6307,0.6125,,,,,
T_pecari,2,183, cls_1 ,1.0155,63.9,107.0404,0.2042,,,,,
T_pecari,2,184, cls_1 ,1.0648,230.3947,53.8958,4.5936,,,,,
T_pecari,2,186, cls_1 ,1.0688,63.9,202.5642,0.5104,,,,,
T_pecari,2,188, cls_1 ,1.1783,95.85,45.2178,1.6333,,,,,
T_pecari,2,190, cls_1 ,1.1007,127.8,43.1423,13.6788,,,,,
T_pecari,2,191, cls_1 ,1.0465,90.3682,32.8597,0.6125,,,,,
T_pecari,2,192, cls_1 ,1.2422,63.9,1463.2253,1424.5299,,,,,
T_pecari,2,194, cls_1 ,1.1983,71.4424,86.3339,2.6541,,,,,
T_pecari,2,195, cls_1 ,1.0819,71.4424,2849.5919,0.6125,,,,,
T_pecari,2,196, cls_1 ,1.0809,162.9137,125.2974,1.9395,,,,,
T_pecari,2,197, cls_1 ,1.0706,90.3682,630.6021,1.8374,,,,,
T_pecari,2,198, cls_1 ,1.1125,388.6885,57.7584,0.6125,,,,,
T_pecari,2,199, cls_1 ,1.0951,71.4424,20.2326,11.5351,,,,,
T_pecari,2,200, cls_1 ,1.0932,127.8,20.9375,0.7146,,,,,
T_pecari,2,204, cls_1 ,1.096,63.9,280.6547,4.7978,,,,,
T_pecari,2,205, cls_1 ,1.0473,95.85,311.8754,0.8166,,,,,
T_pecari,2,206, cls_1 ,1.0982,135.5524,171.4764,1.225,,,,,
T_pecari,2,207, cls_1 ,1.0395,71.4424,798.6629,1.7354,,,,,
T_pecari,2,209, cls_1 ,1.0754,127.8,17.3126,2.0416,,,,,
T_pecari,2,210, cls_1 ,1.0805,63.9,48.5592,1.4291,,,,,
T_pecari,2,211, cls_1 ,1.1328,95.85,105.2439,0.9187,,,,,
T_pecari,2,212, cls_1 ,1.1013,95.85,306.3287,15.4141,,,,,
T_pecari,2,213, cls_1 ,1.0338,115.1974,307.8803,0.9187,,,,,
T_pecari,2,214, cls_1 ,1.1812,63.9,1043.0112,57.5733,,,,,
T_pecari,2,215, cls_1 ,1.078,90.3682,143.9967,1.225,,,,,
T_pecari,2,216, cls_1 ,1.105,63.9,214.2616,0.5104,,,,,
T_pecari,2,218, cls_1 ,1.0631,63.9,89.6606,0.7146,,,,,
T_pecari,2,219, cls_1 ,1.244,71.4424,36.1426,32.8698,,,,,
T_pecari,2,220, cls_1 ,1.0758,71.4424,37.6695,2.6541,,,,,
T_pecari,2,221, cls_1 ,1.0593,186.2989,36.9347,7.5539,,,,,
T_pecari,2,222, cls_1 ,1.0047,127.8,181.6645,0.6125,,,,,
T_pecari,2,223, cls_1 ,1.0131,127.8,13.2382,0.8166,,,,,
T_pecari,2,224, cls_1 ,1.0975,71.4424,76.5831,0.4083,,,,,
T_pecari,2,225, cls_1 ,1.1305,127.8,313.7515,4.2874,,,,,
T_pecari,2,228, cls_1 ,1.1454,90.3682,44.4962,1.4291,,,,,
T_pecari,2,230, cls_1 ,1.0556,63.9,9.4158,1.225,,,,,
T_pecari,2,231, cls_1 ,1.0537,63.9,13.4987,0.4083,,,,,
T_pecari,2,232, cls_1 ,1.1395,127.8,351.2497,0.6125,,,,,
T_pecari,2,235, cls_1 ,1.1332,90.3682,145.7478,17.762,,,,,
T_pecari,2,236, cls_1 ,1.0155,71.4424,787.5974,0.2042,,,,,
T_pecari,2,237, cls_1 ,1.0956,101.0348,1418.4256,7.3498,,,,,
T_pecari,2,239, cls_1 ,1.0688,63.9,87.9487,0.5104,,,,,
T_pecari,2,240, cls_1 ,1.1265,95.85,1097.7652,0.8166,,,,,
T_pecari,2,241, cls_1 ,1.0243,162.9137,297.8865,1.6333,,,,,
T_pecari,2,242, cls_1 ,1.1197,274.8443,11.1238,0.7146,,,,,
T_pecari,2,243, cls_1 ,1.1661,127.8,374.5244,42.6695,,,,,
T_pecari,2,244, cls_1 ,1.1271,63.9,47.6799,1.1229,,,,,
T_pecari,2,245, cls_1 ,1.0857,127.8,271.5258,4.4915,,,,,
T_pecari,2,246, cls_1 ,1.0688,115.1974,1080.0565,0.5104,,,,,
T_pecari,2,247, cls_1 ,1.105,71.4424,47.0538,0.5104,,,,,
T_pecari,2,249, cls_1 ,1.0465,71.4424,1509.0367,0.6125,,,,,
T_pecari,2,250, cls_1 ,1.1557,71.4424,23.1532,2.9603,,,,,
T_pecari,2,251, cls_1 ,1.0155,71.4424,2803.4747,0.2042,,,,,
T_pecari,2,252, cls_1 ,1.0283,115.1974,858.1394,0.7146,,,,,
T_pecari,2,253, cls_1 ,1.0243,63.9,1887.5119,1.6333,,,,,
T_pecari,2,254, cls_1 ,1.1903,71.4424,536.9805,2.0416,,,,,
T_pecari,2,256, cls_1 ,1.0819,194.3443,31.0637,0.6125,,,,,
T_pecari,2,258, cls_1 ,1.1434,204.5798,17.9112,0.7146,,,,,
T_pecari,2,260, cls_1 ,1.0631,71.4424,11.0621,0.7146,,,,,
T_pecari,2,261, cls_1 ,1.1498,71.4424,871.8495,261.3254,,,,,
T_pecari,2,264, cls_1 ,1.0631,71.4424,14.5253,0.7146,,,,,
T_pecari,2,265, cls_1 ,1.0319,115.1974,33.2737,2.6541,,,,,
T_pecari,2,268, cls_1 ,1.1135,204.5798,43.3072,22.6618,,,,,
T_pecari,2,270, cls_1 ,1.1684,115.1974,347.6286,9.2893,,,,,
T_pecari,2,271, cls_1 ,1.0987,101.0348,495.0772,1.4291,,,,,
T_pecari,2,273, cls_1 ,1.1692,115.1974,96.3847,19.2932,,,,,
T_pecari,2,274, cls_1 ,1.079,95.85,553.8435,4.3895,,,,,
T_pecari,2,275, cls_1 ,1.0799,243.324,99.9575,2.2458,,,,,
T_pecari,2,276, cls_1 ,1.0583,159.75,47.4838,2.7562,,,,,
T_pecari,2,277, cls_1 ,1.0473,159.75,170.2152,0.8166,,,,,
T_pecari,2,278, cls_1 ,1.0473,159.75,19.2821,0.8166,,,,,
T_pecari,2,279, cls_1 ,1.1967,63.9,3496.578,4.2874,,,,,
T_pecari,2,281, cls_1 ,1.1806,95.85,1561.2754,3.6749,,,,,
T_pecari,2,282, cls_1 ,1.0769,63.9,1933.0064,1.7354,,,,,
T_pecari,2,283, cls_1 ,1.089,71.4424,54.1085,1.327,,,,,
T_pecari,2,284, cls_1 ,1.1065,71.4424,99.4126,3.6749,,,,,
T_pecari,2,285, cls_1 ,1.2317,63.9,155.2649,499.0703,,,,,
T_pecari,2,286, cls_1 ,1.0465,127.8,62.4763,0.6125,,,,,
T_pecari,2,287, cls_1 ,1.0261,71.4424,981.6391,0.5104,,,,,
T_pecari,2,288, cls_1 ,1.0606,95.85,902.9368,1.4291,,,,,
T_pecari,2,289, cls_1 ,1.0631,90.3682,39.2295,0.7146,,,,,
T_pecari,2,290, cls_1 ,1.0932,142.8847,58.9352,0.7146,,,,,
T_pecari,2,291, cls_1 ,1.1563,90.3682,623.8158,5.104,,,,,
T_pecari,2,292, cls_1 ,1.1519,71.4424,291.2667,11.3309,,,,,
T_pecari,2,293, cls_1 ,1.1778,180.7365,62.89,1.225,,,,,
T_pecari,2,294, cls_1 ,1.0537,142.8847,57.6558,0.4083,,,,,
T_pecari,2,295, cls_1 ,1.0261,159.75,42.1872,0.5104,,,,,
T_pecari,2,296, cls_1 ,1.0631,90.3682,616.016,0.7146,,,,,
T_pecari,2,297, cls_1 ,1.1172,589.1289,22.248,2.0416,,,,,
T_pecari,2,298, cls_1 ,1.1783,71.4424,164.4204,22.4577,,,,,
T_pecari,2,299, cls_1 ,1.1169,127.8,198.4222,19.2932,,,,,
T_pecari,2,300, cls_1 ,1.1075,357.2119,18.6981,1.5312,,,,,
T_pecari,2,302, cls_1 ,1.07,63.9,3493.9767,4.7978,,,,,
T_pecari,2,303, cls_1 ,1.0306,271.1047,92.7125,1.225,,,,,
T_pecari,2,304, cls_1 ,1.0842,194.3443,358.308,12.9642,,,,,
T_pecari,2,305, cls_1 ,1.1462,63.9,1230.452,22.4577,,,,,
T_pecari,2,307, cls_1 ,1.0863,95.85,553.4058,15.312,,,,,
T_pecari,2,308, cls_1 ,1.0769,95.85,830.7597,0.8166,,,,,
T_pecari,2,310, cls_1 ,1.1111,71.4424,90.9004,59.4107,,,,,
T_pecari,2,312, cls_1 ,1.2004,63.9,1519.5905,21.0285,,,,,
T_pecari,2,315, cls_1 ,1.0473,194.3443,384.016,0.8166,,,,,
T_pecari,2,316, cls_1 ,1.0884,271.1047,14.6626,2.6541,,,,,
T_pecari,2,317, cls_1 ,1.0465,63.9,3494.1271,0.6125,,,,,
T_pecari,2,318, cls_1 ,1.0537,63.9,205.4893,0.4083,,,,,
T_pecari,2,319, cls_1 ,1.046,135.5524,286.0045,1.6333,,,,,
T_pecari,2,321, cls_1 ,1.1532,95.85,712.7439,5.8186,,,,,
T_pecari,2,322, cls_1 ,1.0991,95.85,98.7377,5.8186,,,,,
T_pecari,2,323, cls_1 ,1,63.9,205.8472,0.1021,,,,,
T_pecari,2,326, cls_1 ,1.0556,294.5644,18.6105,1.225,,,,,
T_pecari,2,327, cls_1 ,1.1412,95.85,85.8465,2.4499,,,,,
T_pecari,2,328, cls_1 ,1.1371,71.4424,21.3086,7.1456,,,,,
T_pecari,2,329, cls_1 ,1.1519,71.4424,68.627,0.9187,,,,,
T_pecari,2,330, cls_1 ,1.0631,274.8443,121.2065,0.7146,,,,,
T_pecari,2,331, cls_1 ,1.1479,95.85,317.2463,6.4311,,,,,
T_pecari,2,333, cls_1 ,1.1339,90.3682,252.0274,12.2496,,,,,
T_pecari,2,334, cls_1 ,1.0631,131.7332,25.4598,0.7146,,,,,
T_pecari,2,335, cls_1 ,1.0283,101.0348,19.2568,0.7146,,,,,
T_pecari,2,338, cls_1 ,1.0973,71.4424,991.1297,5.9207,,,,,
T_pecari,2,339, cls_1 ,1.0473,159.75,68.0092,0.8166,,,,,
T_pecari,2,340, cls_1 ,1.1785,71.4424,65.2526,39.9134,,,,,
T_pecari,2,341, cls_1 ,1.0402,115.1974,34.5961,1.1229,,,,,
T_pecari,2,342, cls_1 ,1.0861,63.9,116.7505,3.3686,,,,,
T_pecari,2,343, cls_1 ,1.0701,63.9,25.8077,2.1437,,,,,
T_pecari,2,344, cls_1 ,1.0047,90.3682,61.365,0.6125,,,,,
T_pecari,2,345, cls_1 ,1.0543,159.75,311.4961,3.2666,,,,,
T_pecari,2,346, cls_1 ,1.1167,90.3682,21.4554,1.225,,,,,
T_pecari,2,347, cls_1 ,1.1578,172.056,46.7411,22.2535,,,,,
T_pecari,2,348, cls_1 ,1.0962,71.4424,30.5683,3.0624,,,,,
T_pecari,2,349, cls_1 ,1.0261,101.0348,21.8285,0.5104,,,,,
T_pecari,2,350, cls_1 ,1.0971,63.9,30.3764,2.4499,,,,,
T_pecari,2,352, cls_1 ,1.1376,63.9,142.6167,2.7562,,,,,
T_pecari,2,353, cls_1 ,1.1821,90.3682,69.1742,5.8186,,,,,
T_pecari,2,354, cls_1 ,1.0537,71.4424,79.26,0.4083,,,,,
T_pecari,2,355, cls_1 ,1.0261,142.8847,23.0273,0.5104,,,,,
T_pecari,2,356, cls_1 ,1.207,63.9,105.624,36.3406,,,,,
T_pecari,2,357, cls_1 ,1.0909,63.9,38.3252,0.2042,,,,,
T_pecari,2,358, cls_1 ,1.0261,314.671,14.96,0.5104,,,,,
T_pecari,2,360, cls_1 ,1,71.4424,50.75,0.1021,,,,,
T_pecari,2,361, cls_1 ,1.063,63.9,66.3368,0.9187,,,,,
T_pecari,2,362, cls_1 ,1.0467,285.7695,26.8763,1.327,,,,,
T_pecari,2,363, cls_1 ,1.0465,303.1043,20.9438,0.6125,,,,,
T_pecari,2,364, cls_1 ,1.1117,115.1974,1091.4414,43.282,,,,,
T_pecari,2,365, cls_1 ,1.0771,225.9206,22.0237,3.6749,,,,,
T_pecari,2,366, cls_1 ,1.063,115.1974,19.7736,0.9187,,,,,
T_pecari,2,367, cls_1 ,1.1789,142.8847,94.7901,12.76,,,,,
T_pecari,2,368, cls_1 ,1.0769,71.4424,186.5766,0.8166,,,,,
T_pecari,2,369, cls_1 ,1.0395,71.4424,21.8626,1.7354,,,,,
T_pecari,2,370, cls_1 ,1.063,71.4424,23.7481,0.9187,,,,,
T_pecari,2,371, cls_1 ,1.1488,101.0348,21.2149,15.5162,,,,,
T_pecari,2,373, cls_1 ,1.1311,159.75,59.8197,2.4499,,,,,
T_pecari,2,374, cls_1 ,1.0402,71.4424,138.7748,1.1229,,,,,
T_pecari,2,376, cls_1 ,1.0261,159.75,206,0.5104,,,,,
T_pecari,2,377, cls_1 ,1.1381,285.7695,33.1694,3.4707,,,,,
T_pecari,2,378, cls_1 ,1.1283,71.4424,130.09,7.0435,,,,,
T_pecari,2,379, cls_1 ,1.1116,115.1974,32.1036,2.6541,,,,,
T_pecari,2,380, cls_1 ,1.1826,127.8,25.7306,10.7184,,,,,
T_pecari,2,384, cls_1 ,1,71.4424,31.2691,0.1021,,,,,
T_pecari,2,385, cls_1 ,1,71.4424,88.3736,0.1021,,,,,
T_pecari,2,386, cls_1 ,1.0784,142.8847,29.828,3.2666,,,,,
T_pecari,2,387, cls_1 ,1.1205,63.9,22.8193,13.0663,,,,,
T_pecari,2,388, cls_1 ,1.0909,230.3947,90.7037,1.5312,,,,,
T_pecari,2,389, cls_1 ,1.0473,204.5798,84.155,0.8166,,,,,
T_pecari,2,390, cls_1 ,1.1626,63.9,114.0537,71.252,,,,,
T_pecari,2,391, cls_1 ,1.1197,214.3271,19.2181,0.7146,,,,,
T_pecari,2,392, cls_1 ,1.1454,95.85,23.1308,8.2685,,,,,
T_pecari,2,393, cls_1 ,1.1239,159.75,18.6185,2.1437,,,,,
T_pecari,2,395, cls_1 ,1.1252,95.85,16.2214,11.0247,,,,,
T_pecari,2,396, cls_1 ,1.1114,63.9,87.3076,5.5123,,,,,
T_pecari,2,397, cls_1 ,1.1239,115.1974,208.4159,2.1437,,,,,
T_pecari,2,399, cls_1 ,1.0583,101.0348,15.6623,2.7562,,,,,
T_pecari,2,400, cls_1 ,1.0473,214.3271,114.3213,0.8166,,,,,
T_pecari,2,402, cls_1 ,1.0306,101.0348,16.4971,1.225,,,,,
T_pecari,2,403, cls_1 ,1.2271,127.8,162.3895,7.0435,,,,,
T_pecari,2,404, cls_1 ,1,63.9,93.8179,0.1021,,,,,
T_pecari,2,406, cls_1 ,1.1228,95.85,25.9489,1.5312,,,,,
T_pecari,2,407, cls_1 ,1.1953,214.3271,31.8052,35.5239,,,,,
T_pecari,2,408, cls_1 ,1.0537,71.4424,81.5917,0.4083,,,,,
T_pecari,2,410, cls_1 ,1.1585,71.4424,2800.8785,4.4915,,,,,
T_pecari,2,411, cls_1 ,1,186.2989,82.4095,0.4083,,,,,
T_pecari,2,412, cls_1 ,1.0358,71.4424,194.1175,0.3062,,,,,
T_pecari,2,413, cls_1 ,1.0402,63.9,27.9782,1.1229,,,,,
T_pecari,2,415, cls_1 ,1.188,63.9,517.9682,28.5825,,,,,
T_pecari,2,418, cls_1 ,1.1691,63.9,55.8352,27.6637,,,,,
T_pecari,2,419, cls_1 ,1.1042,63.9,61.9187,2.0416,,,,,
T_pecari,2,420, cls_1 ,1.2159,63.9,1317.075,95.2409,,,,,
T_pecari,2,421, cls_1 ,1.1221,127.8,66.5025,20.0077,,,,,
T_pecari,2,422, cls_1 ,1.0706,63.9,31.8505,1.8374,,,,,
T_pecari,2,423, cls_1 ,1.0583,232.5995,18.2178,2.7562,,,,,
T_pecari,2,424, cls_1 ,1.0647,95.85,546.7323,1.9395,,,,,
T_pecari,2,425, cls_1 ,1.0311,159.75,28.7475,1.5312,,,,,
T_pecari,2,428, cls_1 ,1.1522,63.9,21.7475,5.3082,,,,,
T_pecari,2,429, cls_1 ,1.0507,63.9,38.6487,5.3082,,,,,
T_pecari,2,430, cls_1 ,1.1226,159.75,22.1095,5.6144,,,,,
T_pecari,2,431, cls_1 ,1.0261,386.0533,12.2314,0.5104,,,,,
T_pecari,2,433, cls_1 ,1.0155,71.4424,193.6602,0.2042,,,,,
T_pecari,2,434, cls_1 ,1.0358,63.9,114.1774,0.3062,,,,,
T_pecari,2,437, cls_1 ,1.0943,90.3682,1755.7152,15.312,,,,,
T_pecari,2,438, cls_1 ,1.1663,90.3682,76.6829,2.1437,,,,,
T_pecari,2,440, cls_1 ,1.0177,351.45,23.6112,3.0624,,,,,
T_pecari,2,441, cls_1 ,1.0331,135.5524,9.0909,3.0624,,,,,
T_pecari,2,442, cls_1 ,1.0155,71.4424,90.6402,0.2042,,,,,
T_pecari,2,443, cls_1 ,1.1238,159.75,21.0268,16.2308,,,,,
T_pecari,2,445, cls_1 ,1.2817,63.9,586.2439,526.7341,,,,,
T_pecari,2,446, cls_1 ,1.118,71.4424,198.4933,4.1853,,,,,
T_pecari,2,448, cls_1 ,1.1395,131.7332,14.3387,0.6125,,,,,
T_pecari,2,449, cls_1 ,1.078,135.5524,12.7498,1.225,,,,,
T_pecari,2,450, cls_1 ,1,71.4424,194.9004,0.1021,,,,,
T_pecari,2,451, cls_1 ,1.0706,71.4424,1070.9434,2.4499,,,,,
T_pecari,2,453, cls_1 ,1.1387,63.9,1309.601,2.9603,,,,,
T_pecari,2,454, cls_1 ,1.1371,63.9,41.0224,7.8602,,,,,
T_pecari,2,456, cls_1 ,1.0752,71.4424,23.7687,3.3686,,,,,
T_pecari,2,457, cls_1 ,1.118,63.9,131.2263,2.7562,,,,,
T_pecari,2,458, cls_1 ,1.1306,115.1974,16.3544,7.2477,,,,,
T_pecari,2,459, cls_1 ,1.0607,159.75,200.5283,9.2893,,,,,
T_pecari,2,460, cls_1 ,1.0932,135.5524,20.4275,0.7146,,,,,
T_pecari,2,461, cls_1 ,1.0566,159.75,19.7882,16.7412,,,,,
T_pecari,2,462, cls_1 ,1.1137,159.75,61.3152,4.6957,,,,,
T_pecari,2,464, cls_1 ,1.0806,90.3682,66.425,2.8582,,,,,
T_pecari,2,465, cls_1 ,1.0556,115.1974,89.8497,1.225,,,,,
T_pecari,2,467, cls_1 ,1.0131,90.3682,8.6823,0.8166,,,,,
T_pecari,2,468, cls_1 ,1.1581,63.9,54.7837,8.5747,,,,,
T_pecari,2,469, cls_1 ,1.1206,460.7895,20.2093,4.0832,,,,,
T_pecari,2,470, cls_1 ,1,63.9,576.1158,0.1021,,,,,
T_pecari,2,471, cls_1 ,1.0358,71.4424,19.5347,0.3062,,,,,
T_pecari,2,472, cls_1 ,1.1116,214.3271,86.1234,2.6541,,,,,
T_pecari,2,473, cls_1 ,1.0817,63.9,1767.2061,3.1645,,,,,
T_pecari,2,474, cls_1 ,1.0438,71.4424,595.6544,2.7562,,,,,
T_pecari,2,476, cls_1 ,1.063,90.3682,8.23,0.9187,,,,,
T_pecari,2,483, cls_1 ,1.0556,214.3271,15.3339,1.225,,,,,
T_pecari,2,484, cls_1 ,1.1155,71.4424,397.8121,4.2874,,,,,
T_pecari,2,486, cls_1 ,1.0657,63.9,101.2897,1.6333,,,,,
T_pecari,2,488, cls_1 ,1.0465,361.473,16.6929,0.6125,,,,,
T_pecari,2,489, cls_1 ,1.1239,90.3682,140.1151,2.1437,,,,,
T_pecari,2,491, cls_1 ,1.1523,115.1974,17.9354,4.4915,,,,,
T_pecari,2,492, cls_1 ,1.0993,71.4424,200.5967,1.0208,,,,,
T_pecari,2,493, cls_1 ,1,71.4424,325.0192,0.1021,,,,,
T_pecari,2,497, cls_1 ,1.0155,71.4424,20.8248,0.2042,,,,,
T_pecari,2,498, cls_1 ,1.1366,63.9,53.9599,2.552,,,,,
T_pecari,2,501, cls_1 ,1.0716,202.0695,63.8237,6.6352,,,,,
T_pecari,2,502, cls_1 ,1,63.9,3501.743,0.1021,,,,,
T_pecari,2,508, cls_1 ,1.1199,63.9,48.023,1.0208,,,,,
T_pecari,2,509, cls_1 ,1.1475,71.4424,10.7389,7.7581,,,,,
T_pecari,2,510, cls_1 ,1.1434,204.5798,27.8224,0.7146,,,,,
T_pecari,2,511, cls_1 ,1.2307,63.9,1755.9164,88.6057,,,,,
T_pecari,2,513, cls_1 ,1.1199,101.0348,110.2899,1.0208,,,,,
T_pecari,2,519, cls_1 ,1.0537,249.5375,19.9918,0.4083,,,,,
T_pecari,2,520, cls_1 ,1.141,186.2989,39.5329,8.2685,,,,,
T_pecari,2,522, cls_1 ,1.0779,101.0348,116.6646,24.2951,,,,,
T_pecari,2,525, cls_1 ,1.0261,194.3443,137.6348,0.5104,,,,,
T_pecari,2,526, cls_1 ,1.0465,101.0348,28.2059,0.6125,,,,,
T_pecari,2,527, cls_1 ,1.1097,131.7332,46.5425,60.4315,,,,,
T_pecari,2,528, cls_1 ,1.0932,101.0348,70.5697,0.7146,,,,,
T_pecari,2,532, cls_1 ,1.053,63.9,362.514,1.5312,,,,,
T_pecari,2,535, cls_1 ,1.105,90.3682,30.0432,0.5104,,,,,
T_pecari,2,537, cls_1 ,1.1713,63.9,255.0127,3.777,,,,,
T_pecari,2,538, cls_1 ,1.116,63.9,195.1493,1.8374,,,,,
T_pecari,2,539, cls_1 ,1.1144,186.2989,21.3785,35.1156,,,,,
T_pecari,2,542, cls_1 ,1,71.4424,215.9303,0.1021,,,,,
T_pecari,2,544, cls_1 ,1.1815,71.4424,1039.2263,1.7354,,,,,
T_pecari,2,546, cls_1 ,1,257.5891,14.1478,0.1021,,,,,
T_pecari,2,552, cls_1 ,1.1868,63.9,144.4322,22.1514,,,,,
T_pecari,2,553, cls_1 ,1.1297,95.85,54.3607,2.9603,,,,,
T_pecari,2,554, cls_1 ,1.0537,63.9,50.4411,0.4083,,,,,
T_pecari,2,561, cls_1 ,1,71.4424,125.1116,0.1021,,,,,
T_pecari,2,562, cls_1 ,1.0537,131.7332,50.335,0.4083,,,,,
T_pecari,2,565, cls_1 ,1.0358,63.9,319.7461,0.3062,,,,,
T_pecari,2,566, cls_1 ,1.0734,159.75,26.5732,18.4765,,,,,
T_pecari,2,569, cls_1 ,1.1779,71.4424,299.5966,37.4635,,,,,
T_pecari,2,571, cls_1 ,1,71.4424,617.1814,0.1021,,,,,
T_pecari,2,574, cls_1 ,1.0819,63.9,1304.2282,0.6125,,,,,
T_pecari,2,575, cls_1 ,1.1239,255.6,63.0643,2.1437,,,,,
T_pecari,2,578, cls_1 ,1.2622,63.9,107.0184,310.5281,,,,,
T_pecari,2,585, cls_1 ,1.0358,63.9,1295.9597,0.3062,,,,,
T_pecari,2,586, cls_1 ,1.0909,131.7332,184.997,0.2042,,,,,
T_pecari,2,587, cls_1 ,1,71.4424,212.8455,0.1021,,,,,
T_pecari,2,588, cls_1 ,1.0962,63.9,206.773,3.0624,,,,,
T_pecari,2,589, cls_1 ,1.0859,115.1974,81.9474,14.6996,,,,,
T_pecari,2,594, cls_1 ,1.0836,63.9,55.2496,1.6333,,,,,
T_pecari,2,595, cls_1 ,1.053,90.3682,97.8702,1.5312,,,,,
T_pecari,2,596, cls_1 ,1.082,71.4424,112.0416,6.4311,,,,,
T_pecari,2,597, cls_1 ,1.154,63.9,203.2967,10.7184,,,,,
T_pecari,2,599, cls_1 ,1.0769,186.2989,35.8723,0.8166,,,,,
T_pecari,2,601, cls_1 ,1.1468,142.8847,92.3742,11.1267,,,,,
T_pecari,2,602, cls_1 ,1.0465,135.5524,52.6666,0.6125,,,,,
T_pecari,2,603, cls_1 ,1.0397,214.3271,28.6608,3.777,,,,,
T_pecari,2,604, cls_1 ,1.0155,63.9,237.0603,0.2042,,,,,
T_pecari,2,605, cls_1 ,1.1741,71.4424,371.7139,7.3498,,,,,
T_pecari,2,610, cls_1 ,1.1237,63.9,172.8903,8.1664,,,,,
T_pecari,2,611, cls_1 ,1.1695,63.9,162.6398,0.9187,,,,,
T_pecari,2,612, cls_1 ,1.0706,71.4424,34.2032,2.4499,,,,,
T_pecari,2,613, cls_1 ,1,232.5995,40.2485,0.1021,,,,,
T_pecari,2,614, cls_1 ,1.1072,71.4424,48.2036,5.0019,,,,,
T_pecari,2,615, cls_1 ,1.1463,101.0348,30.6512,132.3981,,,,,
T_pecari,2,618, cls_1 ,1.123,131.7332,45.4514,1.9395,,,,,
T_pecari,2,620, cls_1 ,1.0335,101.0348,307.7036,1.8374,,,,,
T_pecari,2,621, cls_1 ,1.0688,101.0348,149.1182,0.5104,,,,,
T_pecari,2,622, cls_1 ,1.1031,90.3682,30.1483,0.8166,,,,,
T_pecari,2,625, cls_1 ,1.0047,95.85,19.6737,0.6125,,,,,
T_pecari,2,628, cls_1 ,1.1712,90.3682,17.3887,13.7808,,,,,
T_pecari,2,629, cls_1 ,1.0556,115.1974,20.6068,1.225,,,,,
T_pecari,2,630, cls_1 ,1.0981,191.7,42.7866,3.9811,,,,,
T_pecari,2,633, cls_1 ,1.0889,101.0348,43.2881,3.9811,,,,,
T_pecari,2,634, cls_1 ,1.0465,95.85,18.9613,0.6125,,,,,
T_pecari,2,635, cls_1 ,1.101,115.1974,13.7249,10.3101,,,,,
T_pecari,2,637, cls_1 ,1.0909,95.85,134.525,1.5312,,,,,
T_pecari,2,640, cls_1 ,1.0401,90.3682,54.0442,2.4499,,,,,
T_pecari,2,641, cls_1 ,1.0338,159.75,19.1618,0.9187,,,,,
T_pecari,2,643, cls_1 ,1.0453,159.75,230.2244,5.6144,,,,,
T_pecari,2,644, cls_1 ,1.0819,191.7,98.8863,0.6125,,,,,
T_pecari,2,647, cls_1 ,1.0892,71.4424,31.944,37.5655,,,,,
T_pecari,2,650, cls_1 ,1.0932,101.0348,45.0912,0.7146,,,,,
T_pecari,2,651, cls_1 ,1.0706,115.1974,251.4142,2.4499,,,,,
T_pecari,2,652, cls_1 ,1,71.4424,618.2773,0.1021,,,,,
T_pecari,2,653, cls_1 ,1.0819,63.9,768.6608,0.6125,,,,,
T_pecari,2,655, cls_1 ,1.0932,159.75,211.9496,0.7146,,,,,
T_pecari,2,660, cls_1 ,1,63.9,1295.1045,0.1021,,,,,
T_pecari,2,661, cls_1 ,1.0688,63.9,90.4618,0.5104,,,,,
T_pecari,2,663, cls_1 ,1.0473,63.9,98.5663,0.8166,,,,,
T_pecari,2,666, cls_1 ,1.1434,71.4424,100.6847,0.7146,,,,,
T_pecari,2,667, cls_1 ,1.0777,115.1974,56.8755,7.7581,,,,,
T_pecari,2,668, cls_1 ,1.2247,63.9,351.7555,53.2859,,,,,
T_pecari,2,670, cls_1 ,1.1167,289.3196,10.88,1.225,,,,,
T_pecari,2,672, cls_1 ,1.1118,127.8,86.5446,7.4519,,,,,
T_pecari,2,674, cls_1 ,1.1159,131.7332,324.1585,2.552,,,,,
T_pecari,2,675, cls_1 ,1.1294,95.85,345.0899,2.0416,,,,,
T_pecari,2,677, cls_1 ,1.0465,289.3196,9.0459,0.6125,,,,,
T_pecari,2,679, cls_1 ,1.1125,63.9,440.761,0.6125,,,,,
T_pecari,2,680, cls_1 ,1.0509,71.4424,116.5035,1.0208,,,,,
T_pecari,2,682, cls_1 ,1.0819,230.3947,8.9079,0.6125,,,,,
T_pecari,2,684, cls_1 ,1.0358,90.3682,383.3196,0.3062,,,,,
T_pecari,2,685, cls_1 ,1.0964,127.8,44.0098,7.7581,,,,,
T_pecari,2,686, cls_1 ,1.0609,71.4424,1039.4839,3.0624,,,,,
T_pecari,2,689, cls_1 ,1.0819,225.9206,8.4323,0.6125,,,,,
T_pecari,2,691, cls_1 ,1.1291,63.9,70.4,34.7073,,,,,
T_pecari,2,693, cls_1 ,1.1463,225.9206,11.714,5.6144,,,,,
T_pecari,2,695, cls_1 ,1.1944,63.9,108.5399,17.9661,,,,,
T_pecari,2,696, cls_1 ,1.1445,127.8,10.2027,13.0663,,,,,
T_pecari,2,697, cls_1 ,1.1073,63.9,142.7085,1.327,,,,,
T_pecari,2,698, cls_1 ,1.0819,63.9,58.6171,0.6125,,,,,
T_pecari,2,699, cls_1 ,1.1519,257.5891,32.9672,3.0624,,,,,
T_pecari,2,700, cls_1 ,1.0631,257.5891,11.5157,0.7146,,,,,
T_pecari,2,701, cls_1 ,1.0311,294.5644,7.6903,1.5312,,,,,
T_pecari,2,702, cls_1 ,1.0631,63.9,33.5335,0.7146,,,,,
T_pecari,2,703, cls_1 ,1.167,71.4424,611.4837,0.8166,,,,,
T_pecari,2,704, cls_1 ,1.1554,257.5891,39.1989,1.6333,,,,,
T_pecari,2,705, cls_1 ,1.1468,63.9,31.4246,23.3764,,,,,
T_pecari,2,707, cls_1 ,1.0585,142.8847,20.5103,4.8999,,,,,
T_pecari,2,708, cls_1 ,1.0914,71.4424,36.6198,0.3062,,,,,
T_pecari,2,709, cls_1 ,1.0261,90.3682,44.7716,0.5104,,,,,
T_pecari,2,710, cls_1 ,1,71.4424,24.6376,0.4083,,,,,
T_pecari,2,711, cls_1 ,1.1617,63.9,56.558,11.3309,,,,,
T_pecari,2,713, cls_1 ,1.0819,90.3682,30.6637,0.6125,,,,,
T_pecari,2,714, cls_1 ,1.0909,101.0348,50.4363,0.2042,,,,,
T_pecari,2,716, cls_1 ,1.0819,63.9,94.6214,3.879,,,,,
T_pecari,2,717, cls_1 ,1.0993,257.5891,10.731,1.0208,,,,,
T_pecari,2,718, cls_1 ,1.102,71.4424,17.203,1.8374,,,,,
T_pecari,2,719, cls_1 ,1.0867,142.8847,10.8385,17.3536,,,,,
T_pecari,2,720, cls_1 ,1.0358,71.4424,12.5221,0.3062,,,,,
T_pecari,2,721, cls_1 ,1.0477,95.85,341.4648,2.6541,,,,,
T_pecari,2,722, cls_1 ,1,71.4424,11.387,0.1021,,,,,
T_pecari,2,723, cls_1 ,1.2254,63.9,261.5592,65.4334,,,,,
T_pecari,2,724, cls_1 ,1.0764,71.4424,12.4133,1.0208,,,,,
T_pecari,2,725, cls_1 ,1.1197,71.4424,19.7576,0.7146,,,,,
T_pecari,2,726, cls_1 ,1.1388,71.4424,24.1106,1.0208,,,,,
T_pecari,2,728, cls_1 ,1.078,95.85,28.204,1.225,,,,,
T_pecari,2,730, cls_1 ,1.0509,63.9,66.3159,1.0208,,,,,
T_pecari,2,732, cls_1 ,1.0386,135.5524,31.1959,1.4291,,,,,
T_pecari,2,733, cls_1 ,1.1496,186.2989,9.116,6.0227,,,,,
T_pecari,2,735, cls_1 ,1.0764,63.9,29.3297,1.0208,,,,,
T_pecari,2,737, cls_1 ,1.1123,63.9,16.681,8.2685,,,,,
T_pecari,2,738, cls_1 ,1.0764,451.8412,12.1564,1.0208,,,,,
T_pecari,2,739, cls_1 ,1.0975,63.9,259.8664,0.4083,,,,,
T_pecari,2,740, cls_1 ,1.1445,71.4424,121.1764,6.329,,,,,
T_pecari,2,741, cls_1 ,1.1834,90.3682,20.6446,40.9342,,,,,
T_pecari,2,742, cls_1 ,1.1831,71.4424,21.4584,58.7982,,,,,
T_pecari,2,743, cls_1 ,1,101.0348,11.2138,0.1021,,,,,
T_pecari,2,746, cls_1 ,1.0261,271.1047,8.38,0.5104,,,,,
T_pecari,2,747, cls_1 ,1.1858,162.9137,19.2689,7.8602,,,,,
T_pecari,2,749, cls_1 ,1.0688,474.9709,6.5532,0.5104,,,,,
T_pecari,2,751, cls_1 ,1.0933,63.9,15.9426,1.7354,,,,,
T_pecari,2,752, cls_1 ,1.1283,71.4424,252.3881,8.9831,,,,,
T_pecari,2,753, cls_1 ,1.1228,90.3682,9.6771,1.5312,,,,,
T_pecari,2,754, cls_1 ,1.059,271.1047,8.3321,1.7354,,,,,
T_pecari,2,755, cls_1 ,1.0835,63.9,44.9473,4.5936,,,,,
T_pecari,2,756, cls_1 ,1.1271,115.1974,50.9529,1.1229,,,,,
T_pecari,2,757, cls_1 ,1.0155,63.9,22.5343,0.2042,,,,,
T_pecari,2,759, cls_1 ,1.0537,274.8443,9.9,0.4083,,,,,
T_pecari,2,760, cls_1 ,1.0713,159.75,15.833,8.881,,,,,
T_pecari,2,761, cls_1 ,1.0754,90.3682,8.573,2.0416,,,,,
T_pecari,2,763, cls_1 ,1.0261,63.9,62.0752,0.5104,,,,,
T_pecari,2,764, cls_1 ,1.1047,63.9,156.8736,12.5559,,,,,
T_pecari,2,766, cls_1 ,1.1495,71.4424,43.7595,74.1103,,,,,
T_pecari,2,767, cls_1 ,1.0155,257.5891,11.7596,0.2042,,,,,
T_pecari,2,768, cls_1 ,1,71.4424,37.5948,0.1021,,,,,
T_pecari,2,769, cls_1 ,1.0663,159.75,25.7309,3.6749,,,,,
T_pecari,2,770, cls_1 ,1.1402,512.1975,5.23,9.0851,,,,,
T_pecari,2,771, cls_1 ,1.1836,90.3682,29.5445,146.5872,,,,,
T_pecari,2,772, cls_1 ,1.1202,314.671,11.6481,2.9603,,,,,
T_pecari,2,773, cls_1 ,1.0889,71.4424,18.2943,0.9187,,,,,
T_pecari,2,775, cls_1 ,1.0769,90.3682,83.9996,0.8166,,,,,
T_pecari,2,776, cls_1 ,1.1372,71.4424,90.7118,1.5312,,,,,
T_pecari,2,777, cls_1 ,1.0651,243.324,6.8855,2.2458,,,,,
T_pecari,2,778, cls_1 ,1.0338,191.7,10.6718,0.9187,,,,,
T_pecari,2,779, cls_1 ,1.0856,71.4424,40.7151,21.4369,,,,,
T_pecari,2,781, cls_1 ,1.1735,214.3271,39.1862,6.8394,,,,,
T_pecari,2,783, cls_1 ,1.1319,71.4424,47.7363,3.6749,,,,,
T_pecari,2,785, cls_1 ,1.1031,95.85,166.3559,0.8166,,,,,
T_pecari,2,787, cls_1 ,1.1324,204.5798,7.4364,20.1098,,,,,
T_pecari,2,788, cls_1 ,1.0402,95.85,91.8149,1.1229,,,,,
T_pecari,2,789, cls_1 ,1.1032,90.3682,184.8923,3.4707,,,,,
T_pecari,2,790, cls_1 ,1.0993,71.4424,15.0461,1.0208,,,,,
T_pecari,2,792, cls_1 ,1.0283,71.4424,18.7765,0.7146,,,,,
T_pecari,2,793, cls_1 ,1.0631,142.8847,15.8114,0.7146,,,,,
T_pecari,2,794, cls_1 ,1.1751,101.0348,17.9807,7.5539,,,,,
T_pecari,2,795, cls_1 ,1.1459,101.0348,60.6647,35.0135,,,,,
T_pecari,2,796, cls_1 ,1.0846,180.7365,8.1684,3.777,,,,,
T_pecari,2,797, cls_1 ,1.1141,101.0348,12.8922,2.8582,,,,,
T_pecari,2,798, cls_1 ,1.1075,63.9,17.0394,1.5312,,,,,
T_pecari,2,799, cls_1 ,1.0261,63.9,20.8675,0.5104,,,,,
T_pecari,2,800, cls_1 ,1.0909,159.75,47.9693,1.5312,,,,,
T_pecari,2,801, cls_1 ,1.0688,287.55,4.5992,0.5104,,,,,
T_pecari,2,803, cls_1 ,1.0987,287.55,5.5521,1.4291,,,,,
T_pecari,2,804, cls_1 ,1.0261,101.0348,41.4085,0.5104,,,,,
T_pecari,2,808, cls_1 ,1.0639,214.3271,34.5645,5.104,,,,,
T_pecari,2,811, cls_1 ,1,287.55,7.0884,0.1021,,,,,
T_pecari,2,17, cls_6 ,1.1094,6904.1577,0.0011,3.5728,,,,,
T_pecari,2,80, cls_6 ,1.063,6904.1577,0.0013,0.9187,,,,,
T_pecari,2,332, cls_6 ,1.0473,3168.8538,0.0068,0.8166,,,,,
T_pecari,2,487, cls_6 ,1.113,1097.9835,0.0356,3.1645,,,,,
T_pecari,2,500, cls_6 ,1.1506,1129.6031,0.0335,1.5312,,,,,
T_pecari,2,523, cls_6 ,1.1477,357.2119,0.0873,0.8166,,,,,
T_pecari,2,529, cls_6 ,1.0537,357.2119,0.0977,0.4083,,,,,
T_pecari,2,623, cls_6 ,1.1297,1081.1193,0.0281,2.9603,,,,,
T_pecari,2,688, cls_6 ,1.0819,5881.7512,0.0022,0.6125,,,,,
T_pecari,2,27, cls_4 ,1.0805,10027.4656,0.0351,1.4291,,,,,
T_pecari,2,203, cls_4 ,1.0819,71.4424,0.2955,0.6125,,,,,
T_pecari,2,208, cls_4 ,1,71.4424,1.2974,0.1021,,,,,
T_pecari,2,398, cls_4 ,1.1114,90.3682,59.2477,5.5123,,,,,
T_pecari,2,401, cls_4 ,1.1407,90.3682,21.1337,40.6279,,,,,
T_pecari,2,414, cls_4 ,1.0867,90.3682,56.7206,8.5747,,,,,
T_pecari,2,455, cls_4 ,1.0283,225.9206,0.2569,0.7146,,,,,
T_pecari,2,463, cls_4 ,1.0855,90.3682,134.4142,30.2158,,,,,
T_pecari,2,466, cls_4 ,1.0473,71.4424,1.6291,0.8166,,,,,
T_pecari,2,475, cls_4 ,1.0155,71.4424,3.2551,0.2042,,,,,
T_pecari,2,477, cls_4 ,1.0338,225.9206,0.2201,0.9187,,,,,
T_pecari,2,478, cls_4 ,1.1396,95.85,113.5572,10.7184,,,,,
T_pecari,2,479, cls_4 ,1.1653,71.4424,178.217,105.2447,,,,,
T_pecari,2,480, cls_4 ,1.1907,71.4424,55.4095,96.67,,,,,
T_pecari,2,482, cls_4 ,1.1395,115.1974,1.9494,0.6125,,,,,
T_pecari,2,490, cls_4 ,1.1511,115.1974,83.3371,2.2458,,,,,
T_pecari,2,496, cls_4 ,1.0632,135.5524,15.0815,7.2477,,,,,
T_pecari,2,506, cls_4 ,1.0925,90.3682,118.6481,12.4538,,,,,
T_pecari,2,518, cls_4 ,1.0592,95.85,25.6151,4.3895,,,,,
T_pecari,2,524, cls_4 ,1.0155,204.5798,1.8633,0.2042,,,,,
T_pecari,2,536, cls_4 ,1.169,71.4424,234.0663,67.5771,,,,,
T_pecari,2,541, cls_4 ,1,204.5798,2.3415,0.1021,,,,,
T_pecari,2,543, cls_4 ,1.0582,71.4424,211.5419,3.9811,,,,,
T_pecari,2,555, cls_4 ,1.1125,294.5644,1.0202,0.6125,,,,,
T_pecari,2,559, cls_4 ,1.1125,90.3682,56.8523,0.6125,,,,,
T_pecari,2,560, cls_4 ,1.139,101.0348,100.7953,27.2554,,,,,
T_pecari,2,564, cls_4 ,1.1001,303.1043,8.1415,1.6333,,,,,
T_pecari,2,567, cls_4 ,1.14,303.1043,12.4377,6.9415,,,,,
T_pecari,2,576, cls_4 ,1.1009,135.5524,54.6288,13.0663,,,,,
T_pecari,2,583, cls_4 ,1.0631,243.324,2.5382,0.7146,,,,,
T_pecari,2,590, cls_4 ,1.068,90.3682,86.4299,4.8999,,,,,
T_pecari,2,592, cls_4 ,1.161,191.7,2.306,8.9831,,,,,
T_pecari,2,593, cls_4 ,1.1746,194.3443,27.3872,5.0019,,,,,
T_pecari,2,609, cls_4 ,1.1795,162.9137,38.6657,7.2477,,,,,
T_pecari,2,616, cls_4 ,1.0358,186.2989,14.0648,0.3062,,,,,
T_pecari,2,617, cls_4 ,1.1484,101.0348,11.462,3.879,,,,,
T_pecari,2,624, cls_4 ,1.1636,71.4424,12.8578,9.0851,,,,,
T_pecari,2,627, cls_4 ,1.1712,223.65,2.5652,2.9603,,,,,
T_pecari,2,636, cls_4 ,1.0706,285.7695,3.7119,1.8374,,,,,
T_pecari,2,639, cls_4 ,1.0819,191.7,4.01,0.6125,,,,,
T_pecari,2,646, cls_4 ,1.1125,71.4424,21.4914,0.6125,,,,,
T_pecari,2,648, cls_4 ,1.0688,101.0348,9.4783,0.5104,,,,,
T_pecari,2,649, cls_4 ,1.0283,71.4424,5.1177,0.7146,,,,,
T_pecari,2,656, cls_4 ,1.1075,71.4424,3.6935,1.5312,,,,,
T_pecari,2,664, cls_4 ,1.0663,101.0348,12.1409,2.552,,,,,
T_pecari,2,669, cls_4 ,1.056,127.8,8.5519,2.4499,,,,,
T_pecari,2,673, cls_4 ,1.1125,272.9809,2.1636,0.6125,,,,,
T_pecari,2,676, cls_4 ,1.1173,186.2989,2.4613,9.5955,,,,,
T_pecari,2,681, cls_4 ,1,1234.5275,0.915,0.1021,,,,,
T_pecari,2,683, cls_4 ,1.1199,101.0348,4.1326,1.0208,,,,,
T_pecari,2,687, cls_4 ,1.1519,101.0348,6.0041,0.9187,,,,,
T_pecari,2,706, cls_4 ,1.0933,416.577,2.0483,1.7354,,,,,
T_pecari,2,715, cls_4 ,1.1057,90.3682,5.0182,6.2269,,,,,
T_pecari,2,727, cls_4 ,1.0663,90.3682,8.9716,2.552,,,,,
T_pecari,2,734, cls_4 ,1.1776,63.9,2.6307,5.8186,,,,,
T_pecari,2,736, cls_4 ,1.0932,71.4424,2.3886,0.7146,,,,,
T_pecari,2,744, cls_4 ,1.1197,71.4424,2.4338,0.7146,,,,,
T_pecari,2,745, cls_4 ,1,63.9,15.4467,0.1021,,,,,
T_pecari,2,748, cls_4 ,1.0465,204.5798,2.2845,0.6125,,,,,
T_pecari,2,750, cls_4 ,1.1536,71.4424,2.4559,4.1853,,,,,
T_pecari,2,758, cls_4 ,1,71.4424,9.7153,0.1021,,,,,
T_pecari,2,60, cls_2 ,1.1398,3110.3288,0.0009,1.327,,,,,
T_pecari,2,160, cls_2 ,1.0338,3110.3288,0.0014,0.9187,,,,,
T_pecari,3,1, cls_1 ,1.0537,115.1974,110.2503,0.4083,,1.078243933,102.7498264,11900.74212,75.56885816
T_pecari,3,3, cls_1 ,1.105,115.1974,162.8184,0.5104,,,,,
T_pecari,3,4, cls_1 ,1,101.0348,268.6941,0.1021,,,,,
T_pecari,3,8, cls_1 ,1.2136,63.9,196.8546,261.9379,,,,,
T_pecari,3,14, cls_1 ,1.0909,249.5375,38.2152,0.2042,,,,,
T_pecari,3,16, cls_1 ,1.1872,71.4424,50.399,5.104,,,,,
T_pecari,3,17, cls_1 ,1.1388,115.1974,193.3089,1.0208,,,,,
T_pecari,3,19, cls_1 ,1,71.4424,45.1351,0.1021,,,,,
T_pecari,3,22, cls_1 ,1.0155,63.9,679.1085,0.2042,,,,,
T_pecari,3,23, cls_1 ,1.2001,63.9,101.1158,18.9869,,,,,
T_pecari,3,24, cls_1 ,1.0358,287.55,45.6105,0.3062,,,,,
T_pecari,3,25, cls_1 ,1,63.9,93.3759,0.1021,,,,,
T_pecari,3,27, cls_1 ,1.1197,101.0348,145.3888,0.7146,,,,,
T_pecari,3,28, cls_1 ,1.1031,159.75,62.8767,3.1645,,,,,
T_pecari,3,30, cls_1 ,1.0964,287.55,103.775,10.8205,,,,,
T_pecari,3,33, cls_1 ,1.0769,159.75,84.4358,0.8166,,,,,
T_pecari,3,34, cls_1 ,1.0932,101.0348,213.1113,0.7146,,,,,
T_pecari,3,35, cls_1 ,1.1608,71.4424,335.4463,11.433,,,,,
T_pecari,3,37, cls_1 ,1.0987,194.3443,107.0376,1.4291,,,,,
T_pecari,3,39, cls_1 ,1.1248,63.9,2053.8745,21.8452,,,,,
T_pecari,3,40, cls_1 ,1.1064,71.4424,153.7859,5.4103,,,,,
T_pecari,3,41, cls_1 ,1.0243,95.85,413.9971,1.6333,,,,,
T_pecari,3,42, cls_1 ,1.074,135.5524,244.9645,19.1911,,,,,
T_pecari,3,45, cls_1 ,1.0573,71.4424,146.5776,40.9342,,,,,
T_pecari,3,46, cls_1 ,1.0402,142.8847,104.2277,1.1229,,,,,
T_pecari,3,48, cls_1 ,1.1609,63.9,8225.6661,22.9681,,,,,
T_pecari,3,50, cls_1 ,1.1853,63.9,935.6241,102.8969,,,,,
T_pecari,3,53, cls_1 ,1.0758,225.9206,3260.1789,2.6541,,,,,
T_pecari,3,54, cls_1 ,1.0728,131.7332,201.6321,1.5312,,,,,
T_pecari,3,55, cls_1 ,1.0706,131.7332,1081.6366,2.4499,,,,,
T_pecari,3,56, cls_1 ,1.0754,71.4424,99.0788,2.0416,,,,,
T_pecari,3,57, cls_1 ,1.063,127.8,164.6966,0.9187,,,,,
T_pecari,3,58, cls_1 ,1.1495,101.0348,1052.8762,45.6299,,,,,
T_pecari,3,59, cls_1 ,1.0465,71.4424,52.0048,0.6125,,,,,
T_pecari,3,61, cls_1 ,1.063,115.1974,2834.1489,0.9187,,,,,
T_pecari,3,64, cls_1 ,1.2941,63.9,394.8754,16630.506,,,,,
T_pecari,3,66, cls_1 ,1.1355,257.5891,57.2544,6.2269,,,,,
T_pecari,3,67, cls_1 ,1.0937,186.2989,199.8065,2.2458,,,,,
T_pecari,3,73, cls_1 ,1.0706,135.5524,77.1542,1.8374,,,,,
T_pecari,3,74, cls_1 ,1.089,71.4424,271.0532,1.327,,,,,
T_pecari,3,77, cls_1 ,1.0972,101.0348,106.5107,3.6749,,,,,
T_pecari,3,80, cls_1 ,1.1103,63.9,1028.4558,2.9603,,,,,
T_pecari,3,82, cls_1 ,1.0283,71.4424,262.0991,0.7146,,,,,
T_pecari,3,83, cls_1 ,1.1094,159.75,263.5986,26.6429,,,,,
T_pecari,3,85, cls_1 ,1.085,71.4424,179.2546,10.4122,,,,,
T_pecari,3,86, cls_1 ,1.0769,71.4424,264.5106,0.8166,,,,,
T_pecari,3,88, cls_1 ,1.1031,71.4424,167.5281,0.8166,,,,,
T_pecari,3,91, cls_1 ,1.1398,71.4424,1250.9939,1.327,,,,,
T_pecari,3,92, cls_1 ,1.0155,63.9,1326.7676,0.2042,,,,,
T_pecari,3,93, cls_1 ,1.1735,63.9,514.8515,40.4238,,,,,
T_pecari,3,94, cls_1 ,1.1116,63.9,692.3061,2.6541,,,,,
T_pecari,3,96, cls_1 ,1.105,90.3682,517.9066,0.5104,,,,,
T_pecari,3,99, cls_1 ,1.0688,127.8,4810.4077,0.5104,,,,,
T_pecari,3,100, cls_1 ,1.1353,63.9,8167.9575,16.3328,,,,,
T_pecari,3,101, cls_1 ,1,63.9,2217.2724,0.4083,,,,,
T_pecari,3,102, cls_1 ,1,63.9,404.5857,0.1021,,,,,
T_pecari,3,103, cls_1 ,1.0631,162.9137,6282.4051,0.7146,,,,,
T_pecari,3,105, cls_1 ,1.1125,63.9,476.2953,0.6125,,,,,
T_pecari,3,108, cls_1 ,1.1125,71.4424,612.9438,0.6125,,,,,
T_pecari,3,110, cls_1 ,1.078,95.85,2397.7403,1.225,,,,,
T_pecari,3,111, cls_1 ,1,63.9,2551.0033,0.1021,,,,,
T_pecari,3,113, cls_1 ,1.0465,63.9,40730.2421,0.6125,,,,,
T_pecari,3,116, cls_1 ,1.0836,159.75,113.6645,1.6333,,,,,
T_pecari,3,118, cls_1 ,1.0155,71.4424,767.0039,0.2042,,,,,
T_pecari,3,119, cls_1 ,1.0155,95.85,1075.9293,0.2042,,,,,
T_pecari,3,120, cls_1 ,1.1543,131.7332,9590.8015,1.327,,,,,
T_pecari,3,125, cls_1 ,1.1125,159.75,234.6135,0.6125,,,,,
T_pecari,3,126, cls_1 ,1.0728,71.4424,157.6544,1.5312,,,,,
T_pecari,3,129, cls_1 ,1.0509,63.9,40731.1451,1.0208,,,,,
T_pecari,3,130, cls_1 ,1.1388,95.85,595.6583,1.0208,,,,,
T_pecari,3,131, cls_1 ,1.0529,135.5524,504.8978,1.8374,,,,,
T_pecari,3,132, cls_1 ,1,63.9,40730.2427,0.4083,,,,,
T_pecari,3,134, cls_1 ,1.1642,127.8,8154.3459,1.8374,,,,,
T_pecari,3,137, cls_1 ,1.0932,95.85,1400.4485,0.7146,,,,,
T_pecari,3,138, cls_1 ,1.0663,63.9,40732.2269,2.552,,,,,
T_pecari,3,139, cls_1 ,1.0467,135.5524,6530.1679,1.327,,,,,
T_pecari,3,141, cls_1 ,1.088,71.4424,457.3196,1.1229,,,,,
T_pecari,3,144, cls_1 ,1.105,95.85,18120.2416,0.5104,,,,,
T_pecari,3,146, cls_1 ,1.0509,361.473,462.8951,1.0208,,,,,
T_pecari,3,147, cls_1 ,1.0909,71.4424,32591.7032,0.2042,,,,,
T_pecari,3,148, cls_1 ,1.0924,71.4424,32588.9747,2.8582,,,,,
T_pecari,3,149, cls_1 ,1.1306,90.3682,483.895,6.5331,,,,,
T_pecari,3,150, cls_1 ,1.0529,95.85,343.3841,1.8374,,,,,
T_pecari,3,151, cls_1 ,1.0836,95.85,639.9305,1.6333,,,,,
T_pecari,3,152, cls_1 ,1.0261,71.4424,730.6595,0.5104,,,,,
T_pecari,3,154, cls_1 ,1.0509,416.577,516.3181,1.0208,,,,,
T_pecari,3,155, cls_1 ,1.1443,285.7695,2039.3863,1.1229,,,,,
T_pecari,3,156, cls_1 ,1.088,63.9,287.2542,1.1229,,,,,
T_pecari,3,158, cls_1 ,1.0869,95.85,18105.9322,1.8374,,,,,
T_pecari,3,161, cls_1 ,1.1409,71.4424,3338.0317,5.0019,,,,,
T_pecari,3,163, cls_1 ,1,63.9,384.8683,0.1021,,,,,
T_pecari,3,165, cls_1 ,1,63.9,40733.3706,0.1021,,,,,
T_pecari,3,167, cls_1 ,1.0283,63.9,526.9612,0.7146,,,,,
T_pecari,3,173, cls_1 ,1.0982,71.4424,1675.7381,1.225,,,,,
T_pecari,3,175, cls_1 ,1.0395,142.8847,1682.6289,1.7354,,,,,
T_pecari,3,176, cls_1 ,1.0465,223.65,3326.4952,0.6125,,,,,
T_pecari,3,178, cls_1 ,1.1008,162.9137,6266.4306,5.7165,,,,,
T_pecari,3,181, cls_1 ,1.0358,63.9,40730.968,0.3062,,,,,
T_pecari,3,183, cls_1 ,1.1496,101.0348,2234.8686,6.329,,,,,
T_pecari,3,184, cls_1 ,1.0914,63.9,40730.304,0.3062,,,,,
T_pecari,3,189, cls_1 ,1.0537,333.5678,1007.6094,0.4083,,,,,
T_pecari,3,194, cls_1 ,1.0283,101.0348,12539.2263,0.7146,,,,,
T_pecari,3,200, cls_1 ,1.0689,63.9,4534.6263,1.327,,,,,
T_pecari,3,202, cls_1 ,1.0769,63.9,4078.4939,0.8166,,,,,
T_pecari,3,203, cls_1 ,1.0688,63.9,40730.7715,0.5104,,,,,
T_pecari,3,204, cls_1 ,1.0631,63.9,40730.3131,0.7146,,,,,
T_pecari,3,208, cls_1 ,1,63.9,40730.3216,0.1021,,,,,
T_pecari,3,210, cls_1 ,1.0155,95.85,9586.1616,0.2042,,,,,
T_pecari,3,214, cls_1 ,1.0819,95.85,16293.2494,0.6125,,,,,
T_pecari,3,215, cls_1 ,1,71.4424,32584.7749,0.1021,,,,,
T_pecari,3,217, cls_1 ,1.1127,71.4424,18107.0167,12.0455,,,,,
T_pecari,3,221, cls_1 ,1.1272,63.9,40730.0596,9.0851,,,,,
T_pecari,3,227, cls_1 ,1.1369,63.9,12533.5742,0.3062,,,,,
T_pecari,3,230, cls_1 ,1.0701,71.4424,1941.0633,2.1437,,,,,
T_pecari,3,231, cls_1 ,1.105,63.9,10183.3404,0.5104,,,,,
T_pecari,3,258, cls_1 ,1.1085,63.9,40729.4228,1.1229,,,,,
T_pecari,3,261, cls_1 ,1.1469,127.8,10183.2014,1.9395,,,,,
T_pecari,3,264, cls_1 ,1.0909,115.1974,12532.7917,1.5312,,,,,
T_pecari,3,269, cls_1 ,1.0631,63.9,20367.8954,0.7146,,,,,
T_pecari,3,271, cls_1 ,1.0537,63.9,32586.7758,0.4083,,,,,
T_pecari,3,272, cls_1 ,1.1434,101.0348,16292.3373,0.7146,,,,,
T_pecari,3,274, cls_1 ,1.1271,71.4424,6520.1382,1.1229,,,,,
T_pecari,3,280, cls_1 ,1.0631,71.4424,16296.1218,0.7146,,,,,
T_pecari,3,289, cls_1 ,1.0467,71.4424,16294.1408,1.327,,,,,
T_pecari,3,297, cls_1 ,1,159.75,6516.9756,0.1021,,,,,
T_pecari,3,298, cls_1 ,1.1085,63.9,40731.6107,1.1229,,,,,
T_pecari,3,303, cls_1 ,1.0465,232.5995,3074.5471,0.6125,,,,,
T_pecari,3,313, cls_1 ,1.1281,71.4424,32583.7027,2.7562,,,,,
T_pecari,3,318, cls_1 ,1.0903,159.75,6517.6365,2.0416,,,,,
T_pecari,3,326, cls_1 ,1.0926,135.5524,453.1363,2.552,,,,,
T_pecari,3,332, cls_1 ,1,71.4424,32583.6686,0.1021,,,,,
T_pecari,3,339, cls_1 ,1.0975,101.0348,16292.1628,0.4083,,,,,
T_pecari,3,345, cls_1 ,1.0537,71.4424,450.8974,0.4083,,,,,
T_pecari,3,356, cls_1 ,1.0261,159.75,616.8581,0.5104,,,,,
T_pecari,3,360, cls_1 ,1.1502,63.9,3265.331,3.5728,,,,,
T_pecari,3,363, cls_1 ,1,71.4424,32583.5514,0.1021,,,,,
T_pecari,3,364, cls_1 ,1.0278,63.9,430.0761,1.9395,,,,,
T_pecari,3,370, cls_1 ,1.1233,63.9,40729.4168,3.9811,,,,,
T_pecari,3,376, cls_1 ,1.1125,71.4424,586.752,0.6125,,,,,
T_pecari,3,381, cls_1 ,1.0358,71.4424,32585.8144,0.3062,,,,,
T_pecari,3,386, cls_1 ,1.0155,71.4424,637.0966,0.2042,,,,,
T_pecari,3,389, cls_1 ,1.1808,63.9,32592.4595,4.2874,,,,,
T_pecari,3,392, cls_1 ,1,63.9,4527.0087,0.1021,,,,,
T_pecari,3,397, cls_1 ,1,63.9,40729.6329,0.1021,,,,,
T_pecari,3,398, cls_1 ,1.0465,95.85,18102.8093,0.6125,,,,,
T_pecari,3,399, cls_1 ,1.0358,63.9,4793.1433,0.3062,,,,,
T_pecari,3,405, cls_1 ,1.059,71.4424,32590.8549,1.7354,,,,,
T_pecari,3,406, cls_1 ,1.1513,63.9,20377.3897,2.8582,,,,,
T_pecari,3,408, cls_1 ,1,63.9,40730.3423,0.1021,,,,,
T_pecari,3,410, cls_1 ,1.0261,131.7332,9583.6982,0.5104,,,,,
T_pecari,3,411, cls_1 ,1.2007,63.9,40730.2462,2.7562,,,,,
T_pecari,3,423, cls_1 ,1.0819,71.4424,32585.6969,0.6125,,,,,
T_pecari,3,425, cls_1 ,1.0283,131.7332,833.7159,0.7146,,,,,
T_pecari,3,427, cls_1 ,1.0155,127.8,10184.5166,0.2042,,,,,
T_pecari,3,428, cls_1 ,1.0909,71.4424,2509.595,0.2042,,,,,
T_pecari,3,430, cls_1 ,1,71.4424,6522.8925,0.1021,,,,,
T_pecari,3,433, cls_1 ,1.1199,90.3682,20366.2507,1.0208,,,,,
T_pecari,3,439, cls_1 ,1.0654,71.4424,2548.2835,1.1229,,,,,
T_pecari,3,441, cls_1 ,1.0819,71.4424,32583.993,0.6125,,,,,
T_pecari,3,442, cls_1 ,1.0155,71.4424,32584.1719,0.2042,,,,,
T_pecari,3,444, cls_1 ,1.174,63.9,40731.3296,5.5123,,,,,
T_pecari,3,445, cls_1 ,1.0654,71.4424,32584.9904,1.1229,,,,,
T_pecari,3,446, cls_1 ,1.1204,63.9,9589.1756,2.4499,,,,,
T_pecari,3,447, cls_1 ,1.0358,71.4424,1636.3964,0.3062,,,,,
T_pecari,3,452, cls_1 ,1.0155,191.7,4527.105,0.2042,,,,,
T_pecari,3,459, cls_1 ,1.1292,63.9,12539.7807,1.8374,,,,,
T_pecari,3,461, cls_1 ,1.0909,71.4424,32584.7173,0.2042,,,,,
T_pecari,3,473, cls_1 ,1.0688,63.9,6531.2323,0.5104,,,,,
T_pecari,3,479, cls_1 ,1.1495,142.8847,8146.6823,1.225,,,,,
T_pecari,3,480, cls_1 ,1,71.4424,32584.86,0.1021,,,,,
T_pecari,3,481, cls_1 ,1.0155,63.9,40732.7608,0.2042,,,,,
T_pecari,3,482, cls_1 ,1,63.9,16298.9333,0.1021,,,,,
T_pecari,3,487, cls_1 ,1,285.7695,1020.0708,0.1021,,,,,
T_pecari,3,491, cls_1 ,1.0701,71.4424,32583.8679,2.1437,,,,,
T_pecari,3,494, cls_1 ,1,90.3682,20367.7815,0.1021,,,,,
T_pecari,3,496, cls_1 ,1.1075,63.9,40732.1212,1.5312,,,,,
T_pecari,3,497, cls_1 ,1.0155,95.85,5620.9047,0.2042,,,,,
T_pecari,3,499, cls_1 ,1,71.4424,32583.4494,0.1021,,,,,
T_pecari,3,504, cls_1 ,1.0631,95.85,18104.8445,0.7146,,,,,
T_pecari,3,505, cls_1 ,1.0688,63.9,40729.166,0.5104,,,,,
T_pecari,3,510, cls_1 ,1.0358,71.4424,32586.7267,0.3062,,,,,
T_pecari,3,549, cls_1 ,1.0261,71.4424,32583.3384,0.5104,,,,,
T_pecari,3,564, cls_1 ,1,63.9,40730.6899,0.1021,,,,,
T_pecari,3,569, cls_1 ,1.1811,131.7332,6521.1819,269.696,,,,,
T_pecari,3,603, cls_1 ,1.0769,115.1974,12537.8601,0.8166,,,,,
T_pecari,3,620, cls_1 ,1.0358,95.85,18105.756,0.3062,,,,,
T_pecari,3,623, cls_1 ,1.0537,101.0348,16294.5057,0.4083,,,,,
T_pecari,3,665, cls_1 ,1,71.4424,32583.3069,0.1021,,,,,
T_pecari,3,670, cls_1 ,1.1454,159.75,6517.9964,1.4291,,,,,
T_pecari,3,671, cls_1 ,1.0537,63.9,40730.5129,0.4083,,,,,
T_pecari,3,672, cls_1 ,1.0473,194.3443,2037.5059,0.8166,,,,,
T_pecari,3,673, cls_1 ,1.0914,63.9,5094.4306,0.3062,,,,,
T_pecari,3,674, cls_1 ,1.0584,95.85,18117.2031,18.1703,,,,,
T_pecari,3,677, cls_1 ,1.0932,63.9,2811.3134,0.7146,,,,,
T_pecari,3,678, cls_1 ,1.0819,71.4424,32584.6012,0.6125,,,,,
T_pecari,3,681, cls_1 ,1.0465,71.4424,32584.3487,0.6125,,,,,
T_pecari,3,682, cls_1 ,1.059,202.0695,816.0501,1.7354,,,,,
T_pecari,3,683, cls_1 ,1.1085,95.85,2547.3015,1.1229,,,,,
T_pecari,3,684, cls_1 ,1.0688,95.85,1103.0089,0.5104,,,,,
T_pecari,3,689, cls_1 ,1.1716,204.5798,3974.8737,4.8999,,,,,
T_pecari,3,692, cls_1 ,1.1557,63.9,40729.6086,2.9603,,,,,
T_pecari,3,701, cls_1 ,1.0155,63.9,40731.7001,0.2042,,,,,
T_pecari,3,709, cls_1 ,1.0473,63.9,40729.1391,0.8166,,,,,
T_pecari,3,714, cls_1 ,1.1331,131.7332,5775.4618,4.1853,,,,,
T_pecari,3,725, cls_1 ,1.0358,159.75,319.9584,0.3062,,,,,
T_pecari,3,731, cls_1 ,1.1332,249.5375,497.9737,3.3686,,,,,
T_pecari,3,733, cls_1 ,1.1001,90.3682,20365.5979,1.6333,,,,,
T_pecari,3,737, cls_1 ,1.0764,95.85,9590.6402,1.0208,,,,,
T_pecari,3,744, cls_1 ,1.0473,162.9137,6267.5273,0.8166,,,,,
T_pecari,3,745, cls_1 ,1.0688,90.3682,4082.1532,0.5104,,,,,
T_pecari,3,746, cls_1 ,1.0243,127.8,1132.8015,1.6333,,,,,
T_pecari,3,749, cls_1 ,1.1265,263.4664,2398.7358,0.8166,,,,,
T_pecari,3,750, cls_1 ,1.054,90.3682,2043.4612,2.1437,,,,,
T_pecari,3,753, cls_1 ,1.0654,115.1974,12533.0033,1.1229,,,,,
T_pecari,3,754, cls_1 ,1.0465,95.85,1544.7427,0.6125,,,,,
T_pecari,3,756, cls_1 ,1,71.4424,32583.2857,0.1021,,,,,
T_pecari,3,763, cls_1 ,1.0993,63.9,376.4412,1.0208,,,,,
T_pecari,3,764, cls_1 ,1.1477,115.1974,12539.2349,0.8166,,,,,
T_pecari,3,765, cls_1 ,1.1732,90.3682,732.7139,4.5936,,,,,
T_pecari,3,766, cls_1 ,1.1778,63.9,333.7186,1.225,,,,,
T_pecari,3,768, cls_1 ,1.0889,71.4424,32585.5639,0.9187,,,,,
T_pecari,3,770, cls_1 ,1.1197,71.4424,2234.6164,0.7146,,,,,
T_pecari,3,771, cls_1 ,1.1362,202.0695,815.9773,0.5104,,,,,
T_pecari,3,772, cls_1 ,1.164,115.1974,1151.6973,5.0019,,,,,
T_pecari,3,773, cls_1 ,1.0975,95.85,18116.2672,0.4083,,,,,
T_pecari,3,774, cls_1 ,1.1319,131.7332,1659.7098,3.6749,,,,,
T_pecari,3,775, cls_1 ,1.0944,71.4424,4192.5089,4.4915,,,,,
T_pecari,3,777, cls_1 ,1.0914,90.3682,20365.4833,0.3062,,,,,
T_pecari,3,778, cls_1 ,1.0155,63.9,1097.8179,0.2042,,,,,
T_pecari,3,780, cls_1 ,1.1482,63.9,2517.4411,196.8107,,,,,
T_pecari,3,781, cls_1 ,1,63.9,40730.5152,0.1021,,,,,
T_pecari,3,782, cls_1 ,1.0465,202.0695,298.5128,0.6125,,,,,
T_pecari,3,784, cls_1 ,1.0473,71.4424,32588.7631,0.8166,,,,,
T_pecari,3,785, cls_1 ,1.1199,63.9,1017.3677,1.0208,,,,,
T_pecari,3,786, cls_1 ,1.1578,90.3682,20368.2738,1.9395,,,,,
T_pecari,3,788, cls_1 ,1.0635,95.85,18102.4672,3.777,,,,,
T_pecari,3,792, cls_1 ,1.0283,194.3443,3976.787,0.7146,,,,,
T_pecari,3,811, cls_1 ,1.0537,71.4424,482.6165,0.4083,,,,,
T_pecari,3,812, cls_1 ,1.0592,63.9,40739.9687,2.0416,,,,,
T_pecari,3,2, cls_2 ,1.0861,63.9,4.4369,3.3686,,,,,
T_pecari,3,5, cls_2 ,1.1154,63.9,9.0921,1.6333,,,,,
T_pecari,3,7, cls_2 ,1,63.9,5.6081,0.1021,,,,,
T_pecari,3,10, cls_2 ,1.0473,135.5524,1.2227,0.8166,,,,,
T_pecari,3,20, cls_2 ,1.0809,639,0.7569,1.9395,,,,,
T_pecari,3,29, cls_2 ,1.0769,357.2119,1.4085,0.8166,,,,,
T_pecari,3,32, cls_2 ,1.1698,63.9,5.4277,27.97,,,,,
T_pecari,3,36, cls_2 ,1.1137,344.112,1.6194,2.3478,,,,,
T_pecari,3,44, cls_2 ,1.1431,344.112,2.8237,4.8999,,,,,
T_pecari,3,47, cls_2 ,1.1561,71.4424,11.6558,3.1645,,,,,
T_pecari,3,49, cls_2 ,1.0728,63.9,71.3732,1.5312,,,,,
T_pecari,3,52, cls_2 ,1.1027,71.4424,11.9603,4.4915,,,,,
T_pecari,3,60, cls_2 ,1.162,71.4424,11.1047,8.5747,,,,,
T_pecari,3,62, cls_2 ,1.0606,131.7332,6.1449,1.4291,,,,,
T_pecari,3,63, cls_2 ,1.206,71.4424,21.692,4.4915,,,,,
T_pecari,3,70, cls_2 ,1.0635,1732.68,0.3475,3.3686,,,,,
T_pecari,3,75, cls_2 ,1.1543,535.5796,4.844,1.327,,,,,
T_pecari,3,76, cls_2 ,1.1566,63.9,17.3389,37.0551,,,,,
T_pecari,3,79, cls_2 ,1.1141,798.75,0.9514,2.8582,,,,,
T_pecari,3,89, cls_2 ,1.1705,63.9,18.6577,58.7982,,,,,
T_pecari,3,90, cls_2 ,1.0982,486.6479,3.2576,1.225,,,,,
T_pecari,3,114, cls_2 ,1.1025,63.9,92.4821,6.0227,,,,,
T_pecari,3,121, cls_2 ,1.1242,71.4424,3.6083,1.327,,,,,
T_pecari,3,124, cls_2 ,1.0556,71.4424,3.7363,1.225,,,,,
T_pecari,3,127, cls_2 ,1.1734,63.9,45.127,69.1083,,,,,
T_pecari,3,128, cls_2 ,1.089,63.9,145.1664,1.327,,,,,
T_pecari,3,133, cls_2 ,1.1951,583.0328,0.9521,3.0624,,,,,
T_pecari,3,136, cls_2 ,1.1328,95.85,10.3041,0.9187,,,,,
T_pecari,3,140, cls_2 ,1.139,90.3682,11.996,4.7978,,,,,
T_pecari,3,143, cls_2 ,1.0769,223.65,1.345,0.8166,,,,,
T_pecari,3,157, cls_2 ,1.078,186.2989,18.4085,1.225,,,,,
T_pecari,3,159, cls_2 ,1.088,709.4051,0.8588,1.1229,,,,,
T_pecari,3,160, cls_2 ,1.0631,115.1974,54.5592,0.7146,,,,,
T_pecari,3,164, cls_2 ,1,90.3682,8.823,0.1021,,,,,
T_pecari,3,170, cls_2 ,1.1125,741.0747,0.8841,0.6125,,,,,
T_pecari,3,171, cls_2 ,1.147,285.7695,1.4641,4.1853,,,,,
T_pecari,3,177, cls_2 ,1.1241,71.4424,138.5905,15.1079,,,,,
T_pecari,3,179, cls_2 ,1.0903,285.7695,1.9184,2.0416,,,,,
T_pecari,3,180, cls_2 ,1.0937,135.5524,9.6954,2.2458,,,,,
T_pecari,3,187, cls_2 ,1.1031,63.9,173.9862,0.8166,,,,,
T_pecari,3,188, cls_2 ,1.0047,115.1974,14.6387,0.6125,,,,,
T_pecari,3,190, cls_2 ,1,63.9,47.2891,0.1021,,,,,
T_pecari,3,192, cls_2 ,1.1325,135.5524,3.3357,14.8016,,,,,
T_pecari,3,195, cls_2 ,1.0769,131.7332,1.1379,0.8166,,,,,
T_pecari,3,197, cls_2 ,1.0631,131.7332,1.1371,0.7146,,,,,
T_pecari,3,198, cls_2 ,1.0962,194.3443,7.8111,3.0624,,,,,
T_pecari,3,209, cls_2 ,1.1197,728.5721,1.5468,0.7146,,,,,
T_pecari,3,216, cls_2 ,1.1301,428.6542,3.7827,2.2458,,,,,
T_pecari,3,222, cls_2 ,1.0889,223.65,4.2615,0.9187,,,,,
T_pecari,3,236, cls_2 ,1.0952,558.8967,3.8423,10.4122,,,,,
T_pecari,3,237, cls_2 ,1.0838,586.524,2.6144,4.1853,,,,,
T_pecari,3,243, cls_2 ,1.0769,225.9206,14.1666,2.9603,,,,,
T_pecari,3,244, cls_2 ,1.0769,71.4424,31.1027,0.8166,,,,,
T_pecari,3,245, cls_2 ,1.0909,71.4424,19.006,0.2042,,,,,
T_pecari,3,256, cls_2 ,1.2083,63.9,12.7813,152.9162,,,,,
T_pecari,3,265, cls_2 ,1.1299,204.5798,38.0658,3.4707,,,,,
T_pecari,3,275, cls_2 ,1.1059,63.9,24.1365,52.3672,,,,,
T_pecari,3,282, cls_2 ,1.1334,1014.8841,0.524,47.3652,,,,,
T_pecari,3,290, cls_2 ,1.0155,63.9,6.5633,0.2042,,,,,
T_pecari,3,291, cls_2 ,1,63.9,129.9599,0.1021,,,,,
T_pecari,3,292, cls_2 ,1.0752,63.9,2.0942,2.3478,,,,,
T_pecari,3,295, cls_2 ,1.1618,249.5375,25.6676,13.5767,,,,,
T_pecari,3,299, cls_2 ,1.1589,127.8,2.1194,1.4291,,,,,
T_pecari,3,301, cls_2 ,1.0631,71.4424,106.7854,9.6976,,,,,
T_pecari,3,316, cls_2 ,1,63.9,375.6731,0.1021,,,,,
T_pecari,3,327, cls_2 ,1.1296,71.4424,24.9416,1.6333,,,,,
T_pecari,3,330, cls_2 ,1.1262,162.9137,21.4794,7.9623,,,,,
T_pecari,3,331, cls_2 ,1.1008,301.4157,1.1747,3.879,,,,,
T_pecari,3,344, cls_2 ,1,63.9,375.4218,0.1021,,,,,
T_pecari,3,346, cls_2 ,1.0926,589.1289,0.7463,2.552,,,,,
T_pecari,3,350, cls_2 ,1.0733,115.1974,117.0095,6.0227,,,,,
T_pecari,3,355, cls_2 ,1.0909,71.4424,300.4488,1.5312,,,,,
T_pecari,3,365, cls_2 ,1.0728,63.9,3.1993,1.5312,,,,,
T_pecari,3,372, cls_2 ,1.0283,63.9,4.8991,0.7146,,,,,
T_pecari,3,380, cls_2 ,1.0889,159.75,1.6377,0.9187,,,,,
T_pecari,3,384, cls_2 ,1.0819,172.056,1.0768,0.6125,,,,,
T_pecari,3,385, cls_2 ,1.0467,63.9,9.225,1.327,,,,,
T_pecari,3,393, cls_2 ,1.1251,63.9,7.506,2.3478,,,,,
T_pecari,3,394, cls_2 ,1.1108,90.3682,3.6946,7.9623,,,,,
T_pecari,3,400, cls_2 ,1,63.9,8.0238,0.1021,,,,,
T_pecari,3,402, cls_2 ,1.0606,230.3947,2.38,1.4291,,,,,
T_pecari,3,403, cls_2 ,1.1111,186.2989,2.8394,8.3706,,,,,
T_pecari,3,407, cls_2 ,1.0338,115.1974,3.5665,0.9187,,,,,
T_pecari,3,412, cls_2 ,1.0799,95.85,4.5255,2.552,,,,,
T_pecari,3,418, cls_2 ,1.1271,90.3682,11.7414,1.1229,,,,,
T_pecari,3,420, cls_2 ,1.1244,90.3682,6.9097,6.9415,,,,,
T_pecari,3,424, cls_2 ,1.0473,63.9,12.812,0.8166,,,,,
T_pecari,3,431, cls_2 ,1.1294,63.9,10.751,2.0416,,,,,
T_pecari,3,432, cls_2 ,1.0509,159.75,10.8904,1.0208,,,,,
T_pecari,3,436, cls_2 ,1.063,131.7332,4.0181,0.9187,,,,,
T_pecari,3,437, cls_2 ,1.089,429.8433,1.6683,1.327,,,,,
T_pecari,3,438, cls_2 ,1.0509,131.7332,8.1224,1.0208,,,,,
T_pecari,3,440, cls_2 ,1.0819,90.3682,10.8813,0.6125,,,,,
T_pecari,3,443, cls_2 ,1.0728,95.85,12.9363,1.5312,,,,,
T_pecari,3,449, cls_2 ,1.1084,287.55,4.1908,1.7354,,,,,
T_pecari,3,450, cls_2 ,1.0631,90.3682,8.1049,0.7146,,,,,
T_pecari,3,451, cls_2 ,1.0764,159.75,9.2639,1.0208,,,,,
T_pecari,3,456, cls_2 ,1.1773,63.9,10.381,17.3536,,,,,
T_pecari,3,460, cls_2 ,1.2204,159.75,5.3572,22.3556,,,,,
T_pecari,3,462, cls_2 ,1.1226,131.7332,4.8905,1.7354,,,,,
T_pecari,3,465, cls_2 ,1.0471,131.7332,1.3569,1.9395,,,,,
T_pecari,3,466, cls_2 ,1.1713,142.8847,6.6208,18.8848,,,,,
T_pecari,3,468, cls_2 ,1.0582,63.9,9.8068,3.9811,,,,,
T_pecari,3,469, cls_2 ,1.096,159.75,15.9162,8.2685,,,,,
T_pecari,3,470, cls_2 ,1.1093,214.3271,6.9923,8.9831,,,,,
T_pecari,3,472, cls_2 ,1.063,131.7332,1.977,0.9187,,,,,
T_pecari,3,474, cls_2 ,1.1467,63.9,14.4805,2.7562,,,,,
T_pecari,3,484, cls_2 ,1.1209,497.0254,0.7174,3.777,,,,,
T_pecari,3,488, cls_2 ,1.1226,63.9,43.3623,1.7354,,,,,
T_pecari,3,489, cls_2 ,1.1579,63.9,5.3298,28.9908,,,,,
T_pecari,3,498, cls_2 ,1.0856,204.5798,3.4674,8.6768,,,,,
T_pecari,3,506, cls_2 ,1.0805,71.4424,57.4376,1.4291,,,,,
T_pecari,3,507, cls_2 ,1.0651,225.9206,7.075,2.2458,,,,,
T_pecari,3,509, cls_2 ,1.0819,225.9206,6.8605,0.6125,,,,,
T_pecari,3,511, cls_2 ,1.0889,428.6542,0.7176,2.3478,,,,,
T_pecari,3,514, cls_2 ,1.1089,127.8,21.8189,34.8094,,,,,
T_pecari,3,516, cls_2 ,1.1252,95.85,24.0129,27.5617,,,,,
T_pecari,3,529, cls_2 ,1.046,883.6933,0.4969,1.6333,,,,,
T_pecari,3,530, cls_2 ,1.022,383.4,1.2233,1.0208,,,,,
T_pecari,3,535, cls_2 ,1,63.9,72.2787,0.1021,,,,,
T_pecari,3,538, cls_2 ,1.1154,274.8443,4.2124,1.6333,,,,,
T_pecari,3,546, cls_2 ,1.0631,90.3682,18.6009,0.7146,,,,,
T_pecari,3,550, cls_2 ,1.1125,90.3682,35.5859,0.6125,,,,,
T_pecari,3,562, cls_2 ,1.0663,984.2467,0.4463,2.552,,,,,
T_pecari,3,563, cls_2 ,1.0796,257.5891,5.0881,5.2061,,,,,
T_pecari,3,571, cls_2 ,1,71.4424,4.6895,0.1021,,,,,
T_pecari,3,572, cls_2 ,1.0465,223.65,1.3089,0.6125,,,,,
T_pecari,3,580, cls_2 ,1.1228,71.4424,12.8664,1.5312,,,,,
T_pecari,3,585, cls_2 ,1.1327,90.3682,3.0741,9.3914,,,,,
T_pecari,3,587, cls_2 ,1.0306,858.4983,0.547,1.225,,,,,
T_pecari,3,597, cls_2 ,1.063,1091.9237,0.408,0.9187,,,,,
T_pecari,3,600, cls_2 ,1.0752,63.9,1.102,2.3478,,,,,
T_pecari,3,601, cls_2 ,1.0651,204.5798,3.1233,2.2458,,,,,
T_pecari,3,605, cls_2 ,1,63.9,6.3286,0.1021,,,,,
T_pecari,3,606, cls_2 ,1.0889,135.5524,1.0243,0.9187,,,,,
T_pecari,3,613, cls_2 ,1.0654,71.4424,3.5931,1.1229,,,,,
T_pecari,3,614, cls_2 ,1.0836,71.4424,5.8825,6.329,,,,,
T_pecari,3,619, cls_2 ,1,71.4424,1.3144,0.1021,,,,,
T_pecari,3,621, cls_2 ,1.0805,71.4424,2.5706,1.4291,,,,,
T_pecari,3,624, cls_2 ,1.0261,71.4424,0.5122,0.5104,,,,,
T_pecari,3,633, cls_2 ,1.0701,71.4424,10.5927,2.1437,,,,,
T_pecari,3,636, cls_2 ,1.0932,127.8,5.5535,0.7146,,,,,
T_pecari,3,642, cls_2 ,1.0764,1768.83,0.2434,1.0208,,,,,
T_pecari,3,643, cls_2 ,1.1265,71.4424,13.0857,2.552,,,,,
T_pecari,3,644, cls_2 ,1.0835,71.4424,4.8719,5.0019,,,,,
T_pecari,3,651, cls_2 ,1.1536,90.3682,2.1934,4.1853,,,,,
T_pecari,3,655, cls_2 ,1.063,1107.2415,0.1794,0.9187,,,,,
T_pecari,3,663, cls_2 ,1.1085,90.3682,5.7383,1.1229,,,,,
T_pecari,3,668, cls_2 ,1.1073,1014.8841,0.5706,1.327,,,,,
T_pecari,3,699, cls_2 ,1.1637,159.75,1.8284,10.4122,,,,,
T_pecari,3,706, cls_2 ,1.0583,285.7695,2.6373,2.7562,,,,,
T_pecari,3,707, cls_2 ,1.088,1441.6497,0.1788,1.1229,,,,,
T_pecari,3,712, cls_2 ,1.0509,159.75,4.6869,1.0208,,,,,
T_pecari,3,716, cls_2 ,1.1784,63.9,4.6397,6.0227,,,,,
T_pecari,3,722, cls_2 ,1.1589,63.9,22.8499,10.9226,,,,,
T_pecari,3,723, cls_2 ,1.1808,194.3443,3.1294,3.4707,,,,,
T_pecari,3,726, cls_2 ,1.1271,1441.6497,0.1602,1.1229,,,,,
T_pecari,3,734, cls_2 ,1.053,63.9,15.6611,1.5312,,,,,
T_pecari,3,735, cls_2 ,1.147,714.4237,0.3782,10.7184,,,,,
T_pecari,3,736, cls_2 ,1.1071,63.9,27.3627,8.2685,,,,,
T_pecari,3,738, cls_2 ,1.0283,63.9,27.6092,0.7146,,,,,
T_pecari,3,743, cls_2 ,1.0467,186.2989,1.5335,1.327,,,,,
T_pecari,3,748, cls_2 ,1.0155,90.3682,14.787,0.2042,,,,,
T_pecari,3,815, cls_2 ,1.022,575.1,0.1566,1.0208,,,,,
T_pecari,3,817, cls_2 ,1.1075,575.1,0.1292,1.5312,,,,,
T_pecari,3,820, cls_2 ,1.0889,63.9,5.6096,0.9187,,,,,
T_pecari,3,821, cls_2 ,1.1301,63.9,2.358,2.2458,,,,,
T_pecari,3,6, cls_3 ,1.1785,90.3682,79.7386,10.208,,,,,
T_pecari,3,9, cls_3 ,1.088,225.9206,461.352,1.1229,,,,,
T_pecari,3,11, cls_3 ,1.0465,90.3682,108.5777,0.6125,,,,,
T_pecari,3,12, cls_3 ,1.3082,63.9,2821.2271,2336.8211,,,,,
T_pecari,3,13, cls_3 ,1.0898,63.9,921.8597,14.0871,,,,,
T_pecari,3,15, cls_3 ,1.0889,63.9,5759.2169,0.9187,,,,,
T_pecari,3,18, cls_3 ,1.0338,204.5798,362.5368,0.9187,,,,,
T_pecari,3,21, cls_3 ,1.0932,71.4424,4584.0046,0.7146,,,,,
T_pecari,3,26, cls_3 ,1.0914,63.9,5724.5643,0.3062,,,,,
T_pecari,3,31, cls_3 ,1.0155,71.4424,4579.877,0.2042,,,,,
T_pecari,3,38, cls_3 ,1.1197,63.9,5724.6243,0.7146,,,,,
T_pecari,3,43, cls_3 ,1.0283,90.3682,2863.2191,0.7146,,,,,
T_pecari,3,51, cls_3 ,1.1294,63.9,5725.313,2.0416,,,,,
T_pecari,3,65, cls_3 ,1.0799,63.9,5726.0328,2.552,,,,,
T_pecari,3,69, cls_3 ,1.0358,63.9,5724.8831,0.3062,,,,,
T_pecari,3,71, cls_3 ,1.1672,95.85,2546.2911,1.6333,,,,,
T_pecari,3,81, cls_3 ,1.1376,243.324,400.4718,2.7562,,,,,
T_pecari,3,87, cls_3 ,1.1222,63.9,5725.3144,2.6541,,,,,
T_pecari,3,95, cls_3 ,1.2557,63.9,5762.6969,24.3972,,,,,
T_pecari,3,97, cls_3 ,1,63.9,5726.5682,0.1021,,,,,
T_pecari,3,98, cls_3 ,1.1228,101.0348,2292.9745,1.5312,,,,,
T_pecari,3,104, cls_3 ,1.0971,71.4424,4582.8157,2.4499,,,,,
T_pecari,3,106, cls_3 ,1,71.4424,4585.602,0.1021,,,,,
T_pecari,3,109, cls_3 ,1.0537,63.9,5725.395,0.4083,,,,,
T_pecari,3,112, cls_3 ,1.1193,63.9,5729.9944,5.104,,,,,
T_pecari,3,115, cls_3 ,1.1611,172.056,40.9072,6.2269,,,,,
T_pecari,3,117, cls_3 ,1.088,71.4424,4582.6042,1.1229,,,,,
T_pecari,3,122, cls_3 ,1.2253,63.9,118.0199,15.312,,,,,
T_pecari,3,123, cls_3 ,1.0283,127.8,644.349,0.7146,,,,,
T_pecari,3,142, cls_3 ,1.0283,127.8,1438.5787,0.7146,,,,,
T_pecari,3,145, cls_3 ,1.0467,71.4424,4580.9947,1.327,,,,,
T_pecari,3,153, cls_3 ,1.0471,186.2989,59.2212,1.9395,,,,,
T_pecari,3,162, cls_3 ,1.0688,63.9,56.7022,0.5104,,,,,
T_pecari,3,166, cls_3 ,1.0537,71.4424,19.8456,0.4083,,,,,
T_pecari,3,168, cls_3 ,1.229,63.9,51.7099,3.9811,,,,,
T_pecari,3,169, cls_3 ,1.105,1272.3965,5.1739,0.5104,,,,,
T_pecari,3,172, cls_3 ,1.0537,71.4424,17.1122,0.4083,,,,,
T_pecari,3,174, cls_3 ,1.0819,71.4424,55.7744,0.6125,,,,,
T_pecari,3,182, cls_3 ,1.1462,71.4424,4906.947,2.1437,,,,,
T_pecari,3,185, cls_3 ,1.0688,180.7365,108.421,0.5104,,,,,
T_pecari,3,186, cls_3 ,1.0819,159.75,1049.7197,0.6125,,,,,
T_pecari,3,191, cls_3 ,1.3239,63.9,4782.154,1371.7544,,,,,
T_pecari,3,193, cls_3 ,1.1808,71.4424,586.5096,3.4707,,,,,
T_pecari,3,196, cls_3 ,1.063,159.75,932.8771,0.9187,,,,,
T_pecari,3,199, cls_3 ,1.1618,71.4424,89.7996,5.104,,,,,
T_pecari,3,201, cls_3 ,1.0631,101.0348,1403.7476,0.7146,,,,,
T_pecari,3,205, cls_3 ,1.0631,71.4424,7266.7729,0.7146,,,,,
T_pecari,3,206, cls_3 ,1.0688,142.8847,1152.8374,0.5104,,,,,
T_pecari,3,207, cls_3 ,1.0283,101.0348,1027.2592,0.7146,,,,,
T_pecari,3,211, cls_3 ,1.0932,63.9,5908.9205,0.7146,,,,,
T_pecari,3,212, cls_3 ,1.1643,63.9,135.8366,3.5728,,,,,
T_pecari,3,213, cls_3 ,1.1125,142.8847,203.7218,0.6125,,,,,
T_pecari,3,218, cls_3 ,1.0688,159.75,168.4,0.5104,,,,,
T_pecari,3,219, cls_3 ,1.123,142.8847,96.4586,1.9395,,,,,
T_pecari,3,220, cls_3 ,1.1409,63.9,128.8022,12.2496,,,,,
T_pecari,3,223, cls_3 ,1.1222,90.3682,456.3903,2.6541,,,,,
T_pecari,3,224, cls_3 ,1.1197,71.4424,2916.3373,0.7146,,,,,
T_pecari,3,225, cls_3 ,1.0688,71.4424,1534.4555,0.5104,,,,,
T_pecari,3,226, cls_3 ,1.0585,71.4424,128.3801,4.8999,,,,,
T_pecari,3,228, cls_3 ,1.1711,101.0348,137.1219,5.4103,,,,,
T_pecari,3,229, cls_3 ,1,71.4424,2721.2795,0.1021,,,,,
T_pecari,3,232, cls_3 ,1.1039,101.0348,65.3204,4.7978,,,,,
T_pecari,3,233, cls_3 ,1.0491,191.7,8.3326,6.5331,,,,,
T_pecari,3,234, cls_3 ,1.1125,90.3682,185.2782,0.6125,,,,,
T_pecari,3,235, cls_3 ,1.0473,71.4424,2846.5392,0.8166,,,,,
T_pecari,3,238, cls_3 ,1.1565,63.9,220.8862,16.0266,,,,,
T_pecari,3,239, cls_3 ,1.0909,71.4424,16.4626,1.5312,,,,,
T_pecari,3,240, cls_3 ,1.0764,159.75,8.9188,1.0208,,,,,
T_pecari,3,241, cls_3 ,1.0443,131.7332,7.4308,4.0832,,,,,
T_pecari,3,242, cls_3 ,1,63.9,181.8715,0.1021,,,,,
T_pecari,3,246, cls_3 ,1,63.9,15.5039,0.1021,,,,,
T_pecari,3,247, cls_3 ,1.0467,63.9,236.3621,1.327,,,,,
T_pecari,3,248, cls_3 ,1.1153,63.9,12.8417,3.6749,,,,,
T_pecari,3,249, cls_3 ,1.1245,63.9,28.4891,5.5123,,,,,
T_pecari,3,250, cls_3 ,1.0819,131.7332,8.4283,0.6125,,,,,
T_pecari,3,251, cls_3 ,1.1744,63.9,94.4263,64.2085,,,,,
T_pecari,3,252, cls_3 ,1,115.1974,1149.3259,0.1021,,,,,
T_pecari,3,253, cls_3 ,1.0819,90.3682,1712.1809,0.6125,,,,,
T_pecari,3,254, cls_3 ,1.105,271.1047,27.7593,0.5104,,,,,
T_pecari,3,255, cls_3 ,1.1595,101.0348,17.4628,20.416,,,,,
T_pecari,3,257, cls_3 ,1.0465,172.056,6.2963,0.6125,,,,,
T_pecari,3,259, cls_3 ,1.088,162.9137,8.204,1.1229,,,,,
T_pecari,3,260, cls_3 ,1.0529,63.9,26.8066,1.8374,,,,,
T_pecari,3,262, cls_3 ,1,71.4424,12.9102,0.1021,,,,,
T_pecari,3,263, cls_3 ,1.1532,63.9,15.6279,7.656,,,,,
T_pecari,3,266, cls_3 ,1,63.9,3389.986,0.1021,,,,,
T_pecari,3,267, cls_3 ,1.0689,71.4424,41.1506,1.327,,,,,
T_pecari,3,268, cls_3 ,1.0338,127.8,10.4634,0.9187,,,,,
T_pecari,3,270, cls_3 ,1.0556,115.1974,10.284,1.225,,,,,
T_pecari,3,273, cls_3 ,1.0993,373.9652,5.8206,1.0208,,,,,
T_pecari,3,276, cls_3 ,1.2334,63.9,1555.2789,30.2158,,,,,
T_pecari,3,277, cls_3 ,1.1714,63.9,28.603,6.4311,,,,,
T_pecari,3,278, cls_3 ,1.0667,63.9,21.9294,3.2666,,,,,
T_pecari,3,279, cls_3 ,1.0283,131.7332,17.085,0.7146,,,,,
T_pecari,3,281, cls_3 ,1.0963,115.1974,188.391,2.7562,,,,,
T_pecari,3,283, cls_3 ,1.1068,63.9,1382.8711,11.7392,,,,,
T_pecari,3,284, cls_3 ,1.0338,101.0348,1353.8569,0.9187,,,,,
T_pecari,3,285, cls_3 ,1.1001,186.2989,10.7483,3.5728,,,,,
T_pecari,3,286, cls_3 ,1.2324,71.4424,11.6097,16.8432,,,,,
T_pecari,3,287, cls_3 ,1.0764,194.3443,290.4286,1.0208,,,,,
T_pecari,3,288, cls_3 ,1.0769,223.65,9.4607,0.8166,,,,,
T_pecari,3,293, cls_3 ,1.0899,63.9,26.9361,4.6957,,,,,
T_pecari,3,294, cls_3 ,1,71.4424,2710.6242,0.1021,,,,,
T_pecari,3,296, cls_3 ,1.177,63.9,3406.6537,7.1456,,,,,
T_pecari,3,300, cls_3 ,1.1182,63.9,45.0513,6.2269,,,,,
T_pecari,3,302, cls_3 ,1.0838,63.9,144.2577,4.1853,,,,,
T_pecari,3,304, cls_3 ,1.0155,63.9,13.1378,0.2042,,,,,
T_pecari,3,305, cls_3 ,1.1197,101.0348,15.2114,0.7146,,,,,
T_pecari,3,306, cls_3 ,1.0819,63.9,13.9642,0.6125,,,,,
T_pecari,3,307, cls_3 ,1.1035,135.5524,754.6773,7.656,,,,,
T_pecari,3,308, cls_3 ,1.2433,63.9,720.4098,35.0135,,,,,
T_pecari,3,309, cls_3 ,1.167,223.65,8.2442,8.4727,,,,,
T_pecari,3,310, cls_3 ,1.1265,63.9,3371.382,0.8166,,,,,
T_pecari,3,311, cls_3 ,1.1465,95.85,56.6105,5.3082,,,,,
T_pecari,3,312, cls_3 ,1.2255,71.4424,14.0202,5.104,,,,,
T_pecari,3,314, cls_3 ,1.1154,162.9137,18.5646,1.6333,,,,,
T_pecari,3,315, cls_3 ,1.063,71.4424,152.392,0.9187,,,,,
T_pecari,3,317, cls_3 ,1,71.4424,2701.4099,0.1021,,,,,
T_pecari,3,319, cls_3 ,1.1154,71.4424,16.1893,1.4291,,,,,
T_pecari,3,320, cls_3 ,1.0998,71.4424,45.0431,2.9603,,,,,
T_pecari,3,321, cls_3 ,1.0358,131.7332,74.713,0.3062,,,,,
T_pecari,3,322, cls_3 ,1.0155,63.9,1373.0049,0.2042,,,,,
T_pecari,3,323, cls_3 ,1.0529,71.4424,2703.2813,1.8374,,,,,
T_pecari,3,324, cls_3 ,1.1662,63.9,200.1437,7.0435,,,,,
T_pecari,3,325, cls_3 ,1.1742,63.9,32.0702,9.0851,,,,,
T_pecari,3,328, cls_3 ,1.095,90.3682,46.4431,6.9415,,,,,
T_pecari,3,329, cls_3 ,1.119,71.4424,106.126,3.2666,,,,,
T_pecari,3,333, cls_3 ,1.0806,71.4424,16.2402,2.8582,,,,,
T_pecari,3,334, cls_3 ,1.1631,63.9,3368.0086,1.5312,,,,,
T_pecari,3,335, cls_3 ,1.128,71.4424,24.1605,17.6599,,,,,
T_pecari,3,336, cls_3 ,1.1197,451.8412,12.5086,0.7146,,,,,
T_pecari,3,337, cls_3 ,1,71.4424,97.3111,0.1021,,,,,
T_pecari,3,338, cls_3 ,1.078,71.4424,16.1875,1.225,,,,,
T_pecari,3,340, cls_3 ,1.0933,71.4424,33.6979,1.7354,,,,,
T_pecari,3,341, cls_3 ,1.1031,71.4424,103.4578,0.8166,,,,,
T_pecari,3,342, cls_3 ,1,71.4424,24.5339,0.1021,,,,,
T_pecari,3,343, cls_3 ,1.0475,71.4424,27.1484,3.0624,,,,,
T_pecari,3,347, cls_3 ,1.1228,63.9,470.8606,1.5312,,,,,
T_pecari,3,348, cls_3 ,1.2292,63.9,136.7895,43.5883,,,,,
T_pecari,3,349, cls_3 ,1.118,63.9,158.2457,2.7562,,,,,
T_pecari,3,351, cls_3 ,1.157,90.3682,27.4843,5.6144,,,,,
T_pecari,3,352, cls_3 ,1.0993,71.4424,87.4231,8.4727,,,,,
T_pecari,3,353, cls_3 ,1.1265,101.0348,1352.112,0.8166,,,,,
T_pecari,3,354, cls_3 ,1.0131,135.5524,753.3031,0.8166,,,,,
T_pecari,3,357, cls_3 ,1.1159,71.4424,26.5065,2.552,,,,,
T_pecari,3,358, cls_3 ,1.1338,257.5891,10.8806,10.5143,,,,,
T_pecari,3,359, cls_3 ,1.243,63.9,5083.9831,186.3985,,,,,
T_pecari,3,361, cls_3 ,1.0306,63.9,41.8277,1.225,,,,,
T_pecari,3,362, cls_3 ,1.0764,230.3947,8.6359,1.0208,,,,,
T_pecari,3,366, cls_3 ,1.0716,90.3682,240.9643,3.879,,,,,
T_pecari,3,367, cls_3 ,1.0909,63.9,115.4413,1.5312,,,,,
T_pecari,3,368, cls_3 ,1.1197,127.8,32.3396,0.7146,,,,,
T_pecari,3,369, cls_3 ,1.0537,135.5524,43.3892,0.4083,,,,,
T_pecari,3,371, cls_3 ,1.0473,127.8,845.7107,0.8166,,,,,
T_pecari,3,373, cls_3 ,1.0261,230.3947,15.1337,0.5104,,,,,
T_pecari,3,374, cls_3 ,1.1242,71.4424,25.9221,1.327,,,,,
T_pecari,3,375, cls_3 ,1.0769,71.4424,2692.9878,0.8166,,,,,
T_pecari,3,377, cls_3 ,1.1197,63.9,47.5634,0.7146,,,,,
T_pecari,3,378, cls_3 ,1.105,71.4424,25.7845,0.5104,,,,,
T_pecari,3,379, cls_3 ,1.0932,214.3271,265.7461,0.7146,,,,,
T_pecari,3,382, cls_3 ,1.1242,71.4424,40.7623,1.327,,,,,
T_pecari,3,383, cls_3 ,1.1749,63.9,177.3385,5.7165,,,,,
T_pecari,3,387, cls_3 ,1.2429,71.4424,22.5013,55.3275,,,,,
T_pecari,3,388, cls_3 ,1.0473,71.4424,129.4576,0.8166,,,,,
T_pecari,3,390, cls_3 ,1.116,71.4424,117.1023,1.8374,,,,,
T_pecari,3,391, cls_3 ,1.0769,194.3443,43.4399,0.8166,,,,,
T_pecari,3,395, cls_3 ,1.1413,63.9,546.5195,4.6957,,,,,
T_pecari,3,396, cls_3 ,1.0338,142.8847,106.4167,0.9187,,,,,
T_pecari,3,401, cls_3 ,1.175,71.4424,1509.2339,1.5312,,,,,
T_pecari,3,404, cls_3 ,1.1125,71.4424,38.5467,0.6125,,,,,
T_pecari,3,409, cls_3 ,1.0869,63.9,860.0379,1.8374,,,,,
T_pecari,3,413, cls_3 ,1.0155,63.9,144.1869,0.2042,,,,,
T_pecari,3,414, cls_3 ,1.2281,90.3682,87.9641,1.8374,,,,,
T_pecari,3,415, cls_3 ,1,63.9,50.1726,0.1021,,,,,
T_pecari,3,416, cls_3 ,1.078,71.4424,29.1521,1.225,,,,,
T_pecari,3,417, cls_3 ,1.0809,243.324,173.9925,1.9395,,,,,
T_pecari,3,419, cls_3 ,1.1228,101.0348,799.0134,1.5312,,,,,
T_pecari,3,421, cls_3 ,1.1622,135.5524,43.4792,2.0416,,,,,
T_pecari,3,422, cls_3 ,1.2018,63.9,487.9572,13.5767,,,,,
T_pecari,3,426, cls_3 ,1.0283,71.4424,47.2697,0.7146,,,,,
T_pecari,3,429, cls_3 ,1.1043,90.3682,17.8,4.0832,,,,,
T_pecari,3,434, cls_3 ,1.0537,249.5375,10.8127,0.4083,,,,,
T_pecari,3,435, cls_3 ,1.0283,131.7332,9.3545,0.7146,,,,,
T_pecari,3,448, cls_3 ,1.1281,131.7332,8.0422,2.7562,,,,,
T_pecari,3,453, cls_3 ,1.1589,63.9,1355.3213,1.4291,,,,,
T_pecari,3,454, cls_3 ,1.148,95.85,1498.8304,5.8186,,,,,
T_pecari,3,455, cls_3 ,1.0358,63.9,112.7113,0.3062,,,,,
T_pecari,3,457, cls_3 ,1,63.9,488.6753,0.1021,,,,,
T_pecari,3,458, cls_3 ,1,63.9,115.5758,0.1021,,,,,
T_pecari,3,463, cls_3 ,1.0819,90.3682,802.4889,0.6125,,,,,
T_pecari,3,464, cls_3 ,1.1096,63.9,346.6227,3.2666,,,,,
T_pecari,3,467, cls_3 ,1.063,230.3947,137.3507,0.9187,,,,,
T_pecari,3,471, cls_3 ,1.1265,90.3682,95.277,0.8166,,,,,
T_pecari,3,475, cls_3 ,1.1976,63.9,3373.8724,3.1645,,,,,
T_pecari,3,476, cls_3 ,1.0283,159.75,541.499,0.7146,,,,,
T_pecari,3,477, cls_3 ,1.0843,95.85,19.6625,2.4499,,,,,
T_pecari,3,478, cls_3 ,1.1863,63.9,161.6759,7.0435,,,,,
T_pecari,3,483, cls_3 ,1.0155,95.85,1496.5849,0.2042,,,,,
T_pecari,3,485, cls_3 ,1.1662,95.85,41.1603,7.0435,,,,,
T_pecari,3,486, cls_3 ,1.1085,63.9,24.7534,1.1229,,,,,
T_pecari,3,490, cls_3 ,1.1154,63.9,3369.7628,1.6333,,,,,
T_pecari,3,492, cls_3 ,1.0556,63.9,3363.3553,1.225,,,,,
T_pecari,3,493, cls_3 ,1,71.4424,14.1488,0.1021,,,,,
T_pecari,3,495, cls_3 ,1.1296,71.4424,2691.1306,1.6333,,,,,
T_pecari,3,500, cls_3 ,1.0932,71.4424,11.8633,0.7146,,,,,
T_pecari,3,501, cls_3 ,1.1412,486.6479,8.4093,6.5331,,,,,
T_pecari,3,502, cls_3 ,1.0465,71.4424,4078.1619,0.6125,,,,,
T_pecari,3,503, cls_3 ,1.0155,63.9,25.1906,0.2042,,,,,
T_pecari,3,508, cls_3 ,1.1601,71.4424,1504.0399,2.4499,,,,,
T_pecari,3,512, cls_3 ,1.0932,63.9,71.1674,0.7146,,,,,
T_pecari,3,513, cls_3 ,1.0909,71.4424,4046.7893,0.2042,,,,,
T_pecari,3,515, cls_3 ,1.2822,63.9,713.6691,2054.7734,,,,,
T_pecari,3,517, cls_3 ,1.0688,63.9,1704.1713,0.5104,,,,,
T_pecari,3,518, cls_3 ,1.1351,186.2989,112.2058,4.3895,,,,,
T_pecari,3,519, cls_3 ,1.1117,162.9137,49.5818,2.1437,,,,,
T_pecari,3,520, cls_3 ,1.1325,63.9,3365.4649,5.104,,,,,
T_pecari,3,521, cls_3 ,1.1197,225.9206,10.074,0.7146,,,,,
T_pecari,3,522, cls_3 ,1,71.4424,17.5959,0.1021,,,,,
T_pecari,3,523, cls_3 ,1.1187,63.9,3366.461,2.2458,,,,,
T_pecari,3,524, cls_3 ,1.0306,71.4424,19.3521,1.225,,,,,
T_pecari,3,525, cls_3 ,1.0631,95.85,210.5968,0.7146,,,,,
T_pecari,3,526, cls_3 ,1.2055,71.4424,1687.6609,1.4291,,,,,
T_pecari,3,527, cls_3 ,1.0932,63.9,3367.7284,0.7146,,,,,
T_pecari,3,528, cls_3 ,1.2058,63.9,1691.2901,8.5747,,,,,
T_pecari,3,531, cls_3 ,1.1622,71.4424,226.4609,2.0416,,,,,
T_pecari,3,532, cls_3 ,1.1336,63.9,9.7231,2.8582,,,,,
T_pecari,3,533, cls_3 ,1,95.85,70.3726,0.1021,,,,,
T_pecari,3,534, cls_3 ,1.1376,90.3682,115.7517,2.7562,,,,,
T_pecari,3,536, cls_3 ,1.1294,191.7,78.8127,2.0416,,,,,
T_pecari,3,537, cls_3 ,1.0764,159.75,171.6275,1.0208,,,,,
T_pecari,3,539, cls_3 ,1.1952,63.9,1691.9354,10.3101,,,,,
T_pecari,3,540, cls_3 ,1.0932,202.0695,8.6593,0.7146,,,,,
T_pecari,3,541, cls_3 ,1.0932,63.9,209.5944,0.7146,,,,,
T_pecari,3,542, cls_3 ,1,90.3682,47.1277,0.1021,,,,,
T_pecari,3,543, cls_3 ,1.0932,180.7365,423.1709,0.7146,,,,,
T_pecari,3,544, cls_3 ,1.1238,63.9,402.3707,3.6749,,,,,
T_pecari,3,545, cls_3 ,1.0283,172.056,377.8926,0.7146,,,,,
T_pecari,3,547, cls_3 ,1,63.9,16.2293,0.1021,,,,,
T_pecari,3,548, cls_3 ,1.1762,71.4424,21.3697,4.6957,,,,,
T_pecari,3,551, cls_3 ,1.1695,202.0695,8.3849,0.9187,,,,,
T_pecari,3,552, cls_3 ,1.0769,404.1391,15.1946,0.8166,,,,,
T_pecari,3,553, cls_3 ,1.1292,95.85,51.118,1.8374,,,,,
T_pecari,3,554, cls_3 ,1.0869,63.9,114.5881,1.8374,,,,,
T_pecari,3,555, cls_3 ,1.1413,63.9,9.6105,8.9831,,,,,
T_pecari,3,556, cls_3 ,1.0819,90.3682,17.9821,0.6125,,,,,
T_pecari,3,557, cls_3 ,1.0881,71.4424,150.0752,4.3895,,,,,
T_pecari,3,558, cls_3 ,1.1519,71.4424,24.4805,0.9187,,,,,
T_pecari,3,559, cls_3 ,1.1598,172.056,466.164,3.0624,,,,,
T_pecari,3,560, cls_3 ,1.0631,115.1974,47.3562,0.7146,,,,,
T_pecari,3,561, cls_3 ,1.0819,285.7695,5.1557,0.6125,,,,,
T_pecari,3,565, cls_3 ,1.0537,90.3682,24.153,0.4083,,,,,
T_pecari,3,566, cls_3 ,1.0386,71.4424,573.3679,1.4291,,,,,
T_pecari,3,567, cls_3 ,1.1906,63.9,25.709,9.0851,,,,,
T_pecari,3,568, cls_3 ,1,71.4424,543.7711,0.1021,,,,,
T_pecari,3,570, cls_3 ,1.1103,63.9,78.3819,2.9603,,,,,
T_pecari,3,573, cls_3 ,1.0473,230.3947,16.4688,0.8166,,,,,
T_pecari,3,574, cls_3 ,1.1265,90.3682,38.7153,0.8166,,,,,
T_pecari,3,575, cls_3 ,1,63.9,109.0327,0.1021,,,,,
T_pecari,3,576, cls_3 ,1.0809,71.4424,273.4931,1.9395,,,,,
T_pecari,3,577, cls_3 ,1,63.9,31.5542,0.1021,,,,,
T_pecari,3,578, cls_3 ,1.1554,90.3682,2245.6252,2.552,,,,,
T_pecari,3,579, cls_3 ,1.0631,159.75,27.2395,0.7146,,,,,
T_pecari,3,581, cls_3 ,1.0338,63.9,135.9376,0.9187,,,,,
T_pecari,3,582, cls_3 ,1.1298,71.4424,35.4291,6.9415,,,,,
T_pecari,3,583, cls_3 ,1.0358,71.4424,28.5045,0.3062,,,,,
T_pecari,3,584, cls_3 ,1.0395,415.35,58.3028,1.7354,,,,,
T_pecari,3,586, cls_3 ,1.1358,71.4424,6.3695,1.7354,,,,,
T_pecari,3,588, cls_3 ,1.2106,63.9,791.1138,43.4862,,,,,
T_pecari,3,589, cls_3 ,1.1075,214.3271,24.8615,1.5312,,,,,
T_pecari,3,590, cls_3 ,1.1726,71.4424,33.7443,2.552,,,,,
T_pecari,3,591, cls_3 ,1.0283,71.4424,33.6092,0.7146,,,,,
T_pecari,3,592, cls_3 ,1.0509,159.75,16.8671,1.0208,,,,,
T_pecari,3,593, cls_3 ,1.1927,71.4424,18.5675,6.6352,,,,,
T_pecari,3,594, cls_3 ,1.178,63.9,47.5151,3.1645,,,,,
T_pecari,3,595, cls_3 ,1.0517,172.056,696.1433,2.552,,,,,
T_pecari,3,596, cls_3 ,1.1395,71.4424,8.328,0.6125,,,,,
T_pecari,3,598, cls_3 ,1.263,63.9,5057.3169,27.1533,,,,,
T_pecari,3,599, cls_3 ,1.0909,63.9,19.5785,0.2042,,,,,
T_pecari,3,602, cls_3 ,1.0998,71.4424,20.9915,2.9603,,,,,
T_pecari,3,604, cls_3 ,1.1199,71.4424,15.2066,1.0208,,,,,
T_pecari,3,607, cls_3 ,1.0752,223.65,92.6708,7.9623,,,,,
T_pecari,3,608, cls_3 ,1.1031,71.4424,18.5652,0.8166,,,,,
T_pecari,3,609, cls_3 ,1,63.9,5036.9203,0.1021,,,,,
T_pecari,3,610, cls_3 ,1.1683,142.8847,21.9634,11.6371,,,,,
T_pecari,3,611, cls_3 ,1.1543,71.4424,14.4024,1.327,,,,,
T_pecari,3,612, cls_3 ,1.0155,63.9,5034.1174,0.2042,,,,,
T_pecari,3,615, cls_3 ,1,71.4424,4027.4277,0.1021,,,,,
T_pecari,3,616, cls_3 ,1.1644,131.7332,11.9646,4.4915,,,,,
T_pecari,3,617, cls_3 ,1.1637,474.9709,5.1164,2.7562,,,,,
T_pecari,3,618, cls_3 ,1.1597,1048.0379,12.1527,2.6541,,,,,
T_pecari,3,622, cls_3 ,1.1073,127.8,171.4739,1.327,,,,,
T_pecari,3,625, cls_3 ,1.1199,101.0348,11.9847,1.0208,,,,,
T_pecari,3,626, cls_3 ,1.046,314.671,6.1039,1.6333,,,,,
T_pecari,3,627, cls_3 ,1.2157,131.7332,1190.6223,2.8582,,,,,
T_pecari,3,628, cls_3 ,1.1154,63.9,5063.2416,1.4291,,,,,
T_pecari,3,629, cls_3 ,1.1519,127.8,597.2158,3.0624,,,,,
T_pecari,3,630, cls_3 ,1.1554,63.9,5036.6577,2.552,,,,,
T_pecari,3,631, cls_3 ,1.1275,71.4424,191.7504,7.8602,,,,,
T_pecari,3,632, cls_3 ,1.0914,63.9,132.5906,0.3062,,,,,
T_pecari,3,634, cls_3 ,1.128,101.0348,7.6255,3.2666,,,,,
T_pecari,3,635, cls_3 ,1.0155,71.4424,13.4548,0.2042,,,,,
T_pecari,3,637, cls_3 ,1.1073,63.9,5041.2142,6.5331,,,,,
T_pecari,3,638, cls_3 ,1.0998,71.4424,7.4296,2.9603,,,,,
T_pecari,3,639, cls_3 ,1.0509,63.9,5070.0987,1.0208,,,,,
T_pecari,3,640, cls_3 ,1.0556,63.9,247.0104,1.225,,,,,
T_pecari,3,641, cls_3 ,1.2095,63.9,46.7068,2.8582,,,,,
T_pecari,3,645, cls_3 ,1.109,115.1974,8.5618,2.4499,,,,,
T_pecari,3,646, cls_3 ,1,63.9,21.5892,0.1021,,,,,
T_pecari,3,647, cls_3 ,1.078,71.4424,35.3997,1.225,,,,,
T_pecari,3,648, cls_3 ,1.0657,63.9,4095.1595,1.6333,,,,,
T_pecari,3,649, cls_3 ,1.0758,63.9,1568.5038,2.6541,,,,,
T_pecari,3,650, cls_3 ,1,63.9,123.2911,0.1021,,,,,
T_pecari,3,652, cls_3 ,1,115.1974,8.1171,0.1021,,,,,
T_pecari,3,653, cls_3 ,1.2176,63.9,16.8607,12.1475,,,,,
T_pecari,3,654, cls_3 ,1.1649,71.4424,22.3712,0.7146,,,,,
T_pecari,3,656, cls_3 ,1.053,63.9,9.8382,1.5312,,,,,
T_pecari,3,657, cls_3 ,1.0914,71.4424,1186.2929,0.3062,,,,,
T_pecari,3,658, cls_3 ,1,71.4424,493.5964,0.1021,,,,,
T_pecari,3,659, cls_3 ,1.0734,186.2989,279.1203,3.0624,,,,,
T_pecari,3,660, cls_3 ,1.093,95.85,2240.0064,4.1853,,,,,
T_pecari,3,661, cls_3 ,1.0975,71.4424,807.2496,0.4083,,,,,
T_pecari,3,662, cls_3 ,1,63.9,40.0704,0.1021,,,,,
T_pecari,3,664, cls_3 ,1,63.9,10.9276,0.1021,,,,,
T_pecari,3,666, cls_3 ,1.1085,63.9,8.7393,1.1229,,,,,
T_pecari,3,667, cls_3 ,1.1513,63.9,5.4851,3.777,,,,,
T_pecari,3,669, cls_3 ,1.0909,95.85,2237.5958,1.5312,,,,,
T_pecari,3,675, cls_3 ,1.1017,95.85,8.3887,2.3478,,,,,
T_pecari,3,676, cls_3 ,1.1536,191.7,561.2845,4.1853,,,,,
T_pecari,3,679, cls_3 ,1,63.9,14.0438,0.1021,,,,,
T_pecari,3,680, cls_3 ,1.0932,447.3,3.5811,0.7146,,,,,
T_pecari,3,685, cls_3 ,1.0445,63.9,5034.4505,2.3478,,,,,
T_pecari,3,686, cls_3 ,1.1251,159.75,4.8344,2.3478,,,,,
T_pecari,3,687, cls_3 ,1.0556,191.7,4.8862,1.225,,,,,
T_pecari,3,688, cls_3 ,1.1319,95.85,7.5405,3.6749,,,,,
T_pecari,3,690, cls_3 ,1.088,127.8,1259.5283,1.1229,,,,,
T_pecari,3,691, cls_3 ,1.105,685.9956,3.5307,0.5104,,,,,
T_pecari,3,693, cls_3 ,1.063,95.85,7.4767,0.9187,,,,,
T_pecari,3,694, cls_3 ,1.0701,232.5995,381.9502,2.1437,,,,,
T_pecari,3,695, cls_3 ,1.1641,63.9,7.3454,1.225,,,,,
T_pecari,3,696, cls_3 ,1.1031,131.7332,35.7649,0.8166,,,,,
T_pecari,3,697, cls_3 ,1.1398,63.9,21.3723,1.327,,,,,
T_pecari,3,698, cls_3 ,1.1271,71.4424,23.8039,1.1229,,,,,
T_pecari,3,700, cls_3 ,1.2393,63.9,13.3232,10.1059,,,,,
T_pecari,3,702, cls_3 ,1.0606,131.7332,72.5462,1.4291,,,,,
T_pecari,3,703, cls_3 ,1.1316,63.9,14.3086,6.1248,,,,,
T_pecari,3,704, cls_3 ,1.1638,63.9,12.2378,0.5104,,,,,
T_pecari,3,705, cls_3 ,1.1043,63.9,5033.7745,4.0832,,,,,
T_pecari,3,708, cls_3 ,1.129,63.9,36.8589,6.6352,,,,,
T_pecari,3,710, cls_3 ,1.0761,272.9809,22.9545,25.7242,,,,,
T_pecari,3,711, cls_3 ,1.0769,101.0348,2015.0226,0.8166,,,,,
T_pecari,3,713, cls_3 ,1.0471,223.65,57.6935,1.9395,,,,,
T_pecari,3,715, cls_3 ,1.1544,95.85,12.781,6.6352,,,,,
T_pecari,3,717, cls_3 ,1.1197,63.9,22.4875,0.7146,,,,,
T_pecari,3,718, cls_3 ,1.1482,90.3682,20.7113,1.7354,,,,,
T_pecari,3,719, cls_3 ,1.2194,63.9,14.8752,7.3498,,,,,
T_pecari,3,720, cls_3 ,1.1726,63.9,16.467,4.3895,,,,,
T_pecari,3,721, cls_3 ,1.0631,63.9,31.301,0.7146,,,,,
T_pecari,3,724, cls_3 ,1,63.9,22.3696,0.1021,,,,,
T_pecari,3,727, cls_3 ,1.1601,90.3682,2517.7939,2.4499,,,,,
T_pecari,3,728, cls_3 ,1,63.9,5033.2808,0.1021,,,,,
T_pecari,3,729, cls_3 ,1.0366,63.9,19.3952,2.1437,,,,,
T_pecari,3,730, cls_3 ,1.0932,63.9,14.8643,0.7146,,,,,
T_pecari,3,732, cls_3 ,1.1543,142.8847,14.9699,1.327,,,,,
T_pecari,3,739, cls_3 ,1.2198,63.9,21.0514,12.658,,,,,
T_pecari,3,740, cls_3 ,1.0155,63.9,14.2276,0.2042,,,,,
T_pecari,3,741, cls_3 ,1.0932,194.3443,546.2339,0.7146,,,,,
T_pecari,3,742, cls_3 ,1.1357,71.4424,37.0297,4.0832,,,,,
T_pecari,3,747, cls_3 ,1.1125,71.4424,15.1157,15.9245,,,,,
T_pecari,3,751, cls_3 ,1.0819,71.4424,27.685,0.6125,,,,,
T_pecari,3,752, cls_3 ,1.1265,71.4424,18.439,0.8166,,,,,
T_pecari,3,755, cls_3 ,1,63.9,4.7273,0.1021,,,,,
T_pecari,3,757, cls_3 ,1.0358,63.9,4.6273,0.3062,,,,,
T_pecari,3,758, cls_3 ,1.0988,162.9137,775.2271,2.1437,,,,,
T_pecari,3,759, cls_3 ,1.1409,272.9809,18.5338,2.0416,,,,,
T_pecari,3,760, cls_3 ,1.0889,71.4424,4027.8341,0.9187,,,,,
T_pecari,3,761, cls_3 ,1.1674,63.9,5.316,3.2666,,,,,
T_pecari,3,762, cls_3 ,1.1085,63.9,10.2806,1.1229,,,,,
T_pecari,3,767, cls_3 ,1.1585,63.9,5074.5024,4.4915,,,,,
T_pecari,3,769, cls_3 ,1.0631,191.7,3.1287,0.7146,,,,,
T_pecari,3,776, cls_3 ,1.109,63.9,5046.0489,16.537,,,,,
T_pecari,3,779, cls_3 ,1.0769,830.7,3.0171,0.8166,,,,,
T_pecari,3,783, cls_3 ,1,71.4424,4060.2889,0.1021,,,,,
T_pecari,3,787, cls_3 ,1.0688,620.3568,6.9148,0.5104,,,,,
T_pecari,3,789, cls_3 ,1.0688,629.342,13.6998,0.5104,,,,,
T_pecari,3,790, cls_3 ,1.0473,620.3568,4.5606,0.8166,,,,,
T_pecari,3,791, cls_3 ,1.046,191.7,560.0585,1.6333,,,,,
T_pecari,3,793, cls_3 ,1.0647,63.9,5033.1955,1.9395,,,,,
T_pecari,3,794, cls_3 ,1.0907,172.056,695.4621,6.329,,,,,
T_pecari,3,795, cls_3 ,1.0386,162.9137,458.6637,1.4291,,,,,
T_pecari,3,796, cls_3 ,1.0651,142.8847,87.8622,2.2458,,,,,
T_pecari,3,797, cls_3 ,1.1482,63.9,5048.7427,7.0435,,,,,
T_pecari,3,798, cls_3 ,1.1075,325.8273,4.6207,2.7562,,,,,
T_pecari,3,799, cls_3 ,1.1288,127.8,595.5198,5.6144,,,,,
T_pecari,3,800, cls_3 ,1.1878,63.9,44.9666,133.623,,,,,
T_pecari,3,801, cls_3 ,1.0975,63.9,138.681,0.4083,,,,,
T_pecari,3,802, cls_3 ,1.1578,71.4424,114.8171,1.9395,,,,,
T_pecari,3,803, cls_3 ,1.1543,63.9,2274.4081,1.327,,,,,
T_pecari,3,804, cls_3 ,1.0688,325.8273,5.7369,0.5104,,,,,
T_pecari,3,805, cls_3 ,1.0358,63.9,178.8223,0.3062,,,,,
T_pecari,3,806, cls_3 ,1.1682,71.4424,331.5378,5.3082,,,,,
T_pecari,3,807, cls_3 ,1,71.4424,297.27,0.1021,,,,,
T_pecari,3,808, cls_3 ,1.1237,71.4424,2531.3202,8.5747,,,,,
T_pecari,3,809, cls_3 ,1.1694,115.1974,79.1923,5.0019,,,,,
T_pecari,3,810, cls_3 ,1.1265,115.1974,1553.789,2.552,,,,,
T_pecari,3,813, cls_3 ,1,71.4424,640.0877,0.1021,,,,,
T_pecari,3,814, cls_3 ,1.1726,142.8847,45.8676,7.4519,,,,,
T_pecari,3,816, cls_3 ,1.1856,127.8,75.7271,7.3498,,,,,
T_pecari,3,818, cls_3 ,1.1242,131.7332,2.0906,1.327,,,,,
T_pecari,3,819, cls_3 ,1,131.7332,2.5251,0.1021,,,,,
T_pecari,3,822, cls_3 ,1.0605,71.4424,85.686,3.4707,,,,,
T_pecari,3,823, cls_3 ,1.0155,63.9,331.8455,0.2042,,,,,
T_pecari,3,824, cls_3 ,1.0631,71.4424,50.2367,0.7146,,,,,
T_pecari,3,825, cls_3 ,1.0975,194.3443,38.3472,0.4083,,,,,
T_pecari,3,68, cls_4 ,1.0654,131.7332,5.1375,1.1229,,,,,
T_pecari,3,72, cls_4 ,1.1311,95.85,9.5126,5.8186,,,,,
T_pecari,3,78, cls_4 ,1.1845,63.9,9.4894,8.7789,,,,,
T_pecari,3,84, cls_4 ,1.1463,63.9,20.3175,6.5331,,,,,
T_pecari,3,107, cls_4 ,1.1649,63.9,38.1412,0.7146,,,,,
T_pecari,3,135, cls_4 ,1.1309,63.9,17.0833,1.4291,,,,,
T_pecari,4,1, cls_1 ,1.2651,63.9,812.3682,19342.472,,,,,
T_pecari,4,7, cls_1 ,1.105,71.4424,37896.8265,0.5104,,,,,
T_pecari,4,8, cls_1 ,1.1117,90.3682,3828.3293,2.1437,,,,,
T_pecari,4,9, cls_1 ,1.1722,63.9,47379.4327,31.2366,,,,,
T_pecari,4,13, cls_1 ,1.0402,71.4424,5983.9171,1.1229,,,,,
T_pecari,4,17, cls_1 ,1.1197,71.4424,5326.0558,0.7146,,,,,
T_pecari,4,18, cls_1 ,1.0889,63.9,6610.8428,0.9187,,,,,
T_pecari,4,21, cls_1 ,1.0155,71.4424,37899.3096,0.2042,,,,,
T_pecari,4,23, cls_1 ,1.0155,63.9,47376.7574,0.2042,,,,,
T_pecari,4,24, cls_1 ,1.0688,71.4424,37900.0422,0.5104,,,,,
T_pecari,4,36, cls_1 ,1.1477,71.4424,37900.6747,0.8166,,,,,
T_pecari,4,39, cls_1 ,1.1372,115.1974,14576.7937,1.5312,,,,,
T_pecari,4,42, cls_1 ,1.1506,71.4424,3108.8942,1.5312,,,,,
T_pecari,4,52, cls_1 ,1.0604,127.8,11845.2643,2.3478,,,,,
T_pecari,4,53, cls_1 ,1.0631,127.8,1173.595,0.7146,,,,,
T_pecari,4,55, cls_1 ,1.1265,63.9,23686.8363,0.8166,,,,,
T_pecari,4,58, cls_1 ,1,63.9,47373.3684,0.1021,,,,,
T_pecari,4,60, cls_1 ,1.1233,90.3682,3579.114,3.9811,,,,,
T_pecari,4,62, cls_1 ,1.0358,63.9,47371.4777,0.3062,,,,,
T_pecari,4,63, cls_1 ,1.1199,71.4424,11852.9132,1.0208,,,,,
T_pecari,4,66, cls_1 ,1.0987,63.9,47377.3346,1.4291,,,,,
T_pecari,4,69, cls_1 ,1.0982,71.4424,3581.3886,1.225,,,,,
T_pecari,4,75, cls_1 ,1.1372,63.9,11847.2248,1.5312,,,,,
T_pecari,4,77, cls_1 ,1.1589,63.9,18954.2934,1.4291,,,,,
T_pecari,4,82, cls_1 ,1,63.9,47370.8912,0.1021,,,,,
T_pecari,4,83, cls_1 ,1.0909,90.3682,23687.4028,1.5312,,,,,
T_pecari,4,107, cls_1 ,1,71.4424,37896.7356,0.1021,,,,,
T_pecari,4,127, cls_1 ,1.1395,232.5995,3575.2684,0.6125,,,,,
T_pecari,4,140, cls_1 ,1.0155,63.9,47370.868,0.2042,,,,,
T_pecari,4,145, cls_1 ,1.0971,388.6885,1280.4746,2.4499,,,,,
T_pecari,4,147, cls_1 ,1.0769,333.5678,1738.6606,0.8166,,,,,
T_pecari,4,153, cls_1 ,1.0283,135.5524,10527.1122,0.7146,,,,,
T_pecari,4,194, cls_1 ,1,63.9,47371.086,0.4083,,,,,
T_pecari,4,197, cls_1 ,1.0155,63.9,47370.8951,0.2042,,,,,
T_pecari,4,210, cls_1 ,1.0537,90.3682,23685.5914,0.4083,,,,,
T_pecari,4,212, cls_1 ,1.1278,90.3682,23685.8899,7.4519,,,,,
T_pecari,4,223, cls_1 ,1.1589,90.3682,23685.755,1.4291,,,,,
T_pecari,4,227, cls_1 ,1.1489,63.9,2230.7382,7.656,,,,,
T_pecari,4,228, cls_1 ,1.0465,172.056,6535.4199,0.6125,,,,,
T_pecari,4,234, cls_1 ,1,63.9,1572.4177,0.1021,,,,,
T_pecari,4,238, cls_1 ,1.1589,135.5524,10531.4423,1.4291,,,,,
T_pecari,4,239, cls_1 ,1.0769,101.0348,14584.119,0.8166,,,,,
T_pecari,4,242, cls_1 ,1.1095,63.9,47374.8593,8.0643,,,,,
T_pecari,4,244, cls_1 ,1.0047,63.9,47370.9822,0.6125,,,,,
T_pecari,4,253, cls_1 ,1.0175,63.9,14576.9569,2.1437,,,,,
T_pecari,4,254, cls_1 ,1.0358,63.9,47373.4834,0.3062,,,,,
T_pecari,4,255, cls_1 ,1.0441,63.9,47376.2075,4.5936,,,,,
T_pecari,4,261, cls_1 ,1,63.9,10532.8497,0.1021,,,,,
T_pecari,4,270, cls_1 ,1.0155,71.4424,14577.5149,0.2042,,,,,
T_pecari,4,271, cls_1 ,1.1197,71.4424,18949.8842,0.7146,,,,,
T_pecari,4,273, cls_1 ,1,71.4424,37897.7199,0.1021,,,,,
T_pecari,4,278, cls_1 ,1.1075,101.0348,18949.2237,1.5312,,,,,
T_pecari,4,284, cls_1 ,1.0155,162.9137,7288.1825,0.2042,,,,,
T_pecari,4,287, cls_1 ,1.0894,95.85,21054.8712,3.2666,,,,,
T_pecari,4,289, cls_1 ,1.0688,71.4424,37897.3583,0.5104,,,,,
T_pecari,4,300, cls_1 ,1.0843,159.75,7580.4496,2.4499,,,,,
T_pecari,4,304, cls_1 ,1.0836,63.9,47371.5714,1.6333,,,,,
T_pecari,4,306, cls_1 ,1,71.4424,37896.9896,0.1021,,,,,
T_pecari,4,307, cls_1 ,1.105,90.3682,5124.4344,0.5104,,,,,
T_pecari,4,311, cls_1 ,1.0537,63.9,47372.2175,0.4083,,,,,
T_pecari,4,314, cls_1 ,1.0688,71.4424,37897.6665,0.5104,,,,,
T_pecari,4,316, cls_1 ,1.0358,71.4424,7585.4429,0.3062,,,,,
T_pecari,4,320, cls_1 ,1,63.9,47372.4293,0.1021,,,,,
T_pecari,4,323, cls_1 ,1.0769,63.9,3108.8876,0.8166,,,,,
T_pecari,4,325, cls_1 ,1.0688,63.9,37897.3523,0.5104,,,,,
T_pecari,4,326, cls_1 ,1.0283,63.9,3869.8568,0.7146,,,,,
T_pecari,4,327, cls_1 ,1.1294,71.4424,9476.4694,2.0416,,,,,
T_pecari,4,331, cls_1 ,1.0805,131.7332,7581.1509,1.4291,,,,,
T_pecari,4,334, cls_1 ,1.0155,63.9,47371.5892,0.2042,,,,,
T_pecari,4,338, cls_1 ,1.0909,71.4424,37897.3011,0.2042,,,,,
T_pecari,4,340, cls_1 ,1.0473,71.4424,37897.9442,0.8166,,,,,
T_pecari,4,344, cls_1 ,1.0982,71.4424,14577.5305,1.225,,,,,
T_pecari,4,348, cls_1 ,1.0473,101.0348,2234.8721,0.8166,,,,,
T_pecari,4,351, cls_1 ,1.0465,95.85,21057.1149,0.6125,,,,,
T_pecari,4,352, cls_1 ,1.0717,90.3682,23686.4119,4.2874,,,,,
T_pecari,4,355, cls_1 ,1.0402,142.8847,9474.7965,1.1229,,,,,
T_pecari,4,356, cls_1 ,1.089,63.9,47371.9286,1.327,,,,,
T_pecari,4,358, cls_1 ,1.0261,71.4424,18952.3755,0.5104,,,,,
T_pecari,4,363, cls_1 ,1.1474,71.4424,37898.8209,2.9603,,,,,
T_pecari,4,365, cls_1 ,1,71.4424,1156.8397,0.1021,,,,,
T_pecari,4,366, cls_1 ,1.1283,63.9,3114.2117,4.0832,,,,,
T_pecari,4,368, cls_1 ,1.0688,71.4424,1298.5609,0.5104,,,,,
T_pecari,4,371, cls_1 ,1.0467,95.85,14581.5704,1.327,,,,,
T_pecari,4,375, cls_1 ,1.1001,63.9,1127.4007,1.6333,,,,,
T_pecari,4,376, cls_1 ,1.1251,364.286,196.3602,2.3478,,,,,
T_pecari,4,377, cls_1 ,1.0131,71.4424,609.8371,0.8166,,,,,
T_pecari,4,380, cls_1 ,1.0895,71.4424,7582.4321,33.4823,,,,,
T_pecari,4,382, cls_1 ,1,95.85,18952.3664,0.1021,,,,,
T_pecari,4,383, cls_1 ,1.053,71.4424,1625.9282,1.5312,,,,,
T_pecari,4,384, cls_1 ,1,71.4424,473.1237,0.1021,,,,,
T_pecari,4,387, cls_1 ,1.1031,386.0533,1298.8644,0.8166,,,,,
T_pecari,4,390, cls_1 ,1.0688,63.9,47382.2513,0.5104,,,,,
T_pecari,4,391, cls_1 ,1.1409,63.9,721.2901,2.0416,,,,,
T_pecari,4,392, cls_1 ,1.1574,71.4424,37898.5401,3.5728,,,,,
T_pecari,4,393, cls_1 ,1.1776,63.9,23697.4188,3.9811,,,,,
T_pecari,4,395, cls_1 ,1.0283,255.6,2918.856,0.7146,,,,,
T_pecari,4,397, cls_1 ,1.0155,71.4424,102.8204,0.2042,,,,,
T_pecari,4,398, cls_1 ,1.2432,63.9,14585.8354,18.5786,,,,,
T_pecari,4,399, cls_1 ,1.0473,63.9,308.3689,0.8166,,,,,
T_pecari,4,400, cls_1 ,1.1031,142.8847,4216.16,0.8166,,,,,
T_pecari,4,401, cls_1 ,1.0754,71.4424,94.265,2.0416,,,,,
T_pecari,4,402, cls_1 ,1.1265,159.75,1524.1197,0.8166,,,,,
T_pecari,4,403, cls_1 ,1.0606,142.8847,2342.4409,1.4291,,,,,
T_pecari,4,404, cls_1 ,1.0688,180.7365,5924.3325,0.5104,,,,,
T_pecari,4,405, cls_1 ,1.0819,63.9,11849.5236,0.6125,,,,,
T_pecari,4,406, cls_1 ,1.0278,524.019,224.7759,1.9395,,,,,
T_pecari,4,408, cls_1 ,1.1431,63.9,182.1167,4.8999,,,,,
T_pecari,4,409, cls_1 ,1.0631,90.3682,194.4211,0.7146,,,,,
T_pecari,4,410, cls_1 ,1.118,63.9,37920.7368,2.7562,,,,,
T_pecari,4,412, cls_1 ,1.1789,63.9,10534.5767,32.9719,,,,,
T_pecari,4,414, cls_1 ,1.1167,63.9,5950.5308,1.225,,,,,
T_pecari,4,417, cls_1 ,1.1576,115.1974,6551.5472,9.2893,,,,,
T_pecari,4,418, cls_1 ,1,63.9,160.6049,0.1021,,,,,
T_pecari,4,420, cls_1 ,1.1821,63.9,210.8263,5.8186,,,,,
T_pecari,4,421, cls_1 ,1.0465,180.7365,149.2821,0.6125,,,,,
T_pecari,4,422, cls_1 ,1.0914,63.9,153.2967,0.3062,,,,,
T_pecari,4,423, cls_1 ,1.112,63.9,123.8577,14.2912,,,,,
T_pecari,4,424, cls_1 ,1.0335,90.3682,23687.7727,1.8374,,,,,
T_pecari,4,427, cls_1 ,1.0402,63.9,278.3733,1.1229,,,,,
T_pecari,4,429, cls_1 ,1.1085,172.056,103.7991,1.1229,,,,,
T_pecari,4,430, cls_1 ,1.1031,319.5,969.8876,0.8166,,,,,
T_pecari,4,433, cls_1 ,1.0155,63.9,47373.2811,0.2042,,,,,
T_pecari,4,434, cls_1 ,1.1358,90.3682,417.7932,2.3478,,,,,
T_pecari,4,436, cls_1 ,1.0473,415.35,87.49,0.8166,,,,,
T_pecari,4,438, cls_1 ,1.0261,63.9,668.1884,0.5104,,,,,
T_pecari,4,441, cls_1 ,1.1183,172.056,81.2591,15.5162,,,,,
T_pecari,4,442, cls_1 ,1.0808,63.9,95.9369,8.5747,,,,,
T_pecari,4,443, cls_1 ,1.1197,95.85,90.896,0.7146,,,,,
T_pecari,4,446, cls_1 ,1.1155,232.5995,3577.8115,4.2874,,,,,
T_pecari,4,449, cls_1 ,1.1613,63.9,37934.9638,11.7392,,,,,
T_pecari,4,450, cls_1 ,1.0805,95.85,67.028,1.4291,,,,,
T_pecari,4,451, cls_1 ,1,63.9,90.8731,0.1021,,,,,
T_pecari,4,452, cls_1 ,1.0556,63.9,135.891,1.225,,,,,
T_pecari,4,454, cls_1 ,1.0688,63.9,47382.1901,0.5104,,,,,
T_pecari,4,455, cls_1 ,1.1493,63.9,47373.9251,186.1944,,,,,
T_pecari,4,456, cls_1 ,1.0606,115.1974,51.7952,1.4291,,,,,
T_pecari,4,457, cls_1 ,1.1479,101.0348,72.3557,10.6163,,,,,
T_pecari,4,458, cls_1 ,1.046,63.9,295.2376,1.6333,,,,,
T_pecari,4,460, cls_1 ,1.0358,71.4424,38099.6141,0.3062,,,,,
T_pecari,4,462, cls_1 ,1.1328,131.7332,11152.1121,0.9187,,,,,
T_pecari,4,463, cls_1 ,1.1806,63.9,3886.6209,2.552,,,,,
T_pecari,4,464, cls_1 ,1.0261,63.9,2452.2055,0.5104,,,,,
T_pecari,4,472, cls_1 ,1.0914,63.9,47372.8503,0.3062,,,,,
T_pecari,4,473, cls_1 ,1.1524,127.8,41.5357,13.6788,,,,,
T_pecari,4,474, cls_1 ,1.1031,71.4424,136.9015,0.8166,,,,,
T_pecari,4,477, cls_1 ,1.1434,127.8,51.7601,0.7146,,,,,
T_pecari,4,479, cls_1 ,1.1039,63.9,815.2861,4.7978,,,,,
T_pecari,4,480, cls_1 ,1.0467,95.85,5278.4984,1.327,,,,,
T_pecari,4,482, cls_1 ,1.1073,71.4424,426.747,1.327,,,,,
T_pecari,4,484, cls_1 ,1.0914,63.9,222.0535,0.3062,,,,,
T_pecari,4,485, cls_1 ,1.1708,71.4424,688.0526,9.3914,,,,,
T_pecari,4,486, cls_1 ,1.2162,90.3682,527.6104,9.5955,,,,,
T_pecari,4,487, cls_1 ,1.1157,63.9,18958.6514,3.3686,,,,,
T_pecari,4,489, cls_1 ,1.088,71.4424,129.6164,1.1229,,,,,
T_pecari,4,491, cls_1 ,1.0493,95.85,703.076,3.879,,,,,
T_pecari,4,492, cls_1 ,1.1601,71.4424,37919.2887,3.2666,,,,,
T_pecari,4,493, cls_1 ,1.1861,71.4424,235.535,8.3706,,,,,
T_pecari,4,494, cls_1 ,1.2639,63.9,703.6466,74.6207,,,,,
T_pecari,4,496, cls_1 ,1.1655,63.9,643.5969,71.8645,,,,,
T_pecari,4,498, cls_1 ,1.0688,610.4039,32.4316,0.5104,,,,,
T_pecari,4,500, cls_1 ,1.1362,63.9,4642.9363,0.5104,,,,,
T_pecari,4,501, cls_1 ,1.0537,90.3682,75.9177,0.4083,,,,,
T_pecari,4,502, cls_1 ,1.105,63.9,131.3184,0.5104,,,,,
T_pecari,4,504, cls_1 ,1.0654,63.9,47372.0998,1.1229,,,,,
T_pecari,4,507, cls_1 ,1.0155,71.4424,70.8817,0.2042,,,,,
T_pecari,4,508, cls_1 ,1.1197,95.85,782.7535,0.7146,,,,,
T_pecari,4,509, cls_1 ,1.0998,131.7332,99.7096,3.2666,,,,,
T_pecari,4,510, cls_1 ,1.1424,63.9,1595.0463,27.4596,,,,,
T_pecari,4,511, cls_1 ,1.1085,95.85,1131.1583,1.1229,,,,,
T_pecari,4,512, cls_1 ,1.0047,71.4424,37899.7276,0.6125,,,,,
T_pecari,4,513, cls_1 ,1.0914,71.4424,66.7521,0.3062,,,,,
T_pecari,4,514, cls_1 ,1.1346,63.9,122.9274,0.4083,,,,,
T_pecari,4,515, cls_1 ,1.105,63.9,47372.3098,0.5104,,,,,
T_pecari,4,517, cls_1 ,1.1459,90.3682,69.2069,3.4707,,,,,
T_pecari,4,521, cls_1 ,1.0465,63.9,23703.7732,0.6125,,,,,
T_pecari,4,523, cls_1 ,1,63.9,5951.2312,0.1021,,,,,
T_pecari,4,525, cls_1 ,1.056,63.9,466.2744,2.4499,,,,,
T_pecari,4,526, cls_1 ,1.1447,63.9,47385.9469,6.6352,,,,,
T_pecari,4,527, cls_1 ,1.0155,71.4424,37900.1137,0.2042,,,,,
T_pecari,4,528, cls_1 ,1.12,63.9,23687.3863,11.6371,,,,,
T_pecari,4,534, cls_1 ,1.0654,159.75,191.5676,1.1229,,,,,
T_pecari,4,535, cls_1 ,1.1796,71.4424,14596.1509,5.0019,,,,,
T_pecari,4,540, cls_1 ,1.131,71.4424,362.5212,7.9623,,,,,
T_pecari,4,543, cls_1 ,1.1395,202.0695,122.1639,0.6125,,,,,
T_pecari,4,544, cls_1 ,1.2448,115.1974,485.7188,21.641,,,,,
T_pecari,4,545, cls_1 ,1.1533,63.9,36.9456,11.9434,,,,,
T_pecari,4,546, cls_1 ,1,63.9,57.7674,0.1021,,,,,
T_pecari,4,548, cls_1 ,1.0721,63.9,272.3604,3.4707,,,,,
T_pecari,4,551, cls_1 ,1.0358,63.9,298.2451,0.3062,,,,,
T_pecari,4,556, cls_1 ,1.0769,127.8,397.8866,0.8166,,,,,
T_pecari,4,558, cls_1 ,1.0283,101.0348,33.601,0.7146,,,,,
T_pecari,4,559, cls_1 ,1.0465,127.8,291.9091,0.6125,,,,,
T_pecari,4,560, cls_1 ,1.0819,63.9,200.7247,0.6125,,,,,
T_pecari,4,561, cls_1 ,1.118,95.85,7590.1891,4.1853,,,,,
T_pecari,4,562, cls_1 ,1.1511,115.1974,5926.7235,2.2458,,,,,
T_pecari,4,563, cls_1 ,1.1523,101.0348,157.2678,49.8152,,,,,
T_pecari,4,565, cls_1 ,1,63.9,89.4933,0.1021,,,,,
T_pecari,4,566, cls_1 ,1,71.4424,258.1374,0.1021,,,,,
T_pecari,4,567, cls_1 ,1.0769,115.1974,1173.1838,0.8166,,,,,
T_pecari,4,572, cls_1 ,1.053,63.9,96.0184,1.5312,,,,,
T_pecari,4,573, cls_1 ,1.1212,172.056,357.0386,11.0247,,,,,
T_pecari,4,582, cls_1 ,1.0395,90.3682,238.7251,1.7354,,,,,
T_pecari,4,585, cls_1 ,1,63.9,47375.5435,0.1021,,,,,
T_pecari,4,586, cls_1 ,1.1027,115.1974,927.3285,4.4915,,,,,
T_pecari,4,590, cls_1 ,1.0769,321.0935,167.5469,0.8166,,,,,
T_pecari,4,591, cls_1 ,1.0358,131.7332,61.5816,0.3062,,,,,
T_pecari,4,592, cls_1 ,1.0993,63.9,26.2526,1.0208,,,,,
T_pecari,4,593, cls_1 ,1.0261,159.75,15.5951,0.5104,,,,,
T_pecari,4,595, cls_1 ,1.0529,135.5524,405.8507,1.8374,,,,,
T_pecari,4,596, cls_1 ,1.0606,159.75,228.4525,1.4291,,,,,
T_pecari,4,597, cls_1 ,1.0631,101.0348,5269.6736,0.7146,,,,,
T_pecari,4,601, cls_1 ,1.1256,63.9,376.2191,4.4915,,,,,
T_pecari,4,602, cls_1 ,1.112,285.7695,86.8409,0.9187,,,,,
T_pecari,4,604, cls_1 ,1.1125,115.1974,377.5047,0.6125,,,,,
T_pecari,4,605, cls_1 ,1.1856,71.4424,109.7756,13.8829,,,,,
T_pecari,4,607, cls_1 ,1.0631,194.3443,155.9107,0.7146,,,,,
T_pecari,4,609, cls_1 ,1.1125,101.0348,9478.1711,0.6125,,,,,
T_pecari,4,611, cls_1 ,1.0606,214.3271,38.2396,1.4291,,,,,
T_pecari,4,614, cls_1 ,1.0131,575.1,492.612,0.8166,,,,,
T_pecari,4,616, cls_1 ,1.0968,63.9,18.9834,4.3895,,,,,
T_pecari,4,619, cls_1 ,1.1605,415.35,21.6211,6.8394,,,,,
T_pecari,4,620, cls_1 ,1.0465,71.4424,37898.4775,0.6125,,,,,
T_pecari,4,621, cls_1 ,1.0261,434.567,193.7379,0.5104,,,,,
T_pecari,4,622, cls_1 ,1,71.4424,135.5533,0.1021,,,,,
T_pecari,4,623, cls_1 ,1.0473,127.8,15.7781,0.8166,,,,,
T_pecari,4,626, cls_1 ,1.0465,95.85,115.4179,0.6125,,,,,
T_pecari,4,628, cls_1 ,1.1328,333.5678,60.6858,0.9187,,,,,
T_pecari,4,629, cls_1 ,1.1154,95.85,100.5837,1.4291,,,,,
T_pecari,4,632, cls_1 ,1.0311,115.1974,47.5558,1.5312,,,,,
T_pecari,4,633, cls_1 ,1.0631,127.8,30.2101,0.7146,,,,,
T_pecari,4,636, cls_1 ,1.0358,63.9,218.9181,0.3062,,,,,
T_pecari,4,640, cls_1 ,1.062,63.9,218.397,5.2061,,,,,
T_pecari,4,641, cls_1 ,1,63.9,222.4672,0.1021,,,,,
T_pecari,4,645, cls_1 ,1.1224,127.8,41.7615,3.1645,,,,,
T_pecari,4,647, cls_1 ,1.0944,115.1974,135.0822,6.5331,,,,,
T_pecari,4,650, cls_1 ,1.0537,95.85,114.7245,0.4083,,,,,
T_pecari,4,652, cls_1 ,1.1173,115.1974,185.944,5.2061,,,,,
T_pecari,4,653, cls_1 ,1.1296,191.7,74.2859,1.6333,,,,,
T_pecari,4,654, cls_1 ,1.1409,95.85,42.6459,2.2458,,,,,
T_pecari,4,657, cls_1 ,1.0556,95.85,76.0199,1.225,,,,,
T_pecari,4,658, cls_1 ,1.0819,287.55,46.8668,0.6125,,,,,
T_pecari,4,659, cls_1 ,1.1431,172.056,396.3355,6.7373,,,,,
T_pecari,4,660, cls_1 ,1.0473,142.8847,89.081,0.8166,,,,,
T_pecari,4,661, cls_1 ,1,63.9,215.3089,0.1021,,,,,
T_pecari,4,662, cls_1 ,1.088,285.7695,62.1374,1.1229,,,,,
T_pecari,4,665, cls_1 ,1.2644,71.4424,1061.921,69.5167,,,,,
T_pecari,4,667, cls_1 ,1.0667,159.75,34.1559,3.2666,,,,,
T_pecari,4,669, cls_1 ,1.0261,127.8,92.6692,0.5104,,,,,
T_pecari,4,671, cls_1 ,1.1638,127.8,78.5524,0.5104,,,,,
T_pecari,4,672, cls_1 ,1.2521,63.9,27.086,46.4465,,,,,
T_pecari,4,674, cls_1 ,1.1154,285.7695,34.2319,1.6333,,,,,
T_pecari,4,677, cls_1 ,1.0467,544.0889,38.973,1.327,,,,,
T_pecari,4,678, cls_1 ,1.0654,71.4424,863.401,1.1229,,,,,
T_pecari,4,683, cls_1 ,1,63.9,132.1571,0.1021,,,,,
T_pecari,4,685, cls_1 ,1.0769,287.55,47.3461,0.8166,,,,,
T_pecari,4,691, cls_1 ,1.105,225.9206,53.5912,0.5104,,,,,
T_pecari,4,693, cls_1 ,1.0688,95.85,21063.0497,0.5104,,,,,
T_pecari,4,694, cls_1 ,1.0261,135.5524,41.993,0.5104,,,,,
T_pecari,4,697, cls_1 ,1.0769,90.3682,146.5946,0.8166,,,,,
T_pecari,4,699, cls_1 ,1.0465,63.9,49.5143,0.6125,,,,,
T_pecari,4,702, cls_1 ,1.0805,90.3682,115.8418,1.4291,,,,,
T_pecari,4,704, cls_1 ,1.063,90.3682,73.0888,0.9187,,,,,
T_pecari,4,705, cls_1 ,1.0261,135.5524,42.2174,0.5104,,,,,
T_pecari,4,708, cls_1 ,1.0889,63.9,45.1919,2.3478,,,,,
T_pecari,4,712, cls_1 ,1,285.7695,33.6332,0.1021,,,,,
T_pecari,4,713, cls_1 ,1.1197,194.3443,104.0041,0.7146,,,,,
T_pecari,4,714, cls_1 ,1.064,71.4424,1031.2504,4.1853,,,,,
T_pecari,4,719, cls_1 ,1.0358,127.8,39.9281,0.3062,,,,,
T_pecari,4,723, cls_1 ,1.0993,131.7332,84.504,1.0208,,,,,
T_pecari,4,726, cls_1 ,1,416.577,25.2498,0.1021,,,,,
T_pecari,4,727, cls_1 ,1.1042,115.1974,42.078,2.0416,,,,,
T_pecari,4,729, cls_1 ,1.0155,172.056,28.0171,0.2042,,,,,
T_pecari,4,731, cls_1 ,1.0155,90.3682,35.1089,0.2042,,,,,
T_pecari,4,732, cls_1 ,1.0909,95.85,29.8275,0.2042,,,,,
T_pecari,4,733, cls_1 ,1.0764,63.9,128.1833,1.0208,,,,,
T_pecari,4,735, cls_1 ,1.0836,172.056,27.1494,1.6333,,,,,
T_pecari,4,738, cls_1 ,1.1367,90.3682,28.4103,5.2061,,,,,
T_pecari,4,739, cls_1 ,1.0819,499.075,19.4717,0.6125,,,,,
T_pecari,4,740, cls_1 ,1.0473,95.85,27.023,0.8166,,,,,
T_pecari,4,742, cls_1 ,1.0283,127.8,91.1079,0.7146,,,,,
T_pecari,4,743, cls_1 ,1.1277,115.1974,36.4658,10.3101,,,,,
T_pecari,4,744, cls_1 ,1.0935,172.056,33.3035,7.0435,,,,,
T_pecari,4,745, cls_1 ,1.0465,520.1083,101.681,0.6125,,,,,
T_pecari,4,746, cls_1 ,1.128,531.754,51.6344,3.2666,,,,,
T_pecari,4,747, cls_1 ,1.0819,63.9,83.1898,0.6125,,,,,
T_pecari,4,750, cls_1 ,1.1123,63.9,70.0734,5.104,,,,,
T_pecari,4,751, cls_1 ,1.1695,345.5921,189.7797,0.9187,,,,,
T_pecari,4,754, cls_1 ,1.1782,159.75,49.6251,4.3895,,,,,
T_pecari,4,755, cls_1 ,1.0616,345.5921,164.4476,4.2874,,,,,
T_pecari,4,761, cls_1 ,1,287.55,14.5541,0.4083,,,,,
T_pecari,4,763, cls_1 ,1.1125,101.0348,107.3888,0.6125,,,,,
T_pecari,4,766, cls_1 ,1.1075,63.9,86.9548,1.5312,,,,,
T_pecari,4,767, cls_1 ,1.063,843.5042,28.4397,0.9187,,,,,
T_pecari,4,768, cls_1 ,1.0306,63.9,24.8171,1.225,,,,,
T_pecari,4,769, cls_1 ,1.0932,63.9,73.2039,0.7146,,,,,
T_pecari,4,777, cls_1 ,1.1637,63.9,24.4182,0.6125,,,,,
T_pecari,4,780, cls_1 ,1.0278,115.1974,82.6423,1.9395,,,,,
T_pecari,4,781, cls_1 ,1.1094,101.0348,57.1607,3.5728,,,,,
T_pecari,4,783, cls_1 ,1.0526,263.4664,20.7074,4.6957,,,,,
T_pecari,4,784, cls_1 ,1.1265,71.4424,21.6225,0.8166,,,,,
T_pecari,4,785, cls_1 ,1.1137,115.1974,29.4405,2.3478,,,,,
T_pecari,4,786, cls_1 ,1.0914,101.0348,46.7181,0.3062,,,,,
T_pecari,4,787, cls_1 ,1,71.4424,19.8573,0.1021,,,,,
T_pecari,4,788, cls_1 ,1.1701,71.4424,48.0903,4.4915,,,,,
T_pecari,4,789, cls_1 ,1.175,71.4424,69.7289,1.1229,,,,,
T_pecari,4,790, cls_1 ,1.1197,71.4424,19.0022,0.7146,,,,,
T_pecari,4,791, cls_1 ,1.1197,71.4424,20.6152,0.7146,,,,,
T_pecari,4,792, cls_1 ,1.0465,127.8,57.1431,0.6125,,,,,
T_pecari,4,793, cls_1 ,1.0465,95.85,60.5126,0.6125,,,,,
T_pecari,4,795, cls_1 ,1.1813,71.4424,47.8169,7.656,,,,,
T_pecari,4,797, cls_1 ,1.1719,101.0348,47.8161,22.6618,,,,,
T_pecari,4,799, cls_1 ,1.1778,95.85,57.5863,1.225,,,,,
T_pecari,4,800, cls_1 ,1.0592,115.1974,10.7391,2.0416,,,,,
T_pecari,4,801, cls_1 ,1.1467,71.4424,68.3766,8.1664,,,,,
T_pecari,4,804, cls_1 ,1.0358,63.9,13.7279,0.3062,,,,,
T_pecari,4,805, cls_1 ,1.179,159.75,14.357,2.2458,,,,,
T_pecari,4,806, cls_1 ,1.063,115.1974,12.363,0.9187,,,,,
T_pecari,4,807, cls_1 ,1.1292,95.85,45.186,1.8374,,,,,
T_pecari,4,808, cls_1 ,1.0358,63.9,14.4342,0.3062,,,,,
T_pecari,4,809, cls_1 ,1.1296,71.4424,15.2413,1.6333,,,,,
T_pecari,4,810, cls_1 ,1.0975,384.7289,15.2301,0.4083,,,,,
T_pecari,4,811, cls_1 ,1.0688,71.4424,15.8151,0.5104,,,,,
T_pecari,4,812, cls_1 ,1.1239,115.1974,12.8658,2.1437,,,,,
T_pecari,4,813, cls_1 ,1.088,600.286,27.5867,1.1229,,,,,
T_pecari,4,814, cls_1 ,1.0654,63.9,35.7406,1.1229,,,,,
T_pecari,4,815, cls_1 ,1.1417,90.3682,13.5299,8.5747,,,,,
T_pecari,4,817, cls_1 ,1,90.3682,12.8337,0.1021,,,,,
T_pecari,4,819, cls_1 ,1,63.9,32.6259,0.1021,,,,,
T_pecari,4,820, cls_1 ,1.1125,63.9,35.079,0.6125,,,,,
T_pecari,4,821, cls_1 ,1.0395,63.9,24.8003,1.7354,,,,,
T_pecari,4,822, cls_1 ,1.0311,63.9,28.2593,1.5312,,,,,
T_pecari,4,823, cls_1 ,1.0819,285.7695,26.4042,0.6125,,,,,
T_pecari,4,824, cls_1 ,1.0131,159.75,12.9015,0.8166,,,,,
T_pecari,4,825, cls_1 ,1.1294,339.6332,12.0251,2.0416,,,,,
T_pecari,4,826, cls_1 ,1.0769,159.75,12.7366,0.8166,,,,,
T_pecari,4,829, cls_1 ,1.1197,685.9956,13.8729,0.7146,,,,,
T_pecari,4,834, cls_1 ,1.0836,127.8,10.5209,17.9661,,,,,
T_pecari,4,835, cls_1 ,1.0932,63.9,16.7379,0.7146,,,,,
T_pecari,4,838, cls_1 ,1.1117,180.7365,23.7762,2.1437,,,,,
T_pecari,4,839, cls_1 ,1,71.4424,11.9836,0.4083,,,,,
T_pecari,4,840, cls_1 ,1.1075,63.9,18.879,1.5312,,,,,
T_pecari,4,841, cls_1 ,1.088,162.9137,10.8727,1.1229,,,,,
T_pecari,4,842, cls_1 ,1.0155,71.4424,11.9049,0.2042,,,,,
T_pecari,4,843, cls_1 ,1.155,63.9,12.1622,9.1872,,,,,
T_pecari,4,844, cls_1 ,1.1319,180.7365,21.9863,3.6749,,,,,
T_pecari,4,845, cls_1 ,1.0261,63.9,19.4869,0.5104,,,,,
T_pecari,4,846, cls_1 ,1.1442,63.9,44.9129,24.6013,,,,,
T_pecari,4,847, cls_1 ,1.0155,63.9,19.8878,0.2042,,,,,
T_pecari,4,848, cls_1 ,1.0665,63.9,14.7466,4.0832,,,,,
T_pecari,4,850, cls_1 ,1.0993,71.4424,15.4768,1.0208,,,,,
T_pecari,4,852, cls_1 ,1,63.9,30.9609,0.4083,,,,,
T_pecari,4,855, cls_1 ,1.164,63.9,77.8372,11.433,,,,,
T_pecari,4,856, cls_1 ,1.0805,214.3271,17.7495,1.4291,,,,,
T_pecari,4,857, cls_1 ,1.1631,71.4424,14.9597,1.5312,,,,,
T_pecari,4,858, cls_1 ,1.0706,71.4424,16.4412,2.4499,,,,,
T_pecari,4,861, cls_1 ,1,71.4424,12.066,0.1021,,,,,
T_pecari,4,862, cls_1 ,1.0306,63.9,19.7538,1.225,,,,,
T_pecari,4,863, cls_1 ,1.2113,142.8847,63.4428,20.1098,,,,,
T_pecari,4,864, cls_1 ,1.1154,131.7332,27.0966,8.881,,,,,
T_pecari,4,865, cls_1 ,1.1256,162.9137,10.1257,4.4915,,,,,
T_pecari,4,866, cls_1 ,1.1781,214.3271,18.7886,5.3082,,,,,
T_pecari,4,867, cls_1 ,1.0509,71.4424,11.4017,1.0208,,,,,
T_pecari,4,871, cls_1 ,1,63.9,62.396,0.1021,,,,,
T_pecari,4,872, cls_1 ,1.0631,263.4664,14.6349,0.7146,,,,,
T_pecari,4,873, cls_1 ,1,71.4424,18.9491,0.1021,,,,,
T_pecari,4,874, cls_1 ,1.0805,180.7365,32.9483,1.4291,,,,,
T_pecari,4,875, cls_1 ,1.078,629.342,6.5325,1.225,,,,,
T_pecari,4,876, cls_1 ,1.1271,131.7332,18.088,1.1229,,,,,
T_pecari,4,877, cls_1 ,1.0889,191.7,20.0468,2.3478,,,,,
T_pecari,4,879, cls_1 ,1.1469,142.8847,29.1929,1.9395,,,,,
T_pecari,4,880, cls_1 ,1.1554,90.3682,15.2622,1.6333,,,,,
T_pecari,4,881, cls_1 ,1.0909,71.4424,28.9458,1.5312,,,,,
T_pecari,4,882, cls_1 ,1.1245,131.7332,30.691,60.0232,,,,,
T_pecari,4,883, cls_1 ,1.1032,63.9,26.9923,9.0851,,,,,
T_pecari,4,885, cls_1 ,1.079,71.4424,18.6449,6.6352,,,,,
T_pecari,4,886, cls_1 ,1.1412,90.3682,51.0184,2.4499,,,,,
T_pecari,4,887, cls_1 ,1.1409,71.4424,16.6717,2.2458,,,,,
T_pecari,4,888, cls_1 ,1.022,90.3682,14.804,1.0208,,,,,
T_pecari,4,891, cls_1 ,1.1228,204.5798,40.5968,1.5312,,,,,
T_pecari,4,893, cls_1 ,1.0933,71.4424,16.9209,1.7354,,,,,
T_pecari,4,894, cls_1 ,1.2232,63.9,36.0004,14.2912,,,,,
T_pecari,4,895, cls_1 ,1.2335,63.9,41.5552,120.2505,,,,,
T_pecari,4,896, cls_1 ,1.0575,63.9,41.5026,3.1645,,,,,
T_pecari,4,897, cls_1 ,1.128,90.3682,39.5358,3.2666,,,,,
T_pecari,4,899, cls_1 ,1.1574,294.5644,5.7974,7.0435,,,,,
T_pecari,4,900, cls_1 ,1.0283,63.9,21.9949,0.7146,,,,,
T_pecari,4,901, cls_1 ,1.0465,115.1974,9.8942,0.6125,,,,,
T_pecari,4,902, cls_1 ,1.0115,90.3682,26.1772,1.1229,,,,,
T_pecari,4,904, cls_1 ,1,71.4424,12.8337,0.1021,,,,,
T_pecari,4,908, cls_1 ,1.0836,214.3271,38.4756,1.6333,,,,,
T_pecari,4,914, cls_1 ,1.1388,294.5644,6.0689,1.0208,,,,,
T_pecari,4,921, cls_1 ,1,63.9,51.7987,0.1021,,,,,
T_pecari,4,928, cls_1 ,1.1619,63.9,300.6939,7.0435,,,,,
T_pecari,4,930, cls_1 ,1.0358,71.4424,25.9129,0.3062,,,,,
T_pecari,4,2, cls_3 ,1.0724,115.1974,6.0865,10.6163,,,,,
T_pecari,4,4, cls_3 ,1.1178,101.0348,62.8858,25.6221,,,,,
T_pecari,4,5, cls_3 ,1.063,454.0948,1.9522,0.9187,,,,,
T_pecari,4,6, cls_3 ,1.2115,63.9,45.8129,92.893,,,,,
T_pecari,4,10, cls_3 ,1.0894,115.1974,9.8013,3.2666,,,,,
T_pecari,4,11, cls_3 ,1.0963,63.9,230.3371,2.7562,,,,,
T_pecari,4,12, cls_3 ,1.0975,101.0348,35.2286,0.4083,,,,,
T_pecari,4,14, cls_3 ,1.1482,95.85,34.5471,1.7354,,,,,
T_pecari,4,16, cls_3 ,1.0465,71.4424,67.4598,0.6125,,,,,
T_pecari,4,19, cls_3 ,1.0706,63.9,66.9338,1.8374,,,,,
T_pecari,4,20, cls_3 ,1.0311,71.4424,135.5336,1.5312,,,,,
T_pecari,4,22, cls_3 ,1.2084,63.9,59.0976,23.4785,,,,,
T_pecari,4,25, cls_3 ,1.1042,71.4424,21.7605,2.0416,,,,,
T_pecari,4,26, cls_3 ,1.0306,71.4424,190.0082,1.225,,,,,
T_pecari,4,27, cls_3 ,1.078,71.4424,32.972,1.225,,,,,
T_pecari,4,29, cls_3 ,1.1872,71.4424,25.6818,5.104,,,,,
T_pecari,4,30, cls_3 ,1.1679,71.4424,55.895,3.6749,,,,,
T_pecari,4,31, cls_3 ,1.0473,71.4424,55.6162,0.8166,,,,,
T_pecari,4,32, cls_3 ,1.1723,63.9,33.6131,18.6807,,,,,
T_pecari,4,33, cls_3 ,1.2138,63.9,66.7991,172.8219,,,,,
T_pecari,4,34, cls_3 ,1.1197,63.9,62.0411,0.7146,,,,,
T_pecari,4,35, cls_3 ,1.0769,63.9,426.2593,0.8166,,,,,
T_pecari,4,38, cls_3 ,1.0155,63.9,54.888,0.2042,,,,,
T_pecari,4,40, cls_3 ,1.0155,71.4424,26.0059,0.2042,,,,,
T_pecari,4,41, cls_3 ,1.0358,63.9,20.2254,0.3062,,,,,
T_pecari,4,43, cls_3 ,1.0971,127.8,20.6014,2.4499,,,,,
T_pecari,4,44, cls_3 ,1.1292,95.85,193.61,1.8374,,,,,
T_pecari,4,45, cls_3 ,1,63.9,425.9275,0.1021,,,,,
T_pecari,4,46, cls_3 ,1.0155,71.4424,11.0107,0.2042,,,,,
T_pecari,4,47, cls_3 ,1.1808,63.9,38.5803,6.6352,,,,,
T_pecari,4,48, cls_3 ,1.1679,71.4424,10.4051,1.327,,,,,
T_pecari,4,49, cls_3 ,1.1717,63.9,32.5149,2.7562,,,,,
T_pecari,4,50, cls_3 ,1.0769,63.9,30.9098,0.8166,,,,,
T_pecari,4,51, cls_3 ,1.1406,63.9,24.5448,5.6144,,,,,
T_pecari,4,54, cls_3 ,1.1575,202.0695,5.5335,13.3725,,,,,
T_pecari,4,56, cls_3 ,1.0769,142.8847,89.7413,0.8166,,,,,
T_pecari,4,57, cls_3 ,1.0706,1879.6269,1.3033,1.8374,,,,,
T_pecari,4,59, cls_3 ,1.1417,63.9,27.8149,7.8602,,,,,
T_pecari,4,61, cls_3 ,1.0799,63.9,19.2565,2.552,,,,,
T_pecari,4,64, cls_3 ,1.0131,63.9,26.4744,0.8166,,,,,
T_pecari,4,65, cls_3 ,1.0465,71.4424,344.2003,0.6125,,,,,
T_pecari,4,67, cls_3 ,1.1084,95.85,114.8949,1.7354,,,,,
T_pecari,4,68, cls_3 ,1.0654,71.4424,21.1541,1.1229,,,,,
T_pecari,4,70, cls_3 ,1.1685,63.9,433.3597,4.7978,,,,,
T_pecari,4,71, cls_3 ,1.0688,159.75,8.2852,0.5104,,,,,
T_pecari,4,72, cls_3 ,1.0909,101.0348,174.2117,1.5312,,,,,
T_pecari,4,73, cls_3 ,1.088,294.5644,10.6313,1.1229,,,,,
T_pecari,4,74, cls_3 ,1.1434,180.7365,7.878,0.7146,,,,,
T_pecari,4,76, cls_3 ,1.1653,63.9,9.9264,4.6957,,,,,
T_pecari,4,79, cls_3 ,1,63.9,6.3246,0.1021,,,,,
T_pecari,4,80, cls_3 ,1.1751,63.9,440.1998,12.5559,,,,,
T_pecari,4,81, cls_3 ,1.0537,63.9,5.8419,0.4083,,,,,
T_pecari,4,84, cls_3 ,1.0306,63.9,17.5411,1.225,,,,,
T_pecari,4,85, cls_3 ,1.0631,71.4424,36.2564,0.7146,,,,,
T_pecari,4,86, cls_3 ,1.0219,1134.5624,2.1589,1.327,,,,,
T_pecari,4,87, cls_3 ,1.1354,63.9,9.3722,2.1437,,,,,
T_pecari,4,88, cls_3 ,1.0874,63.9,167.4757,3.6749,,,,,
T_pecari,4,89, cls_3 ,1.1294,63.9,131.5643,2.0416,,,,,
T_pecari,4,90, cls_3 ,1.0047,63.9,230.3543,0.6125,,,,,
T_pecari,4,91, cls_3 ,1.0402,63.9,457.83,1.1229,,,,,
T_pecari,4,92, cls_3 ,1.085,63.9,51.7269,2.1437,,,,,
T_pecari,4,95, cls_3 ,1.1863,63.9,10.5729,19.9056,,,,,
T_pecari,4,96, cls_3 ,1.0358,71.4424,13.5567,0.3062,,,,,
T_pecari,4,97, cls_3 ,1.1434,63.9,13.2187,0.7146,,,,,
T_pecari,4,98, cls_3 ,1.1183,63.9,54.8375,13.3725,,,,,
T_pecari,4,99, cls_3 ,1.0975,71.4424,14.0657,0.4083,,,,,
T_pecari,4,102, cls_3 ,1.0401,63.9,65.9183,2.4499,,,,,
T_pecari,4,103, cls_3 ,1.0982,90.3682,16.0217,1.225,,,,,
T_pecari,4,104, cls_3 ,1.1436,90.3682,8.6427,3.0624,,,,,
T_pecari,4,108, cls_3 ,1.0982,416.577,8.4584,1.225,,,,,
T_pecari,4,109, cls_3 ,1.0752,316.2889,5.9033,3.3686,,,,,
T_pecari,4,110, cls_3 ,1,63.9,6.2126,0.1021,,,,,
T_pecari,4,111, cls_3 ,1.1443,223.65,7.1918,1.1229,,,,,
T_pecari,4,112, cls_3 ,1.0819,63.9,4.9735,0.6125,,,,,
T_pecari,4,113, cls_3 ,1.1636,63.9,147.2588,329.6171,,,,,
T_pecari,4,114, cls_3 ,1.1565,63.9,8.1643,2.1437,,,,,
T_pecari,4,115, cls_3 ,1.0819,127.8,9.8627,0.6125,,,,,
T_pecari,4,116, cls_3 ,1.1462,63.9,7.7995,2.1437,,,,,
T_pecari,4,117, cls_3 ,1.0465,159.75,11.2582,0.6125,,,,,
T_pecari,4,118, cls_3 ,1.0819,159.75,14.6807,0.6125,,,,,
T_pecari,4,119, cls_3 ,1.0358,63.9,10.7061,0.3062,,,,,
T_pecari,4,120, cls_3 ,1.0809,63.9,9.2075,1.9395,,,,,
T_pecari,4,121, cls_3 ,1.0492,131.7332,7.4776,2.2458,,,,,
T_pecari,4,122, cls_3 ,1.1166,63.9,10.7204,3.0624,,,,,
T_pecari,4,123, cls_3 ,1,63.9,16.3723,0.1021,,,,,
T_pecari,4,124, cls_3 ,1.069,63.9,812.5801,3.9811,,,,,
T_pecari,4,126, cls_3 ,1.0631,71.4424,9.2192,0.7146,,,,,
T_pecari,4,128, cls_3 ,1,71.4424,9.2983,0.1021,,,,,
T_pecari,4,129, cls_3 ,1.1368,101.0348,4.8399,4.8999,,,,,
T_pecari,4,131, cls_3 ,1.0914,225.9206,4.4692,0.3062,,,,,
T_pecari,4,132, cls_3 ,1.1754,71.4424,512.7856,35.8302,,,,,
T_pecari,4,133, cls_3 ,1.1311,90.3682,59.4347,2.4499,,,,,
T_pecari,4,134, cls_3 ,1.1904,101.0348,6.4793,3.3686,,,,,
T_pecari,4,135, cls_3 ,1.1388,115.1974,12.6916,1.0208,,,,,
T_pecari,4,136, cls_3 ,1.1482,71.4424,9.6057,3.1645,,,,,
T_pecari,4,138, cls_3 ,1.0283,71.4424,11.7979,0.7146,,,,,
T_pecari,4,139, cls_3 ,1.1508,63.9,7.564,10.3101,,,,,
T_pecari,4,141, cls_3 ,1.1246,404.1391,7.4877,3.3686,,,,,
T_pecari,4,143, cls_3 ,1.1109,71.4424,500.6132,71.7624,,,,,
T_pecari,4,144, cls_3 ,1.0975,95.85,16.2254,0.4083,,,,,
T_pecari,4,146, cls_3 ,1.1848,63.9,19.5763,8.4727,,,,,
T_pecari,4,148, cls_3 ,1.0819,63.9,29.6144,0.6125,,,,,
T_pecari,4,150, cls_3 ,1.063,63.9,30.2627,0.9187,,,,,
T_pecari,4,151, cls_3 ,1.0769,274.8443,15.4118,0.8166,,,,,
T_pecari,4,152, cls_3 ,1.1313,90.3682,106.3089,6.8394,,,,,
T_pecari,4,155, cls_3 ,1.0261,159.75,37.1809,0.5104,,,,,
T_pecari,4,156, cls_3 ,1.1426,772.1066,5.3112,2.8582,,,,,
T_pecari,4,157, cls_3 ,1.0283,95.85,98.3149,0.7146,,,,,
T_pecari,4,159, cls_3 ,1.1265,319.5,2.8689,0.8166,,,,,
T_pecari,4,160, cls_3 ,1.0155,351.45,2.6514,0.2042,,,,,
T_pecari,4,161, cls_3 ,1.0909,314.671,2.9352,0.2042,,,,,
T_pecari,4,162, cls_3 ,1.1902,90.3682,104.3343,13.2704,,,,,
T_pecari,4,164, cls_3 ,1.0556,142.8847,21.7541,1.225,,,,,
T_pecari,4,165, cls_3 ,1.1301,131.7332,50.0237,2.2458,,,,,
T_pecari,4,166, cls_3 ,1.0473,142.8847,48.9878,0.8166,,,,,
T_pecari,4,167, cls_3 ,1.1343,101.0348,580.8623,13.5767,,,,,
T_pecari,4,168, cls_3 ,1.123,328.9454,16.4145,1.9395,,,,,
T_pecari,4,169, cls_3 ,1.1502,90.3682,82.4052,3.5728,,,,,
T_pecari,4,170, cls_3 ,1.1301,204.5798,4.7201,2.2458,,,,,
T_pecari,4,171, cls_3 ,1.0916,90.3682,71.805,52.5713,,,,,
T_pecari,4,173, cls_3 ,1.1462,772.1066,6.5713,2.1437,,,,,
T_pecari,4,174, cls_3 ,1.1536,373.9652,13.4613,4.1853,,,,,
T_pecari,4,175, cls_3 ,1.1595,63.9,74.8672,82.8892,,,,,
T_pecari,4,176, cls_3 ,1.1589,115.1974,16.2328,1.4291,,,,,
T_pecari,4,177, cls_3 ,1.1251,204.5798,3.7539,7.656,,,,,
T_pecari,4,179, cls_3 ,1.1121,90.3682,716.5929,9.1872,,,,,
T_pecari,4,180, cls_3 ,1.1551,71.4424,8.3275,15.8224,,,,,
T_pecari,4,183, cls_3 ,1.2582,63.9,780.9409,574.6097,,,,,
T_pecari,4,184, cls_3 ,1.1387,63.9,237.9357,5.4103,,,,,
T_pecari,4,186, cls_3 ,1.0956,101.0348,5.789,5.2061,,,,,
T_pecari,4,187, cls_3 ,1.0358,688.2241,2.8125,0.3062,,,,,
T_pecari,4,188, cls_3 ,1.0909,180.7365,9.596,0.2042,,,,,
T_pecari,4,189, cls_3 ,1,71.4424,37.0105,0.4083,,,,,
T_pecari,4,190, cls_3 ,1.0492,131.7332,95.8553,2.2458,,,,,
T_pecari,4,192, cls_3 ,1.0402,127.8,45.4369,1.1229,,,,,
T_pecari,4,193, cls_3 ,1.0688,127.8,44.35,0.5104,,,,,
T_pecari,4,195, cls_3 ,1.1281,607.05,12.7965,2.7562,,,,,
T_pecari,4,196, cls_3 ,1.1532,71.4424,1158.3154,12.3517,,,,,
T_pecari,4,198, cls_3 ,1.1299,607.05,11.2383,3.4707,,,,,
T_pecari,4,199, cls_3 ,1.0537,101.0348,10.1704,0.4083,,,,,
T_pecari,4,200, cls_3 ,1,71.4424,131.3747,0.1021,,,,,
T_pecari,4,201, cls_3 ,1.0903,71.4424,1149.0872,2.0416,,,,,
T_pecari,4,202, cls_3 ,1.1496,202.0695,5.5405,6.6352,,,,,
T_pecari,4,204, cls_3 ,1,71.4424,37.0409,0.1021,,,,,
T_pecari,4,205, cls_3 ,1,71.4424,37.5054,0.1021,,,,,
T_pecari,4,207, cls_3 ,1.1057,135.5524,31.5147,6.6352,,,,,
T_pecari,4,208, cls_3 ,1,63.9,233.5933,0.1021,,,,,
T_pecari,4,209, cls_3 ,1,63.9,1416.5807,0.1021,,,,,
T_pecari,4,213, cls_3 ,1.078,243.324,61.4795,1.225,,,,,
T_pecari,4,214, cls_3 ,1.1301,1024.3949,15.4968,2.2458,,,,,
T_pecari,4,215, cls_3 ,1.0819,927.1007,7.2085,0.6125,,,,,
T_pecari,4,216, cls_3 ,1.0975,159.75,23.8206,0.4083,,,,,
T_pecari,4,221, cls_3 ,1.0631,830.7,20.833,0.7146,,,,,
T_pecari,4,226, cls_3 ,1.1096,142.8847,307.2691,16.4349,,,,,
T_pecari,4,229, cls_3 ,1.0933,101.0348,8523.7134,1.7354,,,,,
T_pecari,4,230, cls_3 ,1.3233,63.9,491.8197,8696.3186,,,,,
T_pecari,4,231, cls_3 ,1.1646,63.9,3420.424,33.3802,,,,,
T_pecari,4,232, cls_3 ,1.138,71.4424,17042.4507,6.7373,,,,,
T_pecari,4,233, cls_3 ,1.0631,1792.0504,25.6796,0.7146,,,,,
T_pecari,4,235, cls_3 ,1.0537,71.4424,17044.0752,0.4083,,,,,
T_pecari,4,236, cls_3 ,1.0475,101.0348,8524.1519,3.0624,,,,,
T_pecari,4,237, cls_3 ,1.0537,63.9,182.5204,0.4083,,,,,
T_pecari,4,240, cls_3 ,1.0537,63.9,227.0662,0.4083,,,,,
T_pecari,4,241, cls_3 ,1.0982,131.7332,5020.7743,1.225,,,,,
T_pecari,4,243, cls_3 ,1.0721,63.9,17048.3988,3.4707,,,,,
T_pecari,4,245, cls_3 ,1.0769,63.9,1442.3202,0.8166,,,,,
T_pecari,4,246, cls_3 ,1.0688,71.4424,189.405,0.5104,,,,,
T_pecari,4,247, cls_3 ,1.1294,63.9,6567.267,2.0416,,,,,
T_pecari,4,248, cls_3 ,1,71.4424,149.4625,0.1021,,,,,
T_pecari,4,249, cls_3 ,1.0467,95.85,263.6445,1.327,,,,,
T_pecari,4,250, cls_3 ,1.1162,95.85,728.085,6.7373,,,,,
T_pecari,4,251, cls_3 ,1.1319,71.4424,794.6302,3.6749,,,,,
T_pecari,4,252, cls_3 ,1.1125,63.9,5336.3665,0.6125,,,,,
T_pecari,4,256, cls_3 ,1.0657,1328.9049,22.9311,1.6333,,,,,
T_pecari,4,258, cls_3 ,1.078,63.9,3309.4876,1.225,,,,,
T_pecari,4,259, cls_3 ,1.0751,63.9,382.5057,9.6976,,,,,
T_pecari,4,260, cls_3 ,1.0845,63.9,1193.2012,5.8186,,,,,
T_pecari,4,262, cls_3 ,1.0975,71.4424,453.6773,0.4083,,,,,
T_pecari,4,263, cls_3 ,1.1094,63.9,17041.3831,3.5728,,,,,
T_pecari,4,264, cls_3 ,1.0509,63.9,8528.4027,1.0208,,,,,
T_pecari,4,265, cls_3 ,1.0477,115.1974,12.8842,2.6541,,,,,
T_pecari,4,266, cls_3 ,1.1105,63.9,21303.398,22.0493,,,,,
T_pecari,4,267, cls_3 ,1.0689,115.1974,11.9888,1.327,,,,,
T_pecari,4,268, cls_3 ,1.1845,63.9,340.6629,8.7789,,,,,
T_pecari,4,269, cls_3 ,1.1748,63.9,1913.1959,6.2269,,,,,
T_pecari,4,272, cls_3 ,1.0626,101.0348,4292.8084,10.4122,,,,,
T_pecari,4,275, cls_3 ,1.0335,71.4424,1227.0521,1.8374,,,,,
T_pecari,4,276, cls_3 ,1.0688,127.8,267.9108,0.5104,,,,,
T_pecari,4,277, cls_3 ,1.0631,95.85,1901.5601,0.7146,,,,,
T_pecari,4,280, cls_3 ,1.0131,63.9,21298.8371,0.8166,,,,,
T_pecari,4,282, cls_3 ,1.0311,63.9,1090.7535,1.5312,,,,,
T_pecari,4,283, cls_3 ,1.1031,63.9,5247.1136,3.1645,,,,,
T_pecari,4,285, cls_3 ,1.053,63.9,14.8859,1.5312,,,,,
T_pecari,4,288, cls_3 ,1.0728,63.9,16.0945,1.5312,,,,,
T_pecari,4,290, cls_3 ,1.0155,63.9,17.0809,0.2042,,,,,
T_pecari,4,291, cls_3 ,1.0805,90.3682,608.4987,1.4291,,,,,
T_pecari,4,292, cls_3 ,1.0766,63.9,315.1141,4.0832,,,,,
T_pecari,4,293, cls_3 ,1.0932,162.9137,1180.8765,0.7146,,,,,
T_pecari,4,294, cls_3 ,1.0179,63.9,21330.6937,1.7354,,,,,
T_pecari,4,295, cls_3 ,1.0556,95.85,353.5123,1.225,,,,,
T_pecari,4,297, cls_3 ,1.0909,90.3682,10652.5749,0.2042,,,,,
T_pecari,4,298, cls_3 ,1.0647,95.85,438.2508,1.9395,,,,,
T_pecari,4,299, cls_3 ,1.1209,63.9,21301.1844,3.777,,,,,
T_pecari,4,301, cls_3 ,1.0819,142.8847,826.3624,0.6125,,,,,
T_pecari,4,302, cls_3 ,1.1763,63.9,9507.4863,11.7392,,,,,
T_pecari,4,303, cls_3 ,1.1337,63.9,1384.0507,1.225,,,,,
T_pecari,4,305, cls_3 ,1.0688,63.9,21330.0877,0.5104,,,,,
T_pecari,4,308, cls_3 ,1.0358,63.9,592.2464,0.3062,,,,,
T_pecari,4,309, cls_3 ,1.0819,345.5921,14.7392,0.6125,,,,,
T_pecari,4,315, cls_3 ,1,63.9,758.9572,0.1021,,,,,
T_pecari,4,317, cls_3 ,1.1666,90.3682,9467.182,16.0266,,,,,
T_pecari,4,318, cls_3 ,1,63.9,966.445,0.1021,,,,,
T_pecari,4,319, cls_3 ,1.1306,101.0348,1705.3513,7.2477,,,,,
T_pecari,4,321, cls_3 ,1.0155,63.9,2670.9953,0.2042,,,,,
T_pecari,4,324, cls_3 ,1.1265,63.9,9470.0885,2.552,,,,,
T_pecari,4,328, cls_3 ,1.0358,63.9,6566.7243,0.3062,,,,,
T_pecari,4,329, cls_3 ,1.0283,445.012,19.5457,0.7146,,,,,
T_pecari,4,335, cls_3 ,1.1313,131.7332,5012.8344,11.2288,,,,,
T_pecari,4,336, cls_3 ,1.2271,71.4424,9502.1985,27.4596,,,,,
T_pecari,4,339, cls_3 ,1.1619,71.4424,6609.2442,17.2516,,,,,
T_pecari,4,341, cls_3 ,1.0155,90.3682,889.5215,0.2042,,,,,
T_pecari,4,345, cls_3 ,1.0819,63.9,21305.7088,0.6125,,,,,
T_pecari,4,346, cls_3 ,1.0987,63.9,1321.1198,1.4291,,,,,
T_pecari,4,347, cls_3 ,1.0155,63.9,21304.571,0.2042,,,,,
T_pecari,4,349, cls_3 ,1.0706,71.4424,17038.9289,2.4499,,,,,
T_pecari,4,350, cls_3 ,1.1265,63.9,2668.4179,2.552,,,,,
T_pecari,4,357, cls_3 ,1.1035,71.4424,17042.3316,2.8582,,,,,
T_pecari,4,362, cls_3 ,1,90.3682,2516.978,0.1021,,,,,
T_pecari,4,367, cls_3 ,1,90.3682,8526.2069,0.1021,,,,,
T_pecari,4,372, cls_3 ,1.0465,223.65,54.8015,0.6125,,,,,
T_pecari,4,373, cls_3 ,1.1204,388.6885,577.9077,23.5805,,,,,
T_pecari,4,381, cls_3 ,1,63.9,21300.8397,0.1021,,,,,
T_pecari,4,388, cls_3 ,1.0556,223.65,91.9632,1.225,,,,,
T_pecari,4,394, cls_3 ,1.0716,71.4424,17039.3309,8.2685,,,,,
T_pecari,4,407, cls_3 ,1,71.4424,6553.6341,0.1021,,,,,
T_pecari,4,411, cls_3 ,1,71.4424,4733.3104,0.1021,,,,,
T_pecari,4,413, cls_3 ,1.0047,833.1541,125.8645,0.6125,,,,,
T_pecari,4,415, cls_3 ,1.0366,434.567,435.7896,2.1437,,,,,
T_pecari,4,419, cls_3 ,1.0605,194.3443,2303.0494,3.4707,,,,,
T_pecari,4,432, cls_3 ,1.0657,115.1974,6554.2301,1.6333,,,,,
T_pecari,4,440, cls_3 ,1.0851,90.3682,10650.063,3.0624,,,,,
T_pecari,4,445, cls_3 ,1,63.9,21298.4522,0.9187,,,,,
T_pecari,4,459, cls_3 ,1.1297,142.8847,1640.0033,2.9603,,,,,
T_pecari,4,466, cls_3 ,1.0261,71.4424,2080.4564,0.5104,,,,,
T_pecari,4,469, cls_3 ,1.1638,71.4424,17039.9704,0.5104,,,,,
T_pecari,4,470, cls_3 ,1.0889,115.1974,2131.1339,0.9187,,,,,
T_pecari,4,471, cls_3 ,1.0819,135.5524,4733.4766,0.6125,,,,,
T_pecari,4,476, cls_3 ,1.1519,115.1974,6555.6207,0.9187,,,,,
T_pecari,4,478, cls_3 ,1.0261,63.9,21297.9731,0.5104,,,,,
T_pecari,4,481, cls_3 ,1.0537,71.4424,17040.9058,0.4083,,,,,
T_pecari,4,490, cls_3 ,1.1084,115.1974,6555.0976,1.7354,,,,,
T_pecari,4,495, cls_3 ,1,63.9,21298.7877,0.1021,,,,,
T_pecari,4,497, cls_3 ,1.1228,71.4424,17040.4717,1.5312,,,,,
T_pecari,4,503, cls_3 ,1,63.9,21298.0499,0.1021,,,,,
T_pecari,4,518, cls_3 ,1.078,71.4424,17041.4074,1.225,,,,,
T_pecari,4,519, cls_3 ,1.1596,159.75,3409.6242,2.8582,,,,,
T_pecari,4,524, cls_3 ,1.0537,63.9,21298.3795,0.4083,,,,,
T_pecari,4,531, cls_3 ,1.022,63.9,21298.5556,1.0208,,,,,
T_pecari,4,538, cls_3 ,1.0909,71.4424,17039.2287,0.2042,,,,,
T_pecari,4,542, cls_3 ,1.088,63.9,21299.6808,1.1229,,,,,
T_pecari,4,564, cls_3 ,1.1407,63.9,544.0473,5.3082,,,,,
T_pecari,4,568, cls_3 ,1.1371,63.9,436.8565,7.8602,,,,,
T_pecari,4,570, cls_3 ,1.0909,71.4424,801.5376,0.2042,,,,,
T_pecari,4,576, cls_3 ,1.0358,63.9,21298.7751,0.3062,,,,,
T_pecari,4,578, cls_3 ,1.0971,63.9,805.6973,2.4499,,,,,
T_pecari,4,587, cls_3 ,1.2049,71.4424,2702.044,54.6129,,,,,
T_pecari,4,588, cls_3 ,1.0764,95.85,1186.8928,1.0208,,,,,
T_pecari,4,589, cls_3 ,1.063,71.4424,365.2343,0.9187,,,,,
T_pecari,4,594, cls_3 ,1.1197,63.9,250.1937,0.7146,,,,,
T_pecari,4,606, cls_3 ,1.0728,63.9,3413.9359,1.5312,,,,,
T_pecari,4,610, cls_3 ,1.1543,71.4424,17048.7968,1.327,,,,,
T_pecari,4,612, cls_3 ,1.1099,63.9,17043.8852,1.9395,,,,,
T_pecari,4,615, cls_3 ,1.0706,101.0348,8519.3419,2.4499,,,,,
T_pecari,4,625, cls_3 ,1.0358,63.9,274.4337,0.3062,,,,,
T_pecari,4,627, cls_3 ,1.1574,63.9,3770.5808,52.5713,,,,,
T_pecari,4,631, cls_3 ,1.105,63.9,380.3859,0.5104,,,,,
T_pecari,4,639, cls_3 ,1.0338,63.9,21318.6345,0.9187,,,,,
T_pecari,4,642, cls_3 ,1.0872,339.6332,474.3152,12.5559,,,,,
T_pecari,4,644, cls_3 ,1.063,159.75,3408.5082,0.9187,,,,,
T_pecari,4,649, cls_3 ,1.1322,101.0348,8519.3816,2.6541,,,,,
T_pecari,4,676, cls_3 ,1.122,115.1974,554.8055,5.3082,,,,,
T_pecari,4,679, cls_3 ,1.0819,63.9,179.2632,0.6125,,,,,
T_pecari,4,681, cls_3 ,1.2051,63.9,21300.5275,5.9207,,,,,
T_pecari,4,688, cls_3 ,1.1046,90.3682,10652.5545,2.552,,,,,
T_pecari,4,689, cls_3 ,1.1451,101.0348,2682.2669,12.1475,,,,,
T_pecari,4,690, cls_3 ,1.1877,63.9,881.9912,1156.0588,,,,,
T_pecari,4,692, cls_3 ,1.1519,101.0348,1738.4176,0.9187,,,,,
T_pecari,4,695, cls_3 ,1.0509,63.9,166.3496,1.0208,,,,,
T_pecari,4,696, cls_3 ,1.1727,90.3682,1654.7386,97.1804,,,,,
T_pecari,4,710, cls_3 ,1.1947,71.4424,17041.3182,5.6144,,,,,
T_pecari,4,736, cls_3 ,1.0467,71.4424,17039.2376,1.327,,,,,
T_pecari,4,737, cls_3 ,1.1035,90.3682,10656.3802,2.8582,,,,,
T_pecari,4,749, cls_3 ,1,71.4424,17041.6633,0.1021,,,,,
T_pecari,4,752, cls_3 ,1,142.8847,177.7956,0.1021,,,,,
T_pecari,4,753, cls_3 ,1.1369,71.4424,17039.3883,0.3062,,,,,
T_pecari,4,757, cls_3 ,1.0358,63.9,327.031,0.3062,,,,,
T_pecari,4,759, cls_3 ,1.0909,214.3271,242.7637,0.2042,,,,,
T_pecari,4,760, cls_3 ,1.0556,115.1974,853.6925,1.225,,,,,
T_pecari,4,762, cls_3 ,1.1554,63.9,1900.9563,1.6333,,,,,
T_pecari,4,765, cls_3 ,1.0647,63.9,17043.3068,1.9395,,,,,
T_pecari,4,770, cls_3 ,1.105,71.4424,253.4653,0.5104,,,,,
T_pecari,4,773, cls_3 ,1.0688,63.9,1008.0221,0.5104,,,,,
T_pecari,4,778, cls_3 ,1.0932,71.4424,476.1644,0.7146,,,,,
T_pecari,4,796, cls_3 ,1,131.7332,975.5812,0.1021,,,,,
T_pecari,4,798, cls_3 ,1,115.1974,1300.2703,0.1021,,,,,
T_pecari,4,818, cls_3 ,1.0689,63.9,2840.5626,1.327,,,,,
T_pecari,4,831, cls_3 ,1.059,159.75,145.7855,1.7354,,,,,
T_pecari,4,836, cls_3 ,1.0047,131.7332,5011.9834,0.6125,,,,,
T_pecari,4,837, cls_3 ,1.118,71.4424,329.9176,58.6961,,,,,
T_pecari,4,853, cls_3 ,1,63.9,890.586,0.1021,,,,,
T_pecari,4,854, cls_3 ,1.0155,63.9,889.4126,0.2042,,,,,
T_pecari,4,860, cls_3 ,1.1031,63.9,2188.6201,0.8166,,,,,
T_pecari,4,868, cls_3 ,1.105,71.4424,180.3336,0.5104,,,,,
T_pecari,4,869, cls_3 ,1.1148,63.9,21397.8532,8.0643,,,,,
T_pecari,4,884, cls_3 ,1.1609,71.4424,2293.8805,14.9037,,,,,
T_pecari,4,910, cls_3 ,1.0505,162.9137,103.9264,4.7978,,,,,
T_pecari,4,912, cls_3 ,1.0819,71.4424,70.5069,0.6125,,,,,
T_pecari,4,915, cls_3 ,1.0688,71.4424,60.3839,0.5104,,,,,
T_pecari,4,917, cls_3 ,1.0395,500.0966,167.174,1.7354,,,,,
T_pecari,4,922, cls_3 ,1.0963,135.5524,4738.3239,2.7562,,,,,
T_pecari,4,923, cls_3 ,1.1265,127.8,811.2904,0.8166,,,,,
T_pecari,4,925, cls_3 ,1.0819,677.0084,125.8999,0.6125,,,,,
T_pecari,4,927, cls_3 ,1.1413,71.4424,275.862,3.3686,,,,,
T_pecari,4,932, cls_3 ,1.1573,63.9,6572.9316,8.9831,,,,,
T_pecari,4,934, cls_3 ,1.1405,63.9,516.8928,7.2477,,,,,
T_pecari,4,935, cls_3 ,1.0937,63.9,271.6845,5.7165,,,,,
T_pecari,4,937, cls_3 ,1.0358,90.3682,10652.2725,0.3062,,,,,
T_pecari,4,3, cls_4 ,1.0819,806.3815,0.0436,0.6125,,,,,
T_pecari,4,15, cls_4 ,1.0311,734.85,0.0512,1.5312,,,,,
T_pecari,4,28, cls_4 ,1.0509,734.85,0.0734,1.0208,,,,,
T_pecari,4,37, cls_4 ,1.0358,2978.8985,0.0219,0.3062,,,,,
T_pecari,4,78, cls_4 ,1.1275,191.7,1.3768,6.7373,,,,,
T_pecari,4,93, cls_4 ,1.1197,131.7332,1.4897,0.7146,,,,,
T_pecari,4,94, cls_4 ,1.0671,172.056,2.3681,4.4915,,,,,
T_pecari,4,100, cls_4 ,1.0769,131.7332,2.7723,0.8166,,,,,
T_pecari,4,101, cls_4 ,1.105,620.3568,0.2512,0.5104,,,,,
T_pecari,4,105, cls_4 ,1.0517,225.9206,0.6499,2.552,,,,,
T_pecari,4,106, cls_4 ,1.0537,225.9206,1.4292,0.4083,,,,,
T_pecari,4,149, cls_4 ,1.1103,2616.9761,0.0234,2.9603,,,,,
T_pecari,4,182, cls_4 ,1.0688,2486.7693,0.0285,0.5104,,,,,
T_pecari,4,203, cls_4 ,1.0386,4274.141,0.0104,1.4291,,,,,
T_pecari,4,206, cls_4 ,1.1025,357.2119,0.6936,6.4311,,,,,
T_pecari,4,217, cls_4 ,1.1366,159.75,1.5924,8.2685,,,,,
T_pecari,4,224, cls_4 ,1.0963,159.75,3.335,2.7562,,,,,
T_pecari,4,281, cls_4 ,1.0769,321.0935,0.0591,0.8166,,,,,
T_pecari,4,296, cls_4 ,1.0914,321.0935,0.1101,0.3062,,,,,
T_pecari,4,310, cls_4 ,1.0819,688.2241,0.1154,0.6125,,,,,
T_pecari,4,322, cls_4 ,1.126,71.4424,5.4877,3.0624,,,,,
T_pecari,4,330, cls_4 ,1.1017,71.4424,6.3927,2.3478,,,,,
T_pecari,4,342, cls_4 ,1.0509,63.9,4.2195,1.0208,,,,,
T_pecari,4,353, cls_4 ,1.1506,63.9,3.6373,1.5312,,,,,
T_pecari,4,354, cls_4 ,1.1454,71.4424,3.8871,1.4291,,,,,
T_pecari,4,359, cls_4 ,1.078,71.4424,3.9864,1.225,,,,,
T_pecari,4,364, cls_4 ,1.0592,135.5524,1.085,2.0416,,,,,
T_pecari,4,379, cls_4 ,1.0261,3321.1099,0.0267,0.5104,,,,,
T_pecari,4,416, cls_4 ,1.0047,1890.4575,0.0537,0.6125,,,,,
T_pecari,4,453, cls_4 ,1.0688,3294.7251,0.0085,0.5104,,,,,
T_pecari,4,465, cls_4 ,1.1367,63.9,1.6049,3.777,,,,,
T_pecari,4,488, cls_4 ,1.0465,63.9,9.3656,0.6125,,,,,
T_pecari,4,505, cls_4 ,1.1355,159.75,1.2209,6.2269,,,,,
T_pecari,4,506, cls_4 ,1.1602,159.75,2.5881,1.1229,,,,,
T_pecari,4,516, cls_4 ,1.112,202.0695,0.3404,0.9187,,,,,
T_pecari,4,529, cls_4 ,1.1241,583.0328,0.1456,2.8582,,,,,
T_pecari,4,532, cls_4 ,1.0988,3294.7251,0.0118,2.1437,,,,,
T_pecari,4,536, cls_4 ,1.0819,202.0695,0.5054,0.6125,,,,,
T_pecari,4,550, cls_4 ,1.0529,159.75,2.5384,1.8374,,,,,
T_pecari,4,583, cls_4 ,1.0647,63.9,3.0088,1.9395,,,,,
T_pecari,4,584, cls_4 ,1.0654,63.9,5.256,1.1229,,,,,
T_pecari,4,600, cls_4 ,1.0764,1222.8964,0.071,1.0208,,,,,
T_pecari,4,603, cls_4 ,1.1073,172.056,0.7247,1.327,,,,,
T_pecari,4,613, cls_4 ,1.0261,3344.9987,0.0126,0.5104,,,,,
T_pecari,4,624, cls_4 ,1.0465,857.3085,0.1178,0.6125,,,,,
T_pecari,4,734, cls_4 ,1.0283,71.4424,0.2319,0.7146,,,,,
T_pecari,4,741, cls_4 ,1,71.4424,1.4294,0.1021,,,,,
T_pecari,4,803, cls_4 ,1.105,4197.6269,0.006,0.5104,,,,,
T_pecari,4,906, cls_4 ,1.0982,6286.9287,0.0051,1.225,,,,,
T_pecari,4,125, cls_2 ,1.0688,2236.7282,0.0047,0.5104,,,,,
T_pecari,4,130, cls_2 ,1.0987,869.134,0.0353,1.4291,,,,,
T_pecari,4,137, cls_2 ,1,883.6933,0.0458,0.4083,,,,,
T_pecari,4,142, cls_2 ,1.1415,869.134,0.0321,1.8374,,,,,
T_pecari,4,154, cls_2 ,1.105,2973.2389,0.0057,0.5104,,,,,
T_pecari,4,158, cls_2 ,1.1309,2236.7282,0.0034,1.4291,,,,,
T_pecari,4,163, cls_2 ,1.0688,639,0.0656,0.5104,,,,,
T_pecari,4,172, cls_2 ,1.0358,1050.9559,0.0356,0.3062,,,,,
T_pecari,4,181, cls_2 ,1.0937,639,0.0286,2.2458,,,,,
T_pecari,4,185, cls_2 ,1.1125,230.3947,0.3006,0.6125,,,,,
T_pecari,4,191, cls_2 ,1.1228,230.3947,0.128,1.5312,,,,,
T_pecari,4,211, cls_2 ,1.0465,1002.7415,0.0319,0.6125,,,,,
T_pecari,4,219, cls_2 ,1.0261,426.2662,0.02,0.5104,,,,,
T_pecari,4,220, cls_2 ,1.0975,383.4,0.021,0.4083,,,,,
T_pecari,4,222, cls_2 ,1,383.4,0.0625,0.1021,,,,,
T_pecari,4,257, cls_2 ,1.0338,2631.9509,0.0079,0.9187,,,,,
T_pecari,4,274, cls_2 ,1.0819,4760.9788,0.0031,0.6125,,,,,
T_pecari,4,475, cls_2 ,1.0465,5303.7962,0.002,0.6125,,,,,
T_pecari,4,547, cls_2 ,1.0819,90.3682,1.5276,0.6125,,,,,
T_pecari,4,553, cls_2 ,1.1265,63.9,2.7086,0.8166,,,,,
T_pecari,4,557, cls_2 ,1.0764,63.9,2.7517,1.0208,,,,,
T_pecari,4,651, cls_2 ,1.1154,5303.7962,0.0026,1.4291,,,,,
T_pecari,4,849, cls_2 ,1.1167,583.0328,0.0391,1.225,,,,,
T_pecari,4,859, cls_2 ,1.1199,583.0328,0.0551,1.0208,,,,,
T_pecari,4,890, cls_2 ,1.1388,798.75,0.0289,1.0208,,,,,
T_pecari,4,898, cls_2 ,1.0537,2683.8,0.0053,0.4083,,,,,
T_pecari,4,936, cls_2 ,1.0047,1311.5076,0.0111,0.6125,,,,,
T_pecari,4,178, cls_5 ,1.0909,5488.1507,0.0245,0.2042,,,,,
T_pecari,4,225, cls_5 ,1.0688,4743.795,0.0326,0.5104,,,,,
T_pecari,4,426, cls_5 ,1.105,1879.6269,0.2236,0.5104,,,,,
T_pecari,4,444, cls_5 ,1.0465,1287.9457,0.0417,0.6125,,,,,
T_pecari,4,530, cls_5 ,1.0283,180.7365,0.1727,0.7146,,,,,
T_pecari,4,533, cls_5 ,1.0358,575.9868,3.1361,0.3062,,,,,
T_pecari,4,539, cls_5 ,1.0283,1287.9457,0.0472,0.7146,,,,,
T_pecari,4,541, cls_5 ,1,180.7365,0.3631,0.1021,,,,,
T_pecari,4,552, cls_5 ,1.0769,1859.973,0.1636,0.8166,,,,,
T_pecari,4,554, cls_5 ,1.0914,416.577,5.98,0.3062,,,,,
T_pecari,4,574, cls_5 ,1.1362,557.9828,1.999,0.5104,,,,,
T_pecari,4,575, cls_5 ,1.2779,345.5921,0.8537,102.6927,,,,,
T_pecari,4,577, cls_5 ,1.063,1391.935,0.3916,0.9187,,,,,
T_pecari,4,598, cls_5 ,1.105,667.1356,0.7791,0.5104,,,,,
T_pecari,4,682, cls_5 ,1.0766,1859.973,0.3819,4.4915,,,,,
T_pecari,4,698, cls_5 ,1.0492,1178.6909,0.4977,2.2458,,,,,
T_pecari,4,711, cls_5 ,1.0465,345.5921,8.659,0.6125,,,,,
T_pecari,4,756, cls_5 ,1.2128,63.9,1.4997,28.0721,,,,,
T_pecari,4,758, cls_5 ,1,204.5798,7.406,0.1021,,,,,
T_pecari,4,764, cls_5 ,1,63.9,69.0982,0.1021,,,,,
T_pecari,4,774, cls_5 ,1,101.0348,88.5923,0.1021,,,,,
T_pecari,4,776, cls_5 ,1.0395,549.6886,3.6916,1.7354,,,,,
T_pecari,4,779, cls_5 ,1.2019,101.0348,2.5424,90.0348,,,,,
T_pecari,4,782, cls_5 ,1.0442,804.4804,1.4452,3.1645,,,,,
T_pecari,4,802, cls_5 ,1.1409,204.5798,7.4093,2.0416,,,,,
T_pecari,4,816, cls_5 ,1.1319,71.4424,0.8868,3.6749,,,,,
T_pecari,4,830, cls_5 ,1.1282,415.35,4.7783,36.5447,,,,,
T_pecari,4,832, cls_5 ,1,71.4424,7.7702,0.1021,,,,,
T_pecari,4,833, cls_5 ,1.2055,426.2662,2.8369,17.9661,,,,,
T_pecari,4,851, cls_5 ,1.1661,90.3682,11.5898,45.1195,,,,,
T_pecari,4,870, cls_5 ,1.0358,415.35,6.2082,0.3062,,,,,
T_pecari,4,889, cls_5 ,1.0465,90.3682,58.2986,0.6125,,,,,
T_pecari,4,892, cls_5 ,1.1724,415.35,5.5437,5.104,,,,,
T_pecari,4,903, cls_5 ,1.0604,159.75,1.9862,2.3478,,,,,
T_pecari,4,905, cls_5 ,1.1603,63.9,35.0396,13.7808,,,,,
T_pecari,4,907, cls_5 ,1.1031,159.75,1.9059,0.8166,,,,,
T_pecari,4,909, cls_5 ,1,63.9,34.9378,0.1021,,,,,
T_pecari,4,911, cls_5 ,1,142.8847,0.8698,0.1021,,,,,
T_pecari,4,913, cls_5 ,1,142.8847,0.9102,0.1021,,,,,
T_pecari,4,916, cls_5 ,1.0556,186.2989,3.5639,1.225,,,,,
T_pecari,4,918, cls_5 ,1.0671,333.5678,0.826,8.6768,,,,,
T_pecari,4,919, cls_5 ,1.0338,127.8,1.928,0.9187,,,,,
T_pecari,4,920, cls_5 ,1.0819,127.8,1.8522,0.6125,,,,,
T_pecari,4,924, cls_5 ,1.1441,159.75,0.5622,11.433,,,,,
T_pecari,4,926, cls_5 ,1,135.5524,1.3895,0.1021,,,,,
T_pecari,4,929, cls_5 ,1.0987,135.5524,0.603,1.4291,,,,,
T_pecari,4,931, cls_5 ,1.0465,395.1997,1.0917,0.6125,,,,,
T_pecari,4,933, cls_5 ,1,159.75,4.8476,0.4083,,,,,
T_pecari,4,218, cls_6 ,1.0467,3589.9348,0.1193,1.327,,,,,
T_pecari,4,279, cls_6 ,1.0556,294.5644,0.7536,1.225,,,,,
T_pecari,4,286, cls_6 ,1.078,294.5644,1.0335,1.225,,,,,
T_pecari,4,312, cls_6 ,1.1063,159.75,3.2853,3.3686,,,,,
T_pecari,4,313, cls_6 ,1.059,71.4424,2.2867,1.7354,,,,,
T_pecari,4,332, cls_6 ,1.0543,63.9,41.6941,3.2666,,,,,
T_pecari,4,333, cls_6 ,1.0465,71.4424,4.7288,0.6125,,,,,
T_pecari,4,337, cls_6 ,1.172,63.9,19.8548,15.9245,,,,,
T_pecari,4,343, cls_6 ,1.0492,357.2119,1.2763,2.2458,,,,,
T_pecari,4,360, cls_6 ,1.109,180.7365,6.9703,2.4499,,,,,
T_pecari,4,361, cls_6 ,1.1334,115.1974,7.6712,6.0227,,,,,
T_pecari,4,369, cls_6 ,1.0909,71.4424,32.6182,0.2042,,,,,
T_pecari,4,370, cls_6 ,1.0685,159.75,3.784,6.329,,,,,
T_pecari,4,374, cls_6 ,1.0509,127.8,7.463,1.0208,,,,,
T_pecari,4,378, cls_6 ,1.0796,63.9,10.378,5.2061,,,,,
T_pecari,4,385, cls_6 ,1.078,127.8,3.902,1.225,,,,,
T_pecari,4,386, cls_6 ,1.0689,63.9,19.1223,1.327,,,,,
T_pecari,4,389, cls_6 ,1.07,127.8,4.2356,3.1645,,,,,
T_pecari,4,396, cls_6 ,1.1536,71.4424,32.7768,4.1853,,,,,
T_pecari,4,425, cls_6 ,1.1518,172.056,2.7845,2.0416,,,,,
T_pecari,4,428, cls_6 ,1.0311,90.3682,2.2544,1.5312,,,,,
T_pecari,4,431, cls_6 ,1.0688,135.5524,3.4207,0.5104,,,,,
T_pecari,4,435, cls_6 ,1.0688,90.3682,3.5518,0.5104,,,,,
T_pecari,4,437, cls_6 ,1.0457,646.9382,0.7291,18.9869,,,,,
T_pecari,4,439, cls_6 ,1.0473,135.5524,4.4224,0.8166,,,,,
T_pecari,4,447, cls_6 ,1.0647,249.5375,0.6777,1.9395,,,,,
T_pecari,4,448, cls_6 ,1.1815,142.8847,4.4694,16.6391,,,,,
T_pecari,4,461, cls_6 ,1.0576,63.9,19.6126,3.5728,,,,,
T_pecari,4,467, cls_6 ,1.0395,249.5375,0.7774,1.7354,,,,,
T_pecari,4,468, cls_6 ,1.0897,287.55,2.4647,5.104,,,,,
T_pecari,4,483, cls_6 ,1.1096,63.9,14.7233,3.879,,,,,
T_pecari,4,499, cls_6 ,1.0606,194.3443,3.9899,1.4291,,,,,
T_pecari,4,520, cls_6 ,1.0606,319.5,1.9118,1.4291,,,,,
T_pecari,4,522, cls_6 ,1.0465,2467.6075,0.4255,0.6125,,,,,
T_pecari,4,537, cls_6 ,1.0402,415.35,2.0537,1.1229,,,,,
T_pecari,4,549, cls_6 ,1.1745,63.9,14.2821,7.0435,,,,,
T_pecari,4,555, cls_6 ,1.1676,63.9,11.3332,2.8582,,,,,
T_pecari,4,569, cls_6 ,1,63.9,32.9418,0.1021,,,,,
T_pecari,4,571, cls_6 ,1.1153,63.9,12.1394,3.6749,,,,,
T_pecari,4,579, cls_6 ,1.1299,135.5524,2.6885,284.0893,,,,,
T_pecari,4,580, cls_6 ,1.0853,339.6332,18.4861,9.7997,,,,,
T_pecari,4,581, cls_6 ,1.0914,71.4424,9.7229,0.3062,,,,,
T_pecari,4,599, cls_6 ,1.1075,191.7,3.1829,10.6163,,,,,
T_pecari,4,608, cls_6 ,1.0278,243.324,2.491,1.9395,,,,,
T_pecari,4,617, cls_6 ,1.0537,127.8,3.7201,0.4083,,,,,
T_pecari,4,618, cls_6 ,1.0689,127.8,3.2559,1.327,,,,,
T_pecari,4,630, cls_6 ,1.1284,172.056,4.2476,5.3082,,,,,
T_pecari,4,634, cls_6 ,1.096,949.9418,0.4662,1.9395,,,,,
T_pecari,4,635, cls_6 ,1.0261,172.056,5.5844,0.5104,,,,,
T_pecari,4,637, cls_6 ,1.1197,95.85,13.8929,0.7146,,,,,
T_pecari,4,638, cls_6 ,1.0631,172.056,10.3768,0.7146,,,,,
T_pecari,4,643, cls_6 ,1.1447,294.5644,3.1136,3.2666,,,,,
T_pecari,4,646, cls_6 ,1,101.0348,13.136,0.1021,,,,,
T_pecari,4,648, cls_6 ,1.0411,95.85,8.4101,9.1872,,,,,
T_pecari,4,655, cls_6 ,1.0975,95.85,49.9888,6.329,,,,,
T_pecari,4,656, cls_6 ,1.1075,142.8847,9.0712,1.5312,,,,,
T_pecari,4,663, cls_6 ,1.0473,90.3682,8.0242,0.8166,,,,,
T_pecari,4,664, cls_6 ,1.1031,71.4424,6.7116,3.1645,,,,,
T_pecari,4,666, cls_6 ,1.0909,142.8847,7.0845,0.2042,,,,,
T_pecari,4,668, cls_6 ,1.1027,71.4424,89.3044,4.4915,,,,,
T_pecari,4,670, cls_6 ,1.1676,135.5524,17.6507,11.0247,,,,,
T_pecari,4,673, cls_6 ,1.1576,63.9,20.4372,44.9153,,,,,
T_pecari,4,675, cls_6 ,1.0155,142.8847,8.681,0.2042,,,,,
T_pecari,4,680, cls_6 ,1,71.4424,15.6444,0.1021,,,,,
T_pecari,4,684, cls_6 ,1.1197,71.4424,51.9326,0.7146,,,,,
T_pecari,4,686, cls_6 ,1.0465,63.9,10.5831,0.6125,,,,,
T_pecari,4,687, cls_6 ,1,63.9,12.0492,0.1021,,,,,
T_pecari,4,700, cls_6 ,1.1389,71.4424,252.4816,11.6371,,,,,
T_pecari,4,701, cls_6 ,1.1712,531.754,1.735,10.3101,,,,,
T_pecari,4,703, cls_6 ,1.1057,63.9,317.3535,10.3101,,,,,
T_pecari,4,706, cls_6 ,1.0982,135.5524,13.0172,1.225,,,,,
T_pecari,4,707, cls_6 ,1,95.85,50.1512,0.1021,,,,,
T_pecari,4,709, cls_6 ,1.0909,135.5524,155.7197,0.2042,,,,,
T_pecari,4,715, cls_6 ,1.0402,90.3682,20.7434,1.1229,,,,,
T_pecari,4,716, cls_6 ,1.1457,71.4424,47.6573,116.5756,,,,,
T_pecari,4,717, cls_6 ,1.0746,90.3682,99.0958,8.5747,,,,,
T_pecari,4,718, cls_6 ,1.056,63.9,7.8736,2.4499,,,,,
T_pecari,4,720, cls_6 ,1,63.9,31.6801,0.1021,,,,,
T_pecari,4,721, cls_6 ,1.053,63.9,26.1574,1.5312,,,,,
T_pecari,4,722, cls_6 ,1.1199,63.9,110.4728,1.0208,,,,,
T_pecari,4,724, cls_6 ,1.0509,63.9,10.5671,1.0208,,,,,
T_pecari,4,725, cls_6 ,1,357.2119,22.7891,0.1021,,,,,
T_pecari,4,728, cls_6 ,1.2271,63.9,63.4077,125.8649,,,,,
T_pecari,4,730, cls_6 ,1.0605,223.65,27.6957,3.4707,,,,,
T_pecari,4,748, cls_6 ,1.0556,115.1974,138.8921,1.225,,,,,
T_pecari,4,771, cls_6 ,1.1589,63.9,310.1328,1.4291,,,,,
T_pecari,4,772, cls_6 ,1.1708,274.8443,6.0689,4.6957,,,,,
T_pecari,4,775, cls_6 ,1,71.4424,234.0138,0.1021,,,,,
T_pecari,4,794, cls_6 ,1,274.8443,4.7318,0.1021,,,,,
T_pecari,4,827, cls_6 ,1.1214,223.65,1.1265,3.4707,,,,,
T_pecari,4,828, cls_6 ,1.0932,223.65,1.5922,0.7146,,,,,
T_pecari,4,878, cls_6 ,1.0975,1776.6039,0.4128,0.4083,,,,,
T_pecari,5,1, cls_1 ,1.2583,63.9,119.7888,19970.6739,,1.067635821,93.1251,25933.33386,299.8020806
T_pecari,5,30, cls_1 ,1.0819,71.4424,39127.4137,0.6125,,,,,
T_pecari,5,35, cls_1 ,1.0654,63.9,48909.2727,1.1229,,,,,
T_pecari,5,42, cls_1 ,1.105,63.9,48909.2874,0.5104,,,,,
T_pecari,5,57, cls_1 ,1.0358,63.9,48909.2634,0.3062,,,,,
T_pecari,5,99, cls_1 ,1.0545,71.4424,19567.3447,2.8582,,,,,
T_pecari,5,102, cls_1 ,1.1292,63.9,48914.913,1.8374,,,,,
T_pecari,5,110, cls_1 ,1.0909,90.3682,24455.0111,0.2042,,,,,
T_pecari,5,113, cls_1 ,1,90.3682,24454.767,0.1021,,,,,
T_pecari,5,119, cls_1 ,1.0465,95.85,21737.7054,0.6125,,,,,
T_pecari,5,133, cls_1 ,1.105,71.4424,39127.4962,0.5104,,,,,
T_pecari,5,136, cls_1 ,1.0155,63.9,48909.3605,0.2042,,,,,
T_pecari,5,141, cls_1 ,1.088,71.4424,39127.4358,5.6144,,,,,
T_pecari,5,165, cls_1 ,1,71.4424,39127.5137,0.1021,,,,,
T_pecari,5,222, cls_1 ,1.0689,71.4424,39138.0974,1.327,,,,,
T_pecari,5,225, cls_1 ,1.0706,90.3682,24455.4168,2.4499,,,,,
T_pecari,5,233, cls_1 ,1.0845,95.85,2302.5008,26.8471,,,,,
T_pecari,5,238, cls_1 ,1.0904,272.9809,2680.8856,3.5728,,,,,
T_pecari,5,244, cls_1 ,1,101.0348,11511.1246,0.1021,,,,,
T_pecari,5,245, cls_1 ,1.0155,95.85,1646.4291,0.2042,,,,,
T_pecari,5,260, cls_1 ,1.1187,71.4424,39127.5566,4.7978,,,,,
T_pecari,5,271, cls_1 ,1.1199,63.9,48909.8581,1.0208,,,,,
T_pecari,5,273, cls_1 ,1,255.6,1672.9565,0.1021,,,,,
T_pecari,5,285, cls_1 ,1.0155,71.4424,39133.5551,0.2042,,,,,
T_pecari,5,289, cls_1 ,1.0975,90.3682,24456.3983,0.4083,,,,,
T_pecari,5,291, cls_1 ,1.1346,71.4424,39128.0888,0.4083,,,,,
T_pecari,5,292, cls_1 ,1.0155,63.9,48909.3084,0.2042,,,,,
T_pecari,5,293, cls_1 ,1.127,71.4424,39129.3026,5.7165,,,,,
T_pecari,5,295, cls_1 ,1.0654,127.8,12227.671,1.1229,,,,,
T_pecari,5,296, cls_1 ,1,63.9,48909.7429,0.1021,,,,,
T_pecari,5,297, cls_1 ,1.0764,142.8847,5436.9677,1.0208,,,,,
T_pecari,5,298, cls_1 ,1.071,142.8847,9782.9756,7.7581,,,,,
T_pecari,5,300, cls_1 ,1.0473,71.4424,39127.8329,0.8166,,,,,
T_pecari,5,302, cls_1 ,1,159.75,7525.2392,0.1021,,,,,
T_pecari,5,304, cls_1 ,1.1197,131.7332,11508.4498,0.7146,,,,,
T_pecari,5,305, cls_1 ,1.1167,71.4424,39129.4965,1.225,,,,,
T_pecari,5,306, cls_1 ,1.059,63.9,48909.6636,1.7354,,,,,
T_pecari,5,307, cls_1 ,1.1492,63.9,24458.3561,3.3686,,,,,
T_pecari,5,311, cls_1 ,1.1085,101.0348,19564.7959,1.1229,,,,,
T_pecari,5,313, cls_1 ,1.0764,63.9,48909.7441,1.0208,,,,,
T_pecari,5,314, cls_1 ,1.0155,172.056,2879.8395,0.2042,,,,,
T_pecari,5,316, cls_1 ,1.063,63.9,21747.0438,0.9187,,,,,
T_pecari,5,318, cls_1 ,1.0819,63.9,2467.4276,0.6125,,,,,
T_pecari,5,319, cls_1 ,1.112,63.9,6750.6913,0.9187,,,,,
T_pecari,5,324, cls_1 ,1,159.75,7825.8402,0.1021,,,,,
T_pecari,5,326, cls_1 ,1.0799,63.9,24474.2411,2.552,,,,,
T_pecari,5,327, cls_1 ,1.0688,63.9,6769.3806,0.5104,,,,,
T_pecari,5,329, cls_1 ,1.1066,63.9,39134.0956,7.8602,,,,,
T_pecari,5,330, cls_1 ,1.1275,63.9,6117.8466,7.8602,,,,,
T_pecari,5,331, cls_1 ,1.0261,95.85,21737.9715,0.5104,,,,,
T_pecari,5,337, cls_1 ,1.1426,71.4424,39129.0975,2.8582,,,,,
T_pecari,5,340, cls_1 ,1,63.9,48910.7049,0.1021,,,,,
T_pecari,5,342, cls_1 ,1.0993,101.0348,19564.0854,1.0208,,,,,
T_pecari,5,344, cls_1 ,1.0465,115.1974,15049.4291,0.6125,,,,,
T_pecari,5,345, cls_1 ,1.0358,63.9,48911.0428,0.3062,,,,,
T_pecari,5,353, cls_1 ,1.0688,225.9206,3763.6231,0.5104,,,,,
T_pecari,5,358, cls_1 ,1.089,115.1974,4772.9181,1.327,,,,,
T_pecari,5,364, cls_1 ,1.1197,204.5798,4772.5193,0.7146,,,,,
T_pecari,5,365, cls_1 ,1.0509,63.9,1673.8294,1.0208,,,,,
T_pecari,5,366, cls_1 ,1,63.9,1959.4956,0.1021,,,,,
T_pecari,5,370, cls_1 ,1.0764,90.3682,24455.1595,1.0208,,,,,
T_pecari,5,373, cls_1 ,1.0465,63.9,48909.7499,0.6125,,,,,
T_pecari,5,383, cls_1 ,1.0993,115.1974,15049.2714,1.0208,,,,,
T_pecari,5,393, cls_1 ,1,71.4424,39127.6903,0.1021,,,,,
T_pecari,5,417, cls_1 ,1.0155,63.9,48909.3215,0.2042,,,,,
T_pecari,5,434, cls_1 ,1.0358,71.4424,39127.4354,0.3062,,,,,
T_pecari,5,460, cls_1 ,1,90.3682,24454.6302,0.1021,,,,,
T_pecari,5,2, cls_3 ,1.0537,487.6956,0.5707,0.4083,,,,,
T_pecari,5,3, cls_3 ,1.1074,487.6956,0.454,6.1248,,,,,
T_pecari,5,4, cls_3 ,1.0576,575.9868,0.9242,3.5728,,,,,
T_pecari,5,5, cls_3 ,1.2441,90.3682,29.9517,27.97,,,,,
T_pecari,5,7, cls_3 ,1.168,301.4157,2.3282,2.6541,,,,,
T_pecari,5,8, cls_3 ,1.0397,63.9,126.0122,3.777,,,,,
T_pecari,5,9, cls_3 ,1,301.4157,2.7569,0.1021,,,,,
T_pecari,5,10, cls_3 ,1.172,63.9,96.3981,37.1572,,,,,
T_pecari,5,11, cls_3 ,1.0932,186.2989,2.1049,0.7146,,,,,
T_pecari,5,12, cls_3 ,1.0155,186.2989,2.1998,0.2042,,,,,
T_pecari,5,13, cls_3 ,1.1679,127.8,24.339,1.327,,,,,
T_pecari,5,14, cls_3 ,1.1815,63.9,15.1643,4.6957,,,,,
T_pecari,5,15, cls_3 ,1.1084,63.9,17.4011,1.7354,,,,,
T_pecari,5,16, cls_3 ,1.0654,63.9,14.5217,1.1229,,,,,
T_pecari,5,17, cls_3 ,1.1365,95.85,14.4119,3.2666,,,,,
T_pecari,5,18, cls_3 ,1.1537,90.3682,12.8029,4.6957,,,,,
T_pecari,5,19, cls_3 ,1.0894,63.9,13.7871,3.2666,,,,,
T_pecari,5,21, cls_3 ,1.0757,90.3682,54.5064,8.4727,,,,,
T_pecari,5,22, cls_3 ,1.0866,202.0695,4.9452,13.2704,,,,,
T_pecari,5,23, cls_3 ,1.0689,194.3443,3.3965,1.327,,,,,
T_pecari,5,24, cls_3 ,1.1073,243.324,4.9714,1.327,,,,,
T_pecari,5,25, cls_3 ,1.1038,90.3682,97.8815,10.5143,,,,,
T_pecari,5,26, cls_3 ,1.1238,63.9,5.8395,3.6749,,,,,
T_pecari,5,27, cls_3 ,1.1898,71.4424,168.9681,22.2535,,,,,
T_pecari,5,28, cls_3 ,1,63.9,3.8163,0.4083,,,,,
T_pecari,5,29, cls_3 ,1.0903,194.3443,1.4501,8.7789,,,,,
T_pecari,5,31, cls_3 ,1.0155,63.9,5.4636,0.2042,,,,,
T_pecari,5,32, cls_3 ,1.0932,63.9,12.5888,0.7146,,,,,
T_pecari,5,33, cls_3 ,1.146,90.3682,7.1515,2.3478,,,,,
T_pecari,5,34, cls_3 ,1.0465,142.8847,5.5715,0.6125,,,,,
T_pecari,5,36, cls_3 ,1.173,95.85,5.1638,9.1872,,,,,
T_pecari,5,37, cls_3 ,1.0932,95.85,12.7039,0.7146,,,,,
T_pecari,5,38, cls_3 ,1.0473,90.3682,8.1462,0.8166,,,,,
T_pecari,5,39, cls_3 ,1.2085,63.9,83.5332,42.6695,,,,,
T_pecari,5,40, cls_3 ,1.1242,95.85,15.5427,1.327,,,,,
T_pecari,5,41, cls_3 ,1.0903,400.3324,4.4376,2.0416,,,,,
T_pecari,5,43, cls_3 ,1.0401,225.9206,1.4808,2.4499,,,,,
T_pecari,5,44, cls_3 ,1.1836,63.9,116.4121,8.5747,,,,,
T_pecari,5,45, cls_3 ,1.186,115.1974,11.9164,51.1422,,,,,
T_pecari,5,46, cls_3 ,1.0847,115.1974,43.1693,11.6371,,,,,
T_pecari,5,47, cls_3 ,1.0934,101.0348,13.4421,3.4707,,,,,
T_pecari,5,48, cls_3 ,1.145,63.9,5.7691,15.21,,,,,
T_pecari,5,49, cls_3 ,1.0131,127.8,2.1108,0.8166,,,,,
T_pecari,5,50, cls_3 ,1.1672,63.9,38.777,1.6333,,,,,
T_pecari,5,51, cls_3 ,1.0465,159.75,4.4348,0.6125,,,,,
T_pecari,5,52, cls_3 ,1.1065,159.75,1.1972,8.7789,,,,,
T_pecari,5,53, cls_3 ,1.0556,71.4424,22.3002,1.225,,,,,
T_pecari,5,54, cls_3 ,1.0283,127.8,1.8876,0.7146,,,,,
T_pecari,5,55, cls_3 ,1.022,101.0348,8.4068,1.0208,,,,,
T_pecari,5,56, cls_3 ,1.0863,71.4424,48.5223,4.0832,,,,,
T_pecari,5,58, cls_3 ,1.1059,115.1974,43.4434,7.0435,,,,,
T_pecari,5,59, cls_3 ,1.165,95.85,30.7729,2.3478,,,,,
T_pecari,5,60, cls_3 ,1,95.85,34.7451,0.4083,,,,,
T_pecari,5,61, cls_3 ,1.0358,90.3682,1.4977,0.3062,,,,,
T_pecari,5,62, cls_3 ,1,90.3682,1.736,0.1021,,,,,
T_pecari,5,63, cls_3 ,1.0909,63.9,6.7056,1.5312,,,,,
T_pecari,5,64, cls_3 ,1.1125,90.3682,2.4947,0.6125,,,,,
T_pecari,5,65, cls_3 ,1.0386,95.85,4.4376,1.4291,,,,,
T_pecari,5,66, cls_3 ,1.0465,90.3682,12.9582,0.6125,,,,,
T_pecari,5,67, cls_3 ,1.0509,90.3682,3.7552,1.0208,,,,,
T_pecari,5,68, cls_3 ,1.0509,63.9,7.1901,1.0208,,,,,
T_pecari,5,69, cls_3 ,1,202.0695,1.217,0.1021,,,,,
T_pecari,5,70, cls_3 ,1.1148,90.3682,7.4248,8.0643,,,,,
T_pecari,5,71, cls_3 ,1.0306,225.9206,2.1657,1.225,,,,,
T_pecari,5,72, cls_3 ,1.1051,131.7332,1.8316,4.3895,,,,,
T_pecari,5,73, cls_3 ,1.0764,364.286,1.5971,1.0208,,,,,
T_pecari,5,74, cls_3 ,1,71.4424,11.6109,0.1021,,,,,
T_pecari,5,75, cls_3 ,1.1406,225.9206,2.2591,5.6144,,,,,
T_pecari,5,76, cls_3 ,1.1232,71.4424,10.1915,4.2874,,,,,
T_pecari,5,77, cls_3 ,1.0667,115.1974,3.5014,3.2666,,,,,
T_pecari,5,78, cls_3 ,1.0311,115.1974,4.2511,1.5312,,,,,
T_pecari,5,79, cls_3 ,1.0261,90.3682,1.3598,0.5104,,,,,
T_pecari,5,80, cls_3 ,1.0909,90.3682,1.5431,0.2042,,,,,
T_pecari,5,81, cls_3 ,1.0965,289.3196,1.5009,3.3686,,,,,
T_pecari,5,82, cls_3 ,1.0663,487.6956,1.0235,2.552,,,,,
T_pecari,5,83, cls_3 ,1.0654,285.7695,2.5226,1.1229,,,,,
T_pecari,5,84, cls_3 ,1.1031,225.9206,2.5595,0.8166,,,,,
T_pecari,5,85, cls_3 ,1,384.7289,1.0207,0.1021,,,,,
T_pecari,5,86, cls_3 ,1.0465,1281.5893,1.1254,0.6125,,,,,
T_pecari,5,87, cls_3 ,1.0631,352.8993,1.1544,0.7146,,,,,
T_pecari,5,88, cls_3 ,1.0654,352.8993,1.0835,1.1229,,,,,
T_pecari,5,89, cls_3 ,1.0635,384.7289,1.1428,3.777,,,,,
T_pecari,5,90, cls_3 ,1.0537,90.3682,2.6741,0.4083,,,,,
T_pecari,5,91, cls_3 ,1.113,63.9,7.1073,3.1645,,,,,
T_pecari,5,92, cls_3 ,1.0819,63.9,4.2105,0.6125,,,,,
T_pecari,5,93, cls_3 ,1.0358,63.9,4.2598,0.3062,,,,,
T_pecari,5,94, cls_3 ,1.0728,301.4157,2.2014,1.5312,,,,,
T_pecari,5,95, cls_3 ,1.0869,63.9,10.7441,1.8374,,,,,
T_pecari,5,96, cls_3 ,1.0799,90.3682,7.6259,2.2458,,,,,
T_pecari,5,97, cls_3 ,1.1939,71.4424,5.8887,25.6221,,,,,
T_pecari,5,98, cls_3 ,1.0531,232.5995,3.0681,8.0643,,,,,
T_pecari,5,100, cls_3 ,1.1062,301.4157,3.2145,7.4519,,,,,
T_pecari,5,101, cls_3 ,1.0631,90.3682,15.0171,0.7146,,,,,
T_pecari,5,103, cls_3 ,1.0672,364.286,1.4249,5.4103,,,,,
T_pecari,5,104, cls_3 ,1.0836,223.65,1.8056,1.6333,,,,,
T_pecari,5,105, cls_3 ,1.1509,364.286,1.4489,2.4499,,,,,
T_pecari,5,106, cls_3 ,1.0311,388.6885,3.1051,1.5312,,,,,
T_pecari,5,107, cls_3 ,1.0509,131.7332,17.8229,4.2874,,,,,
T_pecari,5,108, cls_3 ,1.0606,223.65,1.8179,1.4291,,,,,
T_pecari,5,109, cls_3 ,1.1354,271.1047,3.462,2.1437,,,,,
T_pecari,5,111, cls_3 ,1.2118,95.85,13.4805,46.9569,,,,,
T_pecari,5,112, cls_3 ,1.169,63.9,51.1114,24.2951,,,,,
T_pecari,5,114, cls_3 ,1.1144,95.85,54.2262,5.7165,,,,,
T_pecari,5,115, cls_3 ,1.0569,225.9206,4.7671,7.1456,,,,,
T_pecari,5,116, cls_3 ,1.0631,127.8,4.5579,0.7146,,,,,
T_pecari,5,117, cls_3 ,1.1371,460.7895,1.4857,4.5936,,,,,
T_pecari,5,118, cls_3 ,1.1502,257.5891,2.8213,3.5728,,,,,
T_pecari,5,120, cls_3 ,1.105,115.1974,5.174,0.5104,,,,,
T_pecari,5,121, cls_3 ,1.1161,101.0348,13.2716,7.9623,,,,,
T_pecari,5,122, cls_3 ,1.0988,384.7289,1.3805,2.1437,,,,,
T_pecari,5,123, cls_3 ,1.1592,63.9,62.815,20.0077,,,,,
T_pecari,5,125, cls_3 ,1.1154,357.2119,2.2594,1.6333,,,,,
T_pecari,5,126, cls_3 ,1.0338,127.8,7.2767,0.9187,,,,,
T_pecari,5,127, cls_3 ,1.0386,71.4424,73.1663,1.4291,,,,,
T_pecari,5,128, cls_3 ,1.2541,63.9,23.9295,36.0343,,,,,
T_pecari,5,129, cls_3 ,1.0993,101.0348,16.6061,1.0208,,,,,
T_pecari,5,130, cls_3 ,1.1157,115.1974,6.8015,3.3686,,,,,
T_pecari,5,134, cls_3 ,1.0155,71.4424,52.0702,0.2042,,,,,
T_pecari,5,137, cls_3 ,1.0889,214.3271,12.6252,2.3478,,,,,
T_pecari,5,140, cls_3 ,1.0306,95.85,24.1546,1.225,,,,,
T_pecari,5,144, cls_3 ,1.1602,63.9,90.8699,1.1229,,,,,
T_pecari,5,145, cls_3 ,1.0819,1223.3137,1.3191,3.879,,,,,
T_pecari,5,147, cls_3 ,1,115.1974,36.7969,0.1021,,,,,
T_pecari,5,148, cls_3 ,1.1003,127.8,14.7054,7.4519,,,,,
T_pecari,5,149, cls_3 ,1.1792,63.9,38.6918,6.2269,,,,,
T_pecari,5,150, cls_3 ,1.0819,451.8412,2.8758,0.6125,,,,,
T_pecari,5,151, cls_3 ,1.0654,658.6661,3.0728,1.1229,,,,,
T_pecari,5,153, cls_3 ,1.1337,303.1043,7.1992,1.225,,,,,
T_pecari,5,154, cls_3 ,1.078,159.75,7.0922,1.225,,,,,
T_pecari,5,155, cls_3 ,1.0861,127.8,7.8435,3.3686,,,,,
T_pecari,5,157, cls_3 ,1.1477,728.5721,2.8899,0.8166,,,,,
T_pecari,5,159, cls_3 ,1.1224,101.0348,27.8614,8.2685,,,,,
T_pecari,5,160, cls_3 ,1.1686,63.9,81.9715,6.329,,,,,
T_pecari,5,163, cls_3 ,1.0749,71.4424,44.1684,5.0019,,,,,
T_pecari,5,164, cls_3 ,1.0438,63.9,18.216,2.7562,,,,,
T_pecari,5,166, cls_3 ,1.1473,71.4424,17.7222,21.1306,,,,,
T_pecari,5,167, cls_3 ,1.0717,127.8,6.0448,4.2874,,,,,
T_pecari,5,168, cls_3 ,1.0669,159.75,4.8514,5.9207,,,,,
T_pecari,5,169, cls_3 ,1.0657,606.2086,1.582,1.6333,,,,,
T_pecari,5,170, cls_3 ,1.0306,364.286,6.6072,1.225,,,,,
T_pecari,5,172, cls_3 ,1.0473,257.5891,6.6978,0.8166,,,,,
T_pecari,5,173, cls_3 ,1.2088,71.4424,54.5617,24.0909,,,,,
T_pecari,5,174, cls_3 ,1.1294,386.0533,5.2985,2.0416,,,,,
T_pecari,5,175, cls_3 ,1.0877,95.85,18.2756,4.7978,,,,,
T_pecari,5,176, cls_3 ,1,71.4424,6.0726,0.1021,,,,,
T_pecari,5,177, cls_3 ,1.105,63.9,24.6634,0.5104,,,,,
T_pecari,5,178, cls_3 ,1.1084,180.7365,1.9641,1.7354,,,,,
T_pecari,5,179, cls_3 ,1.0688,71.4424,5.9202,0.5104,,,,,
T_pecari,5,180, cls_3 ,1.0047,95.85,31.9084,0.6125,,,,,
T_pecari,5,181, cls_3 ,1.0358,63.9,12.6524,0.3062,,,,,
T_pecari,5,182, cls_3 ,1.1001,180.7365,2.1277,1.6333,,,,,
T_pecari,5,183, cls_3 ,1.1148,71.4424,27.3019,8.0643,,,,,
T_pecari,5,184, cls_3 ,1.1589,71.4424,31.2766,1.4291,,,,,
T_pecari,5,185, cls_3 ,1.1154,428.6542,5.8235,1.6333,,,,,
T_pecari,5,186, cls_3 ,1.0932,71.4424,188.7458,0.7146,,,,,
T_pecari,5,187, cls_3 ,1.053,63.9,11.7167,1.5312,,,,,
T_pecari,5,188, cls_3 ,1.0477,131.7332,36.5565,2.6541,,,,,
T_pecari,5,189, cls_3 ,1.2627,63.9,2216.7271,94.2201,,,,,
T_pecari,5,190, cls_3 ,1.112,223.65,14.9733,0.9187,,,,,
T_pecari,5,192, cls_3 ,1.0688,63.9,14.0077,0.5104,,,,,
T_pecari,5,193, cls_3 ,1.2006,71.4424,67.0416,20.6202,,,,,
T_pecari,5,194, cls_3 ,1.0746,180.7365,12.5836,6.9415,,,,,
T_pecari,5,195, cls_3 ,1.1187,202.0695,20.9385,2.2458,,,,,
T_pecari,5,196, cls_3 ,1.0987,204.5798,41.2471,1.4291,,,,,
T_pecari,5,197, cls_3 ,1.079,426.2662,2.0837,4.3895,,,,,
T_pecari,5,198, cls_3 ,1.0531,115.1974,39.4489,6.8394,,,,,
T_pecari,5,199, cls_3 ,1.0547,426.2662,2.1447,3.6749,,,,,
T_pecari,5,200, cls_3 ,1.116,135.5524,40.5744,7.5539,,,,,
T_pecari,5,201, cls_3 ,1.0764,319.5,2.0149,7.8602,,,,,
T_pecari,5,202, cls_3 ,1.0338,115.1974,53.4649,0.9187,,,,,
T_pecari,5,203, cls_3 ,1.18,71.4424,46.1311,6.4311,,,,,
T_pecari,5,204, cls_3 ,1.203,63.9,106.2455,52.163,,,,,
T_pecari,5,206, cls_3 ,1.1085,71.4424,50.6574,1.1229,,,,,
T_pecari,5,208, cls_3 ,1.096,63.9,49.4652,1.9395,,,,,
T_pecari,5,209, cls_3 ,1.1281,63.9,146.896,2.7562,,,,,
T_pecari,5,210, cls_3 ,1,63.9,250.1609,0.1021,,,,,
T_pecari,5,211, cls_3 ,1.088,63.9,56.6061,1.1229,,,,,
T_pecari,5,212, cls_3 ,1.3196,63.9,398.0886,902.2873,,,,,
T_pecari,5,213, cls_3 ,1.1935,63.9,66.6243,8.5747,,,,,
T_pecari,5,215, cls_3 ,1.0631,191.7,52.457,0.7146,,,,,
T_pecari,5,217, cls_3 ,1.1938,90.3682,65.2232,7.0435,,,,,
T_pecari,5,218, cls_3 ,1.0663,71.4424,37.7945,2.552,,,,,
T_pecari,5,219, cls_3 ,1.1486,63.9,5.4164,5.2061,,,,,
T_pecari,5,220, cls_3 ,1,63.9,14.7137,0.1021,,,,,
T_pecari,5,221, cls_3 ,1.1358,135.5524,4.0279,2.3478,,,,,
T_pecari,5,227, cls_3 ,1.08,135.5524,5.0805,3.5728,,,,,
T_pecari,5,228, cls_3 ,1.078,115.1974,188.0897,1.225,,,,,
T_pecari,5,229, cls_3 ,1.063,71.4424,1770.0405,0.9187,,,,,
T_pecari,5,231, cls_3 ,1.105,101.0348,97.4037,0.5104,,,,,
T_pecari,5,232, cls_3 ,1.1434,319.5,3.1571,0.7146,,,,,
T_pecari,5,234, cls_3 ,1.0155,71.4424,12.6914,0.2042,,,,,
T_pecari,5,236, cls_3 ,1.0155,71.4424,9.405,0.2042,,,,,
T_pecari,5,237, cls_3 ,1,95.85,7.0058,0.1021,,,,,
T_pecari,5,240, cls_3 ,1.0358,63.9,96.1102,0.3062,,,,,
T_pecari,5,241, cls_3 ,1.1328,63.9,2214.1611,0.9187,,,,,
T_pecari,5,242, cls_3 ,1.0716,115.1974,285.386,3.879,,,,,
T_pecari,5,243, cls_3 ,1.063,71.4424,12.5615,0.9187,,,,,
T_pecari,5,247, cls_3 ,1.128,180.7365,242.7499,4.3895,,,,,
T_pecari,5,248, cls_3 ,1.0537,101.0348,166.2008,0.4083,,,,,
T_pecari,5,249, cls_3 ,1.07,204.5798,3.7283,3.1645,,,,,
T_pecari,5,250, cls_3 ,1.1154,115.1974,18.0781,1.4291,,,,,
T_pecari,5,252, cls_3 ,1.1125,63.9,987.2262,0.6125,,,,,
T_pecari,5,253, cls_3 ,1.0517,142.8847,2.7298,2.552,,,,,
T_pecari,5,254, cls_3 ,1.0465,63.9,80.0514,0.6125,,,,,
T_pecari,5,255, cls_3 ,1.0047,63.9,22.5667,0.6125,,,,,
T_pecari,5,256, cls_3 ,1.1756,63.9,58.9641,23.9889,,,,,
T_pecari,5,257, cls_3 ,1.0609,162.9137,342.1325,3.0624,,,,,
T_pecari,5,258, cls_3 ,1.1381,63.9,2216.8067,3.4707,,,,,
T_pecari,5,261, cls_3 ,1.0155,63.9,94.61,0.2042,,,,,
T_pecari,5,262, cls_3 ,1.2014,63.9,170.2207,35.0135,,,,,
T_pecari,5,264, cls_3 ,1.1395,71.4424,1773.0958,0.6125,,,,,
T_pecari,5,265, cls_3 ,1.1695,63.9,1872.2223,10.8205,,,,,
T_pecari,5,267, cls_3 ,1.0909,63.9,207.112,0.2042,,,,,
T_pecari,5,268, cls_3 ,1.1085,71.4424,1780.1568,1.1229,,,,,
T_pecari,5,270, cls_3 ,1,63.9,993.2192,0.1021,,,,,
T_pecari,5,272, cls_3 ,1.0358,63.9,102.5875,0.3062,,,,,
T_pecari,5,274, cls_3 ,1.129,372.5978,5.2753,6.6352,,,,,
T_pecari,5,276, cls_3 ,1.1197,95.85,984.3596,0.7146,,,,,
T_pecari,5,277, cls_3 ,1.0155,63.9,2214.5625,0.2042,,,,,
T_pecari,5,279, cls_3 ,1.0932,101.0348,887.1204,0.7146,,,,,
T_pecari,5,280, cls_3 ,1.056,63.9,2218.2971,2.4499,,,,,
T_pecari,5,284, cls_3 ,1.0465,443.8636,7.6339,0.6125,,,,,
T_pecari,5,287, cls_3 ,1.1282,63.9,97.6175,65.9438,,,,,
T_pecari,5,288, cls_3 ,1.1858,63.9,1167.4653,14.1892,,,,,
T_pecari,5,303, cls_3 ,1.0904,159.75,9.2632,9.2893,,,,,
T_pecari,5,308, cls_3 ,1.0155,90.3682,1108.5575,0.2042,,,,,
T_pecari,5,312, cls_3 ,1.2031,90.3682,29.6997,62.5752,,,,,
T_pecari,5,315, cls_3 ,1.0873,63.9,91.1303,15.8224,,,,,
T_pecari,5,317, cls_3 ,1.1127,63.9,2217.3513,12.0455,,,,,
T_pecari,5,321, cls_3 ,1.1197,63.9,2214.6395,0.7146,,,,,
T_pecari,5,323, cls_3 ,1,101.0348,134.6365,0.1021,,,,,
T_pecari,5,328, cls_3 ,1.1861,172.056,36.8675,15.5162,,,,,
T_pecari,5,333, cls_3 ,1.1188,63.9,165.189,8.5747,,,,,
T_pecari,5,335, cls_3 ,1,63.9,2211.4469,0.1021,,,,,
T_pecari,5,336, cls_3 ,1,71.4424,58.4325,0.4083,,,,,
T_pecari,5,338, cls_3 ,1.0769,71.4424,65.0733,0.8166,,,,,
T_pecari,5,339, cls_3 ,1.0509,223.65,183.058,1.0208,,,,,
T_pecari,5,341, cls_3 ,1.0819,101.0348,80.1267,0.6125,,,,,
T_pecari,5,343, cls_3 ,1.093,63.9,2214.2048,10.1059,,,,,
T_pecari,5,347, cls_3 ,1.0605,127.8,559.8894,4.7978,,,,,
T_pecari,5,348, cls_3 ,1.0283,159.75,9.4565,0.7146,,,,,
T_pecari,5,349, cls_3 ,1.0819,90.3682,265.9126,0.6125,,,,,
T_pecari,5,350, cls_3 ,1.1707,294.5644,12.9732,11.0247,,,,,
T_pecari,5,351, cls_3 ,1.0465,159.75,59.3198,0.6125,,,,,
T_pecari,5,352, cls_3 ,1,63.9,98.3528,0.1021,,,,,
T_pecari,5,354, cls_3 ,1.14,63.9,218.7812,3.1645,,,,,
T_pecari,5,355, cls_3 ,1.143,63.9,84.0727,13.2704,,,,,
T_pecari,5,356, cls_3 ,1.0697,135.5524,370.6366,7.8602,,,,,
T_pecari,5,359, cls_3 ,1.083,90.3682,80.746,3.4707,,,,,
T_pecari,5,360, cls_3 ,1.1569,71.4424,95.8782,24.4993,,,,,
T_pecari,5,361, cls_3 ,1.0657,63.9,2211.2186,1.6333,,,,,
T_pecari,5,362, cls_3 ,1.0987,480.3138,24.2418,1.4291,,,,,
T_pecari,5,363, cls_3 ,1.1041,202.0695,13.1163,6.329,,,,,
T_pecari,5,367, cls_3 ,1.1926,63.9,97.0544,28.0721,,,,,
T_pecari,5,368, cls_3 ,1.0386,95.85,113.3728,1.4291,,,,,
T_pecari,5,369, cls_3 ,1.0657,90.3682,527.582,1.6333,,,,,
T_pecari,5,371, cls_3 ,1.0592,63.9,241.3191,2.0416,,,,,
T_pecari,5,375, cls_3 ,1.022,71.4424,56.8799,1.0208,,,,,
T_pecari,5,376, cls_3 ,1.1672,204.5798,9.4164,7.5539,,,,,
T_pecari,5,377, cls_3 ,1.1445,71.4424,38.9718,5.4103,,,,,
T_pecari,5,378, cls_3 ,1.1042,63.9,43.8915,6.7373,,,,,
T_pecari,5,379, cls_3 ,1,63.9,92.4027,0.1021,,,,,
T_pecari,5,380, cls_3 ,1.054,63.9,37.9548,2.1437,,,,,
T_pecari,5,381, cls_3 ,1.0475,63.9,82.832,3.0624,,,,,
T_pecari,5,382, cls_3 ,1.1154,63.9,104.6566,1.4291,,,,,
T_pecari,5,384, cls_3 ,1.1073,95.85,18.3757,1.327,,,,,
T_pecari,5,385, cls_3 ,1.078,71.4424,269.2227,1.225,,,,,
T_pecari,5,386, cls_3 ,1.2044,71.4424,1771.5498,4.1853,,,,,
T_pecari,5,387, cls_3 ,1.1242,63.9,28.9053,1.327,,,,,
T_pecari,5,388, cls_3 ,1.0402,90.3682,1108.9013,1.1229,,,,,
T_pecari,5,389, cls_3 ,1.1212,71.4424,50.5368,8.3706,,,,,
T_pecari,5,390, cls_3 ,1.0869,95.85,997.7095,1.8374,,,,,
T_pecari,5,391, cls_3 ,1.128,95.85,13.8697,3.2666,,,,,
T_pecari,5,392, cls_3 ,1.1919,101.0348,16.8259,18.0682,,,,,
T_pecari,5,394, cls_3 ,1.1628,101.0348,9.2628,6.1248,,,,,
T_pecari,5,395, cls_3 ,1.0283,127.8,18.3707,0.7146,,,,,
T_pecari,5,396, cls_3 ,1.0465,127.8,16.0132,0.6125,,,,,
T_pecari,5,397, cls_3 ,1.1185,90.3682,223.7872,11.3309,,,,,
T_pecari,5,398, cls_3 ,1.0402,162.9137,5.2941,1.1229,,,,,
T_pecari,5,399, cls_3 ,1.1075,95.85,11.7992,1.5312,,,,,
T_pecari,5,401, cls_3 ,1.0631,361.473,8.3691,0.7146,,,,,
T_pecari,5,402, cls_3 ,1.0688,90.3682,84.5854,0.5104,,,,,
T_pecari,5,403, cls_3 ,1.0805,95.85,6.0238,1.4291,,,,,
T_pecari,5,404, cls_3 ,1.0477,214.3271,7.6979,2.6541,,,,,
T_pecari,5,405, cls_3 ,1.0975,583.0328,1.7008,0.4083,,,,,
T_pecari,5,406, cls_3 ,1.0929,249.5375,2.9941,6.6352,,,,,
T_pecari,5,407, cls_3 ,1.0467,583.0328,1.9875,1.327,,,,,
T_pecari,5,408, cls_3 ,1.0861,214.3271,4.8582,3.3686,,,,,
T_pecari,5,409, cls_3 ,1.0631,101.0348,21.6307,0.7146,,,,,
T_pecari,5,410, cls_3 ,1.1417,142.8847,17.2435,8.5747,,,,,
T_pecari,5,411, cls_3 ,1.0509,63.9,38.094,2.9603,,,,,
T_pecari,5,412, cls_3 ,1.0688,373.9652,5.0555,0.5104,,,,,
T_pecari,5,413, cls_3 ,1.126,497.0254,3.7928,3.0624,,,,,
T_pecari,5,414, cls_3 ,1.0529,63.9,24.7122,1.8374,,,,,
T_pecari,5,415, cls_3 ,1.0606,63.9,16.8023,1.4291,,,,,
T_pecari,5,416, cls_3 ,1.0467,63.9,42.3864,1.327,,,,,
T_pecari,5,418, cls_3 ,1.1188,63.9,21.3023,27.4596,,,,,
T_pecari,5,419, cls_3 ,1.078,63.9,85.3804,1.225,,,,,
T_pecari,5,420, cls_3 ,1.0752,729.9719,1.1,3.3686,,,,,
T_pecari,5,421, cls_3 ,1.1054,63.9,2.3738,8.881,,,,,
T_pecari,5,422, cls_3 ,1.0283,243.324,7.8798,0.7146,,,,,
T_pecari,5,423, cls_3 ,1.0764,71.4424,29.6897,1.0208,,,,,
T_pecari,5,424, cls_3 ,1.167,63.9,40.11,8.1664,,,,,
T_pecari,5,425, cls_3 ,1.0155,63.9,23.309,0.2042,,,,,
T_pecari,5,426, cls_3 ,1.0819,71.4424,24.0275,3.879,,,,,
T_pecari,5,427, cls_3 ,1.0766,63.9,34.6743,4.4915,,,,,
T_pecari,5,428, cls_3 ,1.0306,872.6504,2.3975,1.225,,,,,
T_pecari,5,429, cls_3 ,1.1372,71.4424,22.9787,1.5312,,,,,
T_pecari,5,430, cls_3 ,1.085,115.1974,14.8847,2.1437,,,,,
T_pecari,5,431, cls_3 ,1.1209,63.9,13.7096,3.777,,,,,
T_pecari,5,432, cls_3 ,1.0509,63.9,17.4033,1.0208,,,,,
T_pecari,5,433, cls_3 ,1.1118,131.7332,3.9699,7.4519,,,,,
T_pecari,5,435, cls_3 ,1.0631,1489.3636,0.6301,0.7146,,,,,
T_pecari,5,436, cls_3 ,1.059,63.9,6.0613,1.7354,,,,,
T_pecari,5,437, cls_3 ,1.0982,63.9,5.0427,1.225,,,,,
T_pecari,5,438, cls_3 ,1.0556,71.4424,4.3024,1.225,,,,,
T_pecari,5,439, cls_3 ,1.059,325.8273,0.862,1.7354,,,,,
T_pecari,5,440, cls_3 ,1.1292,314.671,1.0272,1.8374,,,,,
T_pecari,5,441, cls_3 ,1.1096,314.671,1.3042,3.2666,,,,,
T_pecari,5,442, cls_3 ,1.1251,95.85,4.4484,2.3478,,,,,
T_pecari,5,443, cls_3 ,1.1409,127.8,3.2874,2.0416,,,,,
T_pecari,5,444, cls_3 ,1.0631,95.85,8.9967,0.7146,,,,,
T_pecari,5,445, cls_3 ,1,63.9,39.1956,0.1021,,,,,
T_pecari,5,446, cls_3 ,1.1479,63.9,6.0515,15.21,,,,,
T_pecari,5,447, cls_3 ,1.0465,127.8,4.2934,0.6125,,,,,
T_pecari,5,448, cls_3 ,1.0868,63.9,39.8911,6.1248,,,,,
T_pecari,5,449, cls_3 ,1.124,63.9,17.6713,7.3498,,,,,
T_pecari,5,450, cls_3 ,1.0861,63.9,22.4691,6.6352,,,,,
T_pecari,5,451, cls_3 ,1,948.3285,0.4958,0.1021,,,,,
T_pecari,5,452, cls_3 ,1.0654,191.7,1.4404,1.1229,,,,,
T_pecari,5,453, cls_3 ,1.0473,191.7,2.3933,0.8166,,,,,
T_pecari,5,454, cls_3 ,1.0537,159.75,1.4803,0.4083,,,,,
T_pecari,5,455, cls_3 ,1.0358,908.7515,0.4615,0.3062,,,,,
T_pecari,5,456, cls_3 ,1.116,101.0348,12.8254,1.8374,,,,,
T_pecari,5,457, cls_3 ,1.1743,101.0348,2.1699,12.658,,,,,
T_pecari,5,459, cls_3 ,1.0556,364.286,1.1758,1.225,,,,,
T_pecari,5,461, cls_3 ,1.0975,480.3138,0.7708,0.4083,,,,,
T_pecari,5,6, cls_6 ,1.0914,9226.0293,0.0149,0.3062,,,,,
T_pecari,5,124, cls_6 ,1.0401,1032.3361,0.1946,2.4499,,,,,
T_pecari,5,135, cls_6 ,1.0338,142.8847,3.2854,0.9187,,,,,
T_pecari,5,139, cls_6 ,1.0496,142.8847,2.4387,5.9207,,,,,
T_pecari,5,146, cls_6 ,1.1425,204.5798,1.7741,7.4519,,,,,
T_pecari,5,191, cls_6 ,1.1404,90.3682,5.8933,28.0721,,,,,
T_pecari,5,205, cls_6 ,1.0819,115.1974,0.568,0.6125,,,,,
T_pecari,5,207, cls_6 ,1.0691,90.3682,4.3296,3.5728,,,,,
T_pecari,5,214, cls_6 ,1.0819,115.1974,0.5776,0.6125,,,,,
T_pecari,5,216, cls_6 ,1.0728,90.3682,6.9307,1.5312,,,,,
T_pecari,5,224, cls_6 ,1.1333,230.3947,2.6081,18.2724,,,,,
T_pecari,5,226, cls_6 ,1.053,127.8,17.8822,1.5312,,,,,
T_pecari,5,230, cls_6 ,1.1094,90.3682,35.6028,3.5728,,,,,
T_pecari,5,235, cls_6 ,1.1825,63.9,21.0212,7.0435,,,,,
T_pecari,5,239, cls_6 ,1.0799,142.8847,6.8145,2.552,,,,,
T_pecari,5,246, cls_6 ,1.0802,63.9,20.1443,7.5539,,,,,
T_pecari,5,251, cls_6 ,1.0537,395.1997,1.3935,0.4083,,,,,
T_pecari,5,259, cls_6 ,1.0654,191.7,4.9012,1.1229,,,,,
T_pecari,5,263, cls_6 ,1.0473,142.8847,6.8729,0.8166,,,,,
T_pecari,5,269, cls_6 ,1.0243,142.8847,7.2936,1.6333,,,,,
T_pecari,5,281, cls_6 ,1.1596,274.8443,6.4727,15.5162,,,,,
T_pecari,5,282, cls_6 ,1.1523,63.9,19.3489,4.4915,,,,,
T_pecari,5,283, cls_6 ,1.0592,63.9,14.485,2.0416,,,,,
T_pecari,5,286, cls_6 ,1.126,63.9,8.6882,5.104,,,,,
T_pecari,5,290, cls_6 ,1.0306,63.9,18.5373,1.225,,,,,
T_pecari,5,294, cls_6 ,1.1405,135.5524,5.6036,45.9361,,,,,
T_pecari,5,299, cls_6 ,1.0556,90.3682,8.3085,1.225,,,,,
T_pecari,5,301, cls_6 ,1.1162,71.4424,13.7469,5.6144,,,,,
T_pecari,5,309, cls_6 ,1.1292,243.324,2.0561,1.8374,,,,,
T_pecari,5,310, cls_6 ,1.0592,135.5524,27.2344,4.3895,,,,,
T_pecari,5,320, cls_6 ,1.0971,186.2989,1.1697,2.4499,,,,,
T_pecari,5,325, cls_6 ,1.0843,115.1974,0.8948,2.4499,,,,,
T_pecari,5,332, cls_6 ,1.0688,115.1974,2.2251,0.5104,,,,,
T_pecari,5,334, cls_6 ,1.0909,186.2989,1.3869,0.2042,,,,,
T_pecari,5,346, cls_6 ,1,319.5,0.6385,0.1021,,,,,
T_pecari,5,357, cls_6 ,1.0338,544.0889,1.1181,0.9187,,,,,
T_pecari,5,372, cls_6 ,1.1067,544.0889,0.4811,15.7204,,,,,
T_pecari,5,374, cls_6 ,1.063,1401.4364,0.2243,0.9187,,,,,
T_pecari,5,458, cls_6 ,1.0799,11417.5997,0.01,2.552,,,,,
T_pecari,5,20, cls_2 ,1.0473,9616.95,0.0006,0.8166,,,,,
T_pecari,5,223, cls_2 ,1.0366,1750.2652,0.0051,2.9603,,,,,
T_pecari,5,266, cls_2 ,1.1265,127.8,0.261,0.8166,,,,,
T_pecari,5,275, cls_2 ,1,127.8,0.5083,0.4083,,,,,
T_pecari,5,322, cls_2 ,1.0819,5931.4381,0.0016,0.6125,,,,,
T_pecari,5,400, cls_2 ,1.1358,4402.2648,0.0023,2.3478,,,,,
T_pecari,5,131, cls_5 ,1.0909,384.7289,0.0419,0.2042,,,,,
T_pecari,5,132, cls_5 ,1.1362,71.4424,0.4304,0.5104,,,,,
T_pecari,5,138, cls_5 ,1.0155,71.4424,1.0378,0.2042,,,,,
T_pecari,5,142, cls_5 ,1,384.7289,0.0501,0.1021,,,,,
T_pecari,5,143, cls_5 ,1,225.9206,0.1144,0.1021,,,,,
T_pecari,5,152, cls_5 ,1.0909,162.9137,0.101,0.2042,,,,,
T_pecari,5,156, cls_5 ,1,71.4424,0.3828,0.1021,,,,,
T_pecari,5,158, cls_5 ,1,71.4424,0.5025,0.1021,,,,,
T_pecari,5,161, cls_5 ,1,71.4424,0.5008,0.1021,,,,,
T_pecari,5,162, cls_5 ,1,71.4424,0.3069,0.1021,,,,,
T_pecari,5,171, cls_5 ,1,646.9382,0.0191,0.1021,,,,,
T_pecari,5,278, cls_5 ,1.1241,3079.4894,0.0011,2.8582,,,,,
T_pecari,6,1, cls_3 ,1.0358,63.9,84.8022,0.3062,,,,,
T_pecari,6,3, cls_3 ,1.1784,90.3682,943.0045,26.4388,,,,,
T_pecari,6,6, cls_3 ,1.0389,127.8,3801.9967,7.9623,,,,,
T_pecari,6,7, cls_3 ,1.3515,63.9,818.3545,6207.2958,,,,,
T_pecari,6,8, cls_3 ,1.1172,63.9,209.6993,2.0416,,,,,
T_pecari,6,9, cls_3 ,1.0402,115.1974,4678.4571,1.1229,,,,,
T_pecari,6,21, cls_3 ,1.0909,101.0348,177.5093,0.2042,,,,,
T_pecari,6,23, cls_3 ,1.1491,71.4424,6118.2458,4.8999,,,,,
T_pecari,6,24, cls_3 ,1.1579,63.9,1157.434,8.2685,,,,,
T_pecari,6,33, cls_3 ,1.0988,95.85,132.8914,2.1437,,,,,
T_pecari,6,34, cls_3 ,1.1035,63.9,12183.47,2.8582,,,,,
T_pecari,6,37, cls_3 ,1.0914,71.4424,86.1276,0.3062,,,,,
T_pecari,6,40, cls_3 ,1.0465,314.671,172.6815,0.6125,,,,,
T_pecari,6,41, cls_3 ,1.1054,71.4424,90.7055,8.881,,,,,
T_pecari,6,42, cls_3 ,1.0717,127.8,957.4271,6.1248,,,,,
T_pecari,6,46, cls_3 ,1.0799,71.4424,12166.3632,2.2458,,,,,
T_pecari,6,47, cls_3 ,1.0809,95.85,163.6926,1.9395,,,,,
T_pecari,6,48, cls_3 ,1.209,71.4424,12166.9215,5.5123,,,,,
T_pecari,6,50, cls_3 ,1.0261,95.85,6759.4446,0.5104,,,,,
T_pecari,6,54, cls_3 ,1,71.4424,12163.5123,0.1021,,,,,
T_pecari,6,57, cls_3 ,1.0659,90.3682,7603.3849,7.0435,,,,,
T_pecari,6,58, cls_3 ,1.1216,90.3682,7603.9105,6.0227,,,,,
T_pecari,6,59, cls_3 ,1.0115,95.85,92.0273,1.1229,,,,,
T_pecari,6,62, cls_3 ,1.0155,95.85,6759.0856,0.2042,,,,,
T_pecari,6,64, cls_3 ,1.053,194.3443,147.7119,1.5312,,,,,
T_pecari,6,66, cls_3 ,1.0155,63.9,15203.5345,0.2042,,,,,
T_pecari,6,67, cls_3 ,1.1431,287.55,743.3446,6.7373,,,,,
T_pecari,6,68, cls_3 ,1.0445,90.3682,452.0315,2.3478,,,,,
T_pecari,6,71, cls_3 ,1.0283,63.9,15204.8048,0.7146,,,,,
T_pecari,6,72, cls_3 ,1.123,127.8,3813.1874,7.0435,,,,,
T_pecari,6,73, cls_3 ,1.0769,63.9,517.4008,2.9603,,,,,
T_pecari,6,74, cls_3 ,1.0764,159.75,316.2037,1.0208,,,,,
T_pecari,6,76, cls_3 ,1.0856,180.7365,718.1451,4.8999,,,,,
T_pecari,6,78, cls_3 ,1.1482,159.75,234.0806,1.7354,,,,,
T_pecari,6,79, cls_3 ,1.0976,90.3682,720.7588,5.104,,,,,
T_pecari,6,81, cls_3 ,1.0758,225.9206,824.1611,2.6541,,,,,
T_pecari,6,83, cls_3 ,1.2108,63.9,15216.8268,17.0474,,,,,
T_pecari,6,85, cls_3 ,1.0306,101.0348,6084.8723,1.225,,,,,
T_pecari,6,86, cls_3 ,1.0306,172.056,2098.6968,1.225,,,,,
T_pecari,6,87, cls_3 ,1.0728,180.7365,611.4179,1.5312,,,,,
T_pecari,6,90, cls_3 ,1.0889,71.4424,1356.0027,0.9187,,,,,
T_pecari,6,91, cls_3 ,1.1577,63.9,15204.5432,5.3082,,,,,
T_pecari,6,95, cls_3 ,1.0467,71.4424,12165.0046,1.327,,,,,
T_pecari,6,99, cls_3 ,1,63.9,7644.3232,0.1021,,,,,
T_pecari,6,101, cls_3 ,1.0338,63.9,15203.2524,0.9187,,,,,
T_pecari,6,104, cls_3 ,1.0473,95.85,6758.4882,0.8166,,,,,
T_pecari,6,105, cls_3 ,1.0338,63.9,15203.6813,0.9187,,,,,
T_pecari,6,111, cls_3 ,1.0467,63.9,15204.2682,1.327,,,,,
T_pecari,6,113, cls_3 ,1.0283,63.9,15203.1689,0.7146,,,,,
T_pecari,6,117, cls_3 ,1.1031,71.4424,12162.8558,0.8166,,,,,
T_pecari,6,121, cls_3 ,1,71.4424,12162.8409,0.1021,,,,,
T_pecari,6,159, cls_3 ,1.1309,63.9,15203.06,1.4291,,,,,
T_pecari,6,162, cls_3 ,1.1199,71.4424,12163.2343,1.0208,,,,,
T_pecari,6,163, cls_3 ,1.0338,95.85,6757.6323,0.9187,,,,,
T_pecari,6,169, cls_3 ,1.1395,71.4424,12162.9663,0.6125,,,,,
T_pecari,6,172, cls_3 ,1.0155,63.9,15203.0638,0.2042,,,,,
T_pecari,6,173, cls_3 ,1.1001,63.9,12167.1075,1.6333,,,,,
T_pecari,6,181, cls_3 ,1.1989,71.4424,4690.7948,66.148,,,,,
T_pecari,6,182, cls_3 ,1.0869,63.9,15206.9353,1.8374,,,,,
T_pecari,6,195, cls_3 ,1.0659,204.5798,1253.9422,5.0019,,,,,
T_pecari,6,204, cls_3 ,1,63.9,15207.4841,0.1021,,,,,
T_pecari,6,205, cls_3 ,1.0657,63.9,15207.3622,1.6333,,,,,
T_pecari,6,207, cls_3 ,1.0517,115.1974,4688.6659,6.9415,,,,,
T_pecari,6,208, cls_3 ,1.022,142.8847,1365.8789,1.0208,,,,,
T_pecari,6,209, cls_3 ,1,71.4424,12162.7769,0.1021,,,,,
T_pecari,6,212, cls_3 ,1.1306,63.9,15217.4879,6.5331,,,,,
T_pecari,6,213, cls_3 ,1.1701,202.0695,124.8333,37.9739,,,,,
T_pecari,6,218, cls_3 ,1.1506,63.9,15207.4661,1.5312,,,,,
T_pecari,6,220, cls_3 ,1.1126,71.4424,323.4125,4.0832,,,,,
T_pecari,6,225, cls_3 ,1.078,214.3271,277.2265,1.225,,,,,
T_pecari,6,228, cls_3 ,1.1426,71.4424,535.2396,25.6221,,,,,
T_pecari,6,233, cls_3 ,1.1075,131.7332,3596.7099,2.7562,,,,,
T_pecari,6,234, cls_3 ,1.1096,71.4424,134.9212,5.6144,,,,,
T_pecari,6,236, cls_3 ,1.0131,63.9,15203.336,0.8166,,,,,
T_pecari,6,241, cls_3 ,1.0402,202.0695,58.34,1.1229,,,,,
T_pecari,6,243, cls_3 ,1.0688,454.0948,67.1172,0.5104,,,,,
T_pecari,6,247, cls_3 ,1.1867,101.0348,3593.2863,53.5921,,,,,
T_pecari,6,248, cls_3 ,1.0674,90.3682,6363.6701,23.4785,,,,,
T_pecari,6,252, cls_3 ,1.2059,63.9,15208.4849,25.9284,,,,,
T_pecari,6,256, cls_3 ,1.1539,63.9,148.2941,217.7372,,,,,
T_pecari,6,257, cls_3 ,1.0417,90.3682,46.8415,2.0416,,,,,
T_pecari,6,259, cls_3 ,1.1292,204.5798,133.4857,1.8374,,,,,
T_pecari,6,261, cls_3 ,1.1152,90.3682,7602.453,20.9265,,,,,
T_pecari,6,262, cls_3 ,1.078,101.0348,6082.2735,1.225,,,,,
T_pecari,6,263, cls_3 ,1.0537,214.3271,23.4302,0.4083,,,,,
T_pecari,6,266, cls_3 ,1.0155,63.9,15207.139,0.2042,,,,,
T_pecari,6,270, cls_3 ,1,71.4424,12162.6706,0.1021,,,,,
T_pecari,6,272, cls_3 ,1.046,101.0348,292.9528,1.6333,,,,,
T_pecari,6,273, cls_3 ,1.0318,71.4424,88.6676,2.2458,,,,,
T_pecari,6,275, cls_3 ,1.1349,63.9,15216.8935,10.8205,,,,,
T_pecari,6,279, cls_3 ,1.0631,71.4424,3630.1512,0.7146,,,,,
T_pecari,6,282, cls_3 ,1.1637,115.1974,200.547,2.7562,,,,,
T_pecari,6,284, cls_3 ,1.0889,90.3682,313.6846,0.9187,,,,,
T_pecari,6,285, cls_3 ,1.0889,63.9,1505.292,2.3478,,,,,
T_pecari,6,286, cls_3 ,1.1137,63.9,2377.7403,2.3478,,,,,
T_pecari,6,289, cls_3 ,1.0529,204.5798,85.0525,1.8374,,,,,
T_pecari,6,290, cls_3 ,1.052,191.7,189.9589,3.777,,,,,
T_pecari,6,291, cls_3 ,1.0909,95.85,369.896,1.5312,,,,,
T_pecari,6,292, cls_3 ,1.0358,63.9,15202.9762,0.3062,,,,,
T_pecari,6,293, cls_3 ,1.1833,63.9,1552.0323,20.9265,,,,,
T_pecari,6,294, cls_3 ,1,63.9,199.1581,0.1021,,,,,
T_pecari,6,297, cls_3 ,1.0509,172.056,195.672,1.0208,,,,,
T_pecari,6,298, cls_3 ,1.1553,63.9,172.0053,3.879,,,,,
T_pecari,6,302, cls_3 ,1.068,63.9,209.7023,4.8999,,,,,
T_pecari,6,307, cls_3 ,1.0746,63.9,15209.6307,8.5747,,,,,
T_pecari,6,308, cls_3 ,1.2031,63.9,193.6396,12.2496,,,,,
T_pecari,6,311, cls_3 ,1,71.4424,12179.5251,0.1021,,,,,
T_pecari,6,312, cls_3 ,1.1401,63.9,15209.437,13.6788,,,,,
T_pecari,6,318, cls_3 ,1.1764,63.9,1408.2866,13.7808,,,,,
T_pecari,6,319, cls_3 ,1.0465,63.9,664.0786,0.6125,,,,,
T_pecari,6,322, cls_3 ,1.1862,63.9,24.7437,1.5312,,,,,
T_pecari,6,323, cls_3 ,1.1376,115.1974,39.6432,2.7562,,,,,
T_pecari,6,329, cls_3 ,1.1711,63.9,13.6892,5.9207,,,,,
T_pecari,6,330, cls_3 ,1.0924,115.1974,76.7552,2.8582,,,,,
T_pecari,6,335, cls_3 ,1.0604,135.5524,959.8081,2.3478,,,,,
T_pecari,6,337, cls_3 ,1.105,127.8,3804.1021,0.5104,,,,,
T_pecari,6,339, cls_3 ,1.1553,95.85,249.5432,3.879,,,,,
T_pecari,6,343, cls_3 ,1.0261,63.9,546.7537,0.5104,,,,,
T_pecari,6,344, cls_3 ,1.0261,272.9809,141.3102,0.5104,,,,,
T_pecari,6,346, cls_3 ,1.0688,319.5,27.4268,0.5104,,,,,
T_pecari,6,347, cls_3 ,1.0819,63.9,15203.992,0.6125,,,,,
T_pecari,6,350, cls_3 ,1.0728,63.9,15203.3831,1.5312,,,,,
T_pecari,6,351, cls_3 ,1.0155,71.4424,38.2909,0.2042,,,,,
T_pecari,6,355, cls_3 ,1,71.4424,26.1764,0.1021,,,,,
T_pecari,6,366, cls_3 ,1.0754,63.9,15212.6135,2.0416,,,,,
T_pecari,6,368, cls_3 ,1.0616,115.1974,4680.7065,4.2874,,,,,
T_pecari,6,374, cls_3 ,1.0799,159.75,2433.8834,2.552,,,,,
T_pecari,6,377, cls_3 ,1.1567,63.9,15204.9758,48.7944,,,,,
T_pecari,6,378, cls_3 ,1.0395,287.55,612.4651,1.7354,,,,,
T_pecari,6,387, cls_3 ,1.0662,115.1974,3599.6382,12.0455,,,,,
T_pecari,6,394, cls_3 ,1.0155,71.4424,306.449,0.2042,,,,,
T_pecari,6,398, cls_3 ,1.089,135.5524,3380.1225,1.327,,,,,
T_pecari,6,399, cls_3 ,1.1275,63.9,12191.0729,17.762,,,,,
T_pecari,6,400, cls_3 ,1.2257,63.9,7625.9698,61.044,,,,,
T_pecari,6,403, cls_3 ,1,63.9,1550.2055,0.1021,,,,,
T_pecari,6,404, cls_3 ,1.0769,90.3682,7606.9944,8.3706,,,,,
T_pecari,6,405, cls_3 ,1.0338,63.9,6777.061,0.9187,,,,,
T_pecari,6,407, cls_3 ,1.0358,63.9,15206.4146,0.3062,,,,,
T_pecari,6,409, cls_3 ,1.063,63.9,15216.695,0.9187,,,,,
T_pecari,6,410, cls_3 ,1.0537,63.9,688.4897,0.4083,,,,,
T_pecari,6,412, cls_3 ,1.0358,71.4424,284.482,0.3062,,,,,
T_pecari,6,413, cls_3 ,1.0465,2215.8655,7.5125,0.6125,,,,,
T_pecari,6,414, cls_3 ,1.0604,63.9,15254.2847,2.3478,,,,,
T_pecari,6,415, cls_3 ,1.175,63.9,3591.4608,19.8036,,,,,
T_pecari,6,417, cls_3 ,1.1116,63.9,321.5024,2.6541,,,,,
T_pecari,6,419, cls_3 ,1.0395,63.9,904.0094,1.7354,,,,,
T_pecari,6,421, cls_3 ,1.0311,361.473,22.9117,1.5312,,,,,
T_pecari,6,423, cls_3 ,1.0926,71.4424,12169.9734,2.552,,,,,
T_pecari,6,424, cls_3 ,1.1425,71.4424,507.8641,7.4519,,,,,
T_pecari,6,425, cls_3 ,1.0556,361.473,22.4112,1.225,,,,,
T_pecari,6,426, cls_3 ,1.1173,101.0348,219.3035,7.4519,,,,,
T_pecari,6,427, cls_3 ,1.0726,71.4424,12164.1606,13.2704,,,,,
T_pecari,6,428, cls_3 ,1.0047,135.5524,306.8824,0.6125,,,,,
T_pecari,6,429, cls_3 ,1.0769,471.7361,15.6922,2.9603,,,,,
T_pecari,6,430, cls_3 ,1.0769,101.0348,312.3343,1.7354,,,,,
T_pecari,6,432, cls_3 ,1.1009,115.1974,3047.8454,6.5331,,,,,
T_pecari,6,433, cls_3 ,1.053,71.4424,134.0438,1.5312,,,,,
T_pecari,6,434, cls_3 ,1.0904,63.9,6088.4942,3.5728,,,,,
T_pecari,6,435, cls_3 ,1.1077,71.4424,3812.5144,5.7165,,,,,
T_pecari,6,436, cls_3 ,1.0647,159.75,689.8906,1.9395,,,,,
T_pecari,6,437, cls_3 ,1.0556,63.9,479.4495,1.225,,,,,
T_pecari,6,439, cls_3 ,1.0716,71.4424,12173.3279,3.879,,,,,
T_pecari,6,440, cls_3 ,1.088,230.3947,32.0728,1.1229,,,,,
T_pecari,6,441, cls_3 ,1.0155,71.4424,1236.7516,0.2042,,,,,
T_pecari,6,442, cls_3 ,1.022,71.4424,623.5431,1.0208,,,,,
T_pecari,6,443, cls_3 ,1.1069,95.85,845.6278,3.9811,,,,,
T_pecari,6,444, cls_3 ,1.1086,194.3443,178.1033,13.6788,,,,,
T_pecari,6,445, cls_3 ,1.119,159.75,416.7361,3.2666,,,,,
T_pecari,6,447, cls_3 ,1.0769,230.3947,28.7112,1.7354,,,,,
T_pecari,6,448, cls_3 ,1.0933,115.1974,176.628,1.7354,,,,,
T_pecari,6,449, cls_3 ,1.0869,194.3443,99.2345,1.8374,,,,,
T_pecari,6,450, cls_3 ,1.1365,194.3443,32.5356,3.2666,,,,,
T_pecari,6,451, cls_3 ,1.0471,232.5995,29.1178,1.9395,,,,,
T_pecari,6,452, cls_3 ,1.1016,194.3443,26.7743,8.2685,,,,,
T_pecari,6,453, cls_3 ,1.0754,289.3196,151.7595,2.0416,,,,,
T_pecari,6,454, cls_3 ,1.0358,314.671,37.8869,0.3062,,,,,
T_pecari,6,455, cls_3 ,1.0962,557.9828,45.0865,3.0624,,,,,
T_pecari,6,456, cls_3 ,1.0706,159.75,512.3789,2.4499,,,,,
T_pecari,6,457, cls_3 ,1.1299,194.3443,140.9236,6.2269,,,,,
T_pecari,6,458, cls_3 ,1.0836,63.9,25.8427,1.6333,,,,,
T_pecari,6,459, cls_3 ,1.2503,63.9,8457.8769,180.8862,,,,,
T_pecari,6,460, cls_3 ,1.0338,159.75,841.5101,0.9187,,,,,
T_pecari,6,461, cls_3 ,1.1073,223.65,129.699,1.327,,,,,
T_pecari,6,462, cls_3 ,1.0836,115.1974,5806.2729,1.6333,,,,,
T_pecari,6,463, cls_3 ,1.1443,63.9,71.4974,1.1229,,,,,
T_pecari,6,465, cls_3 ,1.0635,63.9,888.4877,3.3686,,,,,
T_pecari,6,467, cls_3 ,1.1443,543.15,24.6154,1.1229,,,,,
T_pecari,6,468, cls_3 ,1.0283,194.3443,78.867,0.7146,,,,,
T_pecari,6,469, cls_3 ,1.0962,263.4664,778.1428,3.0624,,,,,
T_pecari,6,470, cls_3 ,1.0261,115.1974,22.8399,0.5104,,,,,
T_pecari,6,471, cls_3 ,1.0358,63.9,461.1827,0.3062,,,,,
T_pecari,6,472, cls_3 ,1.1486,95.85,25.6939,5.2061,,,,,
T_pecari,6,473, cls_3 ,1.3544,63.9,1055.1979,7700.3216,,,,,
T_pecari,6,474, cls_3 ,1.0688,63.9,18863.1547,0.5104,,,,,
T_pecari,6,475, cls_3 ,1.0283,357.2119,14.8778,0.7146,,,,,
T_pecari,6,476, cls_3 ,1.2137,63.9,2935.9387,106.7759,,,,,
T_pecari,6,477, cls_3 ,1.0115,159.75,328.0914,1.1229,,,,,
T_pecari,6,478, cls_3 ,1.1781,71.4424,48.065,5.3082,,,,,
T_pecari,6,480, cls_3 ,1.0358,364.286,32.8243,0.3062,,,,,
T_pecari,6,482, cls_3 ,1.046,63.9,486.0297,1.6333,,,,,
T_pecari,6,484, cls_3 ,1.0261,63.9,561.9221,0.5104,,,,,
T_pecari,6,486, cls_3 ,1.096,63.9,1844.0287,1.9395,,,,,
T_pecari,6,487, cls_3 ,1.147,71.4424,419.8039,4.1853,,,,,
T_pecari,6,490, cls_3 ,1.2262,63.9,28.5564,201.6085,,,,,
T_pecari,6,491, cls_3 ,1.0606,928.7508,92.0004,1.4291,,,,,
T_pecari,6,493, cls_3 ,1.0283,63.9,567.9188,0.7146,,,,,
T_pecari,6,494, cls_3 ,1.1396,63.9,1218.3575,6.6352,,,,,
T_pecari,6,497, cls_3 ,1.068,162.9137,1888.2633,2.8582,,,,,
T_pecari,6,500, cls_3 ,1.1338,63.9,19057.0168,10.5143,,,,,
T_pecari,6,511, cls_3 ,1.0764,63.9,4488.1141,1.0208,,,,,
T_pecari,6,516, cls_3 ,1.0261,512.1975,12.4522,0.5104,,,,,
T_pecari,6,517, cls_3 ,1.1802,71.4424,4859.6809,24.6013,,,,,
T_pecari,6,518, cls_3 ,1.0606,272.9809,291.6659,1.4291,,,,,
T_pecari,6,519, cls_3 ,1.0769,90.3682,8397.0647,1.7354,,,,,
T_pecari,6,525, cls_3 ,1.1676,71.4424,4455.6488,19.1911,,,,,
T_pecari,6,526, cls_3 ,1.0836,71.4424,504.731,1.6333,,,,,
T_pecari,6,533, cls_3 ,1.1271,90.3682,461.4891,1.1229,,,,,
T_pecari,6,536, cls_3 ,1.0463,71.4424,9787.3256,6.1248,,,,,
T_pecari,6,537, cls_3 ,1.054,272.9809,849.7361,2.1437,,,,,
T_pecari,6,538, cls_3 ,1.1133,63.9,736.5273,14.0871,,,,,
T_pecari,6,542, cls_3 ,1.1301,257.5891,272.2309,2.2458,,,,,
T_pecari,6,546, cls_3 ,1.0819,225.9206,12.3791,0.6125,,,,,
T_pecari,6,547, cls_3 ,1.022,63.9,348.4473,1.0208,,,,,
T_pecari,6,550, cls_3 ,1.1387,162.9137,536.7812,2.9603,,,,,
T_pecari,6,553, cls_3 ,1.0992,225.9206,11.3479,5.4103,,,,,
T_pecari,6,554, cls_3 ,1.0836,71.4424,5842.5256,1.6333,,,,,
T_pecari,6,559, cls_3 ,1.0473,186.2989,849.1369,0.8166,,,,,
T_pecari,6,560, cls_3 ,1.0706,294.5644,13.8877,1.8374,,,,,
T_pecari,6,568, cls_3 ,1.0592,71.4424,15091.5721,2.0416,,,,,
T_pecari,6,569, cls_3 ,1.0631,186.2989,256.4451,0.7146,,,,,
T_pecari,6,570, cls_3 ,1,71.4424,15090.8388,0.1021,,,,,
T_pecari,6,576, cls_3 ,1.0473,204.5798,586.493,0.8166,,,,,
T_pecari,6,577, cls_3 ,1.0769,95.85,8383.0377,0.8166,,,,,
T_pecari,6,579, cls_3 ,1.0635,186.2989,750.4558,3.777,,,,,
T_pecari,6,580, cls_3 ,1.0635,63.9,18863.3763,3.777,,,,,
T_pecari,6,584, cls_3 ,1.1427,101.0348,7544.8274,3.5728,,,,,
T_pecari,6,585, cls_3 ,1.0903,71.4424,3778.6874,2.0416,,,,,
T_pecari,6,587, cls_3 ,1.078,71.4424,3779.0784,1.225,,,,,
T_pecari,6,588, cls_3 ,1.0654,294.5644,101.7939,1.1229,,,,,
T_pecari,6,593, cls_3 ,1.1484,63.9,4439.4498,3.879,,,,,
T_pecari,6,595, cls_3 ,1.1073,90.3682,9434.1962,1.327,,,,,
T_pecari,6,596, cls_3 ,1,71.4424,402.2153,0.1021,,,,,
T_pecari,6,597, cls_3 ,1.1073,131.7332,124.4754,1.327,,,,,
T_pecari,6,598, cls_3 ,1.079,90.3682,147.2569,4.3895,,,,,
T_pecari,6,606, cls_3 ,1.0155,63.9,2049.5991,0.2042,,,,,
T_pecari,6,608, cls_3 ,1.0225,90.3682,143.1875,2.0416,,,,,
T_pecari,6,611, cls_3 ,1.0769,101.0348,205.3024,1.7354,,,,,
T_pecari,6,612, cls_3 ,1.1063,63.9,8389.8038,3.3686,,,,,
T_pecari,6,616, cls_3 ,1.0863,364.286,14.4246,4.0832,,,,,
T_pecari,6,617, cls_3 ,1.059,63.9,1125.8389,1.7354,,,,,
T_pecari,6,626, cls_3 ,1.0155,71.4424,15088.1749,0.2042,,,,,
T_pecari,6,634, cls_3 ,1.1825,71.4424,2375.4537,23.1722,,,,,
T_pecari,6,636, cls_3 ,1.0631,63.9,18859.6986,0.7146,,,,,
T_pecari,6,641, cls_3 ,1.0657,135.5524,124.0415,1.6333,,,,,
T_pecari,6,648, cls_3 ,1.0537,620.3568,40.1724,0.4083,,,,,
T_pecari,6,655, cls_3 ,1.0956,63.9,18905.5352,7.3498,,,,,
T_pecari,6,662, cls_3 ,1,71.4424,15087.7944,0.1021,,,,,
T_pecari,6,663, cls_3 ,1.0914,63.9,501.0745,0.3062,,,,,
T_pecari,6,673, cls_3 ,1,63.9,18859.4317,0.1021,,,,,
T_pecari,6,674, cls_3 ,1.0651,63.9,18859.9276,2.2458,,,,,
T_pecari,6,683, cls_3 ,1,63.9,18859.7629,0.1021,,,,,
T_pecari,6,689, cls_3 ,1,63.9,18859.3741,0.1021,,,,,
T_pecari,6,691, cls_3 ,1.0764,131.7332,282.9823,1.0208,,,,,
T_pecari,6,692, cls_3 ,1.0889,131.7332,344.5791,0.9187,,,,,
T_pecari,6,703, cls_3 ,1,454.0948,14.1223,0.1021,,,,,
T_pecari,6,704, cls_3 ,1.0914,71.4424,44.7693,0.3062,,,,,
T_pecari,6,708, cls_3 ,1.1337,71.4424,330.5297,15.1079,,,,,
T_pecari,6,710, cls_3 ,1,71.4424,45.1703,0.4083,,,,,
T_pecari,6,714, cls_3 ,1.118,71.4424,15088.2437,16.1287,,,,,
T_pecari,6,718, cls_3 ,1,71.4424,15088.8623,0.1021,,,,,
T_pecari,6,720, cls_3 ,1.0884,71.4424,338.6947,2.6541,,,,,
T_pecari,6,721, cls_3 ,1.0338,95.85,8382.7401,0.9187,,,,,
T_pecari,6,722, cls_3 ,1.2298,63.9,5861.7458,158.2244,,,,,
T_pecari,6,723, cls_3 ,1.0386,101.0348,88.49,1.4291,,,,,
T_pecari,6,728, cls_3 ,1.1106,314.671,782.2585,9.7997,,,,,
T_pecari,6,735, cls_3 ,1.0535,101.0348,189.1495,8.6768,,,,,
T_pecari,6,749, cls_3 ,1,95.85,69.352,0.1021,,,,,
T_pecari,6,754, cls_3 ,1.0491,63.9,337.6742,6.5331,,,,,
T_pecari,6,770, cls_3 ,1.0606,63.9,537.628,1.4291,,,,,
T_pecari,6,771, cls_3 ,1.0283,257.5891,72.1323,0.7146,,,,,
T_pecari,6,772, cls_3 ,1.1654,63.9,9434.7071,9.9018,,,,,
T_pecari,6,774, cls_3 ,1.0155,63.9,69.0195,0.2042,,,,,
T_pecari,6,778, cls_3 ,1.0631,142.8847,176.1325,0.7146,,,,,
T_pecari,6,783, cls_3 ,1.0764,63.9,1866.9305,1.0208,,,,,
T_pecari,6,784, cls_3 ,1.0889,257.5891,163.7279,0.9187,,,,,
T_pecari,6,785, cls_3 ,1.1204,63.9,18859.8081,2.4499,,,,,
T_pecari,6,786, cls_3 ,1.0467,95.85,275.6169,1.327,,,,,
T_pecari,6,790, cls_3 ,1.0583,71.4424,2124.63,5.4103,,,,,
T_pecari,6,791, cls_3 ,1.1119,90.3682,9433.0406,12.1475,,,,,
T_pecari,6,802, cls_3 ,1.0955,71.4424,780.5005,5.6144,,,,,
T_pecari,6,815, cls_3 ,1.1167,90.3682,9430.8929,1.225,,,,,
T_pecari,6,826, cls_3 ,1.1434,63.9,5814.6726,0.7146,,,,,
T_pecari,6,834, cls_3 ,1.0924,63.9,1690.371,2.8582,,,,,
T_pecari,6,838, cls_3 ,1.0155,63.9,2906.2577,0.2042,,,,,
T_pecari,6,841, cls_3 ,1.0937,63.9,1066.3772,2.2458,,,,,
T_pecari,6,842, cls_3 ,1.059,63.9,18859.6979,1.7354,,,,,
T_pecari,6,845, cls_3 ,1.1073,172.056,2637.1447,1.327,,,,,
T_pecari,6,852, cls_3 ,1.1143,71.4424,15116.0877,8.9831,,,,,
T_pecari,6,857, cls_3 ,1,127.8,867.9028,0.1021,,,,,
T_pecari,6,867, cls_3 ,1.1838,71.4424,15106.6007,12.1475,,,,,
T_pecari,6,879, cls_3 ,1.0155,63.9,18902.7814,0.2042,,,,,
T_pecari,6,885, cls_3 ,1.063,159.75,2040.0716,0.9187,,,,,
T_pecari,6,886, cls_3 ,1.0128,63.9,3025.3687,2.2458,,,,,
T_pecari,6,895, cls_3 ,1.0988,63.9,2620.1999,2.1437,,,,,
T_pecari,6,897, cls_3 ,1.078,172.056,2602.4292,1.225,,,,,
T_pecari,6,904, cls_3 ,1.1154,63.9,18859.7277,1.4291,,,,,
T_pecari,6,905, cls_3 ,1.0688,63.9,18859.9054,0.5104,,,,,
T_pecari,6,913, cls_3 ,1.1349,90.3682,9432.9015,10.8205,,,,,
T_pecari,6,914, cls_3 ,1.0654,191.7,2096.5291,1.1229,,,,,
T_pecari,6,919, cls_3 ,1.078,71.4424,5815.3846,1.225,,,,,
T_pecari,6,943, cls_3 ,1.1281,63.9,18859.3942,2.7562,,,,,
T_pecari,6,947, cls_3 ,1.0993,63.9,18861.6215,1.0208,,,,,
T_pecari,6,952, cls_3 ,1.0975,90.3682,9430.7876,0.4083,,,,,
T_pecari,6,967, cls_3 ,1,71.4424,15087.9987,0.1021,,,,,
T_pecari,6,974, cls_3 ,1.0261,63.9,18861.0101,0.5104,,,,,
T_pecari,6,983, cls_3 ,1.1173,63.9,4443.2279,9.5955,,,,,
T_pecari,6,984, cls_3 ,1.0889,214.3271,409.4454,0.9187,,,,,
T_pecari,6,987, cls_3 ,1.0358,63.9,18860.8419,0.3062,,,,,
T_pecari,6,996, cls_3 ,1.0647,63.9,15111.2821,1.9395,,,,,
T_pecari,6,1001, cls_3 ,1.0473,115.1974,5804.5148,0.8166,,,,,
T_pecari,6,1004, cls_3 ,1.1124,63.9,18860.1857,3.777,,,,,
T_pecari,6,1033, cls_3 ,1.0467,63.9,18860.3739,1.327,,,,,
T_pecari,6,1038, cls_3 ,1.1292,194.3443,2041.1033,1.8374,,,,,
T_pecari,6,1052, cls_3 ,1.232,63.9,18885.0127,109.6342,,,,,
T_pecari,6,1056, cls_3 ,1,71.4424,15088.3406,0.1021,,,,,
T_pecari,6,1065, cls_3 ,1,101.0348,7546.2731,0.1021,,,,,
T_pecari,6,1066, cls_3 ,1.1609,159.75,892.8107,2.2458,,,,,
T_pecari,6,1067, cls_3 ,1.088,63.9,4461.0074,1.1229,,,,,
T_pecari,6,1071, cls_3 ,1.089,95.85,8386.2183,1.327,,,,,
T_pecari,6,1082, cls_3 ,1.0283,63.9,1073.1253,0.7146,,,,,
T_pecari,6,1083, cls_3 ,1.1502,95.85,855.9042,3.5728,,,,,
T_pecari,6,1090, cls_3 ,1,127.8,4717.9018,0.1021,,,,,
T_pecari,6,1095, cls_3 ,1,63.9,531.7619,0.1021,,,,,
T_pecari,6,1109, cls_3 ,1.1235,63.9,505.0308,4.8999,,,,,
T_pecari,6,1113, cls_3 ,1.077,101.0348,7546.7223,4.8999,,,,,
T_pecari,6,1122, cls_3 ,1.1017,95.85,293.9546,2.3478,,,,,
T_pecari,6,1125, cls_3 ,1.0993,71.4424,124.0367,1.0208,,,,,
T_pecari,6,1135, cls_3 ,1.1125,71.4424,15090.6988,31.0324,,,,,
T_pecari,6,1139, cls_3 ,1.0467,71.4424,120.0035,1.327,,,,,
T_pecari,6,1142, cls_3 ,1.1362,131.7332,893.6612,0.5104,,,,,
T_pecari,6,1152, cls_3 ,1.1618,63.9,1350.2121,25.2138,,,,,
T_pecari,6,1155, cls_3 ,1.0115,71.4424,15087.8456,1.1229,,,,,
T_pecari,6,1163, cls_3 ,1.0467,63.9,1950.4239,1.327,,,,,
T_pecari,6,1172, cls_3 ,1.1529,131.7332,218.0162,7.0435,,,,,
T_pecari,6,1173, cls_3 ,1.0881,131.7332,489.8882,4.3895,,,,,
T_pecari,6,1180, cls_3 ,1.1249,63.9,18864.7841,12.9642,,,,,
T_pecari,6,1182, cls_3 ,1.0688,71.4424,8393.2336,0.5104,,,,,
T_pecari,6,1183, cls_3 ,1,63.9,18892.7599,0.1021,,,,,
T_pecari,6,1185, cls_3 ,1.0155,71.4424,9439.8399,0.2042,,,,,
T_pecari,6,1190, cls_3 ,1.1224,225.9206,1513.6323,3.1645,,,,,
T_pecari,6,1194, cls_3 ,1,71.4424,1184.1233,0.1021,,,,,
T_pecari,6,1201, cls_3 ,1.1994,63.9,147.8871,43.1799,,,,,
T_pecari,6,1202, cls_3 ,1.056,101.0348,857.1115,2.4499,,,,,
T_pecari,6,1208, cls_3 ,1.0338,71.4424,406.8378,0.9187,,,,,
T_pecari,6,1213, cls_3 ,1.0809,71.4424,277.9277,1.9395,,,,,
T_pecari,6,1214, cls_3 ,1.1369,71.4424,15087.2304,0.3062,,,,,
T_pecari,6,1223, cls_3 ,1.052,71.4424,787.9597,3.777,,,,,
T_pecari,6,1226, cls_3 ,1.1503,63.9,2157.8706,17.5578,,,,,
T_pecari,6,1228, cls_3 ,1,63.9,222.1317,0.1021,,,,,
T_pecari,6,1234, cls_3 ,1.0889,71.4424,15093.0107,2.3478,,,,,
T_pecari,6,1243, cls_3 ,1.0155,63.9,374.2455,0.2042,,,,,
T_pecari,6,1251, cls_3 ,1,101.0348,7543.8154,0.1021,,,,,
T_pecari,6,2, cls_6 ,1.0654,202.0695,0.6411,1.1229,,,,,
T_pecari,6,4, cls_6 ,1.0799,90.3682,0.9134,2.2458,,,,,
T_pecari,6,15, cls_6 ,1.0689,95.85,1.371,1.327,,,,,
T_pecari,6,16, cls_6 ,1.0358,90.3682,4.3802,0.3062,,,,,
T_pecari,6,19, cls_6 ,1.1631,127.8,2.2389,1.5312,,,,,
T_pecari,6,22, cls_6 ,1.0473,202.0695,0.8283,0.8166,,,,,
T_pecari,6,27, cls_6 ,1.0047,127.8,1.2282,0.6125,,,,,
T_pecari,6,29, cls_6 ,1.0545,115.1974,2.9433,2.8582,,,,,
T_pecari,6,31, cls_6 ,1.022,95.85,3.3821,1.0208,,,,,
T_pecari,6,32, cls_6 ,1.0975,95.85,2.4526,0.4083,,,,,
T_pecari,6,36, cls_6 ,1.0647,127.8,0.417,1.9395,,,,,
T_pecari,6,39, cls_6 ,1.0509,115.1974,4.5374,1.0208,,,,,
T_pecari,6,44, cls_6 ,1.0889,543.15,0.3605,0.9187,,,,,
T_pecari,6,45, cls_6 ,1.0654,159.75,1.6788,1.1229,,,,,
T_pecari,6,49, cls_6 ,1.1206,63.9,12.4295,4.0832,,,,,
T_pecari,6,51, cls_6 ,1.1677,63.9,10.7372,4.5936,,,,,
T_pecari,6,52, cls_6 ,1.1265,90.3682,2.2993,0.8166,,,,,
T_pecari,6,55, cls_6 ,1.0688,71.4424,2.4653,0.5104,,,,,
T_pecari,6,60, cls_6 ,1.1395,71.4424,1.7401,0.6125,,,,,
T_pecari,6,63, cls_6 ,1,90.3682,2.3964,0.1021,,,,,
T_pecari,6,70, cls_6 ,1.0926,63.9,1.3172,2.552,,,,,
T_pecari,6,75, cls_6 ,1,63.9,7.0756,0.1021,,,,,
T_pecari,6,80, cls_6 ,1.0909,294.5644,0.4008,0.2042,,,,,
T_pecari,6,84, cls_6 ,1.0358,214.3271,1.6047,0.3062,,,,,
T_pecari,6,147, cls_6 ,1.0688,1862.9891,0.0548,0.5104,,,,,
T_pecari,6,151, cls_6 ,1.0914,71.4424,0.4905,0.3062,,,,,
T_pecari,6,156, cls_6 ,1.0909,71.4424,0.6824,0.2042,,,,,
T_pecari,6,179, cls_6 ,1.0306,1662.6284,0.0581,1.225,,,,,
T_pecari,6,186, cls_6 ,1.0851,1662.6284,0.0365,3.0624,,,,,
T_pecari,6,464, cls_6 ,1.1731,63.9,15.6279,11.433,,,,,
T_pecari,6,466, cls_6 ,1.0718,63.9,28.2826,2.7562,,,,,
T_pecari,6,479, cls_6 ,1.0473,1100.3053,0.155,0.8166,,,,,
T_pecari,6,485, cls_6 ,1.1265,1657.7094,0.2172,0.8166,,,,,
T_pecari,6,489, cls_6 ,1.0766,71.4424,22.7522,4.4915,,,,,
T_pecari,6,498, cls_6 ,1.0993,460.7895,0.1845,1.0208,,,,,
T_pecari,6,501, cls_6 ,1.0047,202.0695,1.5424,0.6125,,,,,
T_pecari,6,505, cls_6 ,1.0728,361.473,0.4852,1.5312,,,,,
T_pecari,6,524, cls_6 ,1.0828,361.473,0.1504,5.9207,,,,,
T_pecari,6,529, cls_6 ,1.0869,127.8,0.516,1.8374,,,,,
T_pecari,6,534, cls_6 ,1.1561,416.577,0.5574,40.4238,,,,,
T_pecari,6,540, cls_6 ,1.0047,127.8,1.2475,0.6125,,,,,
T_pecari,6,557, cls_6 ,1,447.3,0.2724,0.1021,,,,,
T_pecari,6,582, cls_6 ,1.0909,204.5798,0.5494,0.2042,,,,,
T_pecari,6,591, cls_6 ,1.0467,204.5798,0.4869,1.327,,,,,
T_pecari,6,604, cls_6 ,1.0863,131.7332,0.729,4.0832,,,,,
T_pecari,6,607, cls_6 ,1,131.7332,2.7535,0.1021,,,,,
T_pecari,6,609, cls_6 ,1.0691,243.324,2.8896,7.3498,,,,,
T_pecari,6,610, cls_6 ,1.0836,191.7,1.1428,1.6333,,,,,
T_pecari,6,615, cls_6 ,1.0609,1158.16,0.1061,3.0624,,,,,
T_pecari,6,624, cls_6 ,1.0537,159.75,2.4179,0.4083,,,,,
T_pecari,6,627, cls_6 ,1.1199,63.9,3.1319,1.0208,,,,,
T_pecari,6,633, cls_6 ,1,63.9,3.5689,0.1021,,,,,
T_pecari,6,635, cls_6 ,1.063,63.9,4.1804,0.9187,,,,,
T_pecari,6,639, cls_6 ,1.1075,344.112,1.0353,2.7562,,,,,
T_pecari,6,647, cls_6 ,1.0465,63.9,4.5947,0.6125,,,,,
T_pecari,6,650, cls_6 ,1.0631,172.056,2.4836,0.7146,,,,,
T_pecari,6,652, cls_6 ,1.0261,223.65,1.869,0.5104,,,,,
T_pecari,6,654, cls_6 ,1.0932,63.9,2.172,0.7146,,,,,
T_pecari,6,669, cls_6 ,1.0465,71.4424,3.98,0.6125,,,,,
T_pecari,6,671, cls_6 ,1.0467,357.2119,0.7134,1.327,,,,,
T_pecari,6,672, cls_6 ,1.0465,303.1043,0.9965,0.6125,,,,,
T_pecari,6,677, cls_6 ,1.1907,63.9,1.6469,7.2477,,,,,
T_pecari,6,678, cls_6 ,1.1242,71.4424,2.4582,1.327,,,,,
T_pecari,6,685, cls_6 ,1.0299,204.5798,0.9767,3.1645,,,,,
T_pecari,6,690, cls_6 ,1.0537,115.1974,4.1044,0.4083,,,,,
T_pecari,6,693, cls_6 ,1.0688,1158.16,0.1209,0.5104,,,,,
T_pecari,6,696, cls_6 ,1.022,204.5798,1.5079,1.0208,,,,,
T_pecari,6,697, cls_6 ,1.0537,63.9,18.2659,0.4083,,,,,
T_pecari,6,713, cls_6 ,1.0529,339.6332,0.7465,1.8374,,,,,
T_pecari,6,717, cls_6 ,1.053,2149.2164,0.2015,1.5312,,,,,
T_pecari,6,726, cls_6 ,1.1031,63.9,0.6703,0.8166,,,,,
T_pecari,6,734, cls_6 ,1.1265,1122.3503,0.243,0.8166,,,,,
T_pecari,6,737, cls_6 ,1,63.9,2.3895,0.1021,,,,,
T_pecari,6,752, cls_6 ,1.0909,71.4424,1.3689,0.2042,,,,,
T_pecari,6,755, cls_6 ,1.105,71.4424,0.8031,0.5104,,,,,
T_pecari,6,811, cls_6 ,1.079,2045.7982,0.2973,4.3895,,,,,
T_pecari,6,827, cls_6 ,1.1197,90.3682,1.8366,0.7146,,,,,
T_pecari,6,835, cls_6 ,1.0769,90.3682,2.1331,0.8166,,,,,
T_pecari,6,846, cls_6 ,1.0909,101.0348,27.6845,1.5312,,,,,
T_pecari,6,847, cls_6 ,1.0688,558.8967,0.6837,0.5104,,,,,
T_pecari,6,860, cls_6 ,1.0932,63.9,12.2357,0.7146,,,,,
T_pecari,6,863, cls_6 ,1.2224,101.0348,5.2254,27.4596,,,,,
T_pecari,6,865, cls_6 ,1.0972,63.9,7.4859,3.6749,,,,,
T_pecari,6,866, cls_6 ,1.0769,71.4424,14.5007,0.8166,,,,,
T_pecari,6,871, cls_6 ,1.0631,63.9,13.0129,0.7146,,,,,
T_pecari,6,874, cls_6 ,1.0283,63.9,19.8285,0.7146,,,,,
T_pecari,6,881, cls_6 ,1.1251,71.4424,13.4064,2.3478,,,,,
T_pecari,6,887, cls_6 ,1.0639,63.9,5.4301,5.104,,,,,
T_pecari,6,888, cls_6 ,1.0306,115.1974,4.2936,1.225,,,,,
T_pecari,6,893, cls_6 ,1.0764,90.3682,6.0687,1.0208,,,,,
T_pecari,6,900, cls_6 ,1.119,71.4424,10.3389,3.2666,,,,,
T_pecari,6,909, cls_6 ,1.0297,159.75,8.315,4.1853,,,,,
T_pecari,6,916, cls_6 ,1.0819,303.1043,0.5706,0.6125,,,,,
T_pecari,6,917, cls_6 ,1.0819,384.7289,1.0601,0.6125,,,,,
T_pecari,6,918, cls_6 ,1.046,135.5524,17.4195,1.6333,,,,,
T_pecari,6,921, cls_6 ,1.0932,90.3682,23.0049,0.7146,,,,,
T_pecari,6,923, cls_6 ,1.083,101.0348,4.1657,3.4707,,,,,
T_pecari,6,925, cls_6 ,1.0358,63.9,43.8134,0.3062,,,,,
T_pecari,6,931, cls_6 ,1.1096,214.3271,2.1387,3.879,,,,,
T_pecari,6,932, cls_6 ,1,101.0348,4.0447,0.1021,,,,,
T_pecari,6,936, cls_6 ,1.142,63.9,6.1128,17.1495,,,,,
T_pecari,6,937, cls_6 ,1.1137,180.7365,6.5795,2.3478,,,,,
T_pecari,6,944, cls_6 ,1.1115,159.75,9.0102,4.7978,,,,,
T_pecari,6,945, cls_6 ,1.078,587.3936,1.3612,1.225,,,,,
T_pecari,6,956, cls_6 ,1.0631,303.1043,0.3594,0.7146,,,,,
T_pecari,6,961, cls_6 ,1.0631,2303.9473,0.1326,0.7146,,,,,
T_pecari,6,969, cls_6 ,1.0509,63.9,14.1869,1.0208,,,,,
T_pecari,6,970, cls_6 ,1.0283,63.9,55.6854,0.7146,,,,,
T_pecari,6,973, cls_6 ,1.0261,223.65,3.0055,0.5104,,,,,
T_pecari,6,982, cls_6 ,1.1291,63.9,3.7362,21.4369,,,,,
T_pecari,6,1000, cls_6 ,1.1347,115.1974,3.148,4.6957,,,,,
T_pecari,6,1014, cls_6 ,1.0688,127.8,11.6386,0.5104,,,,,
T_pecari,6,1015, cls_6 ,1.0987,115.1974,5.1603,1.4291,,,,,
T_pecari,6,1016, cls_6 ,1.056,274.8443,4.4972,2.4499,,,,,
T_pecari,6,1025, cls_6 ,1.0473,90.3682,10.3576,0.8166,,,,,
T_pecari,6,1029, cls_6 ,1.06,225.9206,12.0268,21.5389,,,,,
T_pecari,6,1042, cls_6 ,1.1376,90.3682,2.1189,6.4311,,,,,
T_pecari,6,1051, cls_6 ,1.1292,63.9,3.7481,1.8374,,,,,
T_pecari,6,1059, cls_6 ,1.0338,63.9,6.1485,0.9187,,,,,
T_pecari,6,1080, cls_6 ,1.1443,214.3271,14.2229,54.6129,,,,,
T_pecari,6,1084, cls_6 ,1.0889,90.3682,10.4299,0.9187,,,,,
T_pecari,6,1088, cls_6 ,1.1482,90.3682,7.0901,3.1645,,,,,
T_pecari,6,1092, cls_6 ,1.0764,90.3682,5.6237,1.0208,,,,,
T_pecari,6,1097, cls_6 ,1.1027,63.9,6.7005,5.6144,,,,,
T_pecari,6,1099, cls_6 ,1.1328,779.9989,0.581,0.9187,,,,,
T_pecari,6,1106, cls_6 ,1.0155,214.3271,1.7258,0.2042,,,,,
T_pecari,6,1115, cls_6 ,1.0764,214.3271,3.2397,1.0208,,,,,
T_pecari,6,1116, cls_6 ,1.0819,709.4051,0.6158,0.6125,,,,,
T_pecari,6,1123, cls_6 ,1,63.9,18.0831,0.1021,,,,,
T_pecari,6,1127, cls_6 ,1.1546,71.4424,41.0776,8.881,,,,,
T_pecari,6,1131, cls_6 ,1,131.7332,8.5959,0.1021,,,,,
T_pecari,6,1133, cls_6 ,1.0631,679.2663,0.7042,0.7146,,,,,
T_pecari,6,1143, cls_6 ,1,71.4424,24.8463,0.1021,,,,,
T_pecari,6,1144, cls_6 ,1.23,71.4424,19.9164,2.0416,,,,,
T_pecari,6,1153, cls_6 ,1.1479,115.1974,12.1638,61.044,,,,,
T_pecari,6,1154, cls_6 ,1.0358,172.056,2.1822,0.3062,,,,,
T_pecari,6,1157, cls_6 ,1.1395,709.4051,0.6073,0.6125,,,,,
T_pecari,6,1159, cls_6 ,1.204,95.85,15.8873,42.4654,,,,,
T_pecari,6,1161, cls_6 ,1.0467,679.2663,0.744,1.327,,,,,
T_pecari,6,1166, cls_6 ,1.1066,115.1974,47.2519,2.2458,,,,,
T_pecari,6,1168, cls_6 ,1.0543,180.7365,17.9192,7.9623,,,,,
T_pecari,6,1169, cls_6 ,1.1358,71.4424,3.5158,2.3478,,,,,
T_pecari,6,1174, cls_6 ,1,63.9,9.4408,0.1021,,,,,
T_pecari,6,1178, cls_6 ,1.0606,63.9,3.7942,1.4291,,,,,
T_pecari,6,1189, cls_6 ,1.1474,63.9,16.303,2.9603,,,,,
T_pecari,6,1191, cls_6 ,1.1519,71.4424,4.4927,0.9187,,,,,
T_pecari,6,1197, cls_6 ,1.1412,63.9,9.448,6.5331,,,,,
T_pecari,6,1199, cls_6 ,1.0261,95.85,47.7433,0.5104,,,,,
T_pecari,6,1203, cls_6 ,1.0465,71.4424,4.3521,0.6125,,,,,
T_pecari,6,1204, cls_6 ,1,191.7,7.7519,0.1021,,,,,
T_pecari,6,1210, cls_6 ,1.1477,71.4424,24.2707,8.7789,,,,,
T_pecari,6,1216, cls_6 ,1.0467,63.9,15.311,1.327,,,,,
T_pecari,6,1219, cls_6 ,1.0358,232.5995,5.0918,0.3062,,,,,
T_pecari,6,1221, cls_6 ,1.1299,63.9,7.8896,3.4707,,,,,
T_pecari,6,1222, cls_6 ,1.1646,172.056,18.0141,6.0227,,,,,
T_pecari,6,1227, cls_6 ,1.0678,71.4424,19.0224,11.8413,,,,,
T_pecari,6,1231, cls_6 ,1.1085,63.9,9.7217,1.1229,,,,,
T_pecari,6,1232, cls_6 ,1.102,115.1974,4.9677,1.8374,,,,,
T_pecari,6,1233, cls_6 ,1.1443,115.1974,12.6832,1.1229,,,,,
T_pecari,6,1235, cls_6 ,1.1534,135.5524,12.2995,3.4707,,,,,
T_pecari,6,1238, cls_6 ,1,223.65,3.9387,0.1021,,,,,
T_pecari,6,1239, cls_6 ,1.1695,115.1974,7.9812,4.2874,,,,,
T_pecari,6,1241, cls_6 ,1.1637,142.8847,2.0589,0.6125,,,,,
T_pecari,6,1244, cls_6 ,1.0769,352.8993,1.4184,0.8166,,,,,
T_pecari,6,1245, cls_6 ,1.0243,135.5524,2.2462,1.6333,,,,,
T_pecari,6,1248, cls_6 ,1.0473,314.671,2.3482,0.8166,,,,,
T_pecari,6,5, cls_1 ,1.2806,63.9,2480.5455,29026.5191,,1.083535823,104.5023575,13316.75992,50.6789561
T_pecari,6,10, cls_1 ,1.0764,214.3271,2332.9382,1.0208,,,,,
T_pecari,6,11, cls_1 ,1.0402,159.75,11374.8544,1.1229,,,,,
T_pecari,6,12, cls_1 ,1,63.9,648.3431,0.1021,,,,,
T_pecari,6,13, cls_1 ,1.046,63.9,1074.3513,1.6333,,,,,
T_pecari,6,14, cls_1 ,1.1543,90.3682,35545.7798,1.327,,,,,
T_pecari,6,17, cls_1 ,1.0131,115.1974,21875.4061,0.8166,,,,,
T_pecari,6,18, cls_1 ,1.0358,95.85,2277.8707,0.3062,,,,,
T_pecari,6,20, cls_1 ,1.1226,63.9,2909.438,1.7354,,,,,
T_pecari,6,25, cls_1 ,1.046,257.5891,4375.4768,1.6333,,,,,
T_pecari,6,26, cls_1 ,1.0465,71.4424,56872.9661,0.6125,,,,,
T_pecari,6,28, cls_1 ,1.0844,63.9,3559.4753,2.7562,,,,,
T_pecari,6,30, cls_1 ,1.1153,101.0348,391.6285,3.9811,,,,,
T_pecari,6,35, cls_1 ,1.0358,101.0348,544.368,0.3062,,,,,
T_pecari,6,38, cls_1 ,1,223.65,199.3452,0.1021,,,,,
T_pecari,6,43, cls_1 ,1.0155,135.5524,15797.7053,0.2042,,,,,
T_pecari,6,53, cls_1 ,1.0155,71.4424,622.6188,0.2042,,,,,
T_pecari,6,56, cls_1 ,1.0047,127.8,17781.74,0.6125,,,,,
T_pecari,6,61, cls_1 ,1.1085,71.4424,820.6055,1.1229,,,,,
T_pecari,6,65, cls_1 ,1.1502,115.1974,318.9989,28.5825,,,,,
T_pecari,6,69, cls_1 ,1.2055,90.3682,287.736,51.7547,,,,,
T_pecari,6,77, cls_1 ,1.2464,63.9,21937.2723,123.1088,,,,,
T_pecari,6,88, cls_1 ,1.1322,63.9,71094.0644,2.6541,,,,,
T_pecari,6,89, cls_1 ,1.0688,71.4424,539.2771,0.5104,,,,,
T_pecari,6,92, cls_1 ,1.118,63.9,11385.1257,2.7562,,,,,
T_pecari,6,93, cls_1 ,1.0261,63.9,1820.8282,0.5104,,,,,
T_pecari,6,94, cls_1 ,1.1265,63.9,71100.0879,0.8166,,,,,
T_pecari,6,96, cls_1 ,1.0358,90.3682,1021.5215,0.3062,,,,,
T_pecari,6,97, cls_1 ,1.0283,63.9,2206.276,0.7146,,,,,
T_pecari,6,98, cls_1 ,1.0819,63.9,71089.0945,0.6125,,,,,
T_pecari,6,100, cls_1 ,1.0358,63.9,410.5927,0.3062,,,,,
T_pecari,6,102, cls_1 ,1.0543,63.9,56878.2895,3.2666,,,,,
T_pecari,6,103, cls_1 ,1.1575,63.9,166.4616,26.9492,,,,,
T_pecari,6,106, cls_1 ,1.137,63.9,11376.1312,94.3222,,,,,
T_pecari,6,107, cls_1 ,1.0889,63.9,71095.6356,0.9187,,,,,
T_pecari,6,108, cls_1 ,1.0889,90.3682,35544.531,0.9187,,,,,
T_pecari,6,109, cls_1 ,1.1395,95.85,280.8854,0.6125,,,,,
T_pecari,6,110, cls_1 ,1.0975,63.9,28450.0955,0.4083,,,,,
T_pecari,6,112, cls_1 ,1.2621,63.9,572.1466,147.506,,,,,
T_pecari,6,114, cls_1 ,1.1154,63.9,71088.1646,1.6333,,,,,
T_pecari,6,115, cls_1 ,1.0606,101.0348,11497.334,1.4291,,,,,
T_pecari,6,116, cls_1 ,1.0465,63.9,138.4921,0.6125,,,,,
T_pecari,6,118, cls_1 ,1.1477,95.85,31596.7768,0.8166,,,,,
T_pecari,6,119, cls_1 ,1.1409,90.3682,35544.9789,2.2458,,,,,
T_pecari,6,120, cls_1 ,1.1358,71.4424,142.3755,1.7354,,,,,
T_pecari,6,122, cls_1 ,1.0155,71.4424,15815.6432,0.2042,,,,,
T_pecari,6,123, cls_1 ,1.0846,71.4424,31605.7039,3.777,,,,,
T_pecari,6,124, cls_1 ,1.0764,159.75,101.6848,1.0208,,,,,
T_pecari,6,125, cls_1 ,1.0155,63.9,11383.6229,0.2042,,,,,
T_pecari,6,126, cls_1 ,1.0819,90.3682,76.1707,0.6125,,,,,
T_pecari,6,127, cls_1 ,1.1631,63.9,57116.5371,1.5312,,,,,
T_pecari,6,128, cls_1 ,1.2024,63.9,71098.4435,3.3686,,,,,
T_pecari,6,129, cls_1 ,1.0155,71.4424,80.8719,0.2042,,,,,
T_pecari,6,130, cls_1 ,1.0932,71.4424,489.0301,0.7146,,,,,
T_pecari,6,131, cls_1 ,1,71.4424,2746.9045,0.1021,,,,,
T_pecari,6,132, cls_1 ,1.0688,63.9,31603.4352,0.5104,,,,,
T_pecari,6,133, cls_1 ,1.1268,90.3682,92.9939,3.5728,,,,,
T_pecari,6,134, cls_1 ,1.2477,63.9,28497.8739,99.3241,,,,,
T_pecari,6,135, cls_1 ,1.0473,63.9,3910.7254,0.8166,,,,,
T_pecari,6,136, cls_1 ,1.1265,71.4424,361.5727,0.8166,,,,,
T_pecari,6,137, cls_1 ,1,71.4424,84.7452,0.1021,,,,,
T_pecari,6,138, cls_1 ,1.112,71.4424,110.289,0.9187,,,,,
T_pecari,6,139, cls_1 ,1.1154,71.4424,521.6203,1.4291,,,,,
T_pecari,6,140, cls_1 ,1.0358,71.4424,2092.1266,0.3062,,,,,
T_pecari,6,141, cls_1 ,1.1281,63.9,56876.7844,2.7562,,,,,
T_pecari,6,142, cls_1 ,1.1543,63.9,11382.7741,3.6749,,,,,
T_pecari,6,143, cls_1 ,1.0358,63.9,2102.777,0.3062,,,,,
T_pecari,6,144, cls_1 ,1,71.4424,2858.6448,0.1021,,,,,
T_pecari,6,145, cls_1 ,1.0261,63.9,1269.0632,0.5104,,,,,
T_pecari,6,146, cls_1 ,1.0764,71.4424,98.8487,1.0208,,,,,
T_pecari,6,148, cls_1 ,1.0358,71.4424,7908.0189,0.3062,,,,,
T_pecari,6,149, cls_1 ,1.088,63.9,447.9289,7.4519,,,,,
T_pecari,6,150, cls_1 ,1.0932,159.75,609.4823,0.7146,,,,,
T_pecari,6,152, cls_1 ,1.0467,90.3682,17781.9384,1.327,,,,,
T_pecari,6,153, cls_1 ,1.0909,95.85,138.1922,0.2042,,,,,
T_pecari,6,154, cls_1 ,1.0889,90.3682,8024.143,0.9187,,,,,
T_pecari,6,155, cls_1 ,1.126,71.4424,2232.9888,3.0624,,,,,
T_pecari,6,157, cls_1 ,1.128,71.4424,56874.1312,3.2666,,,,,
T_pecari,6,158, cls_1 ,1.0654,63.9,457.2269,1.1229,,,,,
T_pecari,6,160, cls_1 ,1.1289,63.9,56883.1913,10.6163,,,,,
T_pecari,6,161, cls_1 ,1.0981,63.9,2379.2831,3.9811,,,,,
T_pecari,6,164, cls_1 ,1.0537,63.9,3542.9297,0.4083,,,,,
T_pecari,6,165, cls_1 ,1,95.85,31595.2043,0.1021,,,,,
T_pecari,6,166, cls_1 ,1.0155,115.1974,21873.806,0.2042,,,,,
T_pecari,6,167, cls_1 ,1.0975,71.4424,8095.5279,0.4083,,,,,
T_pecari,6,168, cls_1 ,1.1934,63.9,1188.0507,13.1684,,,,,
T_pecari,6,170, cls_1 ,1.1366,90.3682,662.157,15.6183,,,,,
T_pecari,6,171, cls_1 ,1.0688,63.9,521.238,0.5104,,,,,
T_pecari,6,174, cls_1 ,1.1631,63.9,642.4383,1.5312,,,,,
T_pecari,6,175, cls_1 ,1.0283,131.7332,11379.2127,0.7146,,,,,
T_pecari,6,176, cls_1 ,1.0465,745.1957,156.0284,0.6125,,,,,
T_pecari,6,177, cls_1 ,1.2478,63.9,56909.2744,59.6149,,,,,
T_pecari,6,178, cls_1 ,1.0688,90.3682,35547.0883,0.5104,,,,,
T_pecari,6,180, cls_1 ,1.1999,71.4424,15802.2863,7.3498,,,,,
T_pecari,6,183, cls_1 ,1.0537,63.9,935.5654,0.4083,,,,,
T_pecari,6,184, cls_1 ,1.0465,63.9,594.2216,0.6125,,,,,
T_pecari,6,185, cls_1 ,1.0631,142.8847,14218.7767,0.7146,,,,,
T_pecari,6,187, cls_1 ,1.135,63.9,3420.938,3.0624,,,,,
T_pecari,6,188, cls_1 ,1.0537,71.4424,362.4096,0.4083,,,,,
T_pecari,6,189, cls_1 ,1.0748,63.9,4454.5664,7.4519,,,,,
T_pecari,6,190, cls_1 ,1.0283,63.9,1001.7214,0.7146,,,,,
T_pecari,6,191, cls_1 ,1.0688,71.4424,362.4338,0.5104,,,,,
T_pecari,6,192, cls_1 ,1.1166,71.4424,808.4476,3.0624,,,,,
T_pecari,6,193, cls_1 ,1.0688,127.8,11426.54,0.5104,,,,,
T_pecari,6,194, cls_1 ,1.0819,101.0348,28464.6072,0.6125,,,,,
T_pecari,6,196, cls_1 ,1.2229,63.9,57062.4327,44.0987,,,,,
T_pecari,6,197, cls_1 ,1.0932,63.9,2977.2208,0.7146,,,,,
T_pecari,6,198, cls_1 ,1.105,63.9,700.5823,0.5104,,,,,
T_pecari,6,199, cls_1 ,1.0556,172.056,1601.196,1.225,,,,,
T_pecari,6,200, cls_1 ,1.0261,180.7365,772.0618,0.5104,,,,,
T_pecari,6,201, cls_1 ,1.153,63.9,1469.9715,6.1248,,,,,
T_pecari,6,202, cls_1 ,1.1027,90.3682,2840.588,5.6144,,,,,
T_pecari,6,203, cls_1 ,1.1172,71.4424,56882.3018,2.0416,,,,,
T_pecari,6,206, cls_1 ,1.0335,71.4424,4676.6958,1.8374,,,,,
T_pecari,6,210, cls_1 ,1.0689,71.4424,948.8164,1.327,,,,,
T_pecari,6,211, cls_1 ,1.0932,186.2989,2822.471,0.7146,,,,,
T_pecari,6,214, cls_1 ,1,63.9,539.0129,0.1021,,,,,
T_pecari,6,215, cls_1 ,1.0473,159.75,11376.2333,0.8166,,,,,
T_pecari,6,217, cls_1 ,1.1443,557.9828,343.6519,1.1229,,,,,
T_pecari,6,219, cls_1 ,1.0764,63.9,31614.4682,1.0208,,,,,
T_pecari,6,221, cls_1 ,1.0851,63.9,947.2444,3.0624,,,,,
T_pecari,6,222, cls_1 ,1.1434,115.1974,21920.9488,0.7146,,,,,
T_pecari,6,224, cls_1 ,1.0647,159.75,11376.7257,1.9395,,,,,
T_pecari,6,226, cls_1 ,1.0982,471.7361,1308.5611,1.225,,,,,
T_pecari,6,227, cls_1 ,1.1369,71.4424,1379.1622,0.3062,,,,,
T_pecari,6,229, cls_1 ,1.0975,71.4424,938.8573,0.4083,,,,,
T_pecari,6,230, cls_1 ,1.1125,90.3682,35548.8997,0.6125,,,,,
T_pecari,6,231, cls_1 ,1.1063,63.9,71139.5207,3.3686,,,,,
T_pecari,6,232, cls_1 ,1,71.4424,1196.0242,0.1021,,,,,
T_pecari,6,235, cls_1 ,1.1206,71.4424,6953.9062,14.5975,,,,,
T_pecari,6,237, cls_1 ,1.0465,63.9,71088.9519,0.6125,,,,,
T_pecari,6,238, cls_1 ,1.1354,159.75,11377.9226,2.1437,,,,,
T_pecari,6,239, cls_1 ,1.105,63.9,71093.3439,0.5104,,,,,
T_pecari,6,240, cls_1 ,1.0631,71.4424,2938.8355,0.7146,,,,,
T_pecari,6,242, cls_1 ,1.1197,95.85,31595.6197,0.7146,,,,,
T_pecari,6,244, cls_1 ,1.0465,63.9,549.1206,0.6125,,,,,
T_pecari,6,245, cls_1 ,1.0155,63.9,4695.5424,0.2042,,,,,
T_pecari,6,246, cls_1 ,1.0729,63.9,2277.7711,5.104,,,,,
T_pecari,6,249, cls_1 ,1.0155,63.9,71087.9454,0.2042,,,,,
T_pecari,6,250, cls_1 ,1.0909,63.9,11387.8267,0.2042,,,,,
T_pecari,6,251, cls_1 ,1,63.9,655.6932,0.1021,,,,,
T_pecari,6,254, cls_1 ,1.1353,101.0348,28447.3927,1.9395,,,,,
T_pecari,6,255, cls_1 ,1.063,63.9,71092.0884,0.9187,,,,,
T_pecari,6,258, cls_1 ,1.0473,63.9,2447.2114,0.8166,,,,,
T_pecari,6,260, cls_1 ,1,63.9,2530.5321,0.4083,,,,,
T_pecari,6,264, cls_1 ,1.0975,71.4424,8890.2966,0.4083,,,,,
T_pecari,6,265, cls_1 ,1.0688,204.5798,6938.5031,0.5104,,,,,
T_pecari,6,267, cls_1 ,1.0606,115.1974,4377.516,1.4291,,,,,
T_pecari,6,268, cls_1 ,1,71.4424,7113.2153,0.1021,,,,,
T_pecari,6,269, cls_1 ,1.0465,63.9,5482.0193,0.6125,,,,,
T_pecari,6,271, cls_1 ,1.0261,115.1974,21873.8769,0.5104,,,,,
T_pecari,6,274, cls_1 ,1.0688,71.4424,56871.1036,0.5104,,,,,
T_pecari,6,277, cls_1 ,1.0654,71.4424,2936.0096,1.1229,,,,,
T_pecari,6,278, cls_1 ,1.1398,71.4424,14222.6993,1.327,,,,,
T_pecari,6,280, cls_1 ,1.0155,63.9,71088.324,0.2042,,,,,
T_pecari,6,281, cls_1 ,1.0831,101.0348,21878.0689,6.8394,,,,,
T_pecari,6,283, cls_1 ,1.1031,101.0348,7118.3224,0.8166,,,,,
T_pecari,6,287, cls_1 ,1.0631,71.4424,56870.5123,0.7146,,,,,
T_pecari,6,288, cls_1 ,1.1213,63.9,71089.9923,7.5539,,,,,
T_pecari,6,295, cls_1 ,1.0933,131.7332,7902.2501,1.7354,,,,,
T_pecari,6,296, cls_1 ,1.0155,71.4424,5741.3987,0.2042,,,,,
T_pecari,6,299, cls_1 ,1.0155,63.9,3779.6902,0.2042,,,,,
T_pecari,6,300, cls_1 ,1.0819,186.2989,8375.5406,0.6125,,,,,
T_pecari,6,301, cls_1 ,1.1782,191.7,3904.0381,4.3895,,,,,
T_pecari,6,303, cls_1 ,1,63.9,16746.95,0.1021,,,,,
T_pecari,6,304, cls_1 ,1.244,63.9,11397.7486,91.2597,,,,,
T_pecari,6,305, cls_1 ,1.1657,71.4424,11394.492,8.2685,,,,,
T_pecari,6,306, cls_1 ,1.1035,135.5524,15806.0735,2.8582,,,,,
T_pecari,6,309, cls_1 ,1.1264,71.4424,31618.8476,5.4103,,,,,
T_pecari,6,310, cls_1 ,1.0465,131.7332,5691.3303,0.6125,,,,,
T_pecari,6,313, cls_1 ,1.0283,71.4424,56880.1154,0.7146,,,,,
T_pecari,6,314, cls_1 ,1.0728,71.4424,56870.4181,1.5312,,,,,
T_pecari,6,315, cls_1 ,1.0657,115.1974,1682.6205,1.6333,,,,,
T_pecari,6,316, cls_1 ,1.1323,71.4424,3404.6471,7.8602,,,,,
T_pecari,6,317, cls_1 ,1.1328,95.85,1129.4081,0.9187,,,,,
T_pecari,6,320, cls_1 ,1.0993,115.1974,334.7517,1.0208,,,,,
T_pecari,6,321, cls_1 ,1.0728,63.9,3126.383,1.5312,,,,,
T_pecari,6,325, cls_1 ,1.1974,90.3682,10953.8209,88.8098,,,,,
T_pecari,6,326, cls_1 ,1.0631,71.4424,2009.0754,0.7146,,,,,
T_pecari,6,327, cls_1 ,1.0688,71.4424,56873.148,0.5104,,,,,
T_pecari,6,328, cls_1 ,1.0701,131.7332,3215.0282,2.1437,,,,,
T_pecari,6,331, cls_1 ,1.0465,63.9,710.0538,0.6125,,,,,
T_pecari,6,332, cls_1 ,1.1565,162.9137,1297.8279,2.1437,,,,,
T_pecari,6,333, cls_1 ,1.1031,95.85,492.88,0.8166,,,,,
T_pecari,6,336, cls_1 ,1.0592,63.9,2202.2873,4.3895,,,,,
T_pecari,6,340, cls_1 ,1.0556,90.3682,402.4901,1.225,,,,,
T_pecari,6,341, cls_1 ,1.1031,95.85,994.1102,0.8166,,,,,
T_pecari,6,342, cls_1 ,1.0386,63.9,71094.379,1.4291,,,,,
T_pecari,6,348, cls_1 ,1.078,115.1974,4675.0896,1.225,,,,,
T_pecari,6,349, cls_1 ,1.1144,95.85,31611.1543,18.5786,,,,,
T_pecari,6,352, cls_1 ,1.046,159.75,2855.3943,1.6333,,,,,
T_pecari,6,353, cls_1 ,1.0688,101.0348,581.9302,0.5104,,,,,
T_pecari,6,354, cls_1 ,1.1407,63.9,3236.0453,5.9207,,,,,
T_pecari,6,356, cls_1 ,1.088,90.3682,518.7334,1.1229,,,,,
T_pecari,6,357, cls_1 ,1.1702,95.85,31624.0531,10.4122,,,,,
T_pecari,6,358, cls_1 ,1,63.9,1761.8178,0.1021,,,,,
T_pecari,6,359, cls_1 ,1.0261,159.75,11378.4528,0.5104,,,,,
T_pecari,6,360, cls_1 ,1.123,90.3682,35565.9264,7.0435,,,,,
T_pecari,6,361, cls_1 ,1.0809,90.3682,794.1575,1.9395,,,,,
T_pecari,6,362, cls_1 ,1.063,63.9,71127.9023,0.9187,,,,,
T_pecari,6,363, cls_1 ,1.1602,204.5798,1983.6468,1.1229,,,,,
T_pecari,6,365, cls_1 ,1.0526,63.9,16780.436,4.6957,,,,,
T_pecari,6,367, cls_1 ,1.0663,101.0348,28441.6451,2.552,,,,,
T_pecari,6,369, cls_1 ,1,95.85,989.7825,0.1021,,,,,
T_pecari,6,370, cls_1 ,1.1328,90.3682,35572.8922,0.9187,,,,,
T_pecari,6,371, cls_1 ,1.1073,95.85,17870.0586,1.327,,,,,
T_pecari,6,372, cls_1 ,1.0605,135.5524,5474.8876,3.4707,,,,,
T_pecari,6,373, cls_1 ,1.1636,71.4424,35579.6953,9.0851,,,,,
T_pecari,6,375, cls_1 ,1.1485,95.85,15817.2504,9.7997,,,,,
T_pecari,6,376, cls_1 ,1,63.9,71094.8155,0.1021,,,,,
T_pecari,6,379, cls_1 ,1.0818,63.9,71104.5097,9.5955,,,,,
T_pecari,6,380, cls_1 ,1.0564,63.9,5693.4163,5.5123,,,,,
T_pecari,6,381, cls_1 ,1.053,142.8847,5371.7195,1.5312,,,,,
T_pecari,6,382, cls_1 ,1.0819,63.9,11401.5188,0.6125,,,,,
T_pecari,6,383, cls_1 ,1.064,101.0348,10942.8252,4.1853,,,,,
T_pecari,6,385, cls_1 ,1.0537,142.8847,14219.5616,0.4083,,,,,
T_pecari,6,386, cls_1 ,1,63.9,71091.5829,0.1021,,,,,
T_pecari,6,388, cls_1 ,1.0283,63.9,5819.6003,0.7146,,,,,
T_pecari,6,389, cls_1 ,1.1407,63.9,11380.3425,5.3082,,,,,
T_pecari,6,390, cls_1 ,1.078,159.75,7903.454,1.225,,,,,
T_pecari,6,391, cls_1 ,1.0537,90.3682,6944.33,0.4083,,,,,
T_pecari,6,392, cls_1 ,1.1367,71.4424,56874.9389,5.2061,,,,,
T_pecari,6,393, cls_1 ,1.0537,63.9,1925.3786,0.4083,,,,,
T_pecari,6,395, cls_1 ,1.0281,90.3682,21880.6438,2.7562,,,,,
T_pecari,6,396, cls_1 ,1.0965,90.3682,14224.4933,3.3686,,,,,
T_pecari,6,397, cls_1 ,1.0465,63.9,5484.0989,0.6125,,,,,
T_pecari,6,401, cls_1 ,1.1017,71.4424,17786.9911,4.1853,,,,,
T_pecari,6,402, cls_1 ,1.1096,63.9,71089.1501,3.879,,,,,
T_pecari,6,406, cls_1 ,1.123,71.4424,21882.6151,7.0435,,,,,
T_pecari,6,411, cls_1 ,1.1484,63.9,71088.9777,3.879,,,,,
T_pecari,6,422, cls_1 ,1.1085,159.75,11374.4449,1.1229,,,,,
T_pecari,6,438, cls_1 ,1.0155,63.9,71087.9197,0.2042,,,,,
T_pecari,6,446, cls_1 ,1.063,95.85,31594.7972,0.9187,,,,,
T_pecari,6,481, cls_1 ,1,480.3138,1258.8521,0.1021,,,,,
T_pecari,6,483, cls_1 ,1.089,63.9,71088.9749,1.327,,,,,
T_pecari,6,488, cls_1 ,1.0876,71.4424,56877.448,6.5331,,,,,
T_pecari,6,492, cls_1 ,1.0982,90.3682,35551.8854,1.225,,,,,
T_pecari,6,495, cls_1 ,1.0706,95.85,5693.1277,2.4499,,,,,
T_pecari,6,496, cls_1 ,1.1808,63.9,71088.5569,4.2874,,,,,
T_pecari,6,502, cls_1 ,1.0338,71.4424,1821.5369,0.9187,,,,,
T_pecari,6,504, cls_1 ,1.0836,95.85,31595.4479,1.6333,,,,,
T_pecari,6,508, cls_1 ,1.0764,101.0348,3911.4786,1.0208,,,,,
T_pecari,6,509, cls_1 ,1.1609,71.4424,56876.8048,4.3895,,,,,
T_pecari,6,512, cls_1 ,1.0155,63.9,71088.617,0.2042,,,,,
T_pecari,6,514, cls_1 ,1,71.4424,56871.5681,0.1021,,,,,
T_pecari,6,515, cls_1 ,1.112,101.0348,5745.732,0.9187,,,,,
T_pecari,6,520, cls_1 ,1.0949,191.7,1579.4817,9.9018,,,,,
T_pecari,6,521, cls_1 ,1.0728,95.85,7114.3158,1.5312,,,,,
T_pecari,6,522, cls_1 ,1.0932,63.9,71088.1886,0.7146,,,,,
T_pecari,6,523, cls_1 ,1,63.9,14237.4534,0.1021,,,,,
T_pecari,6,527, cls_1 ,1.0816,63.9,17774.2567,7.9623,,,,,
T_pecari,6,528, cls_1 ,1.0155,71.4424,56870.9066,0.2042,,,,,
T_pecari,6,530, cls_1 ,1.219,63.9,71120.8893,146.6893,,,,,
T_pecari,6,532, cls_1 ,1.1099,95.85,31624.8259,8.4727,,,,,
T_pecari,6,535, cls_1 ,1.105,71.4424,1972.652,0.5104,,,,,
T_pecari,6,539, cls_1 ,1.105,115.1974,21874.1851,0.5104,,,,,
T_pecari,6,541, cls_1 ,1.1031,71.4424,56870.9123,0.8166,,,,,
T_pecari,6,543, cls_1 ,1.0987,63.9,886.6526,1.4291,,,,,
T_pecari,6,544, cls_1 ,1.0465,71.4424,3911.9718,0.6125,,,,,
T_pecari,6,545, cls_1 ,1.0509,63.9,71093.8831,2.9603,,,,,
T_pecari,6,548, cls_1 ,1.0654,127.8,17774.8908,1.1229,,,,,
T_pecari,6,549, cls_1 ,1.0982,63.9,545.0253,1.225,,,,,
T_pecari,6,552, cls_1 ,1.0386,63.9,71089.4045,1.4291,,,,,
T_pecari,6,555, cls_1 ,1.109,71.4424,56884.5206,2.4499,,,,,
T_pecari,6,556, cls_1 ,1.0402,63.9,71149.9732,1.1229,,,,,
T_pecari,6,561, cls_1 ,1.1073,63.9,4380.7856,1.327,,,,,
T_pecari,6,562, cls_1 ,1.1532,159.75,1306.2952,5.8186,,,,,
T_pecari,6,563, cls_1 ,1.1265,63.9,6325.0096,0.8166,,,,,
T_pecari,6,564, cls_1 ,1.0631,95.85,31601.8838,0.7146,,,,,
T_pecari,6,565, cls_1 ,1.0799,71.4424,3367.4258,2.2458,,,,,
T_pecari,6,566, cls_1 ,1.1434,243.324,758.4817,0.7146,,,,,
T_pecari,6,567, cls_1 ,1.0261,95.85,11434.5751,0.5104,,,,,
T_pecari,6,571, cls_1 ,1.1346,101.0348,28436.2873,0.4083,,,,,
T_pecari,6,572, cls_1 ,1,71.4424,56871.3198,0.1021,,,,,
T_pecari,6,573, cls_1 ,1.0914,63.9,71104.4005,0.3062,,,,,
T_pecari,6,574, cls_1 ,1.0631,71.4424,1954.5409,0.7146,,,,,
T_pecari,6,575, cls_1 ,1.07,63.9,3528.6944,3.1645,,,,,
T_pecari,6,578, cls_1 ,1.1395,71.4424,56900.7631,0.6125,,,,,
T_pecari,6,583, cls_1 ,1.1092,71.4424,56890.5872,22.3556,,,,,
T_pecari,6,586, cls_1 ,1.0843,63.9,71089.0349,2.4499,,,,,
T_pecari,6,589, cls_1 ,1.0261,63.9,1010.4926,0.5104,,,,,
T_pecari,6,590, cls_1 ,1.1111,71.4424,1198.4394,23.2743,,,,,
T_pecari,6,594, cls_1 ,1.0688,162.9137,10938.524,0.5104,,,,,
T_pecari,6,599, cls_1 ,1.0916,71.4424,702.7844,3.879,,,,,
T_pecari,6,600, cls_1 ,1,71.4424,490.3256,0.1021,,,,,
T_pecari,6,601, cls_1 ,1.0467,71.4424,56870.7421,1.327,,,,,
T_pecari,6,603, cls_1 ,1.1435,71.4424,600.7148,15.9245,,,,,
T_pecari,6,605, cls_1 ,1.1265,344.112,2331.7747,0.8166,,,,,
T_pecari,6,613, cls_1 ,1.0819,63.9,1042.7399,0.6125,,,,,
T_pecari,6,614, cls_1 ,1.1199,115.1974,21880.1933,1.0208,,,,,
T_pecari,6,618, cls_1 ,1.0537,115.1974,21877.3343,0.4083,,,,,
T_pecari,6,619, cls_1 ,1.0933,95.85,375.0231,1.7354,,,,,
T_pecari,6,620, cls_1 ,1.1031,186.2989,168.4508,0.8166,,,,,
T_pecari,6,621, cls_1 ,1.112,90.3682,35563.9737,0.9187,,,,,
T_pecari,6,623, cls_1 ,1.1167,90.3682,35544.7636,1.225,,,,,
T_pecari,6,625, cls_1 ,1.0688,95.85,2679.2741,0.5104,,,,,
T_pecari,6,628, cls_1 ,1.0665,127.8,10942.1979,7.5539,,,,,
T_pecari,6,629, cls_1 ,1.0657,90.3682,35570.1126,1.6333,,,,,
T_pecari,6,631, cls_1 ,1.069,101.0348,28445.3888,3.9811,,,,,
T_pecari,6,632, cls_1 ,1.1301,115.1974,6383.9673,10.9226,,,,,
T_pecari,6,637, cls_1 ,1.1299,172.056,836.394,3.4707,,,,,
T_pecari,6,638, cls_1 ,1.1547,63.9,71092.6713,64.1064,,,,,
T_pecari,6,640, cls_1 ,1.0982,63.9,71090.1598,1.225,,,,,
T_pecari,6,642, cls_1 ,1.0047,159.75,11377.1552,0.6125,,,,,
T_pecari,6,643, cls_1 ,1.0283,232.5995,237.2541,0.7146,,,,,
T_pecari,6,644, cls_1 ,1.1017,71.4424,160.638,4.8999,,,,,
T_pecari,6,645, cls_1 ,1.1054,71.4424,582.1045,13.5767,,,,,
T_pecari,6,649, cls_1 ,1.0819,214.3271,2696.2563,0.6125,,,,,
T_pecari,6,653, cls_1 ,1.0335,71.4424,110.2829,1.8374,,,,,
T_pecari,6,656, cls_1 ,1.0155,63.9,1187.5239,0.2042,,,,,
T_pecari,6,657, cls_1 ,1.0975,115.1974,7701.9891,0.4083,,,,,
T_pecari,6,658, cls_1 ,1.0155,63.9,129.2736,0.2042,,,,,
T_pecari,6,659, cls_1 ,1.1144,63.9,71095.72,5.7165,,,,,
T_pecari,6,660, cls_1 ,1.0547,135.5524,82.6323,3.6749,,,,,
T_pecari,6,661, cls_1 ,1.0932,321.0935,2820.6906,0.7146,,,,,
T_pecari,6,664, cls_1 ,1.0631,63.9,2450.974,0.7146,,,,,
T_pecari,6,665, cls_1 ,1.0654,255.6,221.3679,1.1229,,,,,
T_pecari,6,666, cls_1 ,1.0809,63.9,123.8435,1.9395,,,,,
T_pecari,6,667, cls_1 ,1.0155,63.9,71089.1169,0.2042,,,,,
T_pecari,6,668, cls_1 ,1.1075,63.9,3573.8919,1.5312,,,,,
T_pecari,6,670, cls_1 ,1.1296,95.85,3639.0134,1.6333,,,,,
T_pecari,6,675, cls_1 ,1.063,95.85,31604.8863,0.9187,,,,,
T_pecari,6,676, cls_1 ,1.1234,71.4424,244.9014,5.9207,,,,,
T_pecari,6,679, cls_1 ,1.1768,71.4424,56900.6597,70.6395,,,,,
T_pecari,6,681, cls_1 ,1,63.9,71090.7115,0.1021,,,,,
T_pecari,6,682, cls_1 ,1.0688,63.9,71102.7767,0.5104,,,,,
T_pecari,6,684, cls_1 ,1,63.9,71101.8645,0.1021,,,,,
T_pecari,6,686, cls_1 ,1,230.3947,108.4371,0.1021,,,,,
T_pecari,6,687, cls_1 ,1.0933,63.9,21942.776,1.7354,,,,,
T_pecari,6,688, cls_1 ,1.0875,95.85,31643.1322,13.7808,,,,,
T_pecari,6,694, cls_1 ,1.0631,162.9137,87.0133,0.7146,,,,,
T_pecari,6,695, cls_1 ,1.129,274.8443,101.24,6.6352,,,,,
T_pecari,6,698, cls_1 ,1.1492,127.8,4388.1105,3.3686,,,,,
T_pecari,6,699, cls_1 ,1.1165,71.4424,111.166,14.6996,,,,,
T_pecari,6,700, cls_1 ,1.2078,101.0348,368.9751,113.6153,,,,,
T_pecari,6,701, cls_1 ,1.0473,159.75,420.6142,0.8166,,,,,
T_pecari,6,702, cls_1 ,1.0663,404.1391,1348.5586,3.6749,,,,,
T_pecari,6,705, cls_1 ,1.105,95.85,31602.5949,0.5104,,,,,
T_pecari,6,706, cls_1 ,1.1409,131.7332,240.2793,2.0416,,,,,
T_pecari,6,709, cls_1 ,1,63.9,71090.8757,0.1021,,,,,
T_pecari,6,711, cls_1 ,1.0982,90.3682,386.853,1.225,,,,,
T_pecari,6,712, cls_1 ,1.0631,172.056,1688.3747,0.7146,,,,,
T_pecari,6,715, cls_1 ,1.0537,90.3682,629.0826,0.4083,,,,,
T_pecari,6,716, cls_1 ,1.0584,63.9,164.1859,20.0077,,,,,
T_pecari,6,719, cls_1 ,1.0631,71.4424,129.2245,0.7146,,,,,
T_pecari,6,724, cls_1 ,1.1183,162.9137,416.6086,3.5728,,,,,
T_pecari,6,725, cls_1 ,1.0689,159.75,245.0854,1.327,,,,,
T_pecari,6,727, cls_1 ,1.0283,71.4424,1111.7576,0.7146,,,,,
T_pecari,6,729, cls_1 ,1,71.4424,1456.5564,0.1021,,,,,
T_pecari,6,730, cls_1 ,1.0769,162.9137,248.8258,0.8166,,,,,
T_pecari,6,732, cls_1 ,1.1232,162.9137,371.3872,4.2874,,,,,
T_pecari,6,733, cls_1 ,1.0155,63.9,202.0061,0.2042,,,,,
T_pecari,6,738, cls_1 ,1.0338,63.9,56876.6938,0.9187,,,,,
T_pecari,6,739, cls_1 ,1.1607,90.3682,188.9953,6.5331,,,,,
T_pecari,6,740, cls_1 ,1.0155,63.9,28442.4401,0.2042,,,,,
T_pecari,6,741, cls_1 ,1.0572,90.3682,35546.5044,8.9831,,,,,
T_pecari,6,742, cls_1 ,1.1782,71.4424,96.0264,76.4581,,,,,
T_pecari,6,743, cls_1 ,1,63.9,31600.6593,0.1021,,,,,
T_pecari,6,746, cls_1 ,1.0819,172.056,81.9021,0.6125,,,,,
T_pecari,6,747, cls_1 ,1.0473,101.0348,227.9357,0.8166,,,,,
T_pecari,6,748, cls_1 ,1.0688,90.3682,5477.8087,0.5104,,,,,
T_pecari,6,750, cls_1 ,1,63.9,17774.183,0.1021,,,,,
T_pecari,6,751, cls_1 ,1.0537,63.9,11382.6685,0.4083,,,,,
T_pecari,6,753, cls_1 ,1.0537,115.1974,21878.5378,0.4083,,,,,
T_pecari,6,756, cls_1 ,1.1872,63.9,11472.908,22.4577,,,,,
T_pecari,6,757, cls_1 ,1.1803,71.4424,21887.5471,15.7204,,,,,
T_pecari,6,758, cls_1 ,1.063,159.75,786.6084,0.9187,,,,,
T_pecari,6,759, cls_1 ,1.0358,63.9,28437.3731,0.3062,,,,,
T_pecari,6,760, cls_1 ,1.173,63.9,2359.9143,5.8186,,,,,
T_pecari,6,762, cls_1 ,1.0283,115.1974,21878.6719,0.7146,,,,,
T_pecari,6,763, cls_1 ,1.0909,101.0348,113.984,0.2042,,,,,
T_pecari,6,765, cls_1 ,1.0453,95.85,7914.8001,3.5728,,,,,
T_pecari,6,766, cls_1 ,1.157,71.4424,2159.3823,11.1267,,,,,
T_pecari,6,767, cls_1 ,1.0467,63.9,16738.4884,1.327,,,,,
T_pecari,6,768, cls_1 ,1.0358,71.4424,56883.3952,0.3062,,,,,
T_pecari,6,769, cls_1 ,1.0819,101.0348,190.1592,0.6125,,,,,
T_pecari,6,773, cls_1 ,1.0418,63.9,35552.0101,4.1853,,,,,
T_pecari,6,775, cls_1 ,1.1085,159.75,130.2656,1.1229,,,,,
T_pecari,6,776, cls_1 ,1,71.4424,4478.5025,0.1021,,,,,
T_pecari,6,777, cls_1 ,1.1197,71.4424,88.8569,0.7146,,,,,
T_pecari,6,779, cls_1 ,1.0819,131.7332,16728.278,0.6125,,,,,
T_pecari,6,780, cls_1 ,1.0728,71.4424,98.7554,1.5312,,,,,
T_pecari,6,781, cls_1 ,1.1561,63.9,1076.3689,1.0208,,,,,
T_pecari,6,782, cls_1 ,1,71.4424,182.9022,0.1021,,,,,
T_pecari,6,787, cls_1 ,1.1744,95.85,749.3202,3.2666,,,,,
T_pecari,6,788, cls_1 ,1.0605,127.8,14227.5324,3.4707,,,,,
T_pecari,6,789, cls_1 ,1.0971,249.5375,347.3001,2.4499,,,,,
T_pecari,6,792, cls_1 ,1.1682,159.75,146.1447,5.3082,,,,,
T_pecari,6,793, cls_1 ,1.151,127.8,11378.633,14.2912,,,,,
T_pecari,6,794, cls_1 ,1.1187,95.85,359.3883,14.9037,,,,,
T_pecari,6,795, cls_1 ,1.074,90.3682,129.1137,8.0643,,,,,
T_pecari,6,796, cls_1 ,1.0907,230.3947,53.3495,7.2477,,,,,
T_pecari,6,797, cls_1 ,1,71.4424,56873.6367,0.1021,,,,,
T_pecari,6,798, cls_1 ,1.1271,63.9,97.0509,12.658,,,,,
T_pecari,6,799, cls_1 ,1.0975,90.3682,904.5217,0.4083,,,,,
T_pecari,6,800, cls_1 ,1.0975,90.3682,638.5508,0.4083,,,,,
T_pecari,6,801, cls_1 ,1.0769,101.0348,65.0937,0.8166,,,,,
T_pecari,6,803, cls_1 ,1.116,159.75,454.4292,1.8374,,,,,
T_pecari,6,804, cls_1 ,1.0926,101.0348,468.8921,2.552,,,,,
T_pecari,6,805, cls_1 ,1.1125,101.0348,49.2075,0.6125,,,,,
T_pecari,6,806, cls_1 ,1.0473,95.85,11382.2053,0.8166,,,,,
T_pecari,6,807, cls_1 ,1.116,90.3682,48.9647,1.8374,,,,,
T_pecari,6,808, cls_1 ,1.1066,63.9,743.8539,2.2458,,,,,
T_pecari,6,809, cls_1 ,1.0605,115.1974,66.7442,4.7978,,,,,
T_pecari,6,810, cls_1 ,1.1641,63.9,71121.619,12.1475,,,,,
T_pecari,6,812, cls_1 ,1.0688,63.9,473.2946,0.5104,,,,,
T_pecari,6,813, cls_1 ,1.0283,257.5891,123.6206,0.7146,,,,,
T_pecari,6,814, cls_1 ,1.0982,172.056,67.8867,1.225,,,,,
T_pecari,6,816, cls_1 ,1.1242,63.9,81.9486,1.327,,,,,
T_pecari,6,817, cls_1 ,1.1169,90.3682,38.4285,9.1872,,,,,
T_pecari,6,818, cls_1 ,1.0155,71.4424,5815.6011,0.2042,,,,,
T_pecari,6,819, cls_1 ,1.0492,194.3443,5697.4039,2.2458,,,,,
T_pecari,6,820, cls_1 ,1.0993,71.4424,357.9445,1.0208,,,,,
T_pecari,6,821, cls_1 ,1.1774,63.9,302.8141,23.9889,,,,,
T_pecari,6,822, cls_1 ,1.0904,95.85,89.2247,3.5728,,,,,
T_pecari,6,823, cls_1 ,1.0764,71.4424,56872.962,1.0208,,,,,
T_pecari,6,824, cls_1 ,1.063,71.4424,4916.6142,0.9187,,,,,
T_pecari,6,825, cls_1 ,1.0607,131.7332,66.542,9.2893,,,,,
T_pecari,6,829, cls_1 ,1.0982,71.4424,56874.1346,1.225,,,,,
T_pecari,6,830, cls_1 ,1.1226,71.4424,56877.6657,1.7354,,,,,
T_pecari,6,831, cls_1 ,1.1545,63.9,1233.7176,6.329,,,,,
T_pecari,6,832, cls_1 ,1.0631,194.3443,7692.47,0.7146,,,,,
T_pecari,6,833, cls_1 ,1.1318,95.85,96.8439,8.6768,,,,,
T_pecari,6,836, cls_1 ,1.1448,115.1974,89.5543,23.8868,,,,,
T_pecari,6,837, cls_1 ,1.0155,63.9,660.8415,0.2042,,,,,
T_pecari,6,840, cls_1 ,1.0909,90.3682,35548.0707,0.2042,,,,,
T_pecari,6,843, cls_1 ,1.053,142.8847,36.4111,1.5312,,,,,
T_pecari,6,844, cls_1 ,1.0691,63.9,71101.1215,3.5728,,,,,
T_pecari,6,848, cls_1 ,1.0537,90.3682,125.2898,0.4083,,,,,
T_pecari,6,849, cls_1 ,1.1822,71.4424,69.0037,68.3938,,,,,
T_pecari,6,850, cls_1 ,1.0509,90.3682,909.8992,1.0208,,,,,
T_pecari,6,851, cls_1 ,1.0631,95.85,133.586,0.7146,,,,,
T_pecari,6,853, cls_1 ,1.0509,90.3682,109.7624,1.0208,,,,,
T_pecari,6,855, cls_1 ,1.0688,127.8,67.9896,0.5104,,,,,
T_pecari,6,858, cls_1 ,1.1392,95.85,31610.3536,15.21,,,,,
T_pecari,6,859, cls_1 ,1.1906,63.9,1114.8821,452.7259,,,,,
T_pecari,6,861, cls_1 ,1.0987,101.0348,93.9563,1.4291,,,,,
T_pecari,6,864, cls_1 ,1.0688,159.75,373.6011,0.5104,,,,,
T_pecari,6,868, cls_1 ,1.0975,63.9,71095.7098,0.4083,,,,,
T_pecari,6,870, cls_1 ,1.105,135.5524,62.7376,0.5104,,,,,
T_pecari,6,872, cls_1 ,1.0932,63.9,5701.7003,0.7146,,,,,
T_pecari,6,873, cls_1 ,1.1409,90.3682,6338.0163,2.0416,,,,,
T_pecari,6,875, cls_1 ,1.1073,63.9,31602.5077,1.327,,,,,
T_pecari,6,876, cls_1 ,1.088,95.85,31602.4162,1.1229,,,,,
T_pecari,6,877, cls_1 ,1.0631,127.8,80.2002,0.7146,,,,,
T_pecari,6,878, cls_1 ,1.1653,63.9,78.0783,6.5331,,,,,
T_pecari,6,880, cls_1 ,1.1309,186.2989,97.6124,1.4291,,,,,
T_pecari,6,882, cls_1 ,1.0654,101.0348,76.019,1.1229,,,,,
T_pecari,6,883, cls_1 ,1.0689,63.9,16737.7876,1.327,,,,,
T_pecari,6,884, cls_1 ,1.0631,71.4424,15820.899,0.7146,,,,,
T_pecari,6,889, cls_1 ,1,63.9,2347.3023,0.1021,,,,,
T_pecari,6,894, cls_1 ,1.085,243.324,71.9282,2.1437,,,,,
T_pecari,6,896, cls_1 ,1.0856,71.4424,6347.2472,8.6768,,,,,
T_pecari,6,898, cls_1 ,1.0889,63.9,71098.2753,0.9187,,,,,
T_pecari,6,899, cls_1 ,1.2109,63.9,35903.4528,6.6352,,,,,
T_pecari,6,901, cls_1 ,1.1042,142.8847,14238.7213,2.0416,,,,,
T_pecari,6,902, cls_1 ,1.0932,115.1974,21885.486,0.7146,,,,,
T_pecari,6,903, cls_1 ,1.1434,142.8847,2852.1413,0.7146,,,,,
T_pecari,6,906, cls_1 ,1.0272,71.4424,175.0609,2.3478,,,,,
T_pecari,6,907, cls_1 ,1.0933,63.9,35552.8012,1.7354,,,,,
T_pecari,6,908, cls_1 ,1.0651,63.9,71105.6357,2.2458,,,,,
T_pecari,6,911, cls_1 ,1.0622,71.4424,68.4072,2.6541,,,,,
T_pecari,6,915, cls_1 ,1.0874,204.5798,199.2119,3.6749,,,,,
T_pecari,6,920, cls_1 ,1.0932,131.7332,60.0922,0.7146,,,,,
T_pecari,6,922, cls_1 ,1.0718,63.9,107.8801,2.7562,,,,,
T_pecari,6,924, cls_1 ,1.0283,71.4424,920.7826,0.7146,,,,,
T_pecari,6,926, cls_1 ,1.088,314.671,55.5102,1.1229,,,,,
T_pecari,6,928, cls_1 ,1.0115,63.9,71095.3137,1.1229,,,,,
T_pecari,6,929, cls_1 ,1.0537,71.4424,56891.0304,0.4083,,,,,
T_pecari,6,930, cls_1 ,1.0962,214.3271,98.8413,3.0624,,,,,
T_pecari,6,933, cls_1 ,1.0897,127.8,57.1735,5.104,,,,,
T_pecari,6,934, cls_1 ,1.1397,101.0348,73.7915,11.5351,,,,,
T_pecari,6,935, cls_1 ,1.1942,71.4424,1452.4282,29.7054,,,,,
T_pecari,6,938, cls_1 ,1.0769,172.056,53.0785,0.8166,,,,,
T_pecari,6,940, cls_1 ,1.0306,71.4424,65.6459,1.225,,,,,
T_pecari,6,941, cls_1 ,1.1742,71.4424,22952.7351,9.6976,,,,,
T_pecari,6,942, cls_1 ,1.1265,63.9,4689.3051,0.8166,,,,,
T_pecari,6,946, cls_1 ,1.1701,63.9,53.9255,16.6391,,,,,
T_pecari,6,948, cls_1 ,1.063,63.9,1467.9617,0.9187,,,,,
T_pecari,6,949, cls_1 ,1.1702,90.3682,1388.0945,20.8244,,,,,
T_pecari,6,950, cls_1 ,1,71.4424,153.1203,0.1021,,,,,
T_pecari,6,951, cls_1 ,1.0358,63.9,1848.3267,0.3062,,,,,
T_pecari,6,953, cls_1 ,1.0283,172.056,6943.5773,0.7146,,,,,
T_pecari,6,954, cls_1 ,1.0631,172.056,9813.0164,0.7146,,,,,
T_pecari,6,955, cls_1 ,1,63.9,35556.0016,0.1021,,,,,
T_pecari,6,957, cls_1 ,1.0688,101.0348,28457.7566,0.5104,,,,,
T_pecari,6,958, cls_1 ,1.1482,95.85,31650.551,1.7354,,,,,
T_pecari,6,959, cls_1 ,1.1103,63.9,507.858,2.9603,,,,,
T_pecari,6,960, cls_1 ,1.1511,159.75,46.3854,2.2458,,,,,
T_pecari,6,962, cls_1 ,1.0975,63.9,71103.7848,0.4083,,,,,
T_pecari,6,963, cls_1 ,1.1265,159.75,44.8473,0.8166,,,,,
T_pecari,6,964, cls_1 ,1.0537,63.9,56914.5178,0.4083,,,,,
T_pecari,6,965, cls_1 ,1.2336,63.9,31702.4638,548.7834,,,,,
T_pecari,6,966, cls_1 ,1.0764,131.7332,16748.9715,1.0208,,,,,
T_pecari,6,968, cls_1 ,1.1144,63.9,58216.1093,5.0019,,,,,
T_pecari,6,971, cls_1 ,1.0335,63.9,89.249,1.8374,,,,,
T_pecari,6,972, cls_1 ,1.2029,127.8,5748.0646,24.0909,,,,,
T_pecari,6,975, cls_1 ,1.0473,95.85,1783.3214,0.8166,,,,,
T_pecari,6,976, cls_1 ,1.1856,63.9,173.9656,10.4122,,,,,
T_pecari,6,977, cls_1 ,1.0819,127.8,44.5724,0.6125,,,,,
T_pecari,6,978, cls_1 ,1.0155,63.9,538.3045,0.2042,,,,,
T_pecari,6,979, cls_1 ,1.0261,191.7,2526.6338,0.5104,,,,,
T_pecari,6,985, cls_1 ,1.0283,159.75,37.3652,0.7146,,,,,
T_pecari,6,986, cls_1 ,1.0609,101.0348,39.4628,3.0624,,,,,
T_pecari,6,988, cls_1 ,1.0769,63.9,2084.9432,1.7354,,,,,
T_pecari,6,989, cls_1 ,1.0402,63.9,71104.9256,1.1229,,,,,
T_pecari,6,991, cls_1 ,1.1172,194.3443,37.6537,2.0416,,,,,
T_pecari,6,992, cls_1 ,1.1084,71.4424,44.6534,1.7354,,,,,
T_pecari,6,994, cls_1 ,1,71.4424,2012.9415,0.1021,,,,,
T_pecari,6,995, cls_1 ,1.127,63.9,71181.6562,5.7165,,,,,
T_pecari,6,997, cls_1 ,1.1268,63.9,90.9023,29.8074,,,,,
T_pecari,6,998, cls_1 ,1.1197,180.7365,44.3371,0.7146,,,,,
T_pecari,6,999, cls_1 ,1.0606,101.0348,1238.2237,1.4291,,,,,
T_pecari,6,1002, cls_1 ,1.0509,63.9,1494.0881,1.0208,,,,,
T_pecari,6,1003, cls_1 ,1.0529,63.9,17810.8211,1.8374,,,,,
T_pecari,6,1006, cls_1 ,1.0836,194.3443,1074.4583,1.6333,,,,,
T_pecari,6,1008, cls_1 ,1.0764,63.9,514.406,1.0208,,,,,
T_pecari,6,1009, cls_1 ,1,71.4424,47.1538,0.1021,,,,,
T_pecari,6,1011, cls_1 ,1.0473,71.4424,619.7172,0.8166,,,,,
T_pecari,6,1013, cls_1 ,1.0701,135.5524,32.846,2.1437,,,,,
T_pecari,6,1018, cls_1 ,1,223.65,291.8084,0.1021,,,,,
T_pecari,6,1019, cls_1 ,1.0047,127.8,754.813,0.6125,,,,,
T_pecari,6,1020, cls_1 ,1.1125,63.9,1621.8776,0.6125,,,,,
T_pecari,6,1021, cls_1 ,1.078,90.3682,32.7232,1.225,,,,,
T_pecari,6,1022, cls_1 ,1.0819,90.3682,1982.7061,0.6125,,,,,
T_pecari,6,1023, cls_1 ,1.0869,180.7365,329.0485,1.8374,,,,,
T_pecari,6,1026, cls_1 ,1.2114,71.4424,97.0549,8.3706,,,,,
T_pecari,6,1028, cls_1 ,1.0769,159.75,497.046,0.8166,,,,,
T_pecari,6,1030, cls_1 ,1.0861,135.5524,26.6442,3.3686,,,,,
T_pecari,6,1031, cls_1 ,1.0914,90.3682,28.7275,0.3062,,,,,
T_pecari,6,1032, cls_1 ,1,71.4424,20.4333,0.1021,,,,,
T_pecari,6,1034, cls_1 ,1.0754,135.5524,457.9426,2.0416,,,,,
T_pecari,6,1037, cls_1 ,1.0909,71.4424,19.6878,0.2042,,,,,
T_pecari,6,1039, cls_1 ,1.1073,71.4424,868.0948,1.327,,,,,
T_pecari,6,1040, cls_1 ,1.0889,63.9,325.5313,2.3478,,,,,
T_pecari,6,1041, cls_1 ,1.0219,63.9,450.5786,1.327,,,,,
T_pecari,6,1043, cls_1 ,1.0805,63.9,683.7071,1.4291,,,,,
T_pecari,6,1045, cls_1 ,1.1488,63.9,383.0354,141.9936,,,,,
T_pecari,6,1046, cls_1 ,1.0358,71.4424,1003.5087,0.3062,,,,,
T_pecari,6,1047, cls_1 ,1,63.9,302.2576,0.1021,,,,,
T_pecari,6,1048, cls_1 ,1.0909,63.9,1146.0062,1.5312,,,,,
T_pecari,6,1049, cls_1 ,1.0918,90.3682,48.8318,5.0019,,,,,
T_pecari,6,1050, cls_1 ,1.0799,71.4424,76.1577,2.2458,,,,,
T_pecari,6,1053, cls_1 ,1.124,71.4424,917.7427,5.2061,,,,,
T_pecari,6,1054, cls_1 ,1.0537,127.8,348.568,0.4083,,,,,
T_pecari,6,1057, cls_1 ,1.1001,115.1974,21.7589,1.6333,,,,,
T_pecari,6,1058, cls_1 ,1.0688,90.3682,45.6902,0.5104,,,,,
T_pecari,6,1060, cls_1 ,1.0809,115.1974,91.0739,1.9395,,,,,
T_pecari,6,1061, cls_1 ,1.1125,90.3682,43.0063,0.6125,,,,,
T_pecari,6,1062, cls_1 ,1,63.9,29.6523,0.1021,,,,,
T_pecari,6,1063, cls_1 ,1.1228,71.4424,1252.7758,1.5312,,,,,
T_pecari,6,1064, cls_1 ,1.0805,63.9,33.4438,1.4291,,,,,
T_pecari,6,1068, cls_1 ,1.0358,202.0695,133.9561,0.3062,,,,,
T_pecari,6,1069, cls_1 ,1.1159,63.9,151.4292,2.552,,,,,
T_pecari,6,1070, cls_1 ,1.0047,115.1974,21.5696,0.6125,,,,,
T_pecari,6,1073, cls_1 ,1.0536,63.9,1574.97,6.2269,,,,,
T_pecari,6,1075, cls_1 ,1.0932,115.1974,75.2731,0.7146,,,,,
T_pecari,6,1076, cls_1 ,1,63.9,1139.0953,0.1021,,,,,
T_pecari,6,1077, cls_1 ,1.2532,63.9,32.6316,11.7392,,,,,
T_pecari,6,1078, cls_1 ,1.1338,63.9,33.7475,6.329,,,,,
T_pecari,6,1079, cls_1 ,1.0604,135.5524,251.0099,2.3478,,,,,
T_pecari,6,1081, cls_1 ,1.0283,63.9,110.2492,0.7146,,,,,
T_pecari,6,1085, cls_1 ,1.0529,71.4424,61.2713,1.8374,,,,,
T_pecari,6,1086, cls_1 ,1.1948,135.5524,31.114,1.4291,,,,,
T_pecari,6,1087, cls_1 ,1.0764,63.9,39.9959,1.0208,,,,,
T_pecari,6,1089, cls_1 ,1.1154,90.3682,742.786,1.4291,,,,,
T_pecari,6,1093, cls_1 ,1.0529,71.4424,61.3764,1.8374,,,,,
T_pecari,6,1094, cls_1 ,1.0473,95.85,78.9882,0.8166,,,,,
T_pecari,6,1096, cls_1 ,1.063,63.9,109.118,0.9187,,,,,
T_pecari,6,1098, cls_1 ,1.1366,90.3682,53.8628,2.552,,,,,
T_pecari,6,1100, cls_1 ,1.0631,63.9,47.6927,0.7146,,,,,
T_pecari,6,1101, cls_1 ,1.1281,63.9,45.9801,2.7562,,,,,
T_pecari,6,1102, cls_1 ,1.0358,115.1974,195.0307,0.3062,,,,,
T_pecari,6,1103, cls_1 ,1.1017,63.9,36.31,2.3478,,,,,
T_pecari,6,1104, cls_1 ,1,204.5798,15.4558,0.1021,,,,,
T_pecari,6,1105, cls_1 ,1.0932,71.4424,1151.0635,0.7146,,,,,
T_pecari,6,1107, cls_1 ,1.1869,90.3682,59.3797,8.5747,,,,,
T_pecari,6,1108, cls_1 ,1.168,63.9,60.4134,11.3309,,,,,
T_pecari,6,1110, cls_1 ,1.0155,345.5921,65.0679,0.2042,,,,,
T_pecari,6,1111, cls_1 ,1.0933,115.1974,40.3572,1.7354,,,,,
T_pecari,6,1112, cls_1 ,1.1265,172.056,17.4256,0.8166,,,,,
T_pecari,6,1114, cls_1 ,1.0261,434.567,70.0522,0.5104,,,,,
T_pecari,6,1117, cls_1 ,1.1506,115.1974,43.8062,1.5312,,,,,
T_pecari,6,1118, cls_1 ,1.1294,162.9137,26.3761,2.0416,,,,,
T_pecari,6,1119, cls_1 ,1.0654,63.9,126.8676,1.1229,,,,,
T_pecari,6,1120, cls_1 ,1.1574,63.9,57.0181,3.5728,,,,,
T_pecari,6,1121, cls_1 ,1,63.9,50.1692,0.1021,,,,,
T_pecari,6,1124, cls_1 ,1.112,159.75,211.166,0.9187,,,,,
T_pecari,6,1126, cls_1 ,1.1159,115.1974,282.2218,2.552,,,,,
T_pecari,6,1128, cls_1 ,1.1862,71.4424,29.7974,53.2859,,,,,
T_pecari,6,1129, cls_1 ,1.0155,71.4424,37.6427,0.2042,,,,,
T_pecari,6,1130, cls_1 ,1.0805,159.75,267.3526,1.4291,,,,,
T_pecari,6,1132, cls_1 ,1.1484,142.8847,43.0756,3.879,,,,,
T_pecari,6,1134, cls_1 ,1.12,101.0348,31.3355,5.4103,,,,,
T_pecari,6,1136, cls_1 ,1,63.9,46.1849,0.1021,,,,,
T_pecari,6,1138, cls_1 ,1.0989,115.1974,57.6727,9.4935,,,,,
T_pecari,6,1140, cls_1 ,1.0728,101.0348,41.6485,1.5312,,,,,
T_pecari,6,1141, cls_1 ,1.0819,101.0348,25.4204,0.6125,,,,,
T_pecari,6,1145, cls_1 ,1.1469,194.3443,26.2321,1.9395,,,,,
T_pecari,6,1146, cls_1 ,1.0993,115.1974,161.8947,1.0208,,,,,
T_pecari,6,1147, cls_1 ,1.1239,345.5921,51.2216,2.1437,,,,,
T_pecari,6,1148, cls_1 ,1,142.8847,34.1496,0.1021,,,,,
T_pecari,6,1149, cls_1 ,1.1089,101.0348,39.4062,7.2477,,,,,
T_pecari,6,1150, cls_1 ,1.0358,71.4424,27.3075,0.3062,,,,,
T_pecari,6,1151, cls_1 ,1.0261,214.3271,80.8642,0.5104,,,,,
T_pecari,6,1156, cls_1 ,1.0358,71.4424,23.2757,0.3062,,,,,
T_pecari,6,1158, cls_1 ,1.0769,71.4424,116.0165,0.8166,,,,,
T_pecari,6,1160, cls_1 ,1.1199,194.3443,24.695,1.0208,,,,,
T_pecari,6,1162, cls_1 ,1,101.0348,31.195,0.1021,,,,,
T_pecari,6,1164, cls_1 ,1.0631,243.324,57.3478,0.7146,,,,,
T_pecari,6,1165, cls_1 ,1.0509,345.5921,45.2964,1.0208,,,,,
T_pecari,6,1167, cls_1 ,1.0155,101.0348,31.2964,0.2042,,,,,
T_pecari,6,1170, cls_1 ,1.0972,63.9,1378.5662,3.6749,,,,,
T_pecari,6,1171, cls_1 ,1.1647,63.9,34.0164,23.4785,,,,,
T_pecari,6,1175, cls_1 ,1.0891,90.3682,30.9052,6.4311,,,,,
T_pecari,6,1176, cls_1 ,1.078,204.5798,25.8923,1.225,,,,,
T_pecari,6,1177, cls_1 ,1,71.4424,451.644,0.1021,,,,,
T_pecari,6,1179, cls_1 ,1.0473,101.0348,21.6306,0.8166,,,,,
T_pecari,6,1181, cls_1 ,1.0537,95.85,68.6069,0.4083,,,,,
T_pecari,6,1184, cls_1 ,1.0819,101.0348,22.1959,0.6125,,,,,
T_pecari,6,1186, cls_1 ,1.0688,383.4,30.5009,0.5104,,,,,
T_pecari,6,1187, cls_1 ,1.0537,383.4,28.8475,0.4083,,,,,
T_pecari,6,1188, cls_1 ,1.0283,71.4424,69.6292,0.7146,,,,,
T_pecari,6,1192, cls_1 ,1.1358,63.9,79.3503,1.7354,,,,,
T_pecari,6,1193, cls_1 ,1.0638,90.3682,25.2359,8.9831,,,,,
T_pecari,6,1195, cls_1 ,1.1099,63.9,27.3894,1.9395,,,,,
T_pecari,6,1196, cls_1 ,1,71.4424,117.4338,0.1021,,,,,
T_pecari,6,1198, cls_1 ,1.2014,225.9206,21.6787,6.1248,,,,,
T_pecari,6,1200, cls_1 ,1.0914,426.2662,34.4876,0.3062,,,,,
T_pecari,6,1205, cls_1 ,1.1031,115.1974,36.7718,0.8166,,,,,
T_pecari,6,1206, cls_1 ,1.0631,90.3682,23.5561,0.7146,,,,,
T_pecari,6,1207, cls_1 ,1.0509,63.9,23.5893,2.9603,,,,,
T_pecari,6,1209, cls_1 ,1.0909,71.4424,20.3703,0.2042,,,,,
T_pecari,6,1211, cls_1 ,1.0537,63.9,28.5406,0.4083,,,,,
T_pecari,6,1212, cls_1 ,1.054,101.0348,21.062,2.1437,,,,,
T_pecari,6,1215, cls_1 ,1.0358,71.4424,18.5151,0.3062,,,,,
T_pecari,6,1217, cls_1 ,1.112,142.8847,24.3225,0.9187,,,,,
T_pecari,6,1218, cls_1 ,1.1001,71.4424,27.2928,1.6333,,,,,
T_pecari,6,1220, cls_1 ,1.0537,63.9,26.3892,0.4083,,,,,
T_pecari,6,1224, cls_1 ,1,71.4424,20.7915,0.1021,,,,,
T_pecari,6,1225, cls_1 ,1.0358,180.7365,15.2417,0.3062,,,,,
T_pecari,6,1229, cls_1 ,1.085,63.9,21.4014,2.1437,,,,,
T_pecari,6,1230, cls_1 ,1.0606,263.4664,15.33,1.4291,,,,,
T_pecari,6,1236, cls_1 ,1.0647,71.4424,26.6548,1.9395,,,,,
T_pecari,6,1237, cls_1 ,1.0465,135.5524,22.342,0.6125,,,,,
T_pecari,6,1240, cls_1 ,1.0688,243.324,12.9988,0.5104,,,,,
T_pecari,6,1242, cls_1 ,1.1199,71.4424,29.4122,1.0208,,,,,
T_pecari,6,1246, cls_1 ,1.053,255.6,10.0643,1.5312,,,,,
T_pecari,6,1247, cls_1 ,1.1096,71.4424,22.0458,5.6144,,,,,
T_pecari,6,1249, cls_1 ,1.0155,71.4424,20.4924,0.2042,,,,,
T_pecari,6,1250, cls_1 ,1,255.6,10.1423,0.1021,,,,,
T_pecari,6,1252, cls_1 ,1.1137,180.7365,18.6472,2.3478,,,,,
T_pecari,6,1253, cls_1 ,1.0537,345.5921,13.5081,0.4083,,,,,
T_pecari,6,1254, cls_1 ,1.0975,71.4424,20.2153,0.4083,,,,,
T_pecari,6,1255, cls_1 ,1.1031,101.0348,19.4089,0.8166,,,,,
T_pecari,6,1256, cls_1 ,1.0358,409.1596,15.012,0.3062,,,,,
T_pecari,6,82, cls_2 ,1.0688,3164.3406,0.0045,0.5104,,,,,
T_pecari,6,216, cls_2 ,1,71.4424,2.4559,0.1021,,,,,
T_pecari,6,223, cls_2 ,1.0982,71.4424,0.2758,1.225,,,,,
T_pecari,6,253, cls_2 ,1.118,722.946,0.0262,3.879,,,,,
T_pecari,6,324, cls_2 ,1.1915,7325.1951,0.0012,4.6957,,,,,
T_pecari,6,736, cls_2 ,1.0358,115.1974,0.0808,0.3062,,,,,
T_pecari,6,745, cls_2 ,1,115.1974,0.2348,0.1021,,,,,
T_pecari,6,869, cls_2 ,1.0909,4124.6448,0.0027,0.2042,,,,,
T_pecari,6,1005, cls_2 ,1.0982,223.65,0.2292,1.225,,,,,
T_pecari,6,1010, cls_2 ,1.0651,162.9137,0.309,2.2458,,,,,
T_pecari,6,1012, cls_2 ,1.0819,162.9137,1.1154,0.6125,,,,,
T_pecari,6,1036, cls_2 ,1.0909,285.7695,0.4057,0.2042,,,,,
T_pecari,6,276, cls_4 ,1.1214,15250.06,0.0001,3.4707,,,,,
T_pecari,6,551, cls_4 ,1.0261,223.65,0.2455,0.5104,,,,,
T_pecari,6,558, cls_4 ,1.022,223.65,0.1822,1.0208,,,,,
T_pecari,6,581, cls_4 ,1.0769,319.5,0.1259,0.8166,,,,,
T_pecari,6,890, cls_4 ,1.0465,15250.06,0.0002,0.6125,,,,,
T_pecari,6,334, cls_5 ,1,101.0348,0.4951,0.1021,,,,,
T_pecari,6,338, cls_5 ,1.0358,101.0348,1.0343,0.3062,,,,,
T_pecari,6,345, cls_5 ,1.0982,115.1974,0.2593,1.225,,,,,
T_pecari,6,364, cls_5 ,1.0467,1661.4,0.0283,1.327,,,,,
T_pecari,6,384, cls_5 ,1.0631,1343.8004,0.0217,0.7146,,,,,
T_pecari,6,408, cls_5 ,1.1084,202.0695,0.2075,1.7354,,,,,
T_pecari,6,416, cls_5 ,1.1124,651.6547,0.0548,3.777,,,,,
T_pecari,6,418, cls_5 ,1.0932,202.0695,0.466,0.7146,,,,,
T_pecari,6,420, cls_5 ,1.063,651.6547,0.1342,0.9187,,,,,
T_pecari,6,431, cls_5 ,1.1075,1063.9878,0.048,1.5312,,,,,
T_pecari,6,499, cls_5 ,1.0998,406.6571,0.1258,2.9603,,,,,
T_pecari,6,503, cls_5 ,1.0047,679.2663,0.1024,0.6125,,,,,
T_pecari,6,506, cls_5 ,1.0283,131.7332,0.5963,0.7146,,,,,
T_pecari,6,507, cls_5 ,1.0261,3650.9778,0.0163,0.5104,,,,,
T_pecari,6,510, cls_5 ,1.078,373.9652,0.1257,1.225,,,,,
T_pecari,6,513, cls_5 ,1.0769,131.7332,0.491,0.8166,,,,,
T_pecari,6,531, cls_5 ,1.0909,406.6571,0.229,1.5312,,,,,
T_pecari,6,592, cls_5 ,1.0688,783.2639,0.1292,0.5104,,,,,
T_pecari,6,602, cls_5 ,1.0688,1700.8687,0.0575,0.5104,,,,,
T_pecari,6,622, cls_5 ,1.0358,352.8993,0.2691,0.3062,,,,,
T_pecari,6,630, cls_5 ,1.1238,249.5375,0.1569,3.6749,,,,,
T_pecari,6,646, cls_5 ,1.1412,352.8993,0.1271,2.4499,,,,,
T_pecari,6,651, cls_5 ,1.0358,249.5375,0.6682,0.3062,,,,,
T_pecari,6,680, cls_5 ,1.1099,724.3566,0.1608,1.9395,,,,,
T_pecari,6,707, cls_5 ,1.0987,798.75,0.0413,1.4291,,,,,
T_pecari,6,731, cls_5 ,1.0982,204.5798,0.2094,1.225,,,,,
T_pecari,6,744, cls_5 ,1.0261,204.5798,0.3871,0.5104,,,,,
T_pecari,6,761, cls_5 ,1.0047,383.4,0.0928,0.6125,,,,,
T_pecari,6,764, cls_5 ,1.0047,383.4,0.0837,0.6125,,,,,
T_pecari,6,828, cls_5 ,1,2236.7282,0.075,0.1021,,,,,
T_pecari,6,839, cls_5 ,1.1701,257.5891,1.1231,2.2458,,,,,
T_pecari,6,854, cls_5 ,1.0923,63.9,3.8151,6.2269,,,,,
T_pecari,6,856, cls_5 ,1.0358,101.0348,7.2242,0.3062,,,,,
T_pecari,6,862, cls_5 ,1.0688,2252.1917,0.0798,0.5104,,,,,
T_pecari,6,891, cls_5 ,1.0047,63.9,17.6282,0.6125,,,,,
T_pecari,6,892, cls_5 ,1.0473,2266.4241,0.0112,0.8166,,,,,
T_pecari,6,910, cls_5 ,1.053,249.5375,2.2044,1.5312,,,,,
T_pecari,6,912, cls_5 ,1.1359,90.3682,7.8725,16.7412,,,,,
T_pecari,6,927, cls_5 ,1.0663,404.1391,0.9977,3.6749,,,,,
T_pecari,6,939, cls_5 ,1.0131,101.0348,17.6238,0.8166,,,,,
T_pecari,6,980, cls_5 ,1.0272,90.3682,29.6646,2.3478,,,,,
T_pecari,6,981, cls_5 ,1.068,115.1974,17.2396,2.8582,,,,,
T_pecari,6,990, cls_5 ,1.0465,95.85,15.7736,0.6125,,,,,
T_pecari,6,993, cls_5 ,1.1449,95.85,2.9334,13.8829,,,,,
T_pecari,6,1007, cls_5 ,1.0814,127.8,5.0956,10.8205,,,,,
T_pecari,6,1017, cls_5 ,1.035,191.7,3.7924,3.4707,,,,,
T_pecari,6,1024, cls_5 ,1.0509,319.5,0.079,1.0208,,,,,
T_pecari,6,1027, cls_5 ,1.0482,135.5524,7.886,3.4707,,,,,
T_pecari,6,1035, cls_5 ,1.0975,142.8847,5.9883,0.4083,,,,,
T_pecari,6,1044, cls_5 ,1.0819,319.5,0.125,0.6125,,,,,
T_pecari,6,1055, cls_5 ,1,364.286,1.0801,0.1021,,,,,
T_pecari,6,1072, cls_5 ,1.0473,734.85,0.0497,0.8166,,,,,
T_pecari,6,1074, cls_5 ,1.0819,734.85,0.0689,0.6125,,,,,
T_pecari,6,1091, cls_5 ,1.1042,1196.3131,0.0259,2.0416,,,,,
T_pecari,6,1137, cls_5 ,1.112,1196.3131,0.0299,0.9187,,,,,
T_pecari,7,1, cls_3 ,1.1429,95.85,225.043,1.6333,,,,,
T_pecari,7,3, cls_3 ,1.053,95.85,571.227,1.5312,,,,,
T_pecari,7,4, cls_3 ,1.2589,63.9,1180.8214,2964.5125,,,,,
T_pecari,7,8, cls_3 ,1,131.7332,1949.8044,0.1021,,,,,
T_pecari,7,13, cls_3 ,1.2175,63.9,26419.1831,214.7768,,,,,
T_pecari,7,22, cls_3 ,1.3538,63.9,1819.0475,13274.924,,,,,
T_pecari,7,64, cls_3 ,1.0358,63.9,1352.2875,0.3062,,,,,
T_pecari,7,68, cls_3 ,1.1846,63.9,32512.9221,1.8374,,,,,
T_pecari,7,96, cls_3 ,1.0933,71.4424,26011.4673,1.7354,,,,,
T_pecari,7,115, cls_3 ,1.0769,90.3682,16258.3799,1.7354,,,,,
T_pecari,7,123, cls_3 ,1.0817,71.4424,16259.8055,3.1645,,,,,
T_pecari,7,138, cls_3 ,1.0631,63.9,26018.1363,0.7146,,,,,
T_pecari,7,143, cls_3 ,1.0155,63.9,32512.8399,0.2042,,,,,
T_pecari,7,144, cls_3 ,1.0155,63.9,32512.3301,0.2042,,,,,
T_pecari,7,149, cls_3 ,1.0932,63.9,7656.1908,0.7146,,,,,
T_pecari,7,208, cls_3 ,1.0417,71.4424,26015.892,2.0416,,,,,
T_pecari,7,212, cls_3 ,1,71.4424,3074.4495,0.1021,,,,,
T_pecari,7,218, cls_3 ,1.0987,63.9,15052.6961,1.4291,,,,,
T_pecari,7,219, cls_3 ,1.0909,63.9,3470.0627,0.2042,,,,,
T_pecari,7,232, cls_3 ,1.1388,127.8,1841.605,1.0208,,,,,
T_pecari,7,234, cls_3 ,1.0155,71.4424,26507.3232,0.2042,,,,,
T_pecari,7,260, cls_3 ,1.1477,95.85,14631.78,0.8166,,,,,
T_pecari,7,269, cls_3 ,1,71.4424,1825.0158,0.1021,,,,,
T_pecari,7,273, cls_3 ,1.1073,71.4424,1479.196,1.327,,,,,
T_pecari,7,278, cls_3 ,1.0283,101.0348,13006.8615,0.7146,,,,,
T_pecari,7,279, cls_3 ,1.0769,63.9,26013.1717,0.8166,,,,,
T_pecari,7,283, cls_3 ,1.1888,71.4424,26015.4716,1.1229,,,,,
T_pecari,7,287, cls_3 ,1.0509,63.9,10007.2957,1.0208,,,,,
T_pecari,7,295, cls_3 ,1.0155,285.7695,658.8711,0.2042,,,,,
T_pecari,7,297, cls_3 ,1.1039,90.3682,13006.6125,4.7978,,,,,
T_pecari,7,298, cls_3 ,1.0914,142.8847,476.0916,0.3062,,,,,
T_pecari,7,308, cls_3 ,1.0975,142.8847,533.9979,0.4083,,,,,
T_pecari,7,312, cls_3 ,1.0972,63.9,7329.1651,42.8737,,,,,
T_pecari,7,317, cls_3 ,1,101.0348,2968.9581,0.1021,,,,,
T_pecari,7,323, cls_3 ,1,115.1974,1239.67,0.1021,,,,,
T_pecari,7,324, cls_3 ,1.1328,172.056,1995.1168,0.9187,,,,,
T_pecari,7,326, cls_3 ,1.1225,71.4424,26055.3671,8.6768,,,,,
T_pecari,7,337, cls_3 ,1.1032,159.75,3003.6126,3.4707,,,,,
T_pecari,7,349, cls_3 ,1,272.9809,325.1095,0.1021,,,,,
T_pecari,7,352, cls_3 ,1.1031,159.75,643.1983,0.8166,,,,,
T_pecari,7,362, cls_3 ,1.1311,127.8,394.5469,5.8186,,,,,
T_pecari,7,381, cls_3 ,1,63.9,32512.3176,0.1021,,,,,
T_pecari,7,401, cls_3 ,1,384.7289,503.6449,0.1021,,,,,
T_pecari,7,408, cls_3 ,1.1001,127.8,219.2718,1.6333,,,,,
T_pecari,7,414, cls_3 ,1.0932,135.5524,437.4728,0.7146,,,,,
T_pecari,7,428, cls_3 ,1,71.4424,26033.0031,0.1021,,,,,
T_pecari,7,430, cls_3 ,1.0899,71.4424,26011.3373,4.6957,,,,,
T_pecari,7,432, cls_3 ,1.0631,95.85,1011.0151,0.7146,,,,,
T_pecari,7,437, cls_3 ,1,271.1047,274.7023,0.1021,,,,,
T_pecari,7,449, cls_3 ,1.0555,63.9,609.0825,7.8602,,,,,
T_pecari,7,467, cls_3 ,1.0521,127.8,8147.3028,6.329,,,,,
T_pecari,7,485, cls_3 ,1.0465,63.9,363.9656,0.6125,,,,,
T_pecari,7,488, cls_3 ,1.1265,180.7365,744.4657,2.552,,,,,
T_pecari,7,492, cls_3 ,1.1366,186.2989,715.9142,2.552,,,,,
T_pecari,7,508, cls_3 ,1.0155,71.4424,26009.906,0.2042,,,,,
T_pecari,7,509, cls_3 ,1.1265,63.9,32527.1696,16.8432,,,,,
T_pecari,7,525, cls_3 ,1.1187,135.5524,940.6425,8.1664,,,,,
T_pecari,7,534, cls_3 ,1.1806,101.0348,13024.7967,3.6749,,,,,
T_pecari,7,556, cls_3 ,1.0909,63.9,468.3315,0.2042,,,,,
T_pecari,7,563, cls_3 ,1.1013,63.9,1293.2254,14.1892,,,,,
T_pecari,7,566, cls_3 ,1.1488,101.0348,10023.2033,14.1892,,,,,
T_pecari,7,579, cls_3 ,1.0909,202.0695,1793.3784,0.2042,,,,,
T_pecari,7,590, cls_3 ,1.1817,95.85,14569.1605,6.329,,,,,
T_pecari,7,627, cls_3 ,1.0631,131.7332,2181.1176,0.7146,,,,,
T_pecari,7,633, cls_3 ,1,159.75,3863.0428,0.1021,,,,,
T_pecari,7,649, cls_3 ,1.0338,63.9,32520.9331,0.9187,,,,,
T_pecari,7,669, cls_3 ,1,63.9,32520.9224,0.1021,,,,,
T_pecari,7,673, cls_3 ,1.077,63.9,32514.3185,4.8999,,,,,
T_pecari,7,689, cls_3 ,1.1174,63.9,14452.5947,16.2308,,,,,
T_pecari,7,693, cls_3 ,1.2518,71.4424,26039.6272,119.3318,,,,,
T_pecari,7,700, cls_3 ,1.1008,172.056,563.761,6.1248,,,,,
T_pecari,7,704, cls_3 ,1.0465,63.9,2042.003,0.6125,,,,,
T_pecari,7,708, cls_3 ,1.0509,71.4424,10014.2653,1.0208,,,,,
T_pecari,7,713, cls_3 ,1.0688,63.9,32512.2333,0.5104,,,,,
T_pecari,7,721, cls_3 ,1.0791,95.85,14462.9277,4.7978,,,,,
T_pecari,7,724, cls_3 ,1.0648,71.4424,26010.3771,4.5936,,,,,
T_pecari,7,733, cls_3 ,1,71.4424,599.8917,0.1021,,,,,
T_pecari,7,742, cls_3 ,1.0909,63.9,32516.0069,0.2042,,,,,
T_pecari,7,743, cls_3 ,1.0688,63.9,32514.6448,0.5104,,,,,
T_pecari,7,745, cls_3 ,1,95.85,400.4683,0.1021,,,,,
T_pecari,7,746, cls_3 ,1.0537,71.4424,26013.657,0.4083,,,,,
T_pecari,7,749, cls_3 ,1.088,172.056,177.7619,1.1229,,,,,
T_pecari,7,761, cls_3 ,1,95.85,14452.1696,0.1021,,,,,
T_pecari,7,762, cls_3 ,1.088,71.4424,26011.4573,1.1229,,,,,
T_pecari,7,772, cls_3 ,1.1305,63.9,423.5414,4.2874,,,,,
T_pecari,7,776, cls_3 ,1,90.3682,16256.8751,0.1021,,,,,
T_pecari,7,777, cls_3 ,1.1282,63.9,172.1758,24.0909,,,,,
T_pecari,7,780, cls_3 ,1,63.9,7235.5827,0.1021,,,,,
T_pecari,7,785, cls_3 ,1.0543,63.9,7654.7523,3.2666,,,,,
T_pecari,7,788, cls_3 ,1.0989,115.1974,10006.2361,9.4935,,,,,
T_pecari,7,799, cls_3 ,1.0769,63.9,32514.6242,0.8166,,,,,
T_pecari,7,802, cls_3 ,1,63.9,32513.3669,0.1021,,,,,
T_pecari,7,803, cls_3 ,1.0047,127.8,1541.3667,0.6125,,,,,
T_pecari,7,807, cls_3 ,1,71.4424,26013.8389,0.1021,,,,,
T_pecari,7,813, cls_3 ,1.0651,63.9,26012.8647,2.2458,,,,,
T_pecari,7,814, cls_3 ,1.0473,63.9,26016.6519,0.8166,,,,,
T_pecari,7,816, cls_3 ,1.0283,127.8,8129.1935,0.7146,,,,,
T_pecari,7,817, cls_3 ,1.0914,63.9,32513.0661,0.3062,,,,,
T_pecari,7,819, cls_3 ,1.1149,63.9,2520.5647,40.8321,,,,,
T_pecari,7,823, cls_3 ,1.1298,63.9,32521.7527,10.5143,,,,,
T_pecari,7,832, cls_3 ,1.0338,172.056,110.6883,0.9187,,,,,
T_pecari,7,834, cls_3 ,1.0445,63.9,229.3898,2.3478,,,,,
T_pecari,7,836, cls_3 ,1.0769,63.9,5305.178,0.8166,,,,,
T_pecari,7,837, cls_3 ,1,63.9,163.2376,0.1021,,,,,
T_pecari,7,840, cls_3 ,1.1825,63.9,291.8056,13.985,,,,,
T_pecari,7,841, cls_3 ,1.1167,63.9,32512.5847,13.0663,,,,,
T_pecari,7,844, cls_3 ,1.0631,90.3682,2671.726,0.7146,,,,,
T_pecari,7,847, cls_3 ,1.0846,71.4424,1309.6729,3.777,,,,,
T_pecari,7,850, cls_3 ,1.1154,406.6571,539.9524,1.4291,,,,,
T_pecari,7,854, cls_3 ,1.0338,63.9,328.6164,0.9187,,,,,
T_pecari,7,863, cls_3 ,1.1855,63.9,260.5432,11.3309,,,,,
T_pecari,7,864, cls_3 ,1.0706,71.4424,243.9824,2.4499,,,,,
T_pecari,7,865, cls_3 ,1.0155,63.9,79.3389,0.2042,,,,,
T_pecari,7,873, cls_3 ,1.0689,127.8,240.9397,1.327,,,,,
T_pecari,7,875, cls_3 ,1.0402,127.8,8135.7831,1.1229,,,,,
T_pecari,7,876, cls_3 ,1.1197,90.3682,203.4999,0.7146,,,,,
T_pecari,7,881, cls_3 ,1.0761,131.7332,7651.9766,9.5955,,,,,
T_pecari,7,883, cls_3 ,1.0492,159.75,5203.364,2.2458,,,,,
T_pecari,7,886, cls_3 ,1,63.9,32512.0423,0.1021,,,,,
T_pecari,7,887, cls_3 ,1.1908,63.9,32532.2379,69.3125,,,,,
T_pecari,7,890, cls_3 ,1,63.9,32513.033,0.1021,,,,,
T_pecari,7,892, cls_3 ,1.1096,63.9,656.1095,3.879,,,,,
T_pecari,7,894, cls_3 ,1.063,364.286,139.1977,0.9187,,,,,
T_pecari,7,897, cls_3 ,1,63.9,32512.5188,0.1021,,,,,
T_pecari,7,898, cls_3 ,1.1574,186.2989,3827.564,7.0435,,,,,
T_pecari,7,902, cls_3 ,1.0809,71.4424,26009.9962,1.9395,,,,,
T_pecari,7,907, cls_3 ,1.0899,71.4424,26012.0346,4.6957,,,,,
T_pecari,7,910, cls_3 ,1.105,115.1974,10006.9529,0.5104,,,,,
T_pecari,7,913, cls_3 ,1.0155,71.4424,729.0761,0.2042,,,,,
T_pecari,7,930, cls_3 ,1.1309,95.85,1789.0892,1.4291,,,,,
T_pecari,7,931, cls_3 ,1.1265,90.3682,904.8313,0.8166,,,,,
T_pecari,7,932, cls_3 ,1.1826,63.9,32578.5772,10.7184,,,,,
T_pecari,7,939, cls_3 ,1.0402,101.0348,13007.3211,1.1229,,,,,
T_pecari,7,940, cls_3 ,1.0473,90.3682,16256.7502,0.8166,,,,,
T_pecari,7,941, cls_3 ,1,63.9,1085.6594,0.1021,,,,,
T_pecari,7,942, cls_3 ,1.0358,63.9,2030.9669,0.3062,,,,,
T_pecari,7,944, cls_3 ,1.1099,71.4424,537.9116,1.9395,,,,,
T_pecari,7,950, cls_3 ,1.1031,127.8,563.9381,0.8166,,,,,
T_pecari,7,953, cls_3 ,1.1532,90.3682,16264.464,1.8374,,,,,
T_pecari,7,956, cls_3 ,1.1362,71.4424,800.8836,0.5104,,,,,
T_pecari,7,962, cls_3 ,1.1241,63.9,32514.2708,25.2138,,,,,
T_pecari,7,963, cls_3 ,1.0261,71.4424,26009.9687,0.5104,,,,,
T_pecari,7,964, cls_3 ,1.0835,95.85,894.0954,4.5936,,,,,
T_pecari,7,965, cls_3 ,1.0987,71.4424,526.5005,1.4291,,,,,
T_pecari,7,967, cls_3 ,1.105,63.9,873.0577,0.5104,,,,,
T_pecari,7,968, cls_3 ,1.0401,63.9,32560.7095,2.8582,,,,,
T_pecari,7,969, cls_3 ,1.0473,63.9,571.8775,0.8166,,,,,
T_pecari,7,975, cls_3 ,1.0647,71.4424,26012.7054,1.9395,,,,,
T_pecari,7,982, cls_3 ,1.0155,115.1974,5220.9026,0.2042,,,,,
T_pecari,7,983, cls_3 ,1,71.4424,26011.7098,0.1021,,,,,
T_pecari,7,984, cls_3 ,1.0358,63.9,26055.5115,0.3062,,,,,
T_pecari,7,985, cls_3 ,1.1653,63.9,32566.1382,52.6734,,,,,
T_pecari,7,991, cls_3 ,1.105,63.9,26121.6729,16.6391,,,,,
T_pecari,7,993, cls_3 ,1.0529,90.3682,8134.9741,1.8374,,,,,
T_pecari,7,996, cls_3 ,1,95.85,501.1415,0.1021,,,,,
T_pecari,7,1004, cls_3 ,1.1337,71.4424,13076.3783,1.225,,,,,
T_pecari,7,1006, cls_3 ,1,63.9,897.9127,0.1021,,,,,
T_pecari,7,1009, cls_3 ,1.0881,71.4424,26011.3166,8.9831,,,,,
T_pecari,7,1017, cls_3 ,1.059,63.9,1979.174,1.7354,,,,,
T_pecari,7,1018, cls_3 ,1.1242,63.9,3346.4857,1.327,,,,,
T_pecari,7,1031, cls_3 ,1.1955,90.3682,16342.1263,7.656,,,,,
T_pecari,7,1032, cls_3 ,1.0155,71.4424,1180.0134,0.2042,,,,,
T_pecari,7,1033, cls_3 ,1.078,90.3682,16261.7891,1.225,,,,,
T_pecari,7,1034, cls_3 ,1,63.9,5252.3645,0.1021,,,,,
T_pecari,7,1035, cls_3 ,1,63.9,806.5264,0.4083,,,,,
T_pecari,7,1040, cls_3 ,1.1532,71.4424,26012.945,1.8374,,,,,
T_pecari,7,1043, cls_3 ,1.0465,101.0348,4068.7674,0.6125,,,,,
T_pecari,7,1055, cls_3 ,1,71.4424,2012.7607,0.1021,,,,,
T_pecari,7,1056, cls_3 ,1.0769,63.9,3621.2826,0.8166,,,,,
T_pecari,7,1062, cls_3 ,1.1017,90.3682,16256.5996,4.1853,,,,,
T_pecari,7,1064, cls_3 ,1.0509,63.9,1615.7604,1.0208,,,,,
T_pecari,7,1067, cls_3 ,1,63.9,1201.3505,0.1021,,,,,
T_pecari,7,1068, cls_3 ,1.0844,71.4424,7656.5066,2.7562,,,,,
T_pecari,7,1074, cls_3 ,1,71.4424,2606.7124,0.1021,,,,,
T_pecari,7,1079, cls_3 ,1.1125,101.0348,2507.0731,0.6125,,,,,
T_pecari,7,1083, cls_3 ,1.0465,63.9,10005.7351,0.6125,,,,,
T_pecari,7,1085, cls_3 ,1.046,63.9,1815.5675,1.6333,,,,,
T_pecari,7,1089, cls_3 ,1,95.85,14451.2142,0.1021,,,,,
T_pecari,7,1093, cls_3 ,1.0909,63.9,32511.9658,0.2042,,,,,
T_pecari,7,1095, cls_3 ,1.0537,63.9,26011.5815,0.4083,,,,,
T_pecari,7,1099, cls_3 ,1.0909,71.4424,7233.0665,0.2042,,,,,
T_pecari,7,1100, cls_3 ,1.1274,63.9,32521.3148,21.2327,,,,,
T_pecari,7,1102, cls_3 ,1.1477,63.9,32514.8999,0.8166,,,,,
T_pecari,7,1111, cls_3 ,1,71.4424,3828.9668,0.1021,,,,,
T_pecari,7,1117, cls_3 ,1.0155,71.4424,3828.2631,0.2042,,,,,
T_pecari,7,1125, cls_3 ,1,63.9,26063.5131,0.1021,,,,,
T_pecari,7,1127, cls_3 ,1,63.9,32512.479,0.1021,,,,,
T_pecari,7,1133, cls_3 ,1.1301,71.4424,26011.8745,2.2458,,,,,
T_pecari,7,1139, cls_3 ,1.046,115.1974,10005.996,1.6333,,,,,
T_pecari,7,1146, cls_3 ,1,63.9,2660.625,0.1021,,,,,
T_pecari,7,1148, cls_3 ,1.0932,101.0348,13005.7984,0.7146,,,,,
T_pecari,7,1149, cls_3 ,1.0417,63.9,26011.4055,2.0416,,,,,
T_pecari,7,1152, cls_3 ,1.1542,71.4424,26009.676,5.2061,,,,,
T_pecari,7,1157, cls_3 ,1.0889,90.3682,16258.6009,0.9187,,,,,
T_pecari,7,1175, cls_3 ,1.0769,90.3682,3614.4737,1.7354,,,,,
T_pecari,7,1180, cls_3 ,1.0654,63.9,8131.6965,1.1229,,,,,
T_pecari,7,1181, cls_3 ,1.0402,63.9,1535.4753,1.1229,,,,,
T_pecari,7,1194, cls_3 ,1.0155,63.9,32511.6501,0.2042,,,,,
T_pecari,7,1247, cls_3 ,1.0766,71.4424,26035.2541,4.0832,,,,,
T_pecari,7,1250, cls_3 ,1.1557,63.9,32520.6708,12.0455,,,,,
T_pecari,7,1251, cls_3 ,1.0465,71.4424,26009.2504,0.6125,,,,,
T_pecari,7,1252, cls_3 ,1,90.3682,16256.5361,0.1021,,,,,
T_pecari,7,1254, cls_3 ,1.0758,63.9,26020.6263,2.6541,,,,,
T_pecari,7,1256, cls_3 ,1.0844,115.1974,903.3571,2.7562,,,,,
T_pecari,7,1259, cls_3 ,1,71.4424,26009.874,0.1021,,,,,
T_pecari,7,1262, cls_3 ,1.1131,63.9,26016.5819,4.3895,,,,,
T_pecari,7,1270, cls_3 ,1.0537,131.7332,298.301,0.4083,,,,,
T_pecari,7,1273, cls_3 ,1.0631,90.3682,16257.9082,0.7146,,,,,
T_pecari,7,1274, cls_3 ,1.1415,159.75,5203.6206,1.8374,,,,,
T_pecari,7,1275, cls_3 ,1.0473,63.9,32511.5458,0.8166,,,,,
T_pecari,7,1276, cls_3 ,1.0417,63.9,32512.1137,2.0416,,,,,
T_pecari,7,1277, cls_3 ,1.0869,249.5375,1531.8505,1.8374,,,,,
T_pecari,7,1278, cls_3 ,1.0359,95.85,14451.0931,2.552,,,,,
T_pecari,7,1280, cls_3 ,1,90.3682,16260.1613,0.1021,,,,,
T_pecari,7,1282, cls_3 ,1.0467,131.7332,7651.3675,1.327,,,,,
T_pecari,7,1283, cls_3 ,1.0631,127.8,8128.6438,0.7146,,,,,
T_pecari,7,1285, cls_3 ,1.0575,71.4424,26009.8516,3.1645,,,,,
T_pecari,7,1286, cls_3 ,1.1051,172.056,4485.7603,4.3895,,,,,
T_pecari,7,1289, cls_3 ,1.0937,191.7,3613.4835,2.2458,,,,,
T_pecari,7,1297, cls_3 ,1.0914,142.8847,6502.6599,0.3062,,,,,
T_pecari,7,1300, cls_3 ,1.0909,159.75,5202.2532,0.2042,,,,,
T_pecari,7,1305, cls_3 ,1.0306,63.9,32511.3883,1.225,,,,,
T_pecari,7,1310, cls_3 ,1.0465,71.4424,26009.1937,0.6125,,,,,
T_pecari,7,1311, cls_3 ,1,162.9137,5002.0762,0.1021,,,,,
T_pecari,7,2, cls_1 ,1.1281,127.8,23.2215,130.1523,,1.089011876,116.6865184,530.467949,11.88305128
T_pecari,7,5, cls_1 ,1.0604,71.4424,23.0915,2.3478,,,,,
T_pecari,7,6, cls_1 ,1.0993,95.85,27.4407,1.0208,,,,,
T_pecari,7,7, cls_1 ,1.112,115.1974,43.0299,0.9187,,,,,
T_pecari,7,9, cls_1 ,1.0358,71.4424,104.2543,0.3062,,,,,
T_pecari,7,10, cls_1 ,1.0155,223.65,10.9672,0.2042,,,,,
T_pecari,7,11, cls_1 ,1.0988,71.4424,37.3165,2.1437,,,,,
T_pecari,7,12, cls_1 ,1.1829,127.8,82.9524,30.6241,,,,,
T_pecari,7,14, cls_1 ,1.1231,71.4424,20.4991,51.5505,,,,,
T_pecari,7,16, cls_1 ,1.1031,115.1974,12.6586,0.8166,,,,,
T_pecari,7,17, cls_1 ,1.1273,63.9,13.7303,8.2685,,,,,
T_pecari,7,19, cls_1 ,1.0688,115.1974,13.4354,0.5104,,,,,
T_pecari,7,20, cls_1 ,1.1409,101.0348,6.9887,2.0416,,,,,
T_pecari,7,21, cls_1 ,1,194.3443,4.1665,0.1021,,,,,
T_pecari,7,24, cls_1 ,1.1031,101.0348,8.7773,0.8166,,,,,
T_pecari,7,25, cls_1 ,1.1482,63.9,27.0273,3.1645,,,,,
T_pecari,7,26, cls_1 ,1.1114,95.85,62.3404,5.5123,,,,,
T_pecari,7,27, cls_1 ,1.0654,101.0348,5.1037,1.1229,,,,,
T_pecari,7,30, cls_1 ,1.0955,63.9,14.4079,5.6144,,,,,
T_pecari,7,31, cls_1 ,1.1125,142.8847,5.7527,0.6125,,,,,
T_pecari,7,32, cls_1 ,1.0155,159.75,14.4922,0.2042,,,,,
T_pecari,7,33, cls_1 ,1.1085,101.0348,5.514,1.1229,,,,,
T_pecari,7,34, cls_1 ,1.0657,63.9,20.5428,1.6333,,,,,
T_pecari,7,35, cls_1 ,1.0631,90.3682,10.7621,0.7146,,,,,
T_pecari,7,36, cls_1 ,1.0631,159.75,9.6292,0.7146,,,,,
T_pecari,7,37, cls_1 ,1.1296,71.4424,10.0683,8.4727,,,,,
T_pecari,7,38, cls_1 ,1.0909,71.4424,5.7785,0.2042,,,,,
T_pecari,7,39, cls_1 ,1.0688,384.7289,6.6066,0.5104,,,,,
T_pecari,7,40, cls_1 ,1.1008,90.3682,53.1303,3.879,,,,,
T_pecari,7,42, cls_1 ,1.1028,159.75,26.9228,8.1664,,,,,
T_pecari,7,43, cls_1 ,1.0775,63.9,97.5018,7.2477,,,,,
T_pecari,7,44, cls_1 ,1.0261,71.4424,31.4235,0.5104,,,,,
T_pecari,7,45, cls_1 ,1.0819,71.4424,5.2819,0.6125,,,,,
T_pecari,7,47, cls_1 ,1.1149,351.45,8.7658,17.864,,,,,
T_pecari,7,48, cls_1 ,1.0805,159.75,13.6356,1.4291,,,,,
T_pecari,7,49, cls_1 ,1.105,101.0348,18.2499,49.8152,,,,,
T_pecari,7,50, cls_1 ,1.0599,71.4424,6.9821,13.6788,,,,,
T_pecari,7,51, cls_1 ,1.0509,63.9,9.4616,1.0208,,,,,
T_pecari,7,53, cls_1 ,1.0155,63.9,10.3214,0.2042,,,,,
T_pecari,7,54, cls_1 ,1.1022,95.85,35.7081,7.7581,,,,,
T_pecari,7,55, cls_1 ,1.2251,63.9,124.3483,37.6676,,,,,
T_pecari,7,56, cls_1 ,1.0631,95.85,7.6495,0.7146,,,,,
T_pecari,7,57, cls_1 ,1.1449,90.3682,36.3148,28.4804,,,,,
T_pecari,7,58, cls_1 ,1.0358,63.9,9.4619,0.3062,,,,,
T_pecari,7,59, cls_1 ,1.1085,127.8,4.6264,1.1229,,,,,
T_pecari,7,61, cls_1 ,1.0716,95.85,68.0203,3.879,,,,,
T_pecari,7,62, cls_1 ,1.0688,115.1974,12.6583,0.5104,,,,,
T_pecari,7,63, cls_1 ,1.1073,63.9,4.6784,1.327,,,,,
T_pecari,7,65, cls_1 ,1.1202,71.4424,158.7934,2.9603,,,,,
T_pecari,7,66, cls_1 ,1.0358,71.4424,21.6419,0.3062,,,,,
T_pecari,7,67, cls_1 ,1.0728,63.9,15.1148,1.5312,,,,,
T_pecari,7,69, cls_1 ,1.1369,127.8,34.1959,0.3062,,,,,
T_pecari,7,70, cls_1 ,1.0631,186.2989,4.3206,0.7146,,,,,
T_pecari,7,71, cls_1 ,1,63.9,7.7898,0.1021,,,,,
T_pecari,7,72, cls_1 ,1.0805,115.1974,17.4217,1.4291,,,,,
T_pecari,7,73, cls_1 ,1.1125,274.8443,4.5192,0.6125,,,,,
T_pecari,7,74, cls_1 ,1,63.9,7.215,0.1021,,,,,
T_pecari,7,75, cls_1 ,1.0537,63.9,8.0412,0.4083,,,,,
T_pecari,7,76, cls_1 ,1.0932,71.4424,160.4077,0.7146,,,,,
T_pecari,7,77, cls_1 ,1.0402,285.7695,7.2865,1.1229,,,,,
T_pecari,7,78, cls_1 ,1.0706,294.5644,4.8306,1.8374,,,,,
T_pecari,7,79, cls_1 ,1.1031,101.0348,96.4562,0.8166,,,,,
T_pecari,7,80, cls_1 ,1.2174,71.4424,128.658,70.4354,,,,,
T_pecari,7,81, cls_1 ,1.112,63.9,8.6156,0.9187,,,,,
T_pecari,7,82, cls_1 ,1,90.3682,52.2703,0.1021,,,,,
T_pecari,7,83, cls_1 ,1.0932,63.9,18.5434,38.7905,,,,,
T_pecari,7,84, cls_1 ,1,186.2989,4.3332,0.1021,,,,,
T_pecari,7,86, cls_1 ,1.1795,135.5524,24.7169,8.0643,,,,,
T_pecari,7,87, cls_1 ,1.063,274.8443,4.0934,0.9187,,,,,
T_pecari,7,88, cls_1 ,1.0932,71.4424,57.7168,0.7146,,,,,
T_pecari,7,89, cls_1 ,1.1031,71.4424,11.1858,0.8166,,,,,
T_pecari,7,90, cls_1 ,1.0465,71.4424,13.2204,0.6125,,,,,
T_pecari,7,91, cls_1 ,1.0537,63.9,50.4042,0.4083,,,,,
T_pecari,7,92, cls_1 ,1.1559,63.9,149.9843,10.5143,,,,,
T_pecari,7,93, cls_1 ,1.078,63.9,100.9119,1.225,,,,,
T_pecari,7,94, cls_1 ,1.1679,159.75,5.1179,1.327,,,,,
T_pecari,7,97, cls_1 ,1.1252,95.85,32.3716,21.1306,,,,,
T_pecari,7,98, cls_1 ,1.1272,63.9,32.659,8.6768,,,,,
T_pecari,7,100, cls_1 ,1.156,142.8847,32.6131,4.5936,,,,,
T_pecari,7,101, cls_1 ,1.0889,101.0348,75.0434,0.9187,,,,,
T_pecari,7,102, cls_1 ,1.0932,257.5891,4.5866,0.7146,,,,,
T_pecari,7,103, cls_1 ,1.046,115.1974,45.5236,1.6333,,,,,
T_pecari,7,104, cls_1 ,1.0261,131.7332,6.8766,0.5104,,,,,
T_pecari,7,105, cls_1 ,1.1126,90.3682,36.8175,4.0832,,,,,
T_pecari,7,106, cls_1 ,1.1637,71.4424,7.5692,0.6125,,,,,
T_pecari,7,107, cls_1 ,1.0789,63.9,420.4762,24.9076,,,,,
T_pecari,7,108, cls_1 ,1,63.9,7.2205,0.1021,,,,,
T_pecari,7,109, cls_1 ,1.1328,172.056,16.8638,0.9187,,,,,
T_pecari,7,110, cls_1 ,1.093,71.4424,161.4194,4.1853,,,,,
T_pecari,7,111, cls_1 ,1.0631,127.8,35.9368,0.7146,,,,,
T_pecari,7,112, cls_1 ,1.221,63.9,41.8237,101.6719,,,,,
T_pecari,7,113, cls_1 ,1.0688,63.9,7.2707,0.5104,,,,,
T_pecari,7,116, cls_1 ,1.0654,71.4424,7.3074,1.1229,,,,,
T_pecari,7,117, cls_1 ,1.1031,90.3682,5.9976,0.8166,,,,,
T_pecari,7,118, cls_1 ,1.0386,180.7365,16.8597,1.4291,,,,,
T_pecari,7,119, cls_1 ,1.0606,90.3682,6.1177,1.4291,,,,,
T_pecari,7,121, cls_1 ,1.1828,63.9,78.965,11.6371,,,,,
T_pecari,7,122, cls_1 ,1.0261,319.5,7.8244,0.5104,,,,,
T_pecari,7,124, cls_1 ,1.0932,172.056,7.7869,0.7146,,,,,
T_pecari,7,125, cls_1 ,1.0465,71.4424,7.0431,0.6125,,,,,
T_pecari,7,126, cls_1 ,1.105,314.671,4.6458,0.5104,,,,,
T_pecari,7,127, cls_1 ,1.0386,63.9,29.3309,1.4291,,,,,
T_pecari,7,128, cls_1 ,1.1528,63.9,10.1895,6.7373,,,,,
T_pecari,7,129, cls_1 ,1.0155,95.85,28.0692,0.2042,,,,,
T_pecari,7,130, cls_1 ,1.1544,63.9,105.8015,158.1223,,,,,
T_pecari,7,131, cls_1 ,1.0631,71.4424,19.7678,0.7146,,,,,
T_pecari,7,132, cls_1 ,1.1443,131.7332,8.4321,1.1229,,,,,
T_pecari,7,133, cls_1 ,1.1725,90.3682,42.0945,27.6637,,,,,
T_pecari,7,134, cls_1 ,1.1372,71.4424,152.6747,13.1684,,,,,
T_pecari,7,135, cls_1 ,1.1031,71.4424,6.5178,0.8166,,,,,
T_pecari,7,136, cls_1 ,1.0914,232.5995,9.6697,0.3062,,,,,
T_pecari,7,137, cls_1 ,1.0473,243.324,19.0344,0.8166,,,,,
T_pecari,7,139, cls_1 ,1.1074,159.75,4.9352,6.1248,,,,,
T_pecari,7,140, cls_1 ,1.1004,90.3682,22.0851,12.5559,,,,,
T_pecari,7,141, cls_1 ,1.1434,71.4424,19.2305,0.7146,,,,,
T_pecari,7,142, cls_1 ,1.0492,127.8,13.5062,2.2458,,,,,
T_pecari,7,145, cls_1 ,1.0465,63.9,50.5039,0.6125,,,,,
T_pecari,7,147, cls_1 ,1.1271,71.4424,26.2882,1.1229,,,,,
T_pecari,7,150, cls_1 ,1.1717,223.65,24.763,2.7562,,,,,
T_pecari,7,151, cls_1 ,1.0631,71.4424,19.7519,0.7146,,,,,
T_pecari,7,152, cls_1 ,1.1046,90.3682,13.4709,2.552,,,,,
T_pecari,7,153, cls_1 ,1.0771,285.7695,7.2344,3.6749,,,,,
T_pecari,7,154, cls_1 ,1.0654,71.4424,203.7678,1.1229,,,,,
T_pecari,7,156, cls_1 ,1.0651,71.4424,319.5568,2.2458,,,,,
T_pecari,7,157, cls_1 ,1.1155,63.9,25.8314,20.2119,,,,,
T_pecari,7,158, cls_1 ,1.0465,230.3947,5.2562,0.6125,,,,,
T_pecari,7,159, cls_1 ,1.0688,63.9,21.5858,0.5104,,,,,
T_pecari,7,160, cls_1 ,1.1431,71.4424,32.2335,4.8999,,,,,
T_pecari,7,162, cls_1 ,1.0358,159.75,6.714,0.3062,,,,,
T_pecari,7,163, cls_1 ,1.0616,63.9,55.7262,4.2874,,,,,
T_pecari,7,164, cls_1 ,1.0769,204.5798,5.2099,1.7354,,,,,
T_pecari,7,165, cls_1 ,1.0359,71.4424,153.8762,2.552,,,,,
T_pecari,7,166, cls_1 ,1.0631,90.3682,95.4294,0.7146,,,,,
T_pecari,7,168, cls_1 ,1.0606,115.1974,66.0418,1.4291,,,,,
T_pecari,7,169, cls_1 ,1.0283,159.75,7.4473,0.7146,,,,,
T_pecari,7,170, cls_1 ,1.1075,63.9,19.4976,2.7562,,,,,
T_pecari,7,171, cls_1 ,1.0769,90.3682,28.3802,0.8166,,,,,
T_pecari,7,172, cls_1 ,1.128,214.3271,6.5243,4.3895,,,,,
T_pecari,7,173, cls_1 ,1.1511,71.4424,23.3182,9.1872,,,,,
T_pecari,7,174, cls_1 ,1.1395,90.3682,70.9466,0.6125,,,,,
T_pecari,7,175, cls_1 ,1.0631,172.056,12.6649,0.7146,,,,,
T_pecari,7,176, cls_1 ,1.0155,361.473,8.8815,0.2042,,,,,
T_pecari,7,177, cls_1 ,1.0772,63.9,72.5334,14.6996,,,,,
T_pecari,7,178, cls_1 ,1,204.5798,5.3214,0.1021,,,,,
T_pecari,7,179, cls_1 ,1.0975,63.9,7.8103,0.4083,,,,,
T_pecari,7,180, cls_1 ,1.1914,63.9,54.0323,31.9511,,,,,
T_pecari,7,181, cls_1 ,1.199,63.9,32.5116,2.9603,,,,,
T_pecari,7,182, cls_1 ,1.116,63.9,20.2437,1.8374,,,,,
T_pecari,7,184, cls_1 ,1.1031,63.9,7.1969,0.8166,,,,,
T_pecari,7,185, cls_1 ,1.1125,115.1974,48.3678,0.6125,,,,,
T_pecari,7,186, cls_1 ,1.1654,230.3947,4.6066,21.4369,,,,,
T_pecari,7,187, cls_1 ,1.0972,249.5375,22.2337,3.6749,,,,,
T_pecari,7,188, cls_1 ,1.088,95.85,142.6572,1.1229,,,,,
T_pecari,7,189, cls_1 ,1.0358,71.4424,16.2769,0.3062,,,,,
T_pecari,7,190, cls_1 ,1.1187,115.1974,83.9442,2.2458,,,,,
T_pecari,7,192, cls_1 ,1.219,63.9,25.3609,10.5143,,,,,
T_pecari,7,193, cls_1 ,1.0155,71.4424,23.4804,0.2042,,,,,
T_pecari,7,194, cls_1 ,1.0386,63.9,47.6654,1.4291,,,,,
T_pecari,7,195, cls_1 ,1.1989,71.4424,46.161,117.1881,,,,,
T_pecari,7,196, cls_1 ,1.0766,159.75,32.2294,4.0832,,,,,
T_pecari,7,197, cls_1 ,1.1353,249.5375,15.8154,1.9395,,,,,
T_pecari,7,198, cls_1 ,1.0631,63.9,18.9264,0.7146,,,,,
T_pecari,7,199, cls_1 ,1.0283,223.65,8.8532,0.7146,,,,,
T_pecari,7,200, cls_1 ,1.1564,95.85,80.3569,8.0643,,,,,
T_pecari,7,201, cls_1 ,1.1807,71.4424,94.684,1.327,,,,,
T_pecari,7,202, cls_1 ,1.1732,71.4424,28.4779,5.3082,,,,,
T_pecari,7,203, cls_1 ,1.1736,63.9,39.8204,36.5447,,,,,
T_pecari,7,204, cls_1 ,1.0358,71.4424,13.14,0.3062,,,,,
T_pecari,7,205, cls_1 ,1.0604,289.3196,7.4733,2.3478,,,,,
T_pecari,7,207, cls_1 ,1.0836,63.9,22.7484,1.6333,,,,,
T_pecari,7,209, cls_1 ,1,63.9,97.7646,0.1021,,,,,
T_pecari,7,210, cls_1 ,1.1309,115.1974,8.6253,1.4291,,,,,
T_pecari,7,213, cls_1 ,1.0335,95.85,11.9763,1.8374,,,,,
T_pecari,7,214, cls_1 ,1.063,223.65,28.9264,0.9187,,,,,
T_pecari,7,215, cls_1 ,1.0993,314.671,6.5852,1.0208,,,,,
T_pecari,7,217, cls_1 ,1.1043,63.9,56.5601,4.0832,,,,,
T_pecari,7,220, cls_1 ,1.046,159.75,7.2448,1.6333,,,,,
T_pecari,7,221, cls_1 ,1.0932,90.3682,8.5597,0.7146,,,,,
T_pecari,7,222, cls_1 ,1.0473,95.85,11.4466,0.8166,,,,,
T_pecari,7,223, cls_1 ,1,95.85,7.2208,0.1021,,,,,
T_pecari,7,224, cls_1 ,1.1565,71.4424,198.6985,2.1437,,,,,
T_pecari,7,225, cls_1 ,1.0537,71.4424,236.271,0.4083,,,,,
T_pecari,7,226, cls_1 ,1.1088,63.9,93.2295,6.8394,,,,,
T_pecari,7,227, cls_1 ,1.1099,71.4424,12.522,1.9395,,,,,
T_pecari,7,228, cls_1 ,1.0688,95.85,7.4875,0.5104,,,,,
T_pecari,7,229, cls_1 ,1.0283,95.85,40.4095,0.7146,,,,,
T_pecari,7,230, cls_1 ,1.0758,90.3682,30.7047,2.6541,,,,,
T_pecari,7,231, cls_1 ,1.0465,90.3682,6.9801,0.6125,,,,,
T_pecari,7,233, cls_1 ,1.0764,434.567,8.1453,1.0208,,,,,
T_pecari,7,236, cls_1 ,1.0909,90.3682,8.4506,0.2042,,,,,
T_pecari,7,237, cls_1 ,1.0932,127.8,13.1104,0.7146,,,,,
T_pecari,7,238, cls_1 ,1.0155,71.4424,12.128,0.2042,,,,,
T_pecari,7,239, cls_1 ,1.0467,90.3682,5.211,1.327,,,,,
T_pecari,7,240, cls_1 ,1.0716,135.5524,9.7447,3.879,,,,,
T_pecari,7,241, cls_1 ,1.2069,71.4424,123.1167,91.6681,,,,,
T_pecari,7,242, cls_1 ,1.0836,63.9,391.6216,1.6333,,,,,
T_pecari,7,243, cls_1 ,1.089,159.75,65.4334,1.327,,,,,
T_pecari,7,245, cls_1 ,1.0764,101.0348,6.3381,1.0208,,,,,
T_pecari,7,246, cls_1 ,1.0809,71.4424,111.9627,1.9395,,,,,
T_pecari,7,247, cls_1 ,1.2012,63.9,256.4634,0.8166,,,,,
T_pecari,7,248, cls_1 ,1.0799,71.4424,10.3751,2.2458,,,,,
T_pecari,7,249, cls_1 ,1.0473,90.3682,19.2696,0.8166,,,,,
T_pecari,7,250, cls_1 ,1,63.9,41.535,0.1021,,,,,
T_pecari,7,251, cls_1 ,1.0691,63.9,64.2332,3.5728,,,,,
T_pecari,7,252, cls_1 ,1.197,63.9,261.3125,4.0832,,,,,
T_pecari,7,253, cls_1 ,1.1066,90.3682,6.2214,10.7184,,,,,
T_pecari,7,255, cls_1 ,1.1839,71.4424,46.9005,53.4901,,,,,
T_pecari,7,258, cls_1 ,1.096,135.5524,9.4559,1.9395,,,,,
T_pecari,7,259, cls_1 ,1.0606,225.9206,10.4179,1.4291,,,,,
T_pecari,7,262, cls_1 ,1.0537,162.9137,11.7717,0.4083,,,,,
T_pecari,7,263, cls_1 ,1.0955,71.4424,318.3986,4.0832,,,,,
T_pecari,7,265, cls_1 ,1.0537,71.4424,10.3661,0.4083,,,,,
T_pecari,7,266, cls_1 ,1.078,214.3271,11.2239,1.225,,,,,
T_pecari,7,267, cls_1 ,1.1031,63.9,101.3356,0.8166,,,,,
T_pecari,7,268, cls_1 ,1.088,71.4424,247.9363,1.1229,,,,,
T_pecari,7,270, cls_1 ,1.0631,180.7365,17.7979,0.7146,,,,,
T_pecari,7,271, cls_1 ,1.0465,194.3443,16.3701,0.6125,,,,,
T_pecari,7,272, cls_1 ,1.0473,71.4424,92.8645,0.8166,,,,,
T_pecari,7,274, cls_1 ,1.1518,95.85,34.9512,2.0416,,,,,
T_pecari,7,275, cls_1 ,1.0358,95.85,20.429,0.3062,,,,,
T_pecari,7,276, cls_1 ,1.1002,71.4424,218.8659,10.9226,,,,,
T_pecari,7,280, cls_1 ,1.0775,115.1974,128.4123,6.7373,,,,,
T_pecari,7,282, cls_1 ,1.0688,63.9,104.3403,0.5104,,,,,
T_pecari,7,284, cls_1 ,1.0465,95.85,11.9493,0.6125,,,,,
T_pecari,7,288, cls_1 ,1.139,225.9206,7.264,4.7978,,,,,
T_pecari,7,289, cls_1 ,1.1595,255.6,12.5106,9.7997,,,,,
T_pecari,7,290, cls_1 ,1.0283,162.9137,22.0323,0.7146,,,,,
T_pecari,7,291, cls_1 ,1.1197,90.3682,136.2983,0.7146,,,,,
T_pecari,7,292, cls_1 ,1,63.9,17.9863,0.1021,,,,,
T_pecari,7,293, cls_1 ,1.1337,131.7332,99.4327,9.6976,,,,,
T_pecari,7,296, cls_1 ,1.0889,95.85,10.4151,0.9187,,,,,
T_pecari,7,299, cls_1 ,1.0358,63.9,13.8762,0.3062,,,,,
T_pecari,7,301, cls_1 ,1.0155,71.4424,88.8125,0.2042,,,,,
T_pecari,7,303, cls_1 ,1.1214,95.85,4.7525,5.0019,,,,,
T_pecari,7,304, cls_1 ,1.0982,255.6,15.1783,4.6957,,,,,
T_pecari,7,305, cls_1 ,1.0819,90.3682,154.0531,0.6125,,,,,
T_pecari,7,306, cls_1 ,1.1454,115.1974,84.1396,1.4291,,,,,
T_pecari,7,307, cls_1 ,1.1222,71.4424,29.0715,2.6541,,,,,
T_pecari,7,309, cls_1 ,1.0769,63.9,23.0928,1.7354,,,,,
T_pecari,7,310, cls_1 ,1.0869,63.9,115.4237,1.8374,,,,,
T_pecari,7,311, cls_1 ,1.046,202.0695,5.9874,1.6333,,,,,
T_pecari,7,316, cls_1 ,1.1369,101.0348,113.9852,5.8186,,,,,
T_pecari,7,318, cls_1 ,1.1738,415.35,5.7857,2.3478,,,,,
T_pecari,7,319, cls_1 ,1.0358,71.4424,16.0964,0.3062,,,,,
T_pecari,7,320, cls_1 ,1.1454,63.9,40.8087,13.3725,,,,,
T_pecari,7,321, cls_1 ,1.1796,71.4424,86.6684,10.7184,,,,,
T_pecari,7,327, cls_1 ,1,71.4424,180.3161,0.1021,,,,,
T_pecari,7,328, cls_1 ,1.1847,115.1974,6.2398,0.8166,,,,,
T_pecari,7,330, cls_1 ,1.0769,127.8,31.2485,1.7354,,,,,
T_pecari,7,331, cls_1 ,1.0949,71.4424,63.5408,15.21,,,,,
T_pecari,7,333, cls_1 ,1,71.4424,14.3439,0.1021,,,,,
T_pecari,7,334, cls_1 ,1.0537,344.112,2.3001,0.4083,,,,,
T_pecari,7,340, cls_1 ,1.1649,115.1974,5.6559,0.7146,,,,,
T_pecari,7,343, cls_1 ,1.0155,159.75,45.3556,0.2042,,,,,
T_pecari,7,344, cls_1 ,1.0988,230.3947,4.8707,2.1437,,,,,
T_pecari,7,347, cls_1 ,1,364.286,4.6651,0.1021,,,,,
T_pecari,7,353, cls_1 ,1.2101,90.3682,40.6833,13.0663,,,,,
T_pecari,7,356, cls_1 ,1.0465,71.4424,43.8475,0.6125,,,,,
T_pecari,7,357, cls_1 ,1.1265,71.4424,239.7542,0.8166,,,,,
T_pecari,7,359, cls_1 ,1.1479,90.3682,45.5941,6.1248,,,,,
T_pecari,7,360, cls_1 ,1.0338,90.3682,46.8345,0.9187,,,,,
T_pecari,7,361, cls_1 ,1.0987,115.1974,19.0526,1.4291,,,,,
T_pecari,7,364, cls_1 ,1.0836,101.0348,66.5342,1.6333,,,,,
T_pecari,7,365, cls_1 ,1.0606,63.9,112.512,1.4291,,,,,
T_pecari,7,366, cls_1 ,1.0838,71.4424,59.2599,4.1853,,,,,
T_pecari,7,369, cls_1 ,1.0358,71.4424,5.2229,0.3062,,,,,
T_pecari,7,372, cls_1 ,1.0819,63.9,18.5487,0.6125,,,,,
T_pecari,7,373, cls_1 ,1.1125,63.9,47.6737,0.6125,,,,,
T_pecari,7,374, cls_1 ,1.0937,127.8,21.6375,2.2458,,,,,
T_pecari,7,375, cls_1 ,1.1622,71.4424,51.2557,14.6996,,,,,
T_pecari,7,376, cls_1 ,1.0338,71.4424,5.5125,0.9187,,,,,
T_pecari,7,378, cls_1 ,1.0701,230.3947,4.7097,2.1437,,,,,
T_pecari,7,382, cls_1 ,1.1406,95.85,97.9803,10.208,,,,,
T_pecari,7,384, cls_1 ,1.0402,159.75,4.8925,1.1229,,,,,
T_pecari,7,387, cls_1 ,1.1767,71.4424,206.7445,70.0271,,,,,
T_pecari,7,390, cls_1 ,1.0306,204.5798,13.7875,1.225,,,,,
T_pecari,7,391, cls_1 ,1.0982,71.4424,4.638,1.225,,,,,
T_pecari,7,392, cls_1 ,1.0688,249.5375,4.762,0.5104,,,,,
T_pecari,7,393, cls_1 ,1,71.4424,5.1894,0.1021,,,,,
T_pecari,7,395, cls_1 ,1.1031,71.4424,131.8186,0.8166,,,,,
T_pecari,7,396, cls_1 ,1.0769,90.3682,46.8437,0.8166,,,,,
T_pecari,7,397, cls_1 ,1.0973,71.4424,217.6177,5.5123,,,,,
T_pecari,7,398, cls_1 ,1.0887,319.5,3.628,2.9603,,,,,
T_pecari,7,403, cls_1 ,1.1847,243.324,4.2374,0.8166,,,,,
T_pecari,7,404, cls_1 ,1.0889,71.4424,65.5738,0.9187,,,,,
T_pecari,7,405, cls_1 ,1.0261,90.3682,36.1022,0.5104,,,,,
T_pecari,7,407, cls_1 ,1.022,272.9809,2.5706,1.0208,,,,,
T_pecari,7,411, cls_1 ,1.1443,63.9,57.6347,1.1229,,,,,
T_pecari,7,413, cls_1 ,1,71.4424,7.438,0.1021,,,,,
T_pecari,7,415, cls_1 ,1.1715,558.8967,5.4256,1.4291,,,,,
T_pecari,7,416, cls_1 ,1.0283,204.5798,15.1254,0.7146,,,,,
T_pecari,7,417, cls_1 ,1.0402,71.4424,73.0308,1.1229,,,,,
T_pecari,7,418, cls_1 ,1.1125,186.2989,16.3593,0.6125,,,,,
T_pecari,7,419, cls_1 ,1.1244,71.4424,38.685,6.9415,,,,,
T_pecari,7,420, cls_1 ,1.0155,71.4424,18.1614,0.2042,,,,,
T_pecari,7,421, cls_1 ,1.0657,71.4424,4.4655,1.6333,,,,,
T_pecari,7,422, cls_1 ,1.188,63.9,310.4903,78.7039,,,,,
T_pecari,7,423, cls_1 ,1.0819,135.5524,51.4615,0.6125,,,,,
T_pecari,7,424, cls_1 ,1,71.4424,147.8368,0.1021,,,,,
T_pecari,7,425, cls_1 ,1.1265,63.9,12.3999,0.8166,,,,,
T_pecari,7,429, cls_1 ,1.0537,71.4424,20.0472,0.4083,,,,,
T_pecari,7,431, cls_1 ,1.1445,71.4424,49.4951,68.7,,,,,
T_pecari,7,434, cls_1 ,1.1915,63.9,4.0519,4.2874,,,,,
T_pecari,7,435, cls_1 ,1,63.9,153.6927,0.1021,,,,,
T_pecari,7,436, cls_1 ,1.0441,159.75,129.8094,4.5936,,,,,
T_pecari,7,438, cls_1 ,1.078,131.7332,36.5163,1.225,,,,,
T_pecari,7,440, cls_1 ,1.1265,272.9809,30.3893,0.8166,,,,,
T_pecari,7,441, cls_1 ,1.1434,127.8,51.5802,23.6826,,,,,
T_pecari,7,442, cls_1 ,1.1296,272.9809,3.6385,1.6333,,,,,
T_pecari,7,447, cls_1 ,1.0657,255.6,14.0302,1.6333,,,,,
T_pecari,7,450, cls_1 ,1.0465,257.5891,3.3763,0.6125,,,,,
T_pecari,7,453, cls_1 ,1.088,95.85,9.7497,1.1229,,,,,
T_pecari,7,454, cls_1 ,1.0846,127.8,11.1728,3.777,,,,,
T_pecari,7,455, cls_1 ,1.1395,63.9,23.8956,0.6125,,,,,
T_pecari,7,458, cls_1 ,1.0047,214.3271,28.2889,0.6125,,,,,
T_pecari,7,459, cls_1 ,1.0784,214.3271,769.1598,3.2666,,,,,
T_pecari,7,460, cls_1 ,1.063,101.0348,382.377,0.9187,,,,,
T_pecari,7,461, cls_1 ,1.0306,95.85,11.3281,1.225,,,,,
T_pecari,7,464, cls_1 ,1.0609,63.9,244.4619,3.0624,,,,,
T_pecari,7,465, cls_1 ,1.1068,71.4424,156.2585,9.6976,,,,,
T_pecari,7,468, cls_1 ,1.0386,127.8,8.6626,1.4291,,,,,
T_pecari,7,469, cls_1 ,1.1031,101.0348,1994.3829,0.8166,,,,,
T_pecari,7,471, cls_1 ,1.1075,63.9,17.6914,1.5312,,,,,
T_pecari,7,472, cls_1 ,1.0467,71.4424,23.6492,1.327,,,,,
T_pecari,7,473, cls_1 ,1.1507,101.0348,8.2299,5.104,,,,,
T_pecari,7,474, cls_1 ,1.0884,63.9,12.8111,2.6541,,,,,
T_pecari,7,475, cls_1 ,1.0358,63.9,19.0822,0.3062,,,,,
T_pecari,7,476, cls_1 ,1.0592,115.1974,35.9637,2.0416,,,,,
T_pecari,7,477, cls_1 ,1.096,416.577,2.5247,1.9395,,,,,
T_pecari,7,478, cls_1 ,1.0975,257.5891,3.1312,0.4083,,,,,
T_pecari,7,481, cls_1 ,1.1661,101.0348,55.2222,4.1853,,,,,
T_pecari,7,482, cls_1 ,1.0155,71.4424,24.1235,0.2042,,,,,
T_pecari,7,490, cls_1 ,1.1829,63.9,39.1479,5.3082,,,,,
T_pecari,7,493, cls_1 ,1.1974,95.85,142.2948,9.2893,,,,,
T_pecari,7,494, cls_1 ,1.3046,63.9,883.2689,3453.6811,,,,,
T_pecari,7,498, cls_1 ,1.1522,95.85,36.4645,5.3082,,,,,
T_pecari,7,499, cls_1 ,1.167,63.9,404.8108,559.706,,,,,
T_pecari,7,500, cls_1 ,1.1154,71.4424,3.2043,1.4291,,,,,
T_pecari,7,503, cls_1 ,1.0473,115.1974,29.5537,0.8166,,,,,
T_pecari,7,505, cls_1 ,1.1031,191.7,11.6235,7.2477,,,,,
T_pecari,7,506, cls_1 ,1.0889,95.85,10.0589,0.9187,,,,,
T_pecari,7,507, cls_1 ,1.0473,127.8,20.4661,0.8166,,,,,
T_pecari,7,510, cls_1 ,1.0657,127.8,19.4603,1.6333,,,,,
T_pecari,7,515, cls_1 ,1,71.4424,27.3429,0.1021,,,,,
T_pecari,7,518, cls_1 ,1.177,159.75,75.492,7.1456,,,,,
T_pecari,7,519, cls_1 ,1.0926,71.4424,27.731,2.552,,,,,
T_pecari,7,520, cls_1 ,1.0155,71.4424,5.4629,0.2042,,,,,
T_pecari,7,521, cls_1 ,1.0537,63.9,4.1718,0.4083,,,,,
T_pecari,7,522, cls_1 ,1.0473,287.55,5.4732,0.8166,,,,,
T_pecari,7,524, cls_1 ,1.1166,404.1391,2.8184,3.0624,,,,,
T_pecari,7,526, cls_1 ,1.0882,159.75,92.371,27.4596,,,,,
T_pecari,7,527, cls_1 ,1.0914,63.9,4.458,0.3062,,,,,
T_pecari,7,528, cls_1 ,1.0769,101.0348,25.8111,0.8166,,,,,
T_pecari,7,529, cls_1 ,1.0283,95.85,10.7796,0.7146,,,,,
T_pecari,7,530, cls_1 ,1.1409,63.9,41.1057,2.2458,,,,,
T_pecari,7,532, cls_1 ,1.0283,71.4424,79.5545,0.7146,,,,,
T_pecari,7,536, cls_1 ,1.1046,415.35,4.0135,2.552,,,,,
T_pecari,7,537, cls_1 ,1.0937,90.3682,64.7267,2.2458,,,,,
T_pecari,7,538, cls_1 ,1.1084,71.4424,153.2602,1.7354,,,,,
T_pecari,7,539, cls_1 ,1,90.3682,422.4114,0.4083,,,,,
T_pecari,7,542, cls_1 ,1.1265,63.9,50.2308,0.8166,,,,,
T_pecari,7,543, cls_1 ,1.1001,71.4424,48.1028,1.6333,,,,,
T_pecari,7,544, cls_1 ,1.0606,90.3682,3774.7248,1.4291,,,,,
T_pecari,7,545, cls_1 ,1.0843,90.3682,35.6035,2.4499,,,,,
T_pecari,7,547, cls_1 ,1.0155,71.4424,1200.7654,0.2042,,,,,
T_pecari,7,548, cls_1 ,1.0475,90.3682,67.0426,8.5747,,,,,
T_pecari,7,551, cls_1 ,1.088,287.55,5.9257,1.1229,,,,,
T_pecari,7,552, cls_1 ,1.1836,71.4424,3768.2689,18.8848,,,,,
T_pecari,7,553, cls_1 ,1.0473,101.0348,224.1521,0.8166,,,,,
T_pecari,7,559, cls_1 ,1.15,63.9,40.1664,11.9434,,,,,
T_pecari,7,560, cls_1 ,1.2407,63.9,151.4367,34.299,,,,,
T_pecari,7,561, cls_1 ,1.0537,71.4424,3.2984,0.4083,,,,,
T_pecari,7,570, cls_1 ,1.2021,63.9,40.3886,27.3575,,,,,
T_pecari,7,571, cls_1 ,1.0155,71.4424,3.7001,0.2042,,,,,
T_pecari,7,573, cls_1 ,1.1526,115.1974,73.723,3.2666,,,,,
T_pecari,7,574, cls_1 ,1.1239,272.9809,90.0883,2.1437,,,,,
T_pecari,7,576, cls_1 ,1.0909,620.3568,3.1894,0.2042,,,,,
T_pecari,7,578, cls_1 ,1.0971,214.3271,30.7858,2.4499,,,,,
T_pecari,7,582, cls_1 ,1.063,544.0889,10.6858,0.9187,,,,,
T_pecari,7,588, cls_1 ,1,63.9,98.6722,0.1021,,,,,
T_pecari,7,595, cls_1 ,1.1519,63.9,695.0126,3.0624,,,,,
T_pecari,7,596, cls_1 ,1.1183,63.9,69.4071,3.5728,,,,,
T_pecari,7,597, cls_1 ,1.059,172.056,3.888,1.7354,,,,,
T_pecari,7,602, cls_1 ,1.1182,101.0348,129.828,6.2269,,,,,
T_pecari,7,603, cls_1 ,1.0993,90.3682,46.746,1.0208,,,,,
T_pecari,7,606, cls_1 ,1.0402,131.7332,55.0233,1.1229,,,,,
T_pecari,7,610, cls_1 ,1.1942,71.4424,72.1542,13.3725,,,,,
T_pecari,7,612, cls_1 ,1.0769,101.0348,44.7273,0.8166,,,,,
T_pecari,7,613, cls_1 ,1,71.4424,44.9254,0.1021,,,,,
T_pecari,7,614, cls_1 ,1.125,225.9206,243.8499,6.5331,,,,,
T_pecari,7,615, cls_1 ,1.0556,159.75,217.7591,1.225,,,,,
T_pecari,7,616, cls_1 ,1.0306,63.9,8464.2891,1.225,,,,,
T_pecari,7,620, cls_1 ,1.0988,172.056,3.9504,2.1437,,,,,
T_pecari,7,622, cls_1 ,1.1117,71.4424,60.4421,2.1437,,,,,
T_pecari,7,626, cls_1 ,1.068,95.85,3763.2628,4.8999,,,,,
T_pecari,7,629, cls_1 ,1.102,95.85,41.9987,1.8374,,,,,
T_pecari,7,630, cls_1 ,1.2287,63.9,6853.2053,73.2936,,,,,
T_pecari,7,636, cls_1 ,1,90.3682,693.2034,0.1021,,,,,
T_pecari,7,637, cls_1 ,1.0887,71.4424,1890.4104,2.9603,,,,,
T_pecari,7,639, cls_1 ,1.0889,287.55,92.9953,0.9187,,,,,
T_pecari,7,640, cls_1 ,1.063,95.85,45.6296,0.9187,,,,,
T_pecari,7,641, cls_1 ,1.1265,95.85,83.5624,0.8166,,,,,
T_pecari,7,651, cls_1 ,1.0728,223.65,30.8277,1.5312,,,,,
T_pecari,7,656, cls_1 ,1.0473,186.2989,7.3887,0.8166,,,,,
T_pecari,7,657, cls_1 ,1.0688,142.8847,57.887,0.5104,,,,,
T_pecari,7,660, cls_1 ,1.0465,63.9,9.4,0.6125,,,,,
T_pecari,7,661, cls_1 ,1.022,63.9,6.1683,1.0208,,,,,
T_pecari,7,663, cls_1 ,1.1271,71.4424,92.2428,1.1229,,,,,
T_pecari,7,664, cls_1 ,1.1596,63.9,8481.0096,8.7789,,,,,
T_pecari,7,671, cls_1 ,1.0769,159.75,9.7601,0.8166,,,,,
T_pecari,7,672, cls_1 ,1.0537,63.9,170.8613,0.4083,,,,,
T_pecari,7,676, cls_1 ,1.1153,101.0348,4.5532,3.6749,,,,,
T_pecari,7,677, cls_1 ,1,71.4424,206.6383,0.1021,,,,,
T_pecari,7,678, cls_1 ,1.035,95.85,300.3122,4.4915,,,,,
T_pecari,7,679, cls_1 ,1,63.9,157.977,0.1021,,,,,
T_pecari,7,680, cls_1 ,1.096,364.286,4.5136,1.9395,,,,,
T_pecari,7,682, cls_1 ,1,63.9,170.2609,0.1021,,,,,
T_pecari,7,683, cls_1 ,1.1249,71.4424,36.2558,8.0643,,,,,
T_pecari,7,684, cls_1 ,1.1597,63.9,1781.3349,82.685,,,,,
T_pecari,7,685, cls_1 ,1.0155,71.4424,120.8104,0.2042,,,,,
T_pecari,7,691, cls_1 ,1.0631,159.75,12.9381,0.7146,,,,,
T_pecari,7,692, cls_1 ,1.1589,127.8,32.7069,1.4291,,,,,
T_pecari,7,694, cls_1 ,1.0769,364.286,3.9529,0.8166,,,,,
T_pecari,7,698, cls_1 ,1.1601,63.9,8652.2087,21.2327,,,,,
T_pecari,7,699, cls_1 ,1.0799,131.7332,559.7291,2.2458,,,,,
T_pecari,7,702, cls_1 ,1.0932,194.3443,4.4271,0.7146,,,,,
T_pecari,7,705, cls_1 ,1,71.4424,2632.3983,0.1021,,,,,
T_pecari,7,706, cls_1 ,1.0261,127.8,25.2621,0.5104,,,,,
T_pecari,7,707, cls_1 ,1.1328,486.6479,3.5362,0.9187,,,,,
T_pecari,7,709, cls_1 ,1.1893,71.4424,3388.543,14.6996,,,,,
T_pecari,7,712, cls_1 ,1.0688,101.0348,10.1617,0.5104,,,,,
T_pecari,7,714, cls_1 ,1.1296,71.4424,31.5167,1.6333,,,,,
T_pecari,7,715, cls_1 ,1.1674,95.85,12.8923,3.2666,,,,,
T_pecari,7,718, cls_1 ,1.0358,63.9,30.3395,0.3062,,,,,
T_pecari,7,722, cls_1 ,1.0509,71.4424,9.1937,1.0208,,,,,
T_pecari,7,725, cls_1 ,1.0261,71.4424,29.0688,0.5104,,,,,
T_pecari,7,727, cls_1 ,1.1547,63.9,8508.1505,20.0077,,,,,
T_pecari,7,729, cls_1 ,1.1285,63.9,16.338,9.7997,,,,,
T_pecari,7,731, cls_1 ,1,71.4424,9.6037,0.1021,,,,,
T_pecari,7,735, cls_1 ,1.0881,159.75,7.1439,4.3895,,,,,
T_pecari,7,736, cls_1 ,1.1103,63.9,8.1402,2.9603,,,,,
T_pecari,7,740, cls_1 ,1.0537,63.9,18.8683,0.4083,,,,,
T_pecari,7,741, cls_1 ,1.0982,63.9,28.8781,1.225,,,,,
T_pecari,7,744, cls_1 ,1.0358,101.0348,115.5434,0.3062,,,,,
T_pecari,7,747, cls_1 ,1.1624,63.9,5.2137,6.4311,,,,,
T_pecari,7,748, cls_1 ,1.1197,115.1974,13.8051,0.7146,,,,,
T_pecari,7,750, cls_1 ,1.0358,115.1974,9.9071,0.3062,,,,,
T_pecari,7,751, cls_1 ,1.1327,115.1974,14.8279,5.4103,,,,,
T_pecari,7,752, cls_1 ,1,63.9,8642.0615,0.1021,,,,,
T_pecari,7,753, cls_1 ,1,63.9,13.8241,0.1021,,,,,
T_pecari,7,754, cls_1 ,1.0358,101.0348,336.1704,0.3062,,,,,
T_pecari,7,755, cls_1 ,1.1519,115.1974,2059.341,3.0624,,,,,
T_pecari,7,758, cls_1 ,1.0749,232.5995,39.097,5.0019,,,,,
T_pecari,7,759, cls_1 ,1.0338,71.4424,433.5186,0.9187,,,,,
T_pecari,7,760, cls_1 ,1.0982,191.7,5.2295,1.225,,,,,
T_pecari,7,763, cls_1 ,1.1125,243.324,5.8596,0.6125,,,,,
T_pecari,7,764, cls_1 ,1.089,90.3682,9.7873,1.327,,,,,
T_pecari,7,766, cls_1 ,1.0764,63.9,28.1386,1.0208,,,,,
T_pecari,7,767, cls_1 ,1.1387,63.9,4.7662,5.104,,,,,
T_pecari,7,768, cls_1 ,1.1001,101.0348,12.5551,3.5728,,,,,
T_pecari,7,769, cls_1 ,1,63.9,16.4951,0.1021,,,,,
T_pecari,7,775, cls_1 ,1.0889,90.3682,10.9633,0.9187,,,,,
T_pecari,7,778, cls_1 ,1,303.1043,3.2126,0.1021,,,,,
T_pecari,7,779, cls_1 ,1.0537,162.9137,5.608,0.4083,,,,,
T_pecari,7,781, cls_1 ,1.0889,63.9,421.7923,0.9187,,,,,
T_pecari,7,783, cls_1 ,1.0657,127.8,464.0678,1.6333,,,,,
T_pecari,7,786, cls_1 ,1.0728,63.9,9.4792,1.5312,,,,,
T_pecari,7,789, cls_1 ,1.1889,63.9,694.0267,5.9207,,,,,
T_pecari,7,790, cls_1 ,1.0889,63.9,8.6621,2.3478,,,,,
T_pecari,7,791, cls_1 ,1.0665,63.9,8461.1561,4.0832,,,,,
T_pecari,7,793, cls_1 ,1.0155,321.0935,12.2888,0.2042,,,,,
T_pecari,7,794, cls_1 ,1.0631,162.9137,6.1752,0.7146,,,,,
T_pecari,7,795, cls_1 ,1.0537,63.9,100.0383,0.4083,,,,,
T_pecari,7,796, cls_1 ,1.053,71.4424,6771.7382,1.5312,,,,,
T_pecari,7,797, cls_1 ,1.0809,255.6,4.3879,1.9395,,,,,
T_pecari,7,801, cls_1 ,1.1271,71.4424,12.8266,1.1229,,,,,
T_pecari,7,804, cls_1 ,1.1642,71.4424,10.5616,1.8374,,,,,
T_pecari,7,806, cls_1 ,1.0465,63.9,127.8271,0.6125,,,,,
T_pecari,7,809, cls_1 ,1.0537,271.1047,185.7051,0.4083,,,,,
T_pecari,7,810, cls_1 ,1.1371,63.9,6775.7883,4.5936,,,,,
T_pecari,7,811, cls_1 ,1.1265,243.324,5.7599,0.8166,,,,,
T_pecari,7,815, cls_1 ,1.0261,95.85,22.3162,0.5104,,,,,
T_pecari,7,820, cls_1 ,1.0975,131.7332,1697.8266,0.4083,,,,,
T_pecari,7,821, cls_1 ,1.0819,95.85,25.8299,0.6125,,,,,
T_pecari,7,822, cls_1 ,1.056,71.4424,1569.2747,36.3406,,,,,
T_pecari,7,824, cls_1 ,1.1075,191.7,5.866,1.5312,,,,,
T_pecari,7,825, cls_1 ,1.0889,191.7,5.8826,0.9187,,,,,
T_pecari,7,826, cls_1 ,1.0358,63.9,8459.7507,0.3062,,,,,
T_pecari,7,828, cls_1 ,1.0608,255.6,7.7561,3.879,,,,,
T_pecari,7,831, cls_1 ,1,63.9,8470.9682,0.1021,,,,,
T_pecari,7,835, cls_1 ,1.0803,63.9,8460.7926,7.0435,,,,,
T_pecari,7,838, cls_1 ,1.1455,101.0348,12.3764,42.6695,,,,,
T_pecari,7,839, cls_1 ,1,271.1047,6.0732,0.1021,,,,,
T_pecari,7,843, cls_1 ,1.0606,159.75,257.2202,1.4291,,,,,
T_pecari,7,845, cls_1 ,1.0529,271.1047,7.2934,1.8374,,,,,
T_pecari,7,848, cls_1 ,1.0688,101.0348,43.8665,0.5104,,,,,
T_pecari,7,849, cls_1 ,1.1125,71.4424,36.7222,0.6125,,,,,
T_pecari,7,851, cls_1 ,1,63.9,8460.2565,0.1021,,,,,
T_pecari,7,852, cls_1 ,1.1371,71.4424,8.9118,16.0266,,,,,
T_pecari,7,856, cls_1 ,1.0926,294.5644,9.2028,2.552,,,,,
T_pecari,7,857, cls_1 ,1.1738,63.9,23.9937,11.0247,,,,,
T_pecari,7,861, cls_1 ,1.0909,294.5644,10.464,0.2042,,,,,
T_pecari,7,862, cls_1 ,1.0971,230.3947,11.6305,2.4499,,,,,
T_pecari,7,867, cls_1 ,1,71.4424,51.5817,0.1021,,,,,
T_pecari,7,868, cls_1 ,1.0155,71.4424,6778.0304,0.2042,,,,,
T_pecari,7,869, cls_1 ,1.1913,71.4424,27.2628,23.8868,,,,,
T_pecari,7,870, cls_1 ,1.0889,90.3682,2608.8412,3.9811,,,,,
T_pecari,7,872, cls_1 ,1.0912,159.75,137.0889,11.433,,,,,
T_pecari,7,874, cls_1 ,1.0473,63.9,47.3861,0.8166,,,,,
T_pecari,7,879, cls_1 ,1.1846,101.0348,65.8768,21.0285,,,,,
T_pecari,7,882, cls_1 ,1.2067,71.4424,68.2124,57.0629,,,,,
T_pecari,7,888, cls_1 ,1.1183,127.8,32.5685,30.522,,,,,
T_pecari,7,891, cls_1 ,1.0283,71.4424,106.9734,0.7146,,,,,
T_pecari,7,893, cls_1 ,1.1099,71.4424,173.2894,1.9395,,,,,
T_pecari,7,895, cls_1 ,1.0517,159.75,19.9892,2.552,,,,,
T_pecari,7,900, cls_1 ,1.0465,131.7332,158.0115,0.6125,,,,,
T_pecari,7,901, cls_1 ,1.112,63.9,9.7184,0.9187,,,,,
T_pecari,7,903, cls_1 ,1.1474,115.1974,16.4003,2.9603,,,,,
T_pecari,7,904, cls_1 ,1,101.0348,37.2877,0.1021,,,,,
T_pecari,7,905, cls_1 ,1.0402,115.1974,175.8193,1.1229,,,,,
T_pecari,7,906, cls_1 ,1,63.9,14.0043,0.1021,,,,,
T_pecari,7,908, cls_1 ,1.0769,115.1974,1171.1019,0.8166,,,,,
T_pecari,7,909, cls_1 ,1.1226,63.9,16.5072,1.7354,,,,,
T_pecari,7,914, cls_1 ,1.0836,115.1974,2605.1325,1.6333,,,,,
T_pecari,7,915, cls_1 ,1,71.4424,129.7065,0.1021,,,,,
T_pecari,7,916, cls_1 ,1.0261,223.65,26.1946,0.5104,,,,,
T_pecari,7,917, cls_1 ,1.1529,90.3682,833.6324,6.4311,,,,,
T_pecari,7,918, cls_1 ,1.1299,71.4424,1695.8869,6.2269,,,,,
T_pecari,7,919, cls_1 ,1.0473,63.9,8462.7481,0.8166,,,,,
T_pecari,7,920, cls_1 ,1.0556,172.056,11.5676,1.225,,,,,
T_pecari,7,921, cls_1 ,1.1132,204.5798,10.519,6.9415,,,,,
T_pecari,7,922, cls_1 ,1.0932,90.3682,2614.9586,0.7146,,,,,
T_pecari,7,923, cls_1 ,1,71.4424,262.9832,0.1021,,,,,
T_pecari,7,924, cls_1 ,1.089,159.75,681.0909,1.327,,,,,
T_pecari,7,925, cls_1 ,1.1214,90.3682,2121.0283,3.4707,,,,,
T_pecari,7,926, cls_1 ,1.1415,71.4424,99.7274,1.8374,,,,,
T_pecari,7,928, cls_1 ,1.0769,95.85,3761.239,0.8166,,,,,
T_pecari,7,929, cls_1 ,1.0845,95.85,11.3205,5.8186,,,,,
T_pecari,7,933, cls_1 ,1.1554,90.3682,45.0453,2.7562,,,,,
T_pecari,7,934, cls_1 ,1.163,71.4424,65.8176,39.8113,,,,,
T_pecari,7,935, cls_1 ,1.063,71.4424,6771.4794,0.9187,,,,,
T_pecari,7,937, cls_1 ,1.0115,71.4424,6770.29,1.1229,,,,,
T_pecari,7,938, cls_1 ,1.0769,71.4424,6772.1695,1.7354,,,,,
T_pecari,7,943, cls_1 ,1.078,172.056,7.5932,1.225,,,,,
T_pecari,7,945, cls_1 ,1.0155,101.0348,3388.9998,0.2042,,,,,
T_pecari,7,946, cls_1 ,1.1337,90.3682,38.0994,1.225,,,,,
T_pecari,7,948, cls_1 ,1.0975,71.4424,3766.246,0.4083,,,,,
T_pecari,7,949, cls_1 ,1.0283,101.0348,62.5887,0.7146,,,,,
T_pecari,7,951, cls_1 ,1.0645,131.7332,1696.8658,7.1456,,,,,
T_pecari,7,952, cls_1 ,1.0545,101.0348,2609.7197,2.8582,,,,,
T_pecari,7,955, cls_1 ,1.0729,159.75,701.2577,5.104,,,,,
T_pecari,7,957, cls_1 ,1.1296,71.4424,1701.4757,1.6333,,,,,
T_pecari,7,958, cls_1 ,1.1306,180.7365,15.0745,7.2477,,,,,
T_pecari,7,960, cls_1 ,1.0741,142.8847,850.8736,4.1853,,,,,
T_pecari,7,961, cls_1 ,1.1197,101.0348,109.2602,0.7146,,,,,
T_pecari,7,966, cls_1 ,1.0764,63.9,236.1091,1.0208,,,,,
T_pecari,7,970, cls_1 ,1.0932,142.8847,190.3058,0.7146,,,,,
T_pecari,7,971, cls_1 ,1,63.9,8465.2891,0.1021,,,,,
T_pecari,7,972, cls_1 ,1.0909,71.4424,144.6928,0.2042,,,,,
T_pecari,7,974, cls_1 ,1.102,191.7,944.5458,1.8374,,,,,
T_pecari,7,978, cls_1 ,1.0889,115.1974,526.5982,0.9187,,,,,
T_pecari,7,979, cls_1 ,1.1346,63.9,165.0899,0.4083,,,,,
T_pecari,7,986, cls_1 ,1.1484,63.9,1315.0636,11.7392,,,,,
T_pecari,7,989, cls_1 ,1.0887,63.9,2610.825,2.9603,,,,,
T_pecari,7,990, cls_1 ,1.059,71.4424,6771.7862,1.7354,,,,,
T_pecari,7,992, cls_1 ,1.1596,63.9,1072.8772,13.8829,,,,,
T_pecari,7,994, cls_1 ,1.0261,63.9,108.5972,0.5104,,,,,
T_pecari,7,995, cls_1 ,1.0465,71.4424,134.0394,0.6125,,,,,
T_pecari,7,997, cls_1 ,1.0982,63.9,41.0451,1.225,,,,,
T_pecari,7,1000, cls_1 ,1.0657,63.9,6777.7232,1.6333,,,,,
T_pecari,7,1001, cls_1 ,1.1717,95.85,74.8581,14.0871,,,,,
T_pecari,7,1003, cls_1 ,1.056,204.5798,21.4828,2.4499,,,,,
T_pecari,7,1007, cls_1 ,1.1077,142.8847,47.8044,5.7165,,,,,
T_pecari,7,1011, cls_1 ,1.1462,63.9,269.6897,2.1437,,,,,
T_pecari,7,1012, cls_1 ,1,63.9,252.1526,0.1021,,,,,
T_pecari,7,1013, cls_1 ,1.1536,159.75,24.934,4.1853,,,,,
T_pecari,7,1014, cls_1 ,1.105,63.9,8463.0384,0.5104,,,,,
T_pecari,7,1016, cls_1 ,1.1031,131.7332,225.8196,0.8166,,,,,
T_pecari,7,1019, cls_1 ,1.0819,95.85,29.3675,0.6125,,,,,
T_pecari,7,1020, cls_1 ,1.0975,63.9,43.5577,0.4083,,,,,
T_pecari,7,1021, cls_1 ,1.1069,95.85,3763.7644,3.9811,,,,,
T_pecari,7,1022, cls_1 ,1.0728,131.7332,695.011,1.5312,,,,,
T_pecari,7,1024, cls_1 ,1.1312,95.85,14.4236,16.537,,,,,
T_pecari,7,1025, cls_1 ,1.0537,202.0695,849.6014,0.4083,,,,,
T_pecari,7,1027, cls_1 ,1.0688,71.4424,257.6979,0.5104,,,,,
T_pecari,7,1029, cls_1 ,1.0889,180.7365,72.6113,0.9187,,,,,
T_pecari,7,1036, cls_1 ,1.1457,101.0348,21.4407,9.6976,,,,,
T_pecari,7,1038, cls_1 ,1.0358,71.4424,6769.8993,0.3062,,,,,
T_pecari,7,1041, cls_1 ,1.0819,101.0348,3387.9121,0.6125,,,,,
T_pecari,7,1044, cls_1 ,1.0402,71.4424,206.4437,1.1229,,,,,
T_pecari,7,1045, cls_1 ,1.2188,71.4424,495.9369,9.5955,,,,,
T_pecari,7,1046, cls_1 ,1.2147,90.3682,168.8447,2.4499,,,,,
T_pecari,7,1047, cls_1 ,1,71.4424,11.2936,0.1021,,,,,
T_pecari,7,1049, cls_1 ,1.078,186.2989,149.7116,1.225,,,,,
T_pecari,7,1053, cls_1 ,1.0358,71.4424,8.3145,0.3062,,,,,
T_pecari,7,1054, cls_1 ,1.1409,63.9,1369.1153,2.0416,,,,,
T_pecari,7,1057, cls_1 ,1.1331,63.9,16.0151,4.1853,,,,,
T_pecari,7,1058, cls_1 ,1.0933,71.4424,6773.5652,1.7354,,,,,
T_pecari,7,1061, cls_1 ,1.1545,71.4424,6992.4553,6.329,,,,,
T_pecari,7,1063, cls_1 ,1.1328,63.9,185.4602,0.9187,,,,,
T_pecari,7,1065, cls_1 ,1.0688,63.9,482.8516,0.5104,,,,,
T_pecari,7,1071, cls_1 ,1.0131,63.9,22.6077,0.8166,,,,,
T_pecari,7,1072, cls_1 ,1.0884,71.4424,96.3227,2.6541,,,,,
T_pecari,7,1073, cls_1 ,1,63.9,134.1792,0.1021,,,,,
T_pecari,7,1075, cls_1 ,1,63.9,137.7057,0.1021,,,,,
T_pecari,7,1076, cls_1 ,1.2116,63.9,1927.9045,181.907,,,,,
T_pecari,7,1077, cls_1 ,1.0402,90.3682,4234.9816,1.1229,,,,,
T_pecari,7,1080, cls_1 ,1.1047,159.75,21.9918,8.4727,,,,,
T_pecari,7,1081, cls_1 ,1.1289,63.9,484.3988,3.777,,,,,
T_pecari,7,1082, cls_1 ,1.1942,71.4424,6773.3205,4.1853,,,,,
T_pecari,7,1084, cls_1 ,1.0884,63.9,921.268,2.6541,,,,,
T_pecari,7,1086, cls_1 ,1.0688,63.9,391.5736,0.5104,,,,,
T_pecari,7,1087, cls_1 ,1.0909,71.4424,531.9302,0.2042,,,,,
T_pecari,7,1088, cls_1 ,1.1066,90.3682,48.2664,2.2458,,,,,
T_pecari,7,1091, cls_1 ,1.2522,63.9,88.6414,31.9511,,,,,
T_pecari,7,1094, cls_1 ,1.1637,95.85,12.4091,2.7562,,,,,
T_pecari,7,1096, cls_1 ,1.1981,90.3682,34.5655,16.6391,,,,,
T_pecari,7,1098, cls_1 ,1.0465,63.9,6778.2062,0.6125,,,,,
T_pecari,7,1101, cls_1 ,1.0688,115.1974,13.2598,0.5104,,,,,
T_pecari,7,1103, cls_1 ,1.0402,95.85,268.3393,1.1229,,,,,
T_pecari,7,1106, cls_1 ,1.0358,63.9,10.053,0.3062,,,,,
T_pecari,7,1107, cls_1 ,1.0338,131.7332,6.4299,0.9187,,,,,
T_pecari,7,1108, cls_1 ,1.0155,63.9,32.9648,0.2042,,,,,
T_pecari,7,1109, cls_1 ,1.1154,63.9,466.6994,1.4291,,,,,
T_pecari,7,1119, cls_1 ,1,63.9,7.7486,0.4083,,,,,
T_pecari,7,1120, cls_1 ,1.0688,63.9,34.4894,0.5104,,,,,
T_pecari,7,1121, cls_1 ,1.1226,63.9,341.9217,10.4122,,,,,
T_pecari,7,1122, cls_1 ,1.1073,71.4424,6772.4655,1.327,,,,,
T_pecari,7,1124, cls_1 ,1.0465,272.9809,357.6378,0.6125,,,,,
T_pecari,7,1128, cls_1 ,1.1526,63.9,70.7911,3.2666,,,,,
T_pecari,7,1131, cls_1 ,1.0537,71.4424,434.4033,0.4083,,,,,
T_pecari,7,1132, cls_1 ,1.1042,95.85,3765.5858,2.0416,,,,,
T_pecari,7,1134, cls_1 ,1.0993,63.9,84.1163,1.0208,,,,,
T_pecari,7,1135, cls_1 ,1,63.9,208.7601,0.1021,,,,,
T_pecari,7,1136, cls_1 ,1.0283,191.7,130.5476,0.7146,,,,,
T_pecari,7,1138, cls_1 ,1,71.4424,1545.288,0.1021,,,,,
T_pecari,7,1142, cls_1 ,1.1065,101.0348,13.6615,3.6749,,,,,
T_pecari,7,1143, cls_1 ,1.0909,159.75,42.2555,0.2042,,,,,
T_pecari,7,1144, cls_1 ,1.1372,63.9,189.13,1.5312,,,,,
T_pecari,7,1145, cls_1 ,1.1042,63.9,138.7898,2.0416,,,,,
T_pecari,7,1153, cls_1 ,1,71.4424,228.4707,0.1021,,,,,
T_pecari,7,1156, cls_1 ,1.116,127.8,65.8858,1.8374,,,,,
T_pecari,7,1158, cls_1 ,1.1332,328.9454,203.0761,3.3686,,,,,
T_pecari,7,1159, cls_1 ,1.0819,505.1739,4.3938,0.6125,,,,,
T_pecari,7,1160, cls_1 ,1.0155,101.0348,16.8905,0.2042,,,,,
T_pecari,7,1161, cls_1 ,1.1305,71.4424,470.2308,4.2874,,,,,
T_pecari,7,1162, cls_1 ,1.0819,71.4424,166.8718,0.6125,,,,,
T_pecari,7,1165, cls_1 ,1.0932,596.8753,5.7728,0.7146,,,,,
T_pecari,7,1166, cls_1 ,1.0858,135.5524,21.1735,5.3082,,,,,
T_pecari,7,1167, cls_1 ,1.1412,319.5,100.2493,3.879,,,,,
T_pecari,7,1170, cls_1 ,1.0155,101.0348,67.4709,0.2042,,,,,
T_pecari,7,1173, cls_1 ,1,101.0348,3391.8519,0.1021,,,,,
T_pecari,7,1176, cls_1 ,1.1265,71.4424,161.2408,0.8166,,,,,
T_pecari,7,1177, cls_1 ,1.1429,90.3682,482.0284,1.6333,,,,,
T_pecari,7,1179, cls_1 ,1.0805,90.3682,49.6301,1.4291,,,,,
T_pecari,7,1182, cls_1 ,1.1809,90.3682,286.3258,14.9037,,,,,
T_pecari,7,1185, cls_1 ,1.0688,101.0348,97.7805,0.5104,,,,,
T_pecari,7,1187, cls_1 ,1.1289,101.0348,22.1877,3.777,,,,,
T_pecari,7,1188, cls_1 ,1,272.9809,69.8087,0.1021,,,,,
T_pecari,7,1189, cls_1 ,1.0988,142.8847,59.4778,2.1437,,,,,
T_pecari,7,1190, cls_1 ,1.2155,63.9,51.1272,23.4785,,,,,
T_pecari,7,1192, cls_1 ,1.0998,162.9137,47.4681,2.9603,,,,,
T_pecari,7,1195, cls_1 ,1.0914,159.75,1381.2631,0.3062,,,,,
T_pecari,7,1196, cls_1 ,1.046,63.9,72.1089,1.6333,,,,,
T_pecari,7,1197, cls_1 ,1.1477,191.7,236.2057,0.8166,,,,,
T_pecari,7,1198, cls_1 ,1.0631,142.8847,39.0508,0.7146,,,,,
T_pecari,7,1199, cls_1 ,1.1532,90.3682,45.9817,12.3517,,,,,
T_pecari,7,1200, cls_1 ,1.1614,63.9,8923.8489,48.8964,,,,,
T_pecari,7,1201, cls_1 ,1.0889,225.9206,45.6402,0.9187,,,,,
T_pecari,7,1202, cls_1 ,1.1108,63.9,314.8669,5.9207,,,,,
T_pecari,7,1203, cls_1 ,1.0283,63.9,96.5586,0.7146,,,,,
T_pecari,7,1205, cls_1 ,1.1226,204.5798,84.0435,1.7354,,,,,
T_pecari,7,1206, cls_1 ,1,63.9,113.9862,0.1021,,,,,
T_pecari,7,1207, cls_1 ,1.0932,90.3682,5029.5685,0.7146,,,,,
T_pecari,7,1208, cls_1 ,1.1641,63.9,69.3913,9.6976,,,,,
T_pecari,7,1209, cls_1 ,1.088,71.4424,114.3212,1.1229,,,,,
T_pecari,7,1210, cls_1 ,1.0932,186.2989,7.9779,0.7146,,,,,
T_pecari,7,1213, cls_1 ,1.0771,95.85,19.6364,3.6749,,,,,
T_pecari,7,1215, cls_1 ,1.1154,90.3682,923.7994,1.4291,,,,,
T_pecari,7,1216, cls_1 ,1.2374,63.9,1399.5228,649.4346,,,,,
T_pecari,7,1217, cls_1 ,1.0932,63.9,464.1494,0.7146,,,,,
T_pecari,7,1219, cls_1 ,1.0937,95.85,27.227,2.2458,,,,,
T_pecari,7,1220, cls_1 ,1.1197,71.4424,7118.7523,0.7146,,,,,
T_pecari,7,1221, cls_1 ,1.0359,101.0348,71.9545,2.552,,,,,
T_pecari,7,1222, cls_1 ,1.1663,71.4424,59.969,10.8205,,,,,
T_pecari,7,1223, cls_1 ,1.1761,101.0348,64.653,7.7581,,,,,
T_pecari,7,1224, cls_1 ,1.07,71.4424,91.199,3.1645,,,,,
T_pecari,7,1225, cls_1 ,1.0701,71.4424,94.4441,2.1437,,,,,
T_pecari,7,1226, cls_1 ,1.0688,63.9,262.4246,0.5104,,,,,
T_pecari,7,1227, cls_1 ,1.1662,63.9,1653.3726,39.6071,,,,,
T_pecari,7,1228, cls_1 ,1.0537,71.4424,306.1798,0.4083,,,,,
T_pecari,7,1229, cls_1 ,1.1521,101.0348,81.0669,33.8906,,,,,
T_pecari,7,1231, cls_1 ,1.1756,63.9,726.8888,20.5181,,,,,
T_pecari,7,1233, cls_1 ,1,71.4424,24.4784,0.1021,,,,,
T_pecari,7,1234, cls_1 ,1.1477,90.3682,20.7769,0.8166,,,,,
T_pecari,7,1235, cls_1 ,1.1434,71.4424,87.4909,0.7146,,,,,
T_pecari,7,1236, cls_1 ,1.078,159.75,20.72,1.225,,,,,
T_pecari,7,1237, cls_1 ,1.0689,159.75,26.9399,1.327,,,,,
T_pecari,7,1238, cls_1 ,1.0556,127.8,23.6121,7.2477,,,,,
T_pecari,7,1239, cls_1 ,1.0509,71.4424,27.8332,1.0208,,,,,
T_pecari,7,1240, cls_1 ,1.0261,63.9,1730.9778,0.5104,,,,,
T_pecari,7,1241, cls_1 ,1.0654,71.4424,23.995,1.1229,,,,,
T_pecari,7,1242, cls_1 ,1.0769,71.4424,23.5608,1.7354,,,,,
T_pecari,7,1243, cls_1 ,1.1862,63.9,1631.0307,77.6831,,,,,
T_pecari,7,1244, cls_1 ,1.0993,416.577,4.4577,1.0208,,,,,
T_pecari,7,1245, cls_1 ,1.1075,71.4424,18.8801,1.5312,,,,,
T_pecari,7,1248, cls_1 ,1.0274,223.65,9.6668,4.2874,,,,,
T_pecari,7,1249, cls_1 ,1.0631,214.3271,23.3136,0.7146,,,,,
T_pecari,7,1253, cls_1 ,1.0338,127.8,22.6999,0.9187,,,,,
T_pecari,7,1257, cls_1 ,1.167,71.4424,1323.7224,0.8166,,,,,
T_pecari,7,1258, cls_1 ,1.0335,71.4424,168.6844,1.8374,,,,,
T_pecari,7,1260, cls_1 ,1.1638,63.9,249.9335,0.5104,,,,,
T_pecari,7,1261, cls_1 ,1.0843,71.4424,56.6847,2.4499,,,,,
T_pecari,7,1263, cls_1 ,1.1096,127.8,28.385,3.2666,,,,,
T_pecari,7,1264, cls_1 ,1.105,95.85,728.3158,0.5104,,,,,
T_pecari,7,1265, cls_1 ,1.186,115.1974,25.2012,37.2593,,,,,
T_pecari,7,1267, cls_1 ,1.089,90.3682,811.8685,1.327,,,,,
T_pecari,7,1268, cls_1 ,1.0155,71.4424,100.1564,0.2042,,,,,
T_pecari,7,1269, cls_1 ,1.0654,101.0348,90.4154,1.1229,,,,,
T_pecari,7,1271, cls_1 ,1.0688,172.056,33.2166,0.5104,,,,,
T_pecari,7,1272, cls_1 ,1.0537,101.0348,647.8161,0.4083,,,,,
T_pecari,7,1279, cls_1 ,1.1477,71.4424,655.7375,0.8166,,,,,
T_pecari,7,1281, cls_1 ,1.1004,71.4424,130.9176,4.5936,,,,,
T_pecari,7,1284, cls_1 ,1.1242,115.1974,58.6853,1.327,,,,,
T_pecari,7,1287, cls_1 ,1.0764,115.1974,34.7518,1.0208,,,,,
T_pecari,7,1288, cls_1 ,1.1381,71.4424,179.5561,3.4707,,,,,
T_pecari,7,1290, cls_1 ,1.0954,63.9,200.5609,26.1325,,,,,
T_pecari,7,1292, cls_1 ,1.0465,101.0348,668.323,0.6125,,,,,
T_pecari,7,1293, cls_1 ,1.1926,63.9,1349.9261,56.2462,,,,,
T_pecari,7,1294, cls_1 ,1.0616,101.0348,657.2135,4.2874,,,,,
T_pecari,7,1295, cls_1 ,1.0155,127.8,44.8982,0.2042,,,,,
T_pecari,7,1296, cls_1 ,1.1361,71.4424,808.83,13.7808,,,,,
T_pecari,7,1298, cls_1 ,1.1242,127.8,142.1485,1.327,,,,,
T_pecari,7,1301, cls_1 ,1.0647,71.4424,135.5219,1.9395,,,,,
T_pecari,7,1303, cls_1 ,1.0835,63.9,275.1892,4.5936,,,,,
T_pecari,7,1304, cls_1 ,1.1084,63.9,109.6799,1.7354,,,,,
T_pecari,7,1306, cls_1 ,1.1125,63.9,158.7017,0.6125,,,,,
T_pecari,7,1307, cls_1 ,1.0473,63.9,129.2556,0.8166,,,,,
T_pecari,7,1308, cls_1 ,1.1183,95.85,113.9539,3.5728,,,,,
T_pecari,7,1309, cls_1 ,1.1658,63.9,150.841,11.2288,,,,,
T_pecari,7,1312, cls_1 ,1.0805,101.0348,34.2011,1.4291,,,,,
T_pecari,7,15, cls_5 ,1.096,289.3196,0.5625,1.9395,,,,,
T_pecari,7,18, cls_5 ,1.3031,63.9,147.3849,88.7077,,,,,
T_pecari,7,28, cls_5 ,1.0631,289.3196,0.8043,0.7146,,,,,
T_pecari,7,41, cls_5 ,1.063,232.5995,0.2698,0.9187,,,,,
T_pecari,7,52, cls_5 ,1.063,232.5995,0.2694,0.9187,,,,,
T_pecari,7,60, cls_5 ,1.0764,1418.0906,0.1599,1.0208,,,,,
T_pecari,7,146, cls_5 ,1.105,90.3682,108.6741,0.5104,,,,,
T_pecari,7,191, cls_5 ,1.0465,610.4039,2.5234,0.6125,,,,,
T_pecari,7,206, cls_5 ,1.2029,71.4424,173.9042,1.225,,,,,
T_pecari,7,211, cls_5 ,1.0155,1384.2132,0.7905,0.2042,,,,,
T_pecari,7,254, cls_5 ,1.0358,1754.634,0.3476,0.3062,,,,,
T_pecari,7,256, cls_5 ,1.0769,1917,0.0889,1.7354,,,,,
T_pecari,7,257, cls_5 ,1.0261,1470.0472,0.055,0.5104,,,,,
T_pecari,7,325, cls_5 ,1.1369,71.4424,174.7869,0.3062,,,,,
T_pecari,7,336, cls_5 ,1.2644,63.9,218.1629,58.492,,,,,
T_pecari,7,345, cls_5 ,1.0155,63.9,128.6706,0.2042,,,,,
T_pecari,7,346, cls_5 ,1,63.9,184.217,0.1021,,,,,
T_pecari,7,358, cls_5 ,1.0261,162.9137,0.3052,0.5104,,,,,
T_pecari,7,367, cls_5 ,1.1197,162.9137,0.226,0.7146,,,,,
T_pecari,7,389, cls_5 ,1.0914,71.4424,116.9365,0.3062,,,,,
T_pecari,7,457, cls_5 ,1.0631,1727.9604,0.0443,0.7146,,,,,
T_pecari,7,462, cls_5 ,1.0505,352.8993,0.829,4.7978,,,,,
T_pecari,7,483, cls_5 ,1.1337,364.286,0.7768,1.225,,,,,
T_pecari,7,502, cls_5 ,1.0689,352.8993,1.636,1.327,,,,,
T_pecari,7,511, cls_5 ,1,159.75,0.5732,0.1021,,,,,
T_pecari,7,514, cls_5 ,1.0338,1259.0895,0.088,0.9187,,,,,
T_pecari,7,523, cls_5 ,1.0914,159.75,0.7527,0.3062,,,,,
T_pecari,7,546, cls_5 ,1.1316,434.567,1.3898,6.1248,,,,,
T_pecari,7,587, cls_5 ,1.0131,1259.0895,0.0886,0.8166,,,,,
T_pecari,7,591, cls_5 ,1.0261,2426.9385,0.0224,0.5104,,,,,
T_pecari,7,765, cls_5 ,1.0932,2864.1175,0.0896,0.7146,,,,,
T_pecari,7,800, cls_5 ,1.0261,1938.4463,0.2401,0.5104,,,,,
T_pecari,7,877, cls_5 ,1.1839,344.112,1.1161,4.5936,,,,,
T_pecari,7,880, cls_5 ,1.1416,344.112,0.7401,10.1059,,,,,
T_pecari,7,884, cls_5 ,1.0465,364.286,0.4975,0.6125,,,,,
T_pecari,7,899, cls_5 ,1.1271,71.4424,2.4702,1.1229,,,,,
T_pecari,7,911, cls_5 ,1.0631,71.4424,2.8827,0.7146,,,,,
T_pecari,7,927, cls_5 ,1.1811,709.4051,0.0941,3.2666,,,,,
T_pecari,7,973, cls_5 ,1.0473,709.4051,0.1642,0.8166,,,,,
T_pecari,7,980, cls_5 ,1.1768,230.3947,1.1616,5.6144,,,,,
T_pecari,7,1037, cls_5 ,1.0728,230.3947,4.297,1.5312,,,,,
T_pecari,7,1048, cls_5 ,1.2321,71.4424,5.5157,20.7223,,,,,
T_pecari,7,1155, cls_5 ,1.0509,223.65,4.2593,1.0208,,,,,
T_pecari,7,1218, cls_5 ,1.1204,71.4424,40.6644,2.4499,,,,,
T_pecari,7,1266, cls_5 ,1.0509,2173.0698,0.0201,1.0208,,,,,
T_pecari,7,1291, cls_5 ,1.0358,3093.7104,0.0442,0.3062,,,,,
T_pecari,7,1299, cls_5 ,1.0914,314.671,0.1237,0.3062,,,,,
T_pecari,7,1302, cls_5 ,1.0509,314.671,0.0514,1.0208,,,,,
T_pecari,7,23, cls_6 ,1.0819,1712.5319,0.2035,0.6125,,,,,
T_pecari,7,29, cls_6 ,1.1066,101.0348,23.7687,2.2458,,,,,
T_pecari,7,46, cls_6 ,1.1329,101.0348,4.4143,24.0909,,,,,
T_pecari,7,85, cls_6 ,1.1172,289.3196,3.3116,2.0416,,,,,
T_pecari,7,95, cls_6 ,1.0987,115.1974,18.9311,1.4291,,,,,
T_pecari,7,99, cls_6 ,1.0799,257.5891,0.7121,2.2458,,,,,
T_pecari,7,114, cls_6 ,1.0852,301.4157,3.154,6.2269,,,,,
T_pecari,7,120, cls_6 ,1.0769,257.5891,0.681,0.8166,,,,,
T_pecari,7,148, cls_6 ,1.082,115.1974,6.5752,5.5123,,,,,
T_pecari,7,155, cls_6 ,1.0926,316.2889,1.4267,2.552,,,,,
T_pecari,7,161, cls_6 ,1.0819,428.6542,0.276,0.6125,,,,,
T_pecari,7,167, cls_6 ,1.1506,115.1974,5.0178,7.8602,,,,,
T_pecari,7,183, cls_6 ,1.0965,428.6542,0.1346,3.3686,,,,,
T_pecari,7,216, cls_6 ,1.0679,505.1739,0.8908,17.9661,,,,,
T_pecari,7,235, cls_6 ,1.0338,557.9828,0.3164,0.9187,,,,,
T_pecari,7,244, cls_6 ,1.1096,202.0695,3.547,3.879,,,,,
T_pecari,7,261, cls_6 ,1.1043,202.0695,2.1338,12.0455,,,,,
T_pecari,7,264, cls_6 ,1.0547,243.324,0.3718,5.6144,,,,,
T_pecari,7,277, cls_6 ,1.0688,71.4424,26.592,0.5104,,,,,
T_pecari,7,281, cls_6 ,1.1556,115.1974,7.3816,5.4103,,,,,
T_pecari,7,285, cls_6 ,1.1153,71.4424,4.6905,13.2704,,,,,
T_pecari,7,286, cls_6 ,1.1072,389.9995,1.1675,5.0019,,,,,
T_pecari,7,294, cls_6 ,1.0769,101.0348,3.555,1.7354,,,,,
T_pecari,7,300, cls_6 ,1.0914,202.0695,2.122,0.3062,,,,,
T_pecari,7,302, cls_6 ,1.0402,243.324,1.1973,1.1229,,,,,
T_pecari,7,313, cls_6 ,1,71.4424,6.6241,0.1021,,,,,
T_pecari,7,314, cls_6 ,1.0815,372.5978,1.8399,5.104,,,,,
T_pecari,7,315, cls_6 ,1.1689,71.4424,4.9528,2.4499,,,,,
T_pecari,7,322, cls_6 ,1.0319,115.1974,10.053,2.6541,,,,,
T_pecari,7,329, cls_6 ,1.0358,63.9,2.5082,0.3062,,,,,
T_pecari,7,332, cls_6 ,1.096,384.7289,0.3206,1.9395,,,,,
T_pecari,7,335, cls_6 ,1.0155,63.9,3.3404,0.2042,,,,,
T_pecari,7,338, cls_6 ,1.1125,101.0348,2.3376,3.4707,,,,,
T_pecari,7,339, cls_6 ,1.0465,71.4424,6.0878,0.6125,,,,,
T_pecari,7,341, cls_6 ,1.0819,63.9,2.56,0.6125,,,,,
T_pecari,7,342, cls_6 ,1.0689,101.0348,4.5939,1.327,,,,,
T_pecari,7,348, cls_6 ,1,63.9,4.3385,0.1021,,,,,
T_pecari,7,350, cls_6 ,1.0131,159.75,2.0671,0.8166,,,,,
T_pecari,7,351, cls_6 ,1.1265,63.9,2.3134,0.8166,,,,,
T_pecari,7,354, cls_6 ,1.0467,71.4424,3.0329,1.327,,,,,
T_pecari,7,355, cls_6 ,1.0631,159.75,2.3328,0.7146,,,,,
T_pecari,7,363, cls_6 ,1,63.9,3.4274,0.1021,,,,,
T_pecari,7,368, cls_6 ,1.0402,357.2119,0.8849,1.1229,,,,,
T_pecari,7,370, cls_6 ,1,71.4424,2.0136,0.1021,,,,,
T_pecari,7,371, cls_6 ,1.1358,63.9,5.1782,1.7354,,,,,
T_pecari,7,377, cls_6 ,1,135.5524,2.189,0.1021,,,,,
T_pecari,7,379, cls_6 ,1.0688,101.0348,1.9397,0.5104,,,,,
T_pecari,7,380, cls_6 ,1,71.4424,2.2859,0.1021,,,,,
T_pecari,7,383, cls_6 ,1.0835,1725.3,0.0769,5.0019,,,,,
T_pecari,7,385, cls_6 ,1,63.9,7.4923,0.1021,,,,,
T_pecari,7,386, cls_6 ,1.0689,63.9,2.4804,1.327,,,,,
T_pecari,7,388, cls_6 ,1.0909,71.4424,4.7736,0.2042,,,,,
T_pecari,7,394, cls_6 ,1.0889,71.4424,2.8431,0.9187,,,,,
T_pecari,7,399, cls_6 ,1.0749,159.75,2.0605,5.0019,,,,,
T_pecari,7,400, cls_6 ,1.1871,101.0348,4.3162,1.0208,,,,,
T_pecari,7,402, cls_6 ,1,202.0695,1.9216,0.1021,,,,,
T_pecari,7,406, cls_6 ,1.0473,971.7213,0.1854,0.8166,,,,,
T_pecari,7,409, cls_6 ,1.0358,101.0348,3.2771,0.3062,,,,,
T_pecari,7,410, cls_6 ,1.0386,63.9,7.9511,1.4291,,,,,
T_pecari,7,412, cls_6 ,1.123,101.0348,2.1759,1.9395,,,,,
T_pecari,7,426, cls_6 ,1,101.0348,2.589,0.1021,,,,,
T_pecari,7,427, cls_6 ,1.0155,223.65,2.0801,0.2042,,,,,
T_pecari,7,433, cls_6 ,1.0622,101.0348,3.8908,2.6541,,,,,
T_pecari,7,439, cls_6 ,1.0881,225.9206,1.3396,11.2288,,,,,
T_pecari,7,443, cls_6 ,1.1534,71.4424,4.1515,3.4707,,,,,
T_pecari,7,444, cls_6 ,1.1397,71.4424,7.9982,14.1892,,,,,
T_pecari,7,445, cls_6 ,1.0471,225.9206,2.7182,1.9395,,,,,
T_pecari,7,446, cls_6 ,1.1266,95.85,15.8792,6.4311,,,,,
T_pecari,7,448, cls_6 ,1.088,101.0348,5.0515,1.1229,,,,,
T_pecari,7,451, cls_6 ,1.0914,191.7,1.9422,0.3062,,,,,
T_pecari,7,452, cls_6 ,1,90.3682,5.4562,0.1021,,,,,
T_pecari,7,456, cls_6 ,1.0473,159.75,0.5452,0.8166,,,,,
T_pecari,7,463, cls_6 ,1.1337,71.4424,13.7759,1.225,,,,,
T_pecari,7,466, cls_6 ,1.0509,159.75,0.456,1.0208,,,,,
T_pecari,7,470, cls_6 ,1.1672,71.4424,2.4691,1.6333,,,,,
T_pecari,7,479, cls_6 ,1,71.4424,5.0213,0.1021,,,,,
T_pecari,7,480, cls_6 ,1.0155,95.85,2.6545,0.2042,,,,,
T_pecari,7,484, cls_6 ,1.1066,71.4424,3.7643,3.0624,,,,,
T_pecari,7,486, cls_6 ,1,101.0348,3.4856,0.1021,,,,,
T_pecari,7,487, cls_6 ,1.0909,71.4424,28.755,0.2042,,,,,
T_pecari,7,489, cls_6 ,1.0537,95.85,2.7905,0.4083,,,,,
T_pecari,7,491, cls_6 ,1.0509,1359.2838,0.1458,1.0208,,,,,
T_pecari,7,495, cls_6 ,1.0261,63.9,3.0875,0.5104,,,,,
T_pecari,7,496, cls_6 ,1.0688,71.4424,7.3397,0.5104,,,,,
T_pecari,7,497, cls_6 ,1.0975,71.4424,10.1085,0.4083,,,,,
T_pecari,7,501, cls_6 ,1.0844,471.7361,1.4246,9.9018,,,,,
T_pecari,7,504, cls_6 ,1.0465,101.0348,2.3678,0.6125,,,,,
T_pecari,7,512, cls_6 ,1.0688,63.9,3.3969,0.5104,,,,,
T_pecari,7,513, cls_6 ,1.0131,63.9,2.6992,0.8166,,,,,
T_pecari,7,516, cls_6 ,1,63.9,4.9536,0.1021,,,,,
T_pecari,7,517, cls_6 ,1.1031,127.8,2.8754,0.8166,,,,,
T_pecari,7,531, cls_6 ,1.063,95.85,2.8237,0.9187,,,,,
T_pecari,7,533, cls_6 ,1.0611,325.8273,0.7138,14.2912,,,,,
T_pecari,7,535, cls_6 ,1,95.85,2.831,0.1021,,,,,
T_pecari,7,540, cls_6 ,1.0402,142.8847,2.1396,1.1229,,,,,
T_pecari,7,541, cls_6 ,1,131.7332,1.6279,0.1021,,,,,
T_pecari,7,549, cls_6 ,1,325.8273,1.5729,0.1021,,,,,
T_pecari,7,550, cls_6 ,1.0975,115.1974,2.744,0.4083,,,,,
T_pecari,7,554, cls_6 ,1.1031,63.9,4.8645,0.8166,,,,,
T_pecari,7,555, cls_6 ,1.0261,131.7332,1.4232,0.5104,,,,,
T_pecari,7,557, cls_6 ,1.0155,71.4424,3.8115,0.2042,,,,,
T_pecari,7,558, cls_6 ,1.1667,90.3682,3.584,0.4083,,,,,
T_pecari,7,562, cls_6 ,1.0909,194.3443,1.2777,0.2042,,,,,
T_pecari,7,564, cls_6 ,1.1197,135.5524,1.9577,0.7146,,,,,
T_pecari,7,565, cls_6 ,1.0402,186.2989,0.715,1.1229,,,,,
T_pecari,7,567, cls_6 ,1,71.4424,9.3345,0.1021,,,,,
T_pecari,7,568, cls_6 ,1.0889,63.9,4.054,0.9187,,,,,
T_pecari,7,569, cls_6 ,1.0631,325.8273,1.6456,0.7146,,,,,
T_pecari,7,572, cls_6 ,1,135.5524,1.5893,0.1021,,,,,
T_pecari,7,575, cls_6 ,1.0943,71.4424,4.8771,3.777,,,,,
T_pecari,7,577, cls_6 ,1.105,71.4424,4.5356,0.5104,,,,,
T_pecari,7,580, cls_6 ,1.059,186.2989,0.7006,1.7354,,,,,
T_pecari,7,581, cls_6 ,1.1598,71.4424,5.1832,3.0624,,,,,
T_pecari,7,583, cls_6 ,1,71.4424,4.7412,0.1021,,,,,
T_pecari,7,584, cls_6 ,1,71.4424,4.1117,0.1021,,,,,
T_pecari,7,585, cls_6 ,1.1543,71.4424,9.8765,1.327,,,,,
T_pecari,7,586, cls_6 ,1.0932,115.1974,3.9473,0.7146,,,,,
T_pecari,7,589, cls_6 ,1.1246,90.3682,2.5295,3.3686,,,,,
T_pecari,7,592, cls_6 ,1,71.4424,4.1864,0.1021,,,,,
T_pecari,7,593, cls_6 ,1.0155,127.8,1.3598,0.2042,,,,,
T_pecari,7,594, cls_6 ,1,127.8,1.2114,0.1021,,,,,
T_pecari,7,598, cls_6 ,1,71.4424,4.1591,0.1021,,,,,
T_pecari,7,599, cls_6 ,1.0358,115.1974,1.7345,0.3062,,,,,
T_pecari,7,600, cls_6 ,1,71.4424,2.8532,0.1021,,,,,
T_pecari,7,601, cls_6 ,1.1667,115.1974,1.9229,0.4083,,,,,
T_pecari,7,604, cls_6 ,1.0769,101.0348,4.4253,0.8166,,,,,
T_pecari,7,605, cls_6 ,1,115.1974,3.8505,0.1021,,,,,
T_pecari,7,607, cls_6 ,1.0932,71.4424,7.8414,0.7146,,,,,
T_pecari,7,608, cls_6 ,1.1125,71.4424,2.9752,0.6125,,,,,
T_pecari,7,609, cls_6 ,1.0909,115.1974,1.647,0.2042,,,,,
T_pecari,7,611, cls_6 ,1,71.4424,3.1382,0.1021,,,,,
T_pecari,7,617, cls_6 ,1,71.4424,4.1965,0.1021,,,,,
T_pecari,7,618, cls_6 ,1.0509,71.4424,1.3772,1.0208,,,,,
T_pecari,7,619, cls_6 ,1.0769,202.0695,1.0923,0.8166,,,,,
T_pecari,7,621, cls_6 ,1.0909,71.4424,4.2529,0.2042,,,,,
T_pecari,7,623, cls_6 ,1,90.3682,5.7289,0.1021,,,,,
T_pecari,7,624, cls_6 ,1.0465,95.85,5.3489,0.6125,,,,,
T_pecari,7,625, cls_6 ,1.0261,101.0348,2.1608,0.5104,,,,,
T_pecari,7,628, cls_6 ,1.0688,101.0348,2.3,0.5104,,,,,
T_pecari,7,631, cls_6 ,1,142.8847,2.6853,0.1021,,,,,
T_pecari,7,632, cls_6 ,1.0769,127.8,3.3729,0.8166,,,,,
T_pecari,7,634, cls_6 ,1,127.8,4.1805,0.1021,,,,,
T_pecari,7,635, cls_6 ,1.0914,71.4424,4.6124,0.3062,,,,,
T_pecari,7,638, cls_6 ,1.1031,63.9,3.1996,3.1645,,,,,
T_pecari,7,642, cls_6 ,1,314.671,1.5737,0.1021,,,,,
T_pecari,7,643, cls_6 ,1,95.85,2.6035,0.1021,,,,,
T_pecari,7,644, cls_6 ,1,95.85,2.883,0.1021,,,,,
T_pecari,7,645, cls_6 ,1.0556,95.85,3.4162,1.225,,,,,
T_pecari,7,646, cls_6 ,1.0155,63.9,10.4268,0.2042,,,,,
T_pecari,7,647, cls_6 ,1,90.3682,5.4263,0.1021,,,,,
T_pecari,7,648, cls_6 ,1.0769,95.85,8.8873,0.8166,,,,,
T_pecari,7,650, cls_6 ,1.0909,71.4424,5.0385,0.2042,,,,,
T_pecari,7,652, cls_6 ,1.0606,115.1974,3.8279,1.4291,,,,,
T_pecari,7,653, cls_6 ,1,71.4424,2.297,0.1021,,,,,
T_pecari,7,654, cls_6 ,1.1672,63.9,15.8535,7.5539,,,,,
T_pecari,7,655, cls_6 ,1,95.85,2.7007,0.1021,,,,,
T_pecari,7,658, cls_6 ,1.0548,63.9,3.8835,4.5936,,,,,
T_pecari,7,659, cls_6 ,1.0914,63.9,13.4072,0.3062,,,,,
T_pecari,7,662, cls_6 ,1,71.4424,2.7291,0.1021,,,,,
T_pecari,7,665, cls_6 ,1,71.4424,5.3285,0.1021,,,,,
T_pecari,7,666, cls_6 ,1.096,71.4424,1.627,1.9395,,,,,
T_pecari,7,667, cls_6 ,1.1131,71.4424,1.5535,4.3895,,,,,
T_pecari,7,668, cls_6 ,1.0537,202.0695,1.0069,0.4083,,,,,
T_pecari,7,670, cls_6 ,1.0465,101.0348,3.4553,0.6125,,,,,
T_pecari,7,674, cls_6 ,1.0932,1022.4,0.1389,0.7146,,,,,
T_pecari,7,675, cls_6 ,1.046,115.1974,4.8749,1.6333,,,,,
T_pecari,7,681, cls_6 ,1.0358,101.0348,2.3571,0.3062,,,,,
T_pecari,7,686, cls_6 ,1.0631,101.0348,5.2471,0.7146,,,,,
T_pecari,7,687, cls_6 ,1.0537,101.0348,2.0712,0.4083,,,,,
T_pecari,7,688, cls_6 ,1,71.4424,9.1222,0.1021,,,,,
T_pecari,7,690, cls_6 ,1.1454,71.4424,4.0839,1.4291,,,,,
T_pecari,7,695, cls_6 ,1,159.75,2.2856,0.1021,,,,,
T_pecari,7,696, cls_6 ,1.1292,90.3682,1.4274,1.8374,,,,,
T_pecari,7,697, cls_6 ,1,95.85,10.6865,0.1021,,,,,
T_pecari,7,701, cls_6 ,1.0932,180.7365,2.1813,0.7146,,,,,
T_pecari,7,703, cls_6 ,1,101.0348,1.717,0.1021,,,,,
T_pecari,7,710, cls_6 ,1.0155,101.0348,2.7841,0.2042,,,,,
T_pecari,7,711, cls_6 ,1.0283,71.4424,6.5702,0.7146,,,,,
T_pecari,7,716, cls_6 ,1.0806,180.7365,0.9739,2.8582,,,,,
T_pecari,7,717, cls_6 ,1.0155,71.4424,2.6076,0.2042,,,,,
T_pecari,7,719, cls_6 ,1,71.4424,2.8499,0.1021,,,,,
T_pecari,7,720, cls_6 ,1,90.3682,3.689,0.1021,,,,,
T_pecari,7,723, cls_6 ,1.0909,63.9,3.136,0.2042,,,,,
T_pecari,7,726, cls_6 ,1,63.9,3.5523,0.1021,,,,,
T_pecari,7,728, cls_6 ,1,71.4424,4.1019,0.1021,,,,,
T_pecari,7,730, cls_6 ,1.1183,63.9,4.9188,4.4915,,,,,
T_pecari,7,732, cls_6 ,1,71.4424,5.4906,0.1021,,,,,
T_pecari,7,737, cls_6 ,1.1407,63.9,22.3334,5.3082,,,,,
T_pecari,7,738, cls_6 ,1.0155,95.85,3.083,0.2042,,,,,
T_pecari,7,756, cls_6 ,1.0609,71.4424,5.989,3.0624,,,,,
T_pecari,7,757, cls_6 ,1,71.4424,17.75,0.1021,,,,,
T_pecari,7,770, cls_6 ,1,131.7332,2.3078,0.1021,,,,,
T_pecari,7,771, cls_6 ,1.0556,1022.4,0.1233,1.225,,,,,
T_pecari,7,773, cls_6 ,1.1969,63.9,19.0628,1.5312,,,,,
T_pecari,7,774, cls_6 ,1.0654,191.7,1.7257,1.1229,,,,,
T_pecari,7,782, cls_6 ,1.0473,191.7,1.3462,0.8166,,,,,
T_pecari,7,784, cls_6 ,1.0889,95.85,3.5123,0.9187,,,,,
T_pecari,7,787, cls_6 ,1.0471,95.85,3.6898,1.9395,,,,,
T_pecari,7,792, cls_6 ,1.1085,90.3682,6.5538,1.1229,,,,,
T_pecari,7,798, cls_6 ,1.0887,63.9,4.6155,2.9603,,,,,
T_pecari,7,805, cls_6 ,1.0752,71.4424,4.977,3.3686,,,,,
T_pecari,7,808, cls_6 ,1.0358,162.9137,2.0844,0.3062,,,,,
T_pecari,7,812, cls_6 ,1,204.5798,2.3737,0.1021,,,,,
T_pecari,7,818, cls_6 ,1.0155,127.8,4.5743,0.2042,,,,,
T_pecari,7,827, cls_6 ,1.0465,71.4424,9.3202,0.6125,,,,,
T_pecari,7,829, cls_6 ,1.1031,71.4424,11.3592,0.8166,,,,,
T_pecari,7,830, cls_6 ,1.0635,71.4424,4.6234,3.777,,,,,
T_pecari,7,833, cls_6 ,1.0694,71.4424,4.4785,4.3895,,,,,
T_pecari,7,842, cls_6 ,1.0509,71.4424,9.2001,1.0208,,,,,
T_pecari,7,846, cls_6 ,1.0358,71.4424,3.3412,0.3062,,,,,
T_pecari,7,853, cls_6 ,1.1362,71.4424,5.5285,0.5104,,,,,
T_pecari,7,855, cls_6 ,1.0261,1207.7776,0.3806,0.5104,,,,,
T_pecari,7,858, cls_6 ,1.1031,71.4424,8.0072,3.1645,,,,,
T_pecari,7,859, cls_6 ,1.0706,90.3682,3.1452,1.8374,,,,,
T_pecari,7,860, cls_6 ,1.1197,90.3682,4.1381,0.7146,,,,,
T_pecari,7,866, cls_6 ,1.0805,543.15,1.1792,1.4291,,,,,
T_pecari,7,871, cls_6 ,1.1418,71.4424,9.9842,2.6541,,,,,
T_pecari,7,878, cls_6 ,1,101.0348,7.1877,0.1021,,,,,
T_pecari,7,885, cls_6 ,1.2311,63.9,10.3897,108.0009,,,,,
T_pecari,7,889, cls_6 ,1.0465,877.317,0.2134,0.6125,,,,,
T_pecari,7,896, cls_6 ,1.0688,63.9,265.0028,0.5104,,,,,
T_pecari,7,912, cls_6 ,1.1462,63.9,265.1734,2.552,,,,,
T_pecari,7,936, cls_6 ,1.0509,159.75,14.1303,1.0208,,,,,
T_pecari,7,947, cls_6 ,1.0467,877.317,0.267,1.327,,,,,
T_pecari,7,954, cls_6 ,1.1199,142.8847,0.474,1.0208,,,,,
T_pecari,7,959, cls_6 ,1.1096,294.5644,0.2459,3.879,,,,,
T_pecari,7,976, cls_6 ,1.0155,232.5995,0.7469,0.2042,,,,,
T_pecari,7,977, cls_6 ,1,63.9,1.3198,0.1021,,,,,
T_pecari,7,981, cls_6 ,1.0496,159.75,42.495,5.9207,,,,,
T_pecari,7,987, cls_6 ,1,63.9,1.2513,0.1021,,,,,
T_pecari,7,988, cls_6 ,1.0914,101.0348,0.869,0.3062,,,,,
T_pecari,7,998, cls_6 ,1.088,263.4664,1.016,1.1229,,,,,
T_pecari,7,999, cls_6 ,1,90.3682,2.2421,0.1021,,,,,
T_pecari,7,1002, cls_6 ,1.089,90.3682,0.9493,1.327,,,,,
T_pecari,7,1005, cls_6 ,1.0819,90.3682,0.9017,0.6125,,,,,
T_pecari,7,1008, cls_6 ,1.1362,159.75,0.775,0.5104,,,,,
T_pecari,7,1010, cls_6 ,1.0909,90.3682,1.2029,0.2042,,,,,
T_pecari,7,1015, cls_6 ,1.0909,115.1974,1.5894,0.2042,,,,,
T_pecari,7,1023, cls_6 ,1.0654,1257.4669,0.1207,1.1229,,,,,
T_pecari,7,1026, cls_6 ,1.0402,135.5524,1.7413,1.1229,,,,,
T_pecari,7,1028, cls_6 ,1.1125,115.1974,1.1943,0.6125,,,,,
T_pecari,7,1030, cls_6 ,1.1209,63.9,3.401,3.777,,,,,
T_pecari,7,1039, cls_6 ,1,289.3196,0.4593,0.1021,,,,,
T_pecari,7,1042, cls_6 ,1,71.4424,1.0762,0.1021,,,,,
T_pecari,7,1050, cls_6 ,1.0283,63.9,10.7303,0.7146,,,,,
T_pecari,7,1051, cls_6 ,1.0706,101.0348,1.6489,1.8374,,,,,
T_pecari,7,1052, cls_6 ,1.0909,71.4424,1.1947,0.2042,,,,,
T_pecari,7,1059, cls_6 ,1,71.4424,1.3608,0.1021,,,,,
T_pecari,7,1060, cls_6 ,1.1369,71.4424,9.1854,0.3062,,,,,
T_pecari,7,1066, cls_6 ,1,71.4424,8.6804,0.1021,,,,,
T_pecari,7,1069, cls_6 ,1.0537,71.4424,2.5447,0.4083,,,,,
T_pecari,7,1070, cls_6 ,1.0993,115.1974,2.1684,1.0208,,,,,
T_pecari,7,1078, cls_6 ,1,101.0348,2.8481,0.1021,,,,,
T_pecari,7,1090, cls_6 ,1.0975,204.5798,0.5637,0.4083,,,,,
T_pecari,7,1092, cls_6 ,1.0622,505.1739,0.3535,2.6541,,,,,
T_pecari,7,1097, cls_6 ,1.07,1088.1778,1.1036,4.7978,,,,,
T_pecari,7,1104, cls_6 ,1.0155,95.85,1.3737,0.2042,,,,,
T_pecari,7,1105, cls_6 ,1.0914,71.4424,1.9113,0.3062,,,,,
T_pecari,7,1110, cls_6 ,1,95.85,1.4126,0.1021,,,,,
T_pecari,7,1112, cls_6 ,1,204.5798,0.7134,0.1021,,,,,
T_pecari,7,1113, cls_6 ,1.0909,63.9,3.7209,0.2042,,,,,
T_pecari,7,1114, cls_6 ,1.0975,115.1974,0.9074,0.4083,,,,,
T_pecari,7,1115, cls_6 ,1,101.0348,1.8894,0.1021,,,,,
T_pecari,7,1116, cls_6 ,1.1443,214.3271,0.7734,1.1229,,,,,
T_pecari,7,1118, cls_6 ,1.0689,71.4424,1.7287,1.327,,,,,
T_pecari,7,1123, cls_6 ,1.0688,71.4424,1.7044,0.5104,,,,,
T_pecari,7,1126, cls_6 ,1.0556,63.9,1.3246,1.225,,,,,
T_pecari,7,1129, cls_6 ,1.0537,159.75,1.3964,0.4083,,,,,
T_pecari,7,1130, cls_6 ,1,115.1974,1.7257,0.1021,,,,,
T_pecari,7,1137, cls_6 ,1.0358,95.85,1.2615,0.3062,,,,,
T_pecari,7,1140, cls_6 ,1.1643,71.4424,1.2254,3.5728,,,,,
T_pecari,7,1141, cls_6 ,1.0688,71.4424,3.4244,0.5104,,,,,
T_pecari,7,1147, cls_6 ,1,142.8847,1.861,0.1021,,,,,
T_pecari,7,1150, cls_6 ,1,71.4424,8.0005,0.1021,,,,,
T_pecari,7,1151, cls_6 ,1,71.4424,2.3158,0.1021,,,,,
T_pecari,7,1154, cls_6 ,1.0819,63.9,2.0173,0.6125,,,,,
T_pecari,7,1163, cls_6 ,1.089,162.9137,1.6203,1.327,,,,,
T_pecari,7,1164, cls_6 ,1.0537,90.3682,3.7973,0.4083,,,,,
T_pecari,7,1168, cls_6 ,1.0914,63.9,2.9908,0.3062,,,,,
T_pecari,7,1169, cls_6 ,1.046,415.35,0.2963,1.6333,,,,,
T_pecari,7,1171, cls_6 ,1,63.9,2.6131,0.1021,,,,,
T_pecari,7,1172, cls_6 ,1.0914,63.9,1.3224,0.3062,,,,,
T_pecari,7,1174, cls_6 ,1.0758,90.3682,1.1873,2.6541,,,,,
T_pecari,7,1178, cls_6 ,1,71.4424,3.3543,0.1021,,,,,
T_pecari,7,1183, cls_6 ,1.1388,71.4424,1.5805,1.0208,,,,,
T_pecari,7,1184, cls_6 ,1.0465,90.3682,22.2161,0.6125,,,,,
T_pecari,7,1186, cls_6 ,1,90.3682,1.9296,0.1021,,,,,
T_pecari,7,1191, cls_6 ,1.1561,71.4424,5.639,17.864,,,,,
T_pecari,7,1193, cls_6 ,1.0887,191.7,5.1151,2.9603,,,,,
T_pecari,7,1204, cls_6 ,1.0556,395.1997,0.2994,1.225,,,,,
T_pecari,7,1211, cls_6 ,1.0631,830.7,0.2291,0.7146,,,,,
T_pecari,7,1212, cls_6 ,1.1125,703.6258,0.2614,0.6125,,,,,
T_pecari,7,1214, cls_6 ,1.0473,395.1997,0.3197,0.8166,,,,,
T_pecari,7,1230, cls_6 ,1.0809,71.4424,35.2851,1.9395,,,,,
T_pecari,7,1232, cls_6 ,1.0556,821.432,0.1441,1.225,,,,,
T_pecari,7,1246, cls_6 ,1.1137,131.7332,2.2665,2.3478,,,,,
T_pecari,7,1255, cls_6 ,1.1032,131.7332,1.6529,3.4707,,,,,
T_pecari,7,734, cls_4 ,1.0306,63.9,10.5,1.225,,,,,
T_pecari,7,739, cls_4 ,1.0992,63.9,3,4.2874,,,,,
